ts_utc,bot_id,bot_name,alias,strategy_id,side,grid_step,grid_step_ratio,max_opened_orders,border_top,border_bottom,instop,minstop,maxstop,target,total_sl,total_tp,leverage,otc,dsblin,raw_params_json,schema_version
2026-06-10T08:17:55+00:00,5617871752,WLD,,,3,0.5,,20,,,0,0,0,0.59,,100,0,,False,"{""border"": {""bottom"": null, ""from"": 0.5183, ""to"": 0.4881, ""top"": null}, ""cf"": 0.00035, ""dsblin"": false, ""dsblinbap"": false, ""dsblinbtr"": false, ""gap"": {""isg"": 0, ""maxS"": 0, ""minS"": 0, ""tog"": 0.59}, ""gs"": 0.5, ""gsr"": null, ""hedge"": false, ""ioo"": 0.15, ""leverage"": 0, ""lsl"": null, ""maxOp"": 20, ""maxOpL"": null, ""maxOpS"": null, ""obap"": false, ""p"": true, ""q"": {""maxQ"": null, ""minQ"": 300, ""qr"": null}, ""s"": null, ""side"": 3, ""slp"": {""m"": 0, ""pp"": null, ""tp"": null}, ""slt"": false, ""so"": -3, ""tr"": {""mdTr"": 0, ""minToTr"": 0, ""tr"": 0}, ""tsl"": -175, ""tslinc"": 0, ""ttp"": 100, ""ttpinc"": 100, ""ul"": null}",3
2026-06-10T08:18:55+00:00,5617871752,WLD,,,3,0.5,,20,,,0,0,0,0.59,,100,0,,False,"{""border"": {""bottom"": null, ""from"": 0.5191, ""to"": 0.4888, ""top"": null}, ""cf"": 0.00035, ""dsblin"": false, ""dsblinbap"": false, ""dsblinbtr"": false, ""gap"": {""isg"": 0, ""maxS"": 0, ""minS"": 0, ""tog"": 0.59}, ""gs"": 0.5, ""gsr"": null, ""hedge"": false, ""ioo"": 0.15, ""leverage"": 0, ""lsl"": null, ""maxOp"": 20, ""maxOpL"": null, ""maxOpS"": null, ""obap"": false, ""p"": true, ""q"": {""maxQ"": null, ""minQ"": 300, ""qr"": null}, ""s"": null, ""side"": 3, ""slp"": {""m"": 0, ""pp"": null, ""tp"": null}, ""slt"": false, ""so"": -3, ""tr"": {""mdTr"": 0, ""minToTr"": 0, ""tr"": 0}, ""tsl"": -175, ""tslinc"": 0, ""ttp"": 100, ""ttpinc"": 100, ""ul"": null}",3
2026-06-10T08:21:56+00:00,5617871752,WLD,,,3,0.5,,20,,,0,0,0,0.59,,100,0,,False,"{""border"": {""bottom"": null, ""from"": 0.5183, ""to"": 0.4881, ""top"": null}, ""cf"": 0.00035, ""dsblin"": false, ""dsblinbap"": false, ""dsblinbtr"": false, ""gap"": {""isg"": 0, ""maxS"": 0, ""minS"": 0, ""tog"": 0.59}, ""gs"": 0.5, ""gsr"": null, ""hedge"": false, ""ioo"": 0.15, ""leverage"": 0, ""lsl"": null, ""maxOp"": 20, ""maxOpL"": null, ""maxOpS"": null, ""obap"": false, ""p"": true, ""q"": {""maxQ"": null, ""minQ"": 300, ""qr"": null}, ""s"": null, ""side"": 3, ""slp"": {""m"": 0, ""pp"": null, ""tp"": null}, ""slt"": false, ""so"": -3, ""tr"": {""mdTr"": 0, ""minToTr"": 0, ""tr"": 0}, ""tsl"": -175, ""tslinc"": 0, ""ttp"": 100, ""ttpinc"": 100, ""ul"": null}",3
2026-06-10T08:23:56+00:00,5693279219,SOL,,,3,0.5,,20,,,0,0,0,0.59,,100,0,,False,"{""border"": {""bottom"": null, ""from"": 65.89, ""to"": 62.05, ""top"": null}, ""cf"": 0.00035, ""dsblin"": false, ""dsblinbap"": false, ""dsblinbtr"": false, ""gap"": {""isg"": 0, ""maxS"": 0, ""minS"": 0, ""tog"": 0.59}, ""gs"": 0.5, ""gsr"": null, ""hedge"": false, ""ioo"": 0.15, ""leverage"": 0, ""lsl"": null, ""maxOp"": 20, ""maxOpL"": null, ""maxOpS"": null, ""obap"": false, ""p"": true, ""q"": {""maxQ"": 9, ""minQ"": 3, ""qr"": 1.3}, ""s"": null, ""side"": 3, ""slp"": {""m"": 0, ""pp"": null, ""tp"": null}, ""slt"": false, ""so"": -3, ""tr"": {""mdTr"": 0, ""minToTr"": 0, ""tr"": 0}, ""tsl"": -175, ""tslinc"": 0, ""ttp"": 100, ""ttpinc"": 0, ""ul"": null}",3
2026-06-10T08:24:56+00:00,5617871752,WLD,,,3,0.5,,20,,,0,0,0,0.59,,100,0,,False,"{""border"": {""bottom"": null, ""from"": 0.5191, ""to"": 0.4888, ""top"": null}, ""cf"": 0.00035, ""dsblin"": false, ""dsblinbap"": false, ""dsblinbtr"": false, ""gap"": {""isg"": 0, ""maxS"": 0, ""minS"": 0, ""tog"": 0.59}, ""gs"": 0.5, ""gsr"": null, ""hedge"": false, ""ioo"": 0.15, ""leverage"": 0, ""lsl"": null, ""maxOp"": 20, ""maxOpL"": null, ""maxOpS"": null, ""obap"": false, ""p"": true, ""q"": {""maxQ"": null, ""minQ"": 300, ""qr"": null}, ""s"": null, ""side"": 3, ""slp"": {""m"": 0, ""pp"": null, ""tp"": null}, ""slt"": false, ""so"": -3, ""tr"": {""mdTr"": 0, ""minToTr"": 0, ""tr"": 0}, ""tsl"": -175, ""tslinc"": 0, ""ttp"": 100, ""ttpinc"": 100, ""ul"": null}",3
2026-06-10T08:25:56+00:00,4306550166,XRP,,,3,0.5,,20,,,0,0,0,0.59,,100,0,,False,"{""border"": {""bottom"": null, ""from"": 1.1439, ""to"": 1.0773, ""top"": null}, ""cf"": 0.00035, ""dsblin"": false, ""dsblinbap"": false, ""dsblinbtr"": false, ""gap"": {""isg"": 0, ""maxS"": 0, ""minS"": 0, ""tog"": 0.59}, ""gs"": 0.5, ""gsr"": null, ""hedge"": false, ""ioo"": 0.15, ""leverage"": 0, ""lsl"": null, ""maxOp"": 20, ""maxOpL"": null, ""maxOpS"": null, ""obap"": false, ""p"": true, ""q"": {""maxQ"": 500, ""minQ"": 50, ""qr"": 1.4}, ""s"": null, ""side"": 3, ""slp"": {""m"": 0, ""pp"": null, ""tp"": null}, ""slt"": false, ""so"": -3, ""tr"": {""mdTr"": 0, ""minToTr"": 0, ""tr"": 0}, ""tsl"": -175, ""tslinc"": 0, ""ttp"": 100, ""ttpinc"": 0, ""ul"": null}",3
2026-06-10T08:35:03+00:00,5693279219,SOL,,,3,0.5,,20,,,0,0,0,0.59,,100,0,,False,"{""border"": {""bottom"": null, ""from"": 65.89, ""to"": 62.05, ""top"": null}, ""cf"": 0.00035, ""dsblin"": false, ""dsblinbap"": false, ""dsblinbtr"": false, ""gap"": {""isg"": 0, ""maxS"": 0, ""minS"": 0, ""tog"": 0.59}, ""gs"": 0.5, ""gsr"": null, ""hedge"": false, ""ioo"": 0.15, ""leverage"": 0, ""lsl"": null, ""maxOp"": 20, ""maxOpL"": null, ""maxOpS"": null, ""obap"": false, ""p"": true, ""q"": {""maxQ"": 9, ""minQ"": 3, ""qr"": 1.3}, ""s"": null, ""side"": 3, ""slp"": {""m"": 0, ""pp"": null, ""tp"": null}, ""slt"": false, ""so"": -3, ""tr"": {""mdTr"": 0, ""minToTr"": 0, ""tr"": 0}, ""tsl"": -175, ""tslinc"": 0, ""ttp"": 100, ""ttpinc"": 0, ""ul"": null}",3
2026-06-10T08:35:03+00:00,5617871752,WLD,,,3,0.5,,20,,,0,0,0,0.59,,100,0,,False,"{""border"": {""bottom"": null, ""from"": 0.5191, ""to"": 0.4888, ""top"": null}, ""cf"": 0.00035, ""dsblin"": false, ""dsblinbap"": false, ""dsblinbtr"": false, ""gap"": {""isg"": 0, ""maxS"": 0, ""minS"": 0, ""tog"": 0.59}, ""gs"": 0.5, ""gsr"": null, ""hedge"": false, ""ioo"": 0.15, ""leverage"": 0, ""lsl"": null, ""maxOp"": 20, ""maxOpL"": null, ""maxOpS"": null, ""obap"": false, ""p"": true, ""q"": {""maxQ"": null, ""minQ"": 300, ""qr"": null}, ""s"": null, ""side"": 3, ""slp"": {""m"": 0, ""pp"": null, ""tp"": null}, ""slt"": false, ""so"": -3, ""tr"": {""mdTr"": 0, ""minToTr"": 0, ""tr"": 0}, ""tsl"": -175, ""tslinc"": 0, ""ttp"": 100, ""ttpinc"": 100, ""ul"": null}",3
2026-06-10T08:35:03+00:00,4306550166,XRP,,,3,0.5,,20,,,0,0,0,0.59,,100,0,,False,"{""border"": {""bottom"": null, ""from"": 1.1439, ""to"": 1.0773, ""top"": null}, ""cf"": 0.00035, ""dsblin"": false, ""dsblinbap"": false, ""dsblinbtr"": false, ""gap"": {""isg"": 0, ""maxS"": 0, ""minS"": 0, ""tog"": 0.59}, ""gs"": 0.5, ""gsr"": null, ""hedge"": false, ""ioo"": 0.15, ""leverage"": 0, ""lsl"": null, ""maxOp"": 20, ""maxOpL"": null, ""maxOpS"": null, ""obap"": false, ""p"": true, ""q"": {""maxQ"": 500, ""minQ"": 50, ""qr"": 1.4}, ""s"": null, ""side"": 3, ""slp"": {""m"": 0, ""pp"": null, ""tp"": null}, ""slt"": false, ""so"": -3, ""tr"": {""mdTr"": 0, ""minToTr"": 0, ""tr"": 0}, ""tsl"": -175, ""tslinc"": 0, ""ttp"": 100, ""ttpinc"": 0, ""ul"": null}",3
2026-06-10T08:40:03+00:00,4306550166,XRP,,,3,0.5,,20,,,0,0,0,0.59,,100,0,,False,"{""border"": {""bottom"": null, ""from"": 1.1456, ""to"": 1.0789, ""top"": null}, ""cf"": 0.00035, ""dsblin"": false, ""dsblinbap"": false, ""dsblinbtr"": false, ""gap"": {""isg"": 0, ""maxS"": 0, ""minS"": 0, ""tog"": 0.59}, ""gs"": 0.5, ""gsr"": null, ""hedge"": false, ""ioo"": 0.15, ""leverage"": 0, ""lsl"": null, ""maxOp"": 20, ""maxOpL"": null, ""maxOpS"": null, ""obap"": false, ""p"": true, ""q"": {""maxQ"": 500, ""minQ"": 50, ""qr"": 1.4}, ""s"": null, ""side"": 3, ""slp"": {""m"": 0, ""pp"": null, ""tp"": null}, ""slt"": false, ""so"": -3, ""tr"": {""mdTr"": 0, ""minToTr"": 0, ""tr"": 0}, ""tsl"": -175, ""tslinc"": 0, ""ttp"": 100, ""ttpinc"": 0, ""ul"": null}",3
2026-06-10T08:44:03+00:00,5617871752,WLD,,,3,0.5,,20,,,0,0,0,0.59,,100,0,,False,"{""border"": {""bottom"": null, ""from"": 0.5199, ""to"": 0.4895, ""top"": null}, ""cf"": 0.00035, ""dsblin"": false, ""dsblinbap"": false, ""dsblinbtr"": false, ""gap"": {""isg"": 0, ""maxS"": 0, ""minS"": 0, ""tog"": 0.59}, ""gs"": 0.5, ""gsr"": null, ""hedge"": false, ""ioo"": 0.15, ""leverage"": 0, ""lsl"": null, ""maxOp"": 20, ""maxOpL"": null, ""maxOpS"": null, ""obap"": false, ""p"": true, ""q"": {""maxQ"": null, ""minQ"": 300, ""qr"": null}, ""s"": null, ""side"": 3, ""slp"": {""m"": 0, ""pp"": null, ""tp"": null}, ""slt"": false, ""so"": -3, ""tr"": {""mdTr"": 0, ""minToTr"": 0, ""tr"": 0}, ""tsl"": -175, ""tslinc"": 0, ""ttp"": 100, ""ttpinc"": 100, ""ul"": null}",3
2026-06-10T08:46:04+00:00,4306550166,XRP,,,3,0.5,,20,,,0,0,0,0.59,,100,0,,False,"{""border"": {""bottom"": null, ""from"": 1.1439, ""to"": 1.0773, ""top"": null}, ""cf"": 0.00035, ""dsblin"": false, ""dsblinbap"": false, ""dsblinbtr"": false, ""gap"": {""isg"": 0, ""maxS"": 0, ""minS"": 0, ""tog"": 0.59}, ""gs"": 0.5, ""gsr"": null, ""hedge"": false, ""ioo"": 0.15, ""leverage"": 0, ""lsl"": null, ""maxOp"": 20, ""maxOpL"": null, ""maxOpS"": null, ""obap"": false, ""p"": true, ""q"": {""maxQ"": 500, ""minQ"": 50, ""qr"": 1.4}, ""s"": null, ""side"": 3, ""slp"": {""m"": 0, ""pp"": null, ""tp"": null}, ""slt"": false, ""so"": -3, ""tr"": {""mdTr"": 0, ""minToTr"": 0, ""tr"": 0}, ""tsl"": -175, ""tslinc"": 0, ""ttp"": 100, ""ttpinc"": 0, ""ul"": null}",3
2026-06-10T09:16:07+00:00,5693279219,SOL,,,3,0.5,,20,,,0,0,0,0.59,,100,0,,False,"{""border"": {""bottom"": null, ""from"": 65.99, ""to"": 62.14, ""top"": null}, ""cf"": 0.00035, ""dsblin"": false, ""dsblinbap"": false, ""dsblinbtr"": false, ""gap"": {""isg"": 0, ""maxS"": 0, ""minS"": 0, ""tog"": 0.59}, ""gs"": 0.5, ""gsr"": null, ""hedge"": false, ""ioo"": 0.15, ""leverage"": 0, ""lsl"": null, ""maxOp"": 20, ""maxOpL"": null, ""maxOpS"": null, ""obap"": false, ""p"": true, ""q"": {""maxQ"": 9, ""minQ"": 3, ""qr"": 1.3}, ""s"": null, ""side"": 3, ""slp"": {""m"": 0, ""pp"": null, ""tp"": null}, ""slt"": false, ""so"": -3, ""tr"": {""mdTr"": 0, ""minToTr"": 0, ""tr"": 0}, ""tsl"": -175, ""tslinc"": 0, ""ttp"": 100, ""ttpinc"": 0, ""ul"": null}",3
2026-06-10T09:17:07+00:00,5693279219,SOL,,,3,0.5,,20,,,0,0,0,0.59,,100,0,,False,"{""border"": {""bottom"": null, ""from"": 65.89, ""to"": 62.05, ""top"": null}, ""cf"": 0.00035, ""dsblin"": false, ""dsblinbap"": false, ""dsblinbtr"": false, ""gap"": {""isg"": 0, ""maxS"": 0, ""minS"": 0, ""tog"": 0.59}, ""gs"": 0.5, ""gsr"": null, ""hedge"": false, ""ioo"": 0.15, ""leverage"": 0, ""lsl"": null, ""maxOp"": 20, ""maxOpL"": null, ""maxOpS"": null, ""obap"": false, ""p"": true, ""q"": {""maxQ"": 9, ""minQ"": 3, ""qr"": 1.3}, ""s"": null, ""side"": 3, ""slp"": {""m"": 0, ""pp"": null, ""tp"": null}, ""slt"": false, ""so"": -3, ""tr"": {""mdTr"": 0, ""minToTr"": 0, ""tr"": 0}, ""tsl"": -175, ""tslinc"": 0, ""ttp"": 100, ""ttpinc"": 0, ""ul"": null}",3
2026-06-10T09:22:07+00:00,5693279219,SOL,,,3,0.5,,20,,,0,0,0,0.59,,100,0,,False,"{""border"": {""bottom"": null, ""from"": 65.99, ""to"": 62.14, ""top"": null}, ""cf"": 0.00035, ""dsblin"": false, ""dsblinbap"": false, ""dsblinbtr"": false, ""gap"": {""isg"": 0, ""maxS"": 0, ""minS"": 0, ""tog"": 0.59}, ""gs"": 0.5, ""gsr"": null, ""hedge"": false, ""ioo"": 0.15, ""leverage"": 0, ""lsl"": null, ""maxOp"": 20, ""maxOpL"": null, ""maxOpS"": null, ""obap"": false, ""p"": true, ""q"": {""maxQ"": 9, ""minQ"": 3, ""qr"": 1.3}, ""s"": null, ""side"": 3, ""slp"": {""m"": 0, ""pp"": null, ""tp"": null}, ""slt"": false, ""so"": -3, ""tr"": {""mdTr"": 0, ""minToTr"": 0, ""tr"": 0}, ""tsl"": -175, ""tslinc"": 0, ""ttp"": 100, ""ttpinc"": 0, ""ul"": null}",3
2026-06-10T09:22:07+00:00,4306550166,XRP,,,3,0.5,,20,,,0,0,0,0.59,,100,0,,False,"{""border"": {""bottom"": null, ""from"": 1.1456, ""to"": 1.0789, ""top"": null}, ""cf"": 0.00035, ""dsblin"": false, ""dsblinbap"": false, ""dsblinbtr"": false, ""gap"": {""isg"": 0, ""maxS"": 0, ""minS"": 0, ""tog"": 0.59}, ""gs"": 0.5, ""gsr"": null, ""hedge"": false, ""ioo"": 0.15, ""leverage"": 0, ""lsl"": null, ""maxOp"": 20, ""maxOpL"": null, ""maxOpS"": null, ""obap"": false, ""p"": true, ""q"": {""maxQ"": 500, ""minQ"": 50, ""qr"": 1.4}, ""s"": null, ""side"": 3, ""slp"": {""m"": 0, ""pp"": null, ""tp"": null}, ""slt"": false, ""so"": -3, ""tr"": {""mdTr"": 0, ""minToTr"": 0, ""tr"": 0}, ""tsl"": -175, ""tslinc"": 0, ""ttp"": 100, ""ttpinc"": 0, ""ul"": null}",3
2026-06-10T09:28:08+00:00,5617871752,WLD,,,3,0.5,,20,,,0,0,0,0.59,,100,0,,False,"{""border"": {""bottom"": null, ""from"": 0.5108, ""to"": 0.481, ""top"": null}, ""cf"": 0.00035, ""dsblin"": false, ""dsblinbap"": false, ""dsblinbtr"": false, ""gap"": {""isg"": 0, ""maxS"": 0, ""minS"": 0, ""tog"": 0.59}, ""gs"": 0.5, ""gsr"": null, ""hedge"": false, ""ioo"": 0.15, ""leverage"": 0, ""lsl"": null, ""maxOp"": 20, ""maxOpL"": null, ""maxOpS"": null, ""obap"": false, ""p"": true, ""q"": {""maxQ"": 300, ""minQ"": 150, ""qr"": 1.3}, ""s"": null, ""side"": 3, ""slp"": {""m"": 0, ""pp"": null, ""tp"": null}, ""slt"": false, ""so"": -3, ""tr"": {""mdTr"": 0, ""minToTr"": 0, ""tr"": 0}, ""tsl"": -175, ""tslinc"": 0, ""ttp"": 100, ""ttpinc"": 100, ""ul"": null}",3
2026-06-10T09:31:08+00:00,5617871752,WLD,,,3,0.5,,20,,,0,0,0,0.59,,100,0,,False,"{""border"": {""bottom"": null, ""from"": 0.5116, ""to"": 0.4817, ""top"": null}, ""cf"": 0.00035, ""dsblin"": false, ""dsblinbap"": false, ""dsblinbtr"": false, ""gap"": {""isg"": 0, ""maxS"": 0, ""minS"": 0, ""tog"": 0.59}, ""gs"": 0.5, ""gsr"": null, ""hedge"": false, ""ioo"": 0.15, ""leverage"": 0, ""lsl"": null, ""maxOp"": 20, ""maxOpL"": null, ""maxOpS"": null, ""obap"": false, ""p"": true, ""q"": {""maxQ"": 300, ""minQ"": 150, ""qr"": 1.3}, ""s"": null, ""side"": 3, ""slp"": {""m"": 0, ""pp"": null, ""tp"": null}, ""slt"": false, ""so"": -3, ""tr"": {""mdTr"": 0, ""minToTr"": 0, ""tr"": 0}, ""tsl"": -175, ""tslinc"": 0, ""ttp"": 100, ""ttpinc"": 100, ""ul"": null}",3
2026-06-10T09:32:09+00:00,5693279219,SOL,,,3,0.5,,30,,,0,0,0,0.59,,100,0,,False,"{""border"": {""bottom"": null, ""from"": 65.31, ""to"": 61.51, ""top"": null}, ""cf"": 0.00035, ""dsblin"": false, ""dsblinbap"": false, ""dsblinbtr"": false, ""gap"": {""isg"": 0, ""maxS"": 0, ""minS"": 0, ""tog"": 0.59}, ""gs"": 0.5, ""gsr"": null, ""hedge"": false, ""ioo"": 0.15, ""leverage"": 0, ""lsl"": null, ""maxOp"": 30, ""maxOpL"": null, ""maxOpS"": null, ""obap"": false, ""p"": true, ""q"": {""maxQ"": 9, ""minQ"": 3, ""qr"": 1.3}, ""s"": null, ""side"": 3, ""slp"": {""m"": 0, ""pp"": null, ""tp"": null}, ""slt"": false, ""so"": -3, ""tr"": {""mdTr"": 0, ""minToTr"": 0, ""tr"": 0}, ""tsl"": -175, ""tslinc"": 0, ""ttp"": 100, ""ttpinc"": 0, ""ul"": null}",3
2026-06-10T09:32:09+00:00,5617871752,WLD,,,3,0.5,,30,,,0,0,0,0.59,,100,0,,False,"{""border"": {""bottom"": null, ""from"": 0.515, ""to"": 0.485, ""top"": null}, ""cf"": 0.00035, ""dsblin"": false, ""dsblinbap"": false, ""dsblinbtr"": false, ""gap"": {""isg"": 0, ""maxS"": 0, ""minS"": 0, ""tog"": 0.59}, ""gs"": 0.5, ""gsr"": null, ""hedge"": false, ""ioo"": 0.15, ""leverage"": 0, ""lsl"": null, ""maxOp"": 30, ""maxOpL"": null, ""maxOpS"": null, ""obap"": false, ""p"": true, ""q"": {""maxQ"": 300, ""minQ"": 150, ""qr"": 1.3}, ""s"": null, ""side"": 3, ""slp"": {""m"": 0, ""pp"": null, ""tp"": null}, ""slt"": false, ""so"": -3, ""tr"": {""mdTr"": 0, ""minToTr"": 0, ""tr"": 0}, ""tsl"": -175, ""tslinc"": 0, ""ttp"": 100, ""ttpinc"": 100, ""ul"": null}",3
2026-06-10T09:33:09+00:00,5617871752,WLD,,,3,0.5,,30,,,0,0,0,0.59,,100,0,,False,"{""border"": {""bottom"": null, ""from"": 0.5158, ""to"": 0.4857, ""top"": null}, ""cf"": 0.00035, ""dsblin"": false, ""dsblinbap"": false, ""dsblinbtr"": false, ""gap"": {""isg"": 0, ""maxS"": 0, ""minS"": 0, ""tog"": 0.59}, ""gs"": 0.5, ""gsr"": null, ""hedge"": false, ""ioo"": 0.15, ""leverage"": 0, ""lsl"": null, ""maxOp"": 30, ""maxOpL"": null, ""maxOpS"": null, ""obap"": false, ""p"": true, ""q"": {""maxQ"": 300, ""minQ"": 150, ""qr"": 1.3}, ""s"": null, ""side"": 3, ""slp"": {""m"": 0, ""pp"": null, ""tp"": null}, ""slt"": false, ""so"": -3, ""tr"": {""mdTr"": 0, ""minToTr"": 0, ""tr"": 0}, ""tsl"": -175, ""tslinc"": 0, ""ttp"": 100, ""ttpinc"": 100, ""ul"": null}",3
2026-06-10T09:39:09+00:00,5693279219,SOL,,,3,0.5,,30,,,0,0,0,0.59,,100,0,,False,"{""border"": {""bottom"": null, ""from"": 65.41, ""to"": 61.6, ""top"": null}, ""cf"": 0.00035, ""dsblin"": false, ""dsblinbap"": false, ""dsblinbtr"": false, ""gap"": {""isg"": 0, ""maxS"": 0, ""minS"": 0, ""tog"": 0.59}, ""gs"": 0.5, ""gsr"": null, ""hedge"": false, ""ioo"": 0.15, ""leverage"": 0, ""lsl"": null, ""maxOp"": 30, ""maxOpL"": null, ""maxOpS"": null, ""obap"": false, ""p"": true, ""q"": {""maxQ"": 9, ""minQ"": 3, ""qr"": 1.3}, ""s"": null, ""side"": 3, ""slp"": {""m"": 0, ""pp"": null, ""tp"": null}, ""slt"": false, ""so"": -3, ""tr"": {""mdTr"": 0, ""minToTr"": 0, ""tr"": 0}, ""tsl"": -175, ""tslinc"": 0, ""ttp"": 100, ""ttpinc"": 0, ""ul"": null}",3
2026-06-10T09:43:10+00:00,5617871752,WLD,,,3,0.5,,30,,,0,0,0,0.59,,100,0,,False,"{""border"": {""bottom"": null, ""from"": 0.515, ""to"": 0.485, ""top"": null}, ""cf"": 0.00035, ""dsblin"": false, ""dsblinbap"": false, ""dsblinbtr"": false, ""gap"": {""isg"": 0, ""maxS"": 0, ""minS"": 0, ""tog"": 0.59}, ""gs"": 0.5, ""gsr"": null, ""hedge"": false, ""ioo"": 0.15, ""leverage"": 0, ""lsl"": null, ""maxOp"": 30, ""maxOpL"": null, ""maxOpS"": null, ""obap"": false, ""p"": true, ""q"": {""maxQ"": 300, ""minQ"": 150, ""qr"": 1.3}, ""s"": null, ""side"": 3, ""slp"": {""m"": 0, ""pp"": null, ""tp"": null}, ""slt"": false, ""so"": -3, ""tr"": {""mdTr"": 0, ""minToTr"": 0, ""tr"": 0}, ""tsl"": -175, ""tslinc"": 0, ""ttp"": 100, ""ttpinc"": 100, ""ul"": null}",3
2026-06-10T09:53:11+00:00,5617871752,WLD,,,3,0.5,,30,,,0,0,0,0.59,,100,0,,False,"{""border"": {""bottom"": null, ""from"": 0.5158, ""to"": 0.4857, ""top"": null}, ""cf"": 0.00035, ""dsblin"": false, ""dsblinbap"": false, ""dsblinbtr"": false, ""gap"": {""isg"": 0, ""maxS"": 0, ""minS"": 0, ""tog"": 0.59}, ""gs"": 0.5, ""gsr"": null, ""hedge"": false, ""ioo"": 0.15, ""leverage"": 0, ""lsl"": null, ""maxOp"": 30, ""maxOpL"": null, ""maxOpS"": null, ""obap"": false, ""p"": true, ""q"": {""maxQ"": 300, ""minQ"": 150, ""qr"": 1.3}, ""s"": null, ""side"": 3, ""slp"": {""m"": 0, ""pp"": null, ""tp"": null}, ""slt"": false, ""so"": -3, ""tr"": {""mdTr"": 0, ""minToTr"": 0, ""tr"": 0}, ""tsl"": -175, ""tslinc"": 0, ""ttp"": 100, ""ttpinc"": 100, ""ul"": null}",3
2026-06-10T10:01:11+00:00,5617871752,WLD,,,3,0.5,,30,,,0,0,0,0.59,,100,0,,False,"{""border"": {""bottom"": null, ""from"": 0.515, ""to"": 0.485, ""top"": null}, ""cf"": 0.00035, ""dsblin"": false, ""dsblinbap"": false, ""dsblinbtr"": false, ""gap"": {""isg"": 0, ""maxS"": 0, ""minS"": 0, ""tog"": 0.59}, ""gs"": 0.5, ""gsr"": null, ""hedge"": false, ""ioo"": 0.15, ""leverage"": 0, ""lsl"": null, ""maxOp"": 30, ""maxOpL"": null, ""maxOpS"": null, ""obap"": false, ""p"": true, ""q"": {""maxQ"": 300, ""minQ"": 150, ""qr"": 1.3}, ""s"": null, ""side"": 3, ""slp"": {""m"": 0, ""pp"": null, ""tp"": null}, ""slt"": false, ""so"": -3, ""tr"": {""mdTr"": 0, ""minToTr"": 0, ""tr"": 0}, ""tsl"": -175, ""tslinc"": 0, ""ttp"": 100, ""ttpinc"": 100, ""ul"": null}",3
2026-06-10T10:06:12+00:00,5617871752,WLD,,,3,0.5,,30,,,0,0,0,0.59,,100,0,,False,"{""border"": {""bottom"": null, ""from"": 0.5142, ""to"": 0.4843, ""top"": null}, ""cf"": 0.00035, ""dsblin"": false, ""dsblinbap"": false, ""dsblinbtr"": false, ""gap"": {""isg"": 0, ""maxS"": 0, ""minS"": 0, ""tog"": 0.59}, ""gs"": 0.5, ""gsr"": null, ""hedge"": false, ""ioo"": 0.15, ""leverage"": 0, ""lsl"": null, ""maxOp"": 30, ""maxOpL"": null, ""maxOpS"": null, ""obap"": false, ""p"": true, ""q"": {""maxQ"": 300, ""minQ"": 150, ""qr"": 1.3}, ""s"": null, ""side"": 3, ""slp"": {""m"": 0, ""pp"": null, ""tp"": null}, ""slt"": false, ""so"": -3, ""tr"": {""mdTr"": 0, ""minToTr"": 0, ""tr"": 0}, ""tsl"": -175, ""tslinc"": 0, ""ttp"": 100, ""ttpinc"": 100, ""ul"": null}",3
2026-06-10T10:19:13+00:00,5617871752,WLD,,,3,0.5,,30,,,0,0,0,0.59,,100,0,,False,"{""border"": {""bottom"": null, ""from"": 0.5134, ""to"": 0.4836, ""top"": null}, ""cf"": 0.00035, ""dsblin"": false, ""dsblinbap"": false, ""dsblinbtr"": false, ""gap"": {""isg"": 0, ""maxS"": 0, ""minS"": 0, ""tog"": 0.59}, ""gs"": 0.5, ""gsr"": null, ""hedge"": false, ""ioo"": 0.15, ""leverage"": 0, ""lsl"": null, ""maxOp"": 30, ""maxOpL"": null, ""maxOpS"": null, ""obap"": false, ""p"": true, ""q"": {""maxQ"": 300, ""minQ"": 150, ""qr"": 1.3}, ""s"": null, ""side"": 3, ""slp"": {""m"": 0, ""pp"": null, ""tp"": null}, ""slt"": false, ""so"": -3, ""tr"": {""mdTr"": 0, ""minToTr"": 0, ""tr"": 0}, ""tsl"": -175, ""tslinc"": 0, ""ttp"": 100, ""ttpinc"": 100, ""ul"": null}",3
2026-06-10T10:29:14+00:00,5617871752,WLD,,,3,0.5,,30,,,0,0,0,0.59,,100,0,,False,"{""border"": {""bottom"": null, ""from"": 0.5142, ""to"": 0.4843, ""top"": null}, ""cf"": 0.00035, ""dsblin"": false, ""dsblinbap"": false, ""dsblinbtr"": false, ""gap"": {""isg"": 0, ""maxS"": 0, ""minS"": 0, ""tog"": 0.59}, ""gs"": 0.5, ""gsr"": null, ""hedge"": false, ""ioo"": 0.15, ""leverage"": 0, ""lsl"": null, ""maxOp"": 30, ""maxOpL"": null, ""maxOpS"": null, ""obap"": false, ""p"": true, ""q"": {""maxQ"": 300, ""minQ"": 150, ""qr"": 1.3}, ""s"": null, ""side"": 3, ""slp"": {""m"": 0, ""pp"": null, ""tp"": null}, ""slt"": false, ""so"": -3, ""tr"": {""mdTr"": 0, ""minToTr"": 0, ""tr"": 0}, ""tsl"": -175, ""tslinc"": 0, ""ttp"": 100, ""ttpinc"": 100, ""ul"": null}",3
2026-06-10T10:31:15+00:00,5693279219,SOL,,,3,0.5,,30,,,0,0,0,0.59,,100,0,,False,"{""border"": {""bottom"": null, ""from"": 65.51, ""to"": 61.69, ""top"": null}, ""cf"": 0.00035, ""dsblin"": false, ""dsblinbap"": false, ""dsblinbtr"": false, ""gap"": {""isg"": 0, ""maxS"": 0, ""minS"": 0, ""tog"": 0.59}, ""gs"": 0.5, ""gsr"": null, ""hedge"": false, ""ioo"": 0.15, ""leverage"": 0, ""lsl"": null, ""maxOp"": 30, ""maxOpL"": null, ""maxOpS"": null, ""obap"": false, ""p"": true, ""q"": {""maxQ"": 9, ""minQ"": 3, ""qr"": 1.3}, ""s"": null, ""side"": 3, ""slp"": {""m"": 0, ""pp"": null, ""tp"": null}, ""slt"": false, ""so"": -3, ""tr"": {""mdTr"": 0, ""minToTr"": 0, ""tr"": 0}, ""tsl"": -175, ""tslinc"": 0, ""ttp"": 100, ""ttpinc"": 0, ""ul"": null}",3
2026-06-10T10:37:15+00:00,5617871752,WLD,,,3,0.5,,30,,,0,0,0,0.59,,100,0,,False,"{""border"": {""bottom"": null, ""from"": 0.515, ""to"": 0.485, ""top"": null}, ""cf"": 0.00035, ""dsblin"": false, ""dsblinbap"": false, ""dsblinbtr"": false, ""gap"": {""isg"": 0, ""maxS"": 0, ""minS"": 0, ""tog"": 0.59}, ""gs"": 0.5, ""gsr"": null, ""hedge"": false, ""ioo"": 0.15, ""leverage"": 0, ""lsl"": null, ""maxOp"": 30, ""maxOpL"": null, ""maxOpS"": null, ""obap"": false, ""p"": true, ""q"": {""maxQ"": 300, ""minQ"": 150, ""qr"": 1.3}, ""s"": null, ""side"": 3, ""slp"": {""m"": 0, ""pp"": null, ""tp"": null}, ""slt"": false, ""so"": -3, ""tr"": {""mdTr"": 0, ""minToTr"": 0, ""tr"": 0}, ""tsl"": -175, ""tslinc"": 0, ""ttp"": 100, ""ttpinc"": 100, ""ul"": null}",3
2026-06-10T10:56:16+00:00,5617871752,WLD,,,3,0.5,,30,,,0,0,0,0.59,,100,0,,False,"{""border"": {""bottom"": null, ""from"": 0.5142, ""to"": 0.4843, ""top"": null}, ""cf"": 0.00035, ""dsblin"": false, ""dsblinbap"": false, ""dsblinbtr"": false, ""gap"": {""isg"": 0, ""maxS"": 0, ""minS"": 0, ""tog"": 0.59}, ""gs"": 0.5, ""gsr"": null, ""hedge"": false, ""ioo"": 0.15, ""leverage"": 0, ""lsl"": null, ""maxOp"": 30, ""maxOpL"": null, ""maxOpS"": null, ""obap"": false, ""p"": true, ""q"": {""maxQ"": 300, ""minQ"": 150, ""qr"": 1.3}, ""s"": null, ""side"": 3, ""slp"": {""m"": 0, ""pp"": null, ""tp"": null}, ""slt"": false, ""so"": -3, ""tr"": {""mdTr"": 0, ""minToTr"": 0, ""tr"": 0}, ""tsl"": -175, ""tslinc"": 0, ""ttp"": 100, ""ttpinc"": 100, ""ul"": null}",3
2026-06-10T11:05:17+00:00,5693279219,SOL,,,3,0.5,,30,,,0,0,0,0.59,,100,0,,False,"{""border"": {""bottom"": null, ""from"": 65.31, ""to"": 61.51, ""top"": null}, ""cf"": 0.00035, ""dsblin"": false, ""dsblinbap"": false, ""dsblinbtr"": false, ""gap"": {""isg"": 0, ""maxS"": 0, ""minS"": 0, ""tog"": 0.59}, ""gs"": 0.5, ""gsr"": null, ""hedge"": false, ""ioo"": 0.15, ""leverage"": 0, ""lsl"": null, ""maxOp"": 30, ""maxOpL"": null, ""maxOpS"": null, ""obap"": false, ""p"": true, ""q"": {""maxQ"": 9, ""minQ"": 3, ""qr"": 1.3}, ""s"": null, ""side"": 3, ""slp"": {""m"": 0, ""pp"": null, ""tp"": null}, ""slt"": false, ""so"": -3, ""tr"": {""mdTr"": 0, ""minToTr"": 0, ""tr"": 0}, ""tsl"": -175, ""tslinc"": 0, ""ttp"": 100, ""ttpinc"": 0, ""ul"": null}",3
2026-06-10T11:05:17+00:00,5617871752,WLD,,,3,0.5,,30,,,0,0,0,0.59,,100,0,,False,"{""border"": {""bottom"": null, ""from"": 0.5126, ""to"": 0.4829, ""top"": null}, ""cf"": 0.00035, ""dsblin"": false, ""dsblinbap"": false, ""dsblinbtr"": false, ""gap"": {""isg"": 0, ""maxS"": 0, ""minS"": 0, ""tog"": 0.59}, ""gs"": 0.5, ""gsr"": null, ""hedge"": false, ""ioo"": 0.15, ""leverage"": 0, ""lsl"": null, ""maxOp"": 30, ""maxOpL"": null, ""maxOpS"": null, ""obap"": false, ""p"": true, ""q"": {""maxQ"": 300, ""minQ"": 150, ""qr"": 1.3}, ""s"": null, ""side"": 3, ""slp"": {""m"": 0, ""pp"": null, ""tp"": null}, ""slt"": false, ""so"": -3, ""tr"": {""mdTr"": 0, ""minToTr"": 0, ""tr"": 0}, ""tsl"": -175, ""tslinc"": 0, ""ttp"": 100, ""ttpinc"": 100, ""ul"": null}",3
2026-06-10T11:11:17+00:00,5693279219,SOL,,,3,0.5,,30,,,0,0,0,0.59,,100,0,,False,"{""border"": {""bottom"": null, ""from"": 65.41, ""to"": 61.6, ""top"": null}, ""cf"": 0.00035, ""dsblin"": false, ""dsblinbap"": false, ""dsblinbtr"": false, ""gap"": {""isg"": 0, ""maxS"": 0, ""minS"": 0, ""tog"": 0.59}, ""gs"": 0.5, ""gsr"": null, ""hedge"": false, ""ioo"": 0.15, ""leverage"": 0, ""lsl"": null, ""maxOp"": 30, ""maxOpL"": null, ""maxOpS"": null, ""obap"": false, ""p"": true, ""q"": {""maxQ"": 9, ""minQ"": 3, ""qr"": 1.3}, ""s"": null, ""side"": 3, ""slp"": {""m"": 0, ""pp"": null, ""tp"": null}, ""slt"": false, ""so"": -3, ""tr"": {""mdTr"": 0, ""minToTr"": 0, ""tr"": 0}, ""tsl"": -175, ""tslinc"": 0, ""ttp"": 100, ""ttpinc"": 0, ""ul"": null}",3
2026-06-10T11:12:17+00:00,5617871752,WLD,,,3,0.5,,30,,,0,0,0,0.59,,100,0,,False,"{""border"": {""bottom"": null, ""from"": 0.5118, ""to"": 0.4822, ""top"": null}, ""cf"": 0.00035, ""dsblin"": false, ""dsblinbap"": false, ""dsblinbtr"": false, ""gap"": {""isg"": 0, ""maxS"": 0, ""minS"": 0, ""tog"": 0.59}, ""gs"": 0.5, ""gsr"": null, ""hedge"": false, ""ioo"": 0.15, ""leverage"": 0, ""lsl"": null, ""maxOp"": 30, ""maxOpL"": null, ""maxOpS"": null, ""obap"": false, ""p"": true, ""q"": {""maxQ"": 300, ""minQ"": 150, ""qr"": 1.3}, ""s"": null, ""side"": 3, ""slp"": {""m"": 0, ""pp"": null, ""tp"": null}, ""slt"": false, ""so"": -3, ""tr"": {""mdTr"": 0, ""minToTr"": 0, ""tr"": 0}, ""tsl"": -175, ""tslinc"": 0, ""ttp"": 100, ""ttpinc"": 100, ""ul"": null}",3
2026-06-10T11:18:18+00:00,5617871752,WLD,,,3,0.5,,30,,,0,0,0,0.59,,100,0,,False,"{""border"": {""bottom"": null, ""from"": 0.5126, ""to"": 0.4829, ""top"": null}, ""cf"": 0.00035, ""dsblin"": false, ""dsblinbap"": false, ""dsblinbtr"": false, ""gap"": {""isg"": 0, ""maxS"": 0, ""minS"": 0, ""tog"": 0.59}, ""gs"": 0.5, ""gsr"": null, ""hedge"": false, ""ioo"": 0.15, ""leverage"": 0, ""lsl"": null, ""maxOp"": 30, ""maxOpL"": null, ""maxOpS"": null, ""obap"": false, ""p"": true, ""q"": {""maxQ"": 300, ""minQ"": 150, ""qr"": 1.3}, ""s"": null, ""side"": 3, ""slp"": {""m"": 0, ""pp"": null, ""tp"": null}, ""slt"": false, ""so"": -3, ""tr"": {""mdTr"": 0, ""minToTr"": 0, ""tr"": 0}, ""tsl"": -175, ""tslinc"": 0, ""ttp"": 100, ""ttpinc"": 100, ""ul"": null}",3
2026-06-10T11:19:18+00:00,5617871752,WLD,,,3,0.5,,30,,,0,0,0,0.59,,100,0,,False,"{""border"": {""bottom"": null, ""from"": 0.5134, ""to"": 0.4836, ""top"": null}, ""cf"": 0.00035, ""dsblin"": false, ""dsblinbap"": false, ""dsblinbtr"": false, ""gap"": {""isg"": 0, ""maxS"": 0, ""minS"": 0, ""tog"": 0.59}, ""gs"": 0.5, ""gsr"": null, ""hedge"": false, ""ioo"": 0.15, ""leverage"": 0, ""lsl"": null, ""maxOp"": 30, ""maxOpL"": null, ""maxOpS"": null, ""obap"": false, ""p"": true, ""q"": {""maxQ"": 300, ""minQ"": 150, ""qr"": 1.3}, ""s"": null, ""side"": 3, ""slp"": {""m"": 0, ""pp"": null, ""tp"": null}, ""slt"": false, ""so"": -3, ""tr"": {""mdTr"": 0, ""minToTr"": 0, ""tr"": 0}, ""tsl"": -175, ""tslinc"": 0, ""ttp"": 100, ""ttpinc"": 100, ""ul"": null}",3
2026-06-10T11:25:19+00:00,5617871752,WLD,,,3,0.5,,30,,,0,0,0,0.59,,100,0,,False,"{""border"": {""bottom"": null, ""from"": 0.5142, ""to"": 0.4843, ""top"": null}, ""cf"": 0.00035, ""dsblin"": false, ""dsblinbap"": false, ""dsblinbtr"": false, ""gap"": {""isg"": 0, ""maxS"": 0, ""minS"": 0, ""tog"": 0.59}, ""gs"": 0.5, ""gsr"": null, ""hedge"": false, ""ioo"": 0.15, ""leverage"": 0, ""lsl"": null, ""maxOp"": 30, ""maxOpL"": null, ""maxOpS"": null, ""obap"": false, ""p"": true, ""q"": {""maxQ"": 300, ""minQ"": 150, ""qr"": 1.3}, ""s"": null, ""side"": 3, ""slp"": {""m"": 0, ""pp"": null, ""tp"": null}, ""slt"": false, ""so"": -3, ""tr"": {""mdTr"": 0, ""minToTr"": 0, ""tr"": 0}, ""tsl"": -175, ""tslinc"": 0, ""ttp"": 100, ""ttpinc"": 100, ""ul"": null}",3
2026-06-10T11:26:19+00:00,5693279219,SOL,,,3,0.5,,30,,,0,0,0,0.59,,100,0,,False,"{""border"": {""bottom"": null, ""from"": 65.31, ""to"": 61.51, ""top"": null}, ""cf"": 0.00035, ""dsblin"": false, ""dsblinbap"": false, ""dsblinbtr"": false, ""gap"": {""isg"": 0, ""maxS"": 0, ""minS"": 0, ""tog"": 0.59}, ""gs"": 0.5, ""gsr"": null, ""hedge"": false, ""ioo"": 0.15, ""leverage"": 0, ""lsl"": null, ""maxOp"": 30, ""maxOpL"": null, ""maxOpS"": null, ""obap"": false, ""p"": true, ""q"": {""maxQ"": 9, ""minQ"": 3, ""qr"": 1.3}, ""s"": null, ""side"": 3, ""slp"": {""m"": 0, ""pp"": null, ""tp"": null}, ""slt"": false, ""so"": -3, ""tr"": {""mdTr"": 0, ""minToTr"": 0, ""tr"": 0}, ""tsl"": -175, ""tslinc"": 0, ""ttp"": 100, ""ttpinc"": 0, ""ul"": null}",3
2026-06-10T11:26:19+00:00,5617871752,WLD,,,3,0.5,,30,,,0,0,0,0.59,,100,0,,False,"{""border"": {""bottom"": null, ""from"": 0.515, ""to"": 0.485, ""top"": null}, ""cf"": 0.00035, ""dsblin"": false, ""dsblinbap"": false, ""dsblinbtr"": false, ""gap"": {""isg"": 0, ""maxS"": 0, ""minS"": 0, ""tog"": 0.59}, ""gs"": 0.5, ""gsr"": null, ""hedge"": false, ""ioo"": 0.15, ""leverage"": 0, ""lsl"": null, ""maxOp"": 30, ""maxOpL"": null, ""maxOpS"": null, ""obap"": false, ""p"": true, ""q"": {""maxQ"": 300, ""minQ"": 150, ""qr"": 1.3}, ""s"": null, ""side"": 3, ""slp"": {""m"": 0, ""pp"": null, ""tp"": null}, ""slt"": false, ""so"": -3, ""tr"": {""mdTr"": 0, ""minToTr"": 0, ""tr"": 0}, ""tsl"": -175, ""tslinc"": 0, ""ttp"": 100, ""ttpinc"": 100, ""ul"": null}",3
2026-06-10T11:29:19+00:00,5617871752,WLD,,,3,0.5,,30,,,0,0,0,0.59,,100,0,,False,"{""border"": {""bottom"": null, ""from"": 0.5158, ""to"": 0.4857, ""top"": null}, ""cf"": 0.00035, ""dsblin"": false, ""dsblinbap"": false, ""dsblinbtr"": false, ""gap"": {""isg"": 0, ""maxS"": 0, ""minS"": 0, ""tog"": 0.59}, ""gs"": 0.5, ""gsr"": null, ""hedge"": false, ""ioo"": 0.15, ""leverage"": 0, ""lsl"": null, ""maxOp"": 30, ""maxOpL"": null, ""maxOpS"": null, ""obap"": false, ""p"": true, ""q"": {""maxQ"": 300, ""minQ"": 150, ""qr"": 1.3}, ""s"": null, ""side"": 3, ""slp"": {""m"": 0, ""pp"": null, ""tp"": null}, ""slt"": false, ""so"": -3, ""tr"": {""mdTr"": 0, ""minToTr"": 0, ""tr"": 0}, ""tsl"": -175, ""tslinc"": 0, ""ttp"": 100, ""ttpinc"": 100, ""ul"": null}",3
2026-06-10T11:35:19+00:00,5617871752,WLD,,,3,0.5,,30,,,0,0,0,0.59,,100,0,,False,"{""border"": {""bottom"": null, ""from"": 0.515, ""to"": 0.485, ""top"": null}, ""cf"": 0.00035, ""dsblin"": false, ""dsblinbap"": false, ""dsblinbtr"": false, ""gap"": {""isg"": 0, ""maxS"": 0, ""minS"": 0, ""tog"": 0.59}, ""gs"": 0.5, ""gsr"": null, ""hedge"": false, ""ioo"": 0.15, ""leverage"": 0, ""lsl"": null, ""maxOp"": 30, ""maxOpL"": null, ""maxOpS"": null, ""obap"": false, ""p"": true, ""q"": {""maxQ"": 300, ""minQ"": 150, ""qr"": 1.3}, ""s"": null, ""side"": 3, ""slp"": {""m"": 0, ""pp"": null, ""tp"": null}, ""slt"": false, ""so"": -3, ""tr"": {""mdTr"": 0, ""minToTr"": 0, ""tr"": 0}, ""tsl"": -175, ""tslinc"": 0, ""ttp"": 100, ""ttpinc"": 100, ""ul"": null}",3
2026-06-10T11:36:20+00:00,5617871752,WLD,,,3,0.5,,30,,,0,0,0,0.59,,100,0,,False,"{""border"": {""bottom"": null, ""from"": 0.5142, ""to"": 0.4843, ""top"": null}, ""cf"": 0.00035, ""dsblin"": false, ""dsblinbap"": false, ""dsblinbtr"": false, ""gap"": {""isg"": 0, ""maxS"": 0, ""minS"": 0, ""tog"": 0.59}, ""gs"": 0.5, ""gsr"": null, ""hedge"": false, ""ioo"": 0.15, ""leverage"": 0, ""lsl"": null, ""maxOp"": 30, ""maxOpL"": null, ""maxOpS"": null, ""obap"": false, ""p"": true, ""q"": {""maxQ"": 300, ""minQ"": 150, ""qr"": 1.3}, ""s"": null, ""side"": 3, ""slp"": {""m"": 0, ""pp"": null, ""tp"": null}, ""slt"": false, ""so"": -3, ""tr"": {""mdTr"": 0, ""minToTr"": 0, ""tr"": 0}, ""tsl"": -175, ""tslinc"": 0, ""ttp"": 100, ""ttpinc"": 100, ""ul"": null}",3
2026-06-10T11:38:20+00:00,5617871752,WLD,,,3,0.5,,30,,,0,0,0,0.59,,100,0,,False,"{""border"": {""bottom"": null, ""from"": 0.5134, ""to"": 0.4836, ""top"": null}, ""cf"": 0.00035, ""dsblin"": false, ""dsblinbap"": false, ""dsblinbtr"": false, ""gap"": {""isg"": 0, ""maxS"": 0, ""minS"": 0, ""tog"": 0.59}, ""gs"": 0.5, ""gsr"": null, ""hedge"": false, ""ioo"": 0.15, ""leverage"": 0, ""lsl"": null, ""maxOp"": 30, ""maxOpL"": null, ""maxOpS"": null, ""obap"": false, ""p"": true, ""q"": {""maxQ"": 300, ""minQ"": 150, ""qr"": 1.3}, ""s"": null, ""side"": 3, ""slp"": {""m"": 0, ""pp"": null, ""tp"": null}, ""slt"": false, ""so"": -3, ""tr"": {""mdTr"": 0, ""minToTr"": 0, ""tr"": 0}, ""tsl"": -175, ""tslinc"": 0, ""ttp"": 100, ""ttpinc"": 100, ""ul"": null}",3
2026-06-10T11:40:20+00:00,5617871752,WLD,,,3,0.5,,30,,,0,0,0,0.59,,100,0,,False,"{""border"": {""bottom"": null, ""from"": 0.5142, ""to"": 0.4843, ""top"": null}, ""cf"": 0.00035, ""dsblin"": false, ""dsblinbap"": false, ""dsblinbtr"": false, ""gap"": {""isg"": 0, ""maxS"": 0, ""minS"": 0, ""tog"": 0.59}, ""gs"": 0.5, ""gsr"": null, ""hedge"": false, ""ioo"": 0.15, ""leverage"": 0, ""lsl"": null, ""maxOp"": 30, ""maxOpL"": null, ""maxOpS"": null, ""obap"": false, ""p"": true, ""q"": {""maxQ"": 300, ""minQ"": 150, ""qr"": 1.3}, ""s"": null, ""side"": 3, ""slp"": {""m"": 0, ""pp"": null, ""tp"": null}, ""slt"": false, ""so"": -3, ""tr"": {""mdTr"": 0, ""minToTr"": 0, ""tr"": 0}, ""tsl"": -175, ""tslinc"": 0, ""ttp"": 100, ""ttpinc"": 100, ""ul"": null}",3
2026-06-10T11:41:20+00:00,5693279219,SOL,,,3,0.5,,40,,,0,0,0,0.59,,100,0,,False,"{""border"": {""bottom"": null, ""from"": 65.19, ""to"": 61.39, ""top"": null}, ""cf"": 0.00035, ""dsblin"": false, ""dsblinbap"": false, ""dsblinbtr"": false, ""gap"": {""isg"": 0, ""maxS"": 0, ""minS"": 0, ""tog"": 0.59}, ""gs"": 0.5, ""gsr"": null, ""hedge"": false, ""ioo"": 0.15, ""leverage"": 0, ""lsl"": null, ""maxOp"": 40, ""maxOpL"": null, ""maxOpS"": null, ""obap"": false, ""p"": true, ""q"": {""maxQ"": 9, ""minQ"": 3, ""qr"": 1.3}, ""s"": null, ""side"": 3, ""slp"": {""m"": 0, ""pp"": null, ""tp"": null}, ""slt"": false, ""so"": -3, ""tr"": {""mdTr"": 0, ""minToTr"": 0, ""tr"": 0}, ""tsl"": -175, ""tslinc"": 0, ""ttp"": 100, ""ttpinc"": 0, ""ul"": null}",3
2026-06-10T11:41:20+00:00,5617871752,WLD,,,3,0.5,,40,,,0,0,0,0.59,,100,0,,False,"{""border"": {""bottom"": null, ""from"": 0.4982, ""to"": 0.4692, ""top"": null}, ""cf"": 0.00035, ""dsblin"": false, ""dsblinbap"": false, ""dsblinbtr"": false, ""gap"": {""isg"": 0, ""maxS"": 0, ""minS"": 0, ""tog"": 0.59}, ""gs"": 0.5, ""gsr"": null, ""hedge"": false, ""ioo"": 0.15, ""leverage"": 0, ""lsl"": null, ""maxOp"": 40, ""maxOpL"": null, ""maxOpS"": null, ""obap"": false, ""p"": true, ""q"": {""maxQ"": 300, ""minQ"": 150, ""qr"": 1.3}, ""s"": null, ""side"": 3, ""slp"": {""m"": 0, ""pp"": null, ""tp"": null}, ""slt"": false, ""so"": -3, ""tr"": {""mdTr"": 0, ""minToTr"": 0, ""tr"": 0}, ""tsl"": -175, ""tslinc"": 0, ""ttp"": 100, ""ttpinc"": 100, ""ul"": null}",3
2026-06-10T11:41:20+00:00,4306550166,XRP,,,3,0.5,,50,,,0,0,0,0.59,,100,0,,False,"{""border"": {""bottom"": null, ""from"": 1.1358, ""to"": 1.0696, ""top"": null}, ""cf"": 0.00035, ""dsblin"": false, ""dsblinbap"": false, ""dsblinbtr"": false, ""gap"": {""isg"": 0, ""maxS"": 0, ""minS"": 0, ""tog"": 0.59}, ""gs"": 0.5, ""gsr"": null, ""hedge"": false, ""ioo"": 0.15, ""leverage"": 0, ""lsl"": null, ""maxOp"": 50, ""maxOpL"": null, ""maxOpS"": null, ""obap"": false, ""p"": true, ""q"": {""maxQ"": 500, ""minQ"": 50, ""qr"": 1.4}, ""s"": null, ""side"": 3, ""slp"": {""m"": 0, ""pp"": null, ""tp"": null}, ""slt"": false, ""so"": -3, ""tr"": {""mdTr"": 0, ""minToTr"": 0, ""tr"": 0}, ""tsl"": -175, ""tslinc"": 0, ""ttp"": 100, ""ttpinc"": 0, ""ul"": null}",3
2026-06-10T11:42:20+00:00,5693279219,SOL,,,3,0.5,,40,,,0,0,0,0.59,,100,0,,False,"{""border"": {""bottom"": null, ""from"": 65.21, ""to"": 61.41, ""top"": null}, ""cf"": 0.00035, ""dsblin"": false, ""dsblinbap"": false, ""dsblinbtr"": false, ""gap"": {""isg"": 0, ""maxS"": 0, ""minS"": 0, ""tog"": 0.59}, ""gs"": 0.5, ""gsr"": null, ""hedge"": false, ""ioo"": 0.15, ""leverage"": 0, ""lsl"": null, ""maxOp"": 40, ""maxOpL"": null, ""maxOpS"": null, ""obap"": false, ""p"": true, ""q"": {""maxQ"": 12, ""minQ"": 3, ""qr"": 1.3}, ""s"": null, ""side"": 3, ""slp"": {""m"": 0, ""pp"": null, ""tp"": null}, ""slt"": false, ""so"": -3, ""tr"": {""mdTr"": 0, ""minToTr"": 0, ""tr"": 0}, ""tsl"": -175, ""tslinc"": 0, ""ttp"": 100, ""ttpinc"": 0, ""ul"": null}",3
2026-06-10T11:42:20+00:00,5617871752,WLD,,,3,0.5,,40,,,0,0,0,0.59,,100,0,,False,"{""border"": {""bottom"": null, ""from"": 0.4989, ""to"": 0.4699, ""top"": null}, ""cf"": 0.00035, ""dsblin"": false, ""dsblinbap"": false, ""dsblinbtr"": false, ""gap"": {""isg"": 0, ""maxS"": 0, ""minS"": 0, ""tog"": 0.59}, ""gs"": 0.5, ""gsr"": null, ""hedge"": false, ""ioo"": 0.15, ""leverage"": 0, ""lsl"": null, ""maxOp"": 40, ""maxOpL"": null, ""maxOpS"": null, ""obap"": false, ""p"": true, ""q"": {""maxQ"": 300, ""minQ"": 150, ""qr"": 1.3}, ""s"": null, ""side"": 3, ""slp"": {""m"": 0, ""pp"": null, ""tp"": null}, ""slt"": false, ""so"": -3, ""tr"": {""mdTr"": 0, ""minToTr"": 0, ""tr"": 0}, ""tsl"": -175, ""tslinc"": 0, ""ttp"": 100, ""ttpinc"": 100, ""ul"": null}",3
2026-06-10T11:48:21+00:00,5617871752,WLD,,,3,0.5,,40,,,0,0,0,0.59,,100,0,,False,"{""border"": {""bottom"": null, ""from"": 0.4996, ""to"": 0.4706, ""top"": null}, ""cf"": 0.00035, ""dsblin"": false, ""dsblinbap"": false, ""dsblinbtr"": false, ""gap"": {""isg"": 0, ""maxS"": 0, ""minS"": 0, ""tog"": 0.59}, ""gs"": 0.5, ""gsr"": null, ""hedge"": false, ""ioo"": 0.15, ""leverage"": 0, ""lsl"": null, ""maxOp"": 40, ""maxOpL"": null, ""maxOpS"": null, ""obap"": false, ""p"": true, ""q"": {""maxQ"": 300, ""minQ"": 150, ""qr"": 1.3}, ""s"": null, ""side"": 3, ""slp"": {""m"": 0, ""pp"": null, ""tp"": null}, ""slt"": false, ""so"": -3, ""tr"": {""mdTr"": 0, ""minToTr"": 0, ""tr"": 0}, ""tsl"": -175, ""tslinc"": 0, ""ttp"": 100, ""ttpinc"": 100, ""ul"": null}",3
2026-06-10T12:13:23+00:00,5617871752,WLD,,,3,0.5,,40,,,0,0,0,0.59,,100,0,,False,"{""border"": {""bottom"": null, ""from"": 0.5003, ""to"": 0.4713, ""top"": null}, ""cf"": 0.00035, ""dsblin"": false, ""dsblinbap"": false, ""dsblinbtr"": false, ""gap"": {""isg"": 0, ""maxS"": 0, ""minS"": 0, ""tog"": 0.59}, ""gs"": 0.5, ""gsr"": null, ""hedge"": false, ""ioo"": 0.15, ""leverage"": 0, ""lsl"": null, ""maxOp"": 40, ""maxOpL"": null, ""maxOpS"": null, ""obap"": false, ""p"": true, ""q"": {""maxQ"": 300, ""minQ"": 150, ""qr"": 1.3}, ""s"": null, ""side"": 3, ""slp"": {""m"": 0, ""pp"": null, ""tp"": null}, ""slt"": false, ""so"": -3, ""tr"": {""mdTr"": 0, ""minToTr"": 0, ""tr"": 0}, ""tsl"": -175, ""tslinc"": 0, ""ttp"": 100, ""ttpinc"": 100, ""ul"": null}",3
2026-06-10T12:19:23+00:00,5617871752,WLD,,,3,0.6,,40,,,0,0,0,0.69,,100,0,,False,"{""border"": {""bottom"": null, ""from"": 0.5052, ""to"": 0.4758, ""top"": null}, ""cf"": 0.00035, ""dsblin"": false, ""dsblinbap"": false, ""dsblinbtr"": false, ""gap"": {""isg"": 0, ""maxS"": 0, ""minS"": 0, ""tog"": 0.69}, ""gs"": 0.6, ""gsr"": null, ""hedge"": false, ""ioo"": 0.15, ""leverage"": 0, ""lsl"": null, ""maxOp"": 40, ""maxOpL"": null, ""maxOpS"": null, ""obap"": false, ""p"": true, ""q"": {""maxQ"": 300, ""minQ"": 150, ""qr"": 1.3}, ""s"": null, ""side"": 3, ""slp"": {""m"": 0, ""pp"": null, ""tp"": null}, ""slt"": false, ""so"": -3, ""tr"": {""mdTr"": 0, ""minToTr"": 0, ""tr"": 0}, ""tsl"": -175, ""tslinc"": 0, ""ttp"": 100, ""ttpinc"": 100, ""ul"": null}",3
2026-06-10T12:28:24+00:00,5617871752,WLD,,,3,0.6,,40,,,0,0,0,0.69,,100,0,,False,"{""border"": {""bottom"": null, ""from"": 0.506, ""to"": 0.4765, ""top"": null}, ""cf"": 0.00035, ""dsblin"": false, ""dsblinbap"": false, ""dsblinbtr"": false, ""gap"": {""isg"": 0, ""maxS"": 0, ""minS"": 0, ""tog"": 0.69}, ""gs"": 0.6, ""gsr"": null, ""hedge"": false, ""ioo"": 0.15, ""leverage"": 0, ""lsl"": null, ""maxOp"": 40, ""maxOpL"": null, ""maxOpS"": null, ""obap"": false, ""p"": true, ""q"": {""maxQ"": 300, ""minQ"": 150, ""qr"": 1.3}, ""s"": null, ""side"": 3, ""slp"": {""m"": 0, ""pp"": null, ""tp"": null}, ""slt"": false, ""so"": -3, ""tr"": {""mdTr"": 0, ""minToTr"": 0, ""tr"": 0}, ""tsl"": -175, ""tslinc"": 0, ""ttp"": 100, ""ttpinc"": 100, ""ul"": null}",3
2026-06-10T12:30:24+00:00,5693279219,SOL,,,3,0.5,,40,,,0,0,0,0.59,,100,0,,False,"{""border"": {""bottom"": null, ""from"": 65.31, ""to"": 61.5, ""top"": null}, ""cf"": 0.00035, ""dsblin"": false, ""dsblinbap"": false, ""dsblinbtr"": false, ""gap"": {""isg"": 0, ""maxS"": 0, ""minS"": 0, ""tog"": 0.59}, ""gs"": 0.5, ""gsr"": null, ""hedge"": false, ""ioo"": 0.15, ""leverage"": 0, ""lsl"": null, ""maxOp"": 40, ""maxOpL"": null, ""maxOpS"": null, ""obap"": false, ""p"": true, ""q"": {""maxQ"": 12, ""minQ"": 3, ""qr"": 1.3}, ""s"": null, ""side"": 3, ""slp"": {""m"": 0, ""pp"": null, ""tp"": null}, ""slt"": false, ""so"": -3, ""tr"": {""mdTr"": 0, ""minToTr"": 0, ""tr"": 0}, ""tsl"": -175, ""tslinc"": 0, ""ttp"": 100, ""ttpinc"": 0, ""ul"": null}",3
2026-06-10T12:30:24+00:00,5617871752,WLD,,,3,0.6,,40,,,0,0,0,0.69,,100,0,,False,"{""border"": {""bottom"": null, ""from"": 0.5076, ""to"": 0.4779, ""top"": null}, ""cf"": 0.00035, ""dsblin"": false, ""dsblinbap"": false, ""dsblinbtr"": false, ""gap"": {""isg"": 0, ""maxS"": 0, ""minS"": 0, ""tog"": 0.69}, ""gs"": 0.6, ""gsr"": null, ""hedge"": false, ""ioo"": 0.15, ""leverage"": 0, ""lsl"": null, ""maxOp"": 40, ""maxOpL"": null, ""maxOpS"": null, ""obap"": false, ""p"": true, ""q"": {""maxQ"": 300, ""minQ"": 150, ""qr"": 1.3}, ""s"": null, ""side"": 3, ""slp"": {""m"": 0, ""pp"": null, ""tp"": null}, ""slt"": false, ""so"": -3, ""tr"": {""mdTr"": 0, ""minToTr"": 0, ""tr"": 0}, ""tsl"": -175, ""tslinc"": 0, ""ttp"": 100, ""ttpinc"": 100, ""ul"": null}",3
2026-06-10T12:31:24+00:00,5693279219,SOL,,,3,0.5,,40,,,0,0,0,0.59,,100,0,,False,"{""border"": {""bottom"": null, ""from"": 65.41, ""to"": 61.59, ""top"": null}, ""cf"": 0.00035, ""dsblin"": false, ""dsblinbap"": false, ""dsblinbtr"": false, ""gap"": {""isg"": 0, ""maxS"": 0, ""minS"": 0, ""tog"": 0.59}, ""gs"": 0.5, ""gsr"": null, ""hedge"": false, ""ioo"": 0.15, ""leverage"": 0, ""lsl"": null, ""maxOp"": 40, ""maxOpL"": null, ""maxOpS"": null, ""obap"": false, ""p"": true, ""q"": {""maxQ"": 12, ""minQ"": 3, ""qr"": 1.3}, ""s"": null, ""side"": 3, ""slp"": {""m"": 0, ""pp"": null, ""tp"": null}, ""slt"": false, ""so"": -3, ""tr"": {""mdTr"": 0, ""minToTr"": 0, ""tr"": 0}, ""tsl"": -175, ""tslinc"": 0, ""ttp"": 100, ""ttpinc"": 0, ""ul"": null}",3
2026-06-10T12:31:24+00:00,5617871752,WLD,,,3,0.6,,40,,,0,0,0,0.69,,100,0,,False,"{""border"": {""bottom"": null, ""from"": 0.5084, ""to"": 0.4786, ""top"": null}, ""cf"": 0.00035, ""dsblin"": false, ""dsblinbap"": false, ""dsblinbtr"": false, ""gap"": {""isg"": 0, ""maxS"": 0, ""minS"": 0, ""tog"": 0.69}, ""gs"": 0.6, ""gsr"": null, ""hedge"": false, ""ioo"": 0.15, ""leverage"": 0, ""lsl"": null, ""maxOp"": 40, ""maxOpL"": null, ""maxOpS"": null, ""obap"": false, ""p"": true, ""q"": {""maxQ"": 300, ""minQ"": 150, ""qr"": 1.3}, ""s"": null, ""side"": 3, ""slp"": {""m"": 0, ""pp"": null, ""tp"": null}, ""slt"": false, ""so"": -3, ""tr"": {""mdTr"": 0, ""minToTr"": 0, ""tr"": 0}, ""tsl"": -175, ""tslinc"": 0, ""ttp"": 100, ""ttpinc"": 100, ""ul"": null}",3
2026-06-10T12:32:24+00:00,5617871752,WLD,,,3,0.6,,40,,,0,0,0,0.69,,100,0,,False,"{""border"": {""bottom"": null, ""from"": 0.5076, ""to"": 0.4779, ""top"": null}, ""cf"": 0.00035, ""dsblin"": false, ""dsblinbap"": false, ""dsblinbtr"": false, ""gap"": {""isg"": 0, ""maxS"": 0, ""minS"": 0, ""tog"": 0.69}, ""gs"": 0.6, ""gsr"": null, ""hedge"": false, ""ioo"": 0.15, ""leverage"": 0, ""lsl"": null, ""maxOp"": 40, ""maxOpL"": null, ""maxOpS"": null, ""obap"": false, ""p"": true, ""q"": {""maxQ"": 300, ""minQ"": 150, ""qr"": 1.3}, ""s"": null, ""side"": 3, ""slp"": {""m"": 0, ""pp"": null, ""tp"": null}, ""slt"": false, ""so"": -3, ""tr"": {""mdTr"": 0, ""minToTr"": 0, ""tr"": 0}, ""tsl"": -175, ""tslinc"": 0, ""ttp"": 100, ""ttpinc"": 100, ""ul"": null}",3
2026-06-10T12:32:24+00:00,4306550166,XRP,,,3,0.5,,50,,,0,0,0,0.59,,100,0,,False,"{""border"": {""bottom"": null, ""from"": 1.1341, ""to"": 1.068, ""top"": null}, ""cf"": 0.00035, ""dsblin"": false, ""dsblinbap"": false, ""dsblinbtr"": false, ""gap"": {""isg"": 0, ""maxS"": 0, ""minS"": 0, ""tog"": 0.59}, ""gs"": 0.5, ""gsr"": null, ""hedge"": false, ""ioo"": 0.15, ""leverage"": 0, ""lsl"": null, ""maxOp"": 50, ""maxOpL"": null, ""maxOpS"": null, ""obap"": false, ""p"": true, ""q"": {""maxQ"": 500, ""minQ"": 50, ""qr"": 1.4}, ""s"": null, ""side"": 3, ""slp"": {""m"": 0, ""pp"": null, ""tp"": null}, ""slt"": false, ""so"": -3, ""tr"": {""mdTr"": 0, ""minToTr"": 0, ""tr"": 0}, ""tsl"": -175, ""tslinc"": 0, ""ttp"": 100, ""ttpinc"": 0, ""ul"": null}",3
2026-06-10T12:33:24+00:00,5693279219,SOL,,,3,0.5,,40,,,0,0,0,0.59,,100,0,,False,"{""border"": {""bottom"": null, ""from"": 65.51, ""to"": 61.68, ""top"": null}, ""cf"": 0.00035, ""dsblin"": false, ""dsblinbap"": false, ""dsblinbtr"": false, ""gap"": {""isg"": 0, ""maxS"": 0, ""minS"": 0, ""tog"": 0.59}, ""gs"": 0.5, ""gsr"": null, ""hedge"": false, ""ioo"": 0.15, ""leverage"": 0, ""lsl"": null, ""maxOp"": 40, ""maxOpL"": null, ""maxOpS"": null, ""obap"": false, ""p"": true, ""q"": {""maxQ"": 12, ""minQ"": 3, ""qr"": 1.3}, ""s"": null, ""side"": 3, ""slp"": {""m"": 0, ""pp"": null, ""tp"": null}, ""slt"": false, ""so"": -3, ""tr"": {""mdTr"": 0, ""minToTr"": 0, ""tr"": 0}, ""tsl"": -175, ""tslinc"": 0, ""ttp"": 100, ""ttpinc"": 0, ""ul"": null}",3
2026-06-10T12:33:24+00:00,5617871752,WLD,,,3,0.6,,40,,,0,0,0,0.69,,100,0,,False,"{""border"": {""bottom"": null, ""from"": 0.5092, ""to"": 0.4793, ""top"": null}, ""cf"": 0.00035, ""dsblin"": false, ""dsblinbap"": false, ""dsblinbtr"": false, ""gap"": {""isg"": 0, ""maxS"": 0, ""minS"": 0, ""tog"": 0.69}, ""gs"": 0.6, ""gsr"": null, ""hedge"": false, ""ioo"": 0.15, ""leverage"": 0, ""lsl"": null, ""maxOp"": 40, ""maxOpL"": null, ""maxOpS"": null, ""obap"": false, ""p"": true, ""q"": {""maxQ"": 300, ""minQ"": 150, ""qr"": 1.3}, ""s"": null, ""side"": 3, ""slp"": {""m"": 0, ""pp"": null, ""tp"": null}, ""slt"": false, ""so"": -3, ""tr"": {""mdTr"": 0, ""minToTr"": 0, ""tr"": 0}, ""tsl"": -175, ""tslinc"": 0, ""ttp"": 100, ""ttpinc"": 100, ""ul"": null}",3
2026-06-10T12:33:24+00:00,4306550166,XRP,,,3,0.5,,50,,,0,0,0,0.59,,100,0,,False,"{""border"": {""bottom"": null, ""from"": 1.1358, ""to"": 1.0696, ""top"": null}, ""cf"": 0.00035, ""dsblin"": false, ""dsblinbap"": false, ""dsblinbtr"": false, ""gap"": {""isg"": 0, ""maxS"": 0, ""minS"": 0, ""tog"": 0.59}, ""gs"": 0.5, ""gsr"": null, ""hedge"": false, ""ioo"": 0.15, ""leverage"": 0, ""lsl"": null, ""maxOp"": 50, ""maxOpL"": null, ""maxOpS"": null, ""obap"": false, ""p"": true, ""q"": {""maxQ"": 500, ""minQ"": 50, ""qr"": 1.4}, ""s"": null, ""side"": 3, ""slp"": {""m"": 0, ""pp"": null, ""tp"": null}, ""slt"": false, ""so"": -3, ""tr"": {""mdTr"": 0, ""minToTr"": 0, ""tr"": 0}, ""tsl"": -175, ""tslinc"": 0, ""ttp"": 100, ""ttpinc"": 0, ""ul"": null}",3
2026-06-10T12:34:25+00:00,5693279219,SOL,,,3,0.6,,40,,,0,0,0,0.59,,100,0,,False,"{""border"": {""bottom"": null, ""from"": 66.29, ""to"": 62.43, ""top"": null}, ""cf"": 0.00035, ""dsblin"": false, ""dsblinbap"": false, ""dsblinbtr"": false, ""gap"": {""isg"": 0, ""maxS"": 0, ""minS"": 0, ""tog"": 0.59}, ""gs"": 0.6, ""gsr"": null, ""hedge"": false, ""ioo"": 0.15, ""leverage"": 0, ""lsl"": null, ""maxOp"": 40, ""maxOpL"": null, ""maxOpS"": null, ""obap"": false, ""p"": true, ""q"": {""maxQ"": 12, ""minQ"": 3, ""qr"": 1.3}, ""s"": null, ""side"": 3, ""slp"": {""m"": 0, ""pp"": null, ""tp"": null}, ""slt"": false, ""so"": -3, ""tr"": {""mdTr"": 0, ""minToTr"": 0, ""tr"": 0}, ""tsl"": -175, ""tslinc"": 0, ""ttp"": 100, ""ttpinc"": 0, ""ul"": null}",3
2026-06-10T12:34:25+00:00,5617871752,WLD,,,3,0.7,,40,,,0,0,0,0.69,,100,0,,False,"{""border"": {""bottom"": null, ""from"": 0.5284, ""to"": 0.4977, ""top"": null}, ""cf"": 0.00035, ""dsblin"": false, ""dsblinbap"": false, ""dsblinbtr"": false, ""gap"": {""isg"": 0, ""maxS"": 0, ""minS"": 0, ""tog"": 0.69}, ""gs"": 0.7, ""gsr"": null, ""hedge"": false, ""ioo"": 0.15, ""leverage"": 0, ""lsl"": null, ""maxOp"": 40, ""maxOpL"": null, ""maxOpS"": null, ""obap"": false, ""p"": true, ""q"": {""maxQ"": 300, ""minQ"": 100, ""qr"": 1.3}, ""s"": null, ""side"": 3, ""slp"": {""m"": 0, ""pp"": null, ""tp"": null}, ""slt"": false, ""so"": -3, ""tr"": {""mdTr"": 0, ""minToTr"": 0, ""tr"": 0}, ""tsl"": -175, ""tslinc"": 0, ""ttp"": 100, ""ttpinc"": 100, ""ul"": null}",3
2026-06-10T12:35:25+00:00,5617871752,WLD,,,3,0.7,,40,,,0,0,0,0.69,,100,0,,False,"{""border"": {""bottom"": null, ""from"": 0.5276, ""to"": 0.497, ""top"": null}, ""cf"": 0.00035, ""dsblin"": false, ""dsblinbap"": false, ""dsblinbtr"": false, ""gap"": {""isg"": 0, ""maxS"": 0, ""minS"": 0, ""tog"": 0.69}, ""gs"": 0.7, ""gsr"": null, ""hedge"": false, ""ioo"": 0.15, ""leverage"": 0, ""lsl"": null, ""maxOp"": 40, ""maxOpL"": null, ""maxOpS"": null, ""obap"": false, ""p"": true, ""q"": {""maxQ"": 300, ""minQ"": 100, ""qr"": 1.3}, ""s"": null, ""side"": 3, ""slp"": {""m"": 0, ""pp"": null, ""tp"": null}, ""slt"": false, ""so"": -3, ""tr"": {""mdTr"": 0, ""minToTr"": 0, ""tr"": 0}, ""tsl"": -175, ""tslinc"": 0, ""ttp"": 100, ""ttpinc"": 100, ""ul"": null}",3
2026-06-10T12:55:27+00:00,5617871752,WLD,,,3,0.7,,40,,,0,0,0,0.69,,100,0,,False,"{""border"": {""bottom"": null, ""from"": 0.5268, ""to"": 0.4963, ""top"": null}, ""cf"": 0.00035, ""dsblin"": false, ""dsblinbap"": false, ""dsblinbtr"": false, ""gap"": {""isg"": 0, ""maxS"": 0, ""minS"": 0, ""tog"": 0.69}, ""gs"": 0.7, ""gsr"": null, ""hedge"": false, ""ioo"": 0.15, ""leverage"": 0, ""lsl"": null, ""maxOp"": 40, ""maxOpL"": null, ""maxOpS"": null, ""obap"": false, ""p"": true, ""q"": {""maxQ"": 300, ""minQ"": 100, ""qr"": 1.3}, ""s"": null, ""side"": 3, ""slp"": {""m"": 0, ""pp"": null, ""tp"": null}, ""slt"": false, ""so"": -3, ""tr"": {""mdTr"": 0, ""minToTr"": 0, ""tr"": 0}, ""tsl"": -175, ""tslinc"": 0, ""ttp"": 100, ""ttpinc"": 100, ""ul"": null}",3
2026-06-10T12:58:27+00:00,5617871752,WLD,,,3,0.8,,40,,,0,0,0,0.69,,100,0,,False,"{""border"": {""bottom"": null, ""from"": 0.5245, ""to"": 0.4939, ""top"": null}, ""cf"": 0.00035, ""dsblin"": false, ""dsblinbap"": false, ""dsblinbtr"": false, ""gap"": {""isg"": 0, ""maxS"": 0, ""minS"": 0, ""tog"": 0.69}, ""gs"": 0.8, ""gsr"": null, ""hedge"": false, ""ioo"": 0.15, ""leverage"": 0, ""lsl"": null, ""maxOp"": 40, ""maxOpL"": null, ""maxOpS"": null, ""obap"": false, ""p"": true, ""q"": {""maxQ"": 300, ""minQ"": 100, ""qr"": 1.3}, ""s"": null, ""side"": 3, ""slp"": {""m"": 0, ""pp"": null, ""tp"": null}, ""slt"": false, ""so"": -3, ""tr"": {""mdTr"": 0, ""minToTr"": 0, ""tr"": 0}, ""tsl"": -175, ""tslinc"": 0, ""ttp"": 100, ""ttpinc"": 100, ""ul"": null}",3
2026-06-10T13:02:28+00:00,5617871752,WLD,,,3,0.8,,40,,,0,0,0,0.69,,100,0,,False,"{""border"": {""bottom"": null, ""from"": 0.5237, ""to"": 0.4932, ""top"": null}, ""cf"": 0.00035, ""dsblin"": false, ""dsblinbap"": false, ""dsblinbtr"": false, ""gap"": {""isg"": 0, ""maxS"": 0, ""minS"": 0, ""tog"": 0.69}, ""gs"": 0.8, ""gsr"": null, ""hedge"": false, ""ioo"": 0.15, ""leverage"": 0, ""lsl"": null, ""maxOp"": 40, ""maxOpL"": null, ""maxOpS"": null, ""obap"": false, ""p"": true, ""q"": {""maxQ"": 300, ""minQ"": 100, ""qr"": 1.3}, ""s"": null, ""side"": 3, ""slp"": {""m"": 0, ""pp"": null, ""tp"": null}, ""slt"": false, ""so"": -3, ""tr"": {""mdTr"": 0, ""minToTr"": 0, ""tr"": 0}, ""tsl"": -175, ""tslinc"": 0, ""ttp"": 100, ""ttpinc"": 100, ""ul"": null}",3
2026-06-10T13:03:28+00:00,5693279219,SOL,,,3,0.6,,40,,,0,0,0,0.59,,100,0,,False,"{""border"": {""bottom"": null, ""from"": 66.19, ""to"": 62.34, ""top"": null}, ""cf"": 0.00035, ""dsblin"": false, ""dsblinbap"": false, ""dsblinbtr"": false, ""gap"": {""isg"": 0, ""maxS"": 0, ""minS"": 0, ""tog"": 0.59}, ""gs"": 0.6, ""gsr"": null, ""hedge"": false, ""ioo"": 0.15, ""leverage"": 0, ""lsl"": null, ""maxOp"": 40, ""maxOpL"": null, ""maxOpS"": null, ""obap"": false, ""p"": true, ""q"": {""maxQ"": 12, ""minQ"": 3, ""qr"": 1.3}, ""s"": null, ""side"": 3, ""slp"": {""m"": 0, ""pp"": null, ""tp"": null}, ""slt"": false, ""so"": -3, ""tr"": {""mdTr"": 0, ""minToTr"": 0, ""tr"": 0}, ""tsl"": -175, ""tslinc"": 0, ""ttp"": 100, ""ttpinc"": 0, ""ul"": null}",3
2026-06-10T13:16:29+00:00,5617871752,WLD,,,3,0.8,,40,,,0,0,0,0.69,,100,0,,False,"{""border"": {""bottom"": null, ""from"": 0.5245, ""to"": 0.4939, ""top"": null}, ""cf"": 0.00035, ""dsblin"": false, ""dsblinbap"": false, ""dsblinbtr"": false, ""gap"": {""isg"": 0, ""maxS"": 0, ""minS"": 0, ""tog"": 0.69}, ""gs"": 0.8, ""gsr"": null, ""hedge"": false, ""ioo"": 0.15, ""leverage"": 0, ""lsl"": null, ""maxOp"": 40, ""maxOpL"": null, ""maxOpS"": null, ""obap"": false, ""p"": true, ""q"": {""maxQ"": 300, ""minQ"": 100, ""qr"": 1.3}, ""s"": null, ""side"": 3, ""slp"": {""m"": 0, ""pp"": null, ""tp"": null}, ""slt"": false, ""so"": -3, ""tr"": {""mdTr"": 0, ""minToTr"": 0, ""tr"": 0}, ""tsl"": -175, ""tslinc"": 0, ""ttp"": 100, ""ttpinc"": 100, ""ul"": null}",3
2026-06-10T13:30:31+00:00,5693279219,SOL,,,3,0.6,,40,,,0,0,0,0.59,,100,0,,False,"{""border"": {""bottom"": null, ""from"": 66.29, ""to"": 62.43, ""top"": null}, ""cf"": 0.00035, ""dsblin"": false, ""dsblinbap"": false, ""dsblinbtr"": false, ""gap"": {""isg"": 0, ""maxS"": 0, ""minS"": 0, ""tog"": 0.59}, ""gs"": 0.6, ""gsr"": null, ""hedge"": false, ""ioo"": 0.15, ""leverage"": 0, ""lsl"": null, ""maxOp"": 40, ""maxOpL"": null, ""maxOpS"": null, ""obap"": false, ""p"": true, ""q"": {""maxQ"": 12, ""minQ"": 3, ""qr"": 1.3}, ""s"": null, ""side"": 3, ""slp"": {""m"": 0, ""pp"": null, ""tp"": null}, ""slt"": false, ""so"": -3, ""tr"": {""mdTr"": 0, ""minToTr"": 0, ""tr"": 0}, ""tsl"": -175, ""tslinc"": 0, ""ttp"": 100, ""ttpinc"": 0, ""ul"": null}",3
2026-06-10T13:31:31+00:00,5693279219,SOL,,,3,0.6,,40,,,0,0,0,0.59,,100,0,,False,"{""border"": {""bottom"": null, ""from"": 66.19, ""to"": 62.34, ""top"": null}, ""cf"": 0.00035, ""dsblin"": false, ""dsblinbap"": false, ""dsblinbtr"": false, ""gap"": {""isg"": 0, ""maxS"": 0, ""minS"": 0, ""tog"": 0.59}, ""gs"": 0.6, ""gsr"": null, ""hedge"": false, ""ioo"": 0.15, ""leverage"": 0, ""lsl"": null, ""maxOp"": 40, ""maxOpL"": null, ""maxOpS"": null, ""obap"": false, ""p"": true, ""q"": {""maxQ"": 12, ""minQ"": 3, ""qr"": 1.3}, ""s"": null, ""side"": 3, ""slp"": {""m"": 0, ""pp"": null, ""tp"": null}, ""slt"": false, ""so"": -3, ""tr"": {""mdTr"": 0, ""minToTr"": 0, ""tr"": 0}, ""tsl"": -175, ""tslinc"": 0, ""ttp"": 100, ""ttpinc"": 0, ""ul"": null}",3
2026-06-10T13:36:31+00:00,5693279219,SOL,,,3,0.6,,40,,,0,0,0,0.59,,100,0,,False,"{""border"": {""bottom"": null, ""from"": 66.29, ""to"": 62.43, ""top"": null}, ""cf"": 0.00035, ""dsblin"": false, ""dsblinbap"": false, ""dsblinbtr"": false, ""gap"": {""isg"": 0, ""maxS"": 0, ""minS"": 0, ""tog"": 0.59}, ""gs"": 0.6, ""gsr"": null, ""hedge"": false, ""ioo"": 0.15, ""leverage"": 0, ""lsl"": null, ""maxOp"": 40, ""maxOpL"": null, ""maxOpS"": null, ""obap"": false, ""p"": true, ""q"": {""maxQ"": 12, ""minQ"": 3, ""qr"": 1.3}, ""s"": null, ""side"": 3, ""slp"": {""m"": 0, ""pp"": null, ""tp"": null}, ""slt"": false, ""so"": -3, ""tr"": {""mdTr"": 0, ""minToTr"": 0, ""tr"": 0}, ""tsl"": -175, ""tslinc"": 0, ""ttp"": 100, ""ttpinc"": 0, ""ul"": null}",3
2026-06-10T13:37:32+00:00,5693279219,SOL,,,3,0.6,,40,,,0,0,0,0.59,,100,0,,False,"{""border"": {""bottom"": null, ""from"": 66.19, ""to"": 62.34, ""top"": null}, ""cf"": 0.00035, ""dsblin"": false, ""dsblinbap"": false, ""dsblinbtr"": false, ""gap"": {""isg"": 0, ""maxS"": 0, ""minS"": 0, ""tog"": 0.59}, ""gs"": 0.6, ""gsr"": null, ""hedge"": false, ""ioo"": 0.15, ""leverage"": 0, ""lsl"": null, ""maxOp"": 40, ""maxOpL"": null, ""maxOpS"": null, ""obap"": false, ""p"": true, ""q"": {""maxQ"": 12, ""minQ"": 3, ""qr"": 1.3}, ""s"": null, ""side"": 3, ""slp"": {""m"": 0, ""pp"": null, ""tp"": null}, ""slt"": false, ""so"": -3, ""tr"": {""mdTr"": 0, ""minToTr"": 0, ""tr"": 0}, ""tsl"": -175, ""tslinc"": 0, ""ttp"": 100, ""ttpinc"": 0, ""ul"": null}",3
2026-06-10T13:40:32+00:00,4306550166,XRP,,,3,0.5,,50,,,0,0,0,0.59,,100,0,,False,"{""border"": {""bottom"": null, ""from"": 1.1375, ""to"": 1.0712, ""top"": null}, ""cf"": 0.00035, ""dsblin"": false, ""dsblinbap"": false, ""dsblinbtr"": false, ""gap"": {""isg"": 0, ""maxS"": 0, ""minS"": 0, ""tog"": 0.59}, ""gs"": 0.5, ""gsr"": null, ""hedge"": false, ""ioo"": 0.15, ""leverage"": 0, ""lsl"": null, ""maxOp"": 50, ""maxOpL"": null, ""maxOpS"": null, ""obap"": false, ""p"": true, ""q"": {""maxQ"": 500, ""minQ"": 50, ""qr"": 1.4}, ""s"": null, ""side"": 3, ""slp"": {""m"": 0, ""pp"": null, ""tp"": null}, ""slt"": false, ""so"": -3, ""tr"": {""mdTr"": 0, ""minToTr"": 0, ""tr"": 0}, ""tsl"": -175, ""tslinc"": 0, ""ttp"": 100, ""ttpinc"": 0, ""ul"": null}",3
2026-06-10T13:41:32+00:00,4306550166,XRP,,,3,0.5,,50,,,0,0,0,0.59,,100,0,,False,"{""border"": {""bottom"": null, ""from"": 1.1358, ""to"": 1.0696, ""top"": null}, ""cf"": 0.00035, ""dsblin"": false, ""dsblinbap"": false, ""dsblinbtr"": false, ""gap"": {""isg"": 0, ""maxS"": 0, ""minS"": 0, ""tog"": 0.59}, ""gs"": 0.5, ""gsr"": null, ""hedge"": false, ""ioo"": 0.15, ""leverage"": 0, ""lsl"": null, ""maxOp"": 50, ""maxOpL"": null, ""maxOpS"": null, ""obap"": false, ""p"": true, ""q"": {""maxQ"": 500, ""minQ"": 50, ""qr"": 1.4}, ""s"": null, ""side"": 3, ""slp"": {""m"": 0, ""pp"": null, ""tp"": null}, ""slt"": false, ""so"": -3, ""tr"": {""mdTr"": 0, ""minToTr"": 0, ""tr"": 0}, ""tsl"": -175, ""tslinc"": 0, ""ttp"": 100, ""ttpinc"": 0, ""ul"": null}",3
2026-06-10T13:44:32+00:00,5693279219,SOL,,,3,0.6,,40,,,0,0,0,0.59,,100,0,,False,"{""border"": {""bottom"": null, ""from"": 66.29, ""to"": 62.43, ""top"": null}, ""cf"": 0.00035, ""dsblin"": false, ""dsblinbap"": false, ""dsblinbtr"": false, ""gap"": {""isg"": 0, ""maxS"": 0, ""minS"": 0, ""tog"": 0.59}, ""gs"": 0.6, ""gsr"": null, ""hedge"": false, ""ioo"": 0.15, ""leverage"": 0, ""lsl"": null, ""maxOp"": 40, ""maxOpL"": null, ""maxOpS"": null, ""obap"": false, ""p"": true, ""q"": {""maxQ"": 12, ""minQ"": 3, ""qr"": 1.3}, ""s"": null, ""side"": 3, ""slp"": {""m"": 0, ""pp"": null, ""tp"": null}, ""slt"": false, ""so"": -3, ""tr"": {""mdTr"": 0, ""minToTr"": 0, ""tr"": 0}, ""tsl"": -175, ""tslinc"": 0, ""ttp"": 100, ""ttpinc"": 0, ""ul"": null}",3
2026-06-10T13:45:32+00:00,5693279219,SOL,,,3,0.6,,40,,,0,0,0,0.59,,100,0,,False,"{""border"": {""bottom"": null, ""from"": 66.19, ""to"": 62.34, ""top"": null}, ""cf"": 0.00035, ""dsblin"": false, ""dsblinbap"": false, ""dsblinbtr"": false, ""gap"": {""isg"": 0, ""maxS"": 0, ""minS"": 0, ""tog"": 0.59}, ""gs"": 0.6, ""gsr"": null, ""hedge"": false, ""ioo"": 0.15, ""leverage"": 0, ""lsl"": null, ""maxOp"": 40, ""maxOpL"": null, ""maxOpS"": null, ""obap"": false, ""p"": true, ""q"": {""maxQ"": 12, ""minQ"": 3, ""qr"": 1.3}, ""s"": null, ""side"": 3, ""slp"": {""m"": 0, ""pp"": null, ""tp"": null}, ""slt"": false, ""so"": -3, ""tr"": {""mdTr"": 0, ""minToTr"": 0, ""tr"": 0}, ""tsl"": -175, ""tslinc"": 0, ""ttp"": 100, ""ttpinc"": 0, ""ul"": null}",3
2026-06-10T13:45:32+00:00,4306550166,XRP,,,3,0.5,,50,,,0,0,0,0.59,,100,0,,False,"{""border"": {""bottom"": null, ""from"": 1.1375, ""to"": 1.0712, ""top"": null}, ""cf"": 0.00035, ""dsblin"": false, ""dsblinbap"": false, ""dsblinbtr"": false, ""gap"": {""isg"": 0, ""maxS"": 0, ""minS"": 0, ""tog"": 0.59}, ""gs"": 0.5, ""gsr"": null, ""hedge"": false, ""ioo"": 0.15, ""leverage"": 0, ""lsl"": null, ""maxOp"": 50, ""maxOpL"": null, ""maxOpS"": null, ""obap"": false, ""p"": true, ""q"": {""maxQ"": 500, ""minQ"": 50, ""qr"": 1.4}, ""s"": null, ""side"": 3, ""slp"": {""m"": 0, ""pp"": null, ""tp"": null}, ""slt"": false, ""so"": -3, ""tr"": {""mdTr"": 0, ""minToTr"": 0, ""tr"": 0}, ""tsl"": -175, ""tslinc"": 0, ""ttp"": 100, ""ttpinc"": 0, ""ul"": null}",3
2026-06-10T13:50:33+00:00,5617871752,WLD,,,3,0.8,,40,,,0,0,0,0.69,,100,0,,False,"{""border"": {""bottom"": null, ""from"": 0.5237, ""to"": 0.4932, ""top"": null}, ""cf"": 0.00035, ""dsblin"": false, ""dsblinbap"": false, ""dsblinbtr"": false, ""gap"": {""isg"": 0, ""maxS"": 0, ""minS"": 0, ""tog"": 0.69}, ""gs"": 0.8, ""gsr"": null, ""hedge"": false, ""ioo"": 0.15, ""leverage"": 0, ""lsl"": null, ""maxOp"": 40, ""maxOpL"": null, ""maxOpS"": null, ""obap"": false, ""p"": true, ""q"": {""maxQ"": 300, ""minQ"": 100, ""qr"": 1.3}, ""s"": null, ""side"": 3, ""slp"": {""m"": 0, ""pp"": null, ""tp"": null}, ""slt"": false, ""so"": -3, ""tr"": {""mdTr"": 0, ""minToTr"": 0, ""tr"": 0}, ""tsl"": -175, ""tslinc"": 0, ""ttp"": 100, ""ttpinc"": 100, ""ul"": null}",3
2026-06-10T13:57:33+00:00,5617871752,WLD,,,3,0.8,,40,,,0,0,0,0.69,,100,0,,False,"{""border"": {""bottom"": null, ""from"": 0.5229, ""to"": 0.4925, ""top"": null}, ""cf"": 0.00035, ""dsblin"": false, ""dsblinbap"": false, ""dsblinbtr"": false, ""gap"": {""isg"": 0, ""maxS"": 0, ""minS"": 0, ""tog"": 0.69}, ""gs"": 0.8, ""gsr"": null, ""hedge"": false, ""ioo"": 0.15, ""leverage"": 0, ""lsl"": null, ""maxOp"": 40, ""maxOpL"": null, ""maxOpS"": null, ""obap"": false, ""p"": true, ""q"": {""maxQ"": 300, ""minQ"": 100, ""qr"": 1.3}, ""s"": null, ""side"": 3, ""slp"": {""m"": 0, ""pp"": null, ""tp"": null}, ""slt"": false, ""so"": -3, ""tr"": {""mdTr"": 0, ""minToTr"": 0, ""tr"": 0}, ""tsl"": -175, ""tslinc"": 0, ""ttp"": 100, ""ttpinc"": 100, ""ul"": null}",3
2026-06-10T14:02:34+00:00,5617871752,WLD,,,3,0.8,,40,,,0,0,0,0.69,,100,0,,False,"{""border"": {""bottom"": null, ""from"": 0.5221, ""to"": 0.4918, ""top"": null}, ""cf"": 0.00035, ""dsblin"": false, ""dsblinbap"": false, ""dsblinbtr"": false, ""gap"": {""isg"": 0, ""maxS"": 0, ""minS"": 0, ""tog"": 0.69}, ""gs"": 0.8, ""gsr"": null, ""hedge"": false, ""ioo"": 0.15, ""leverage"": 0, ""lsl"": null, ""maxOp"": 40, ""maxOpL"": null, ""maxOpS"": null, ""obap"": false, ""p"": true, ""q"": {""maxQ"": 300, ""minQ"": 100, ""qr"": 1.3}, ""s"": null, ""side"": 3, ""slp"": {""m"": 0, ""pp"": null, ""tp"": null}, ""slt"": false, ""so"": -3, ""tr"": {""mdTr"": 0, ""minToTr"": 0, ""tr"": 0}, ""tsl"": -175, ""tslinc"": 0, ""ttp"": 100, ""ttpinc"": 100, ""ul"": null}",3
2026-06-10T14:02:34+00:00,4306550166,XRP,,,3,0.5,,50,,,0,0,0,0.59,,100,0,,False,"{""border"": {""bottom"": null, ""from"": 1.1358, ""to"": 1.0696, ""top"": null}, ""cf"": 0.00035, ""dsblin"": false, ""dsblinbap"": false, ""dsblinbtr"": false, ""gap"": {""isg"": 0, ""maxS"": 0, ""minS"": 0, ""tog"": 0.59}, ""gs"": 0.5, ""gsr"": null, ""hedge"": false, ""ioo"": 0.15, ""leverage"": 0, ""lsl"": null, ""maxOp"": 50, ""maxOpL"": null, ""maxOpS"": null, ""obap"": false, ""p"": true, ""q"": {""maxQ"": 500, ""minQ"": 50, ""qr"": 1.4}, ""s"": null, ""side"": 3, ""slp"": {""m"": 0, ""pp"": null, ""tp"": null}, ""slt"": false, ""so"": -3, ""tr"": {""mdTr"": 0, ""minToTr"": 0, ""tr"": 0}, ""tsl"": -175, ""tslinc"": 0, ""ttp"": 100, ""ttpinc"": 0, ""ul"": null}",3
2026-06-10T14:11:35+00:00,5617871752,WLD,,,3,0.8,,40,,,0,0,0,0.69,,100,0,,False,"{""border"": {""bottom"": null, ""from"": 0.5213, ""to"": 0.4911, ""top"": null}, ""cf"": 0.00035, ""dsblin"": false, ""dsblinbap"": false, ""dsblinbtr"": false, ""gap"": {""isg"": 0, ""maxS"": 0, ""minS"": 0, ""tog"": 0.69}, ""gs"": 0.8, ""gsr"": null, ""hedge"": false, ""ioo"": 0.15, ""leverage"": 0, ""lsl"": null, ""maxOp"": 40, ""maxOpL"": null, ""maxOpS"": null, ""obap"": false, ""p"": true, ""q"": {""maxQ"": 300, ""minQ"": 100, ""qr"": 1.3}, ""s"": null, ""side"": 3, ""slp"": {""m"": 0, ""pp"": null, ""tp"": null}, ""slt"": false, ""so"": -3, ""tr"": {""mdTr"": 0, ""minToTr"": 0, ""tr"": 0}, ""tsl"": -175, ""tslinc"": 0, ""ttp"": 100, ""ttpinc"": 100, ""ul"": null}",3
2026-06-10T14:18:35+00:00,5617871752,WLD,,,3,0.8,,40,,,0,0,0,0.69,,100,0,,False,"{""border"": {""bottom"": null, ""from"": 0.5205, ""to"": 0.4904, ""top"": null}, ""cf"": 0.00035, ""dsblin"": false, ""dsblinbap"": false, ""dsblinbtr"": false, ""gap"": {""isg"": 0, ""maxS"": 0, ""minS"": 0, ""tog"": 0.69}, ""gs"": 0.8, ""gsr"": null, ""hedge"": false, ""ioo"": 0.15, ""leverage"": 0, ""lsl"": null, ""maxOp"": 40, ""maxOpL"": null, ""maxOpS"": null, ""obap"": false, ""p"": true, ""q"": {""maxQ"": 300, ""minQ"": 100, ""qr"": 1.3}, ""s"": null, ""side"": 3, ""slp"": {""m"": 0, ""pp"": null, ""tp"": null}, ""slt"": false, ""so"": -3, ""tr"": {""mdTr"": 0, ""minToTr"": 0, ""tr"": 0}, ""tsl"": -175, ""tslinc"": 0, ""ttp"": 100, ""ttpinc"": 100, ""ul"": null}",3
2026-06-10T14:21:37+00:00,5693279219,SOL,,,3,0.6,,40,,,0,0,0,0.59,,100,0,,False,"{""border"": {""bottom"": null, ""from"": 66.09, ""to"": 62.25, ""top"": null}, ""cf"": 0.00035, ""dsblin"": false, ""dsblinbap"": false, ""dsblinbtr"": false, ""gap"": {""isg"": 0, ""maxS"": 0, ""minS"": 0, ""tog"": 0.59}, ""gs"": 0.6, ""gsr"": null, ""hedge"": false, ""ioo"": 0.15, ""leverage"": 0, ""lsl"": null, ""maxOp"": 40, ""maxOpL"": null, ""maxOpS"": null, ""obap"": false, ""p"": true, ""q"": {""maxQ"": 12, ""minQ"": 3, ""qr"": 1.3}, ""s"": null, ""side"": 3, ""slp"": {""m"": 0, ""pp"": null, ""tp"": null}, ""slt"": false, ""so"": -3, ""tr"": {""mdTr"": 0, ""minToTr"": 0, ""tr"": 0}, ""tsl"": -175, ""tslinc"": 0, ""ttp"": 100, ""ttpinc"": 0, ""ul"": null}",3
2026-06-10T14:21:37+00:00,4306550166,XRP,,,3,0.5,,50,,,0,0,0,0.59,,100,0,,False,"{""border"": {""bottom"": null, ""from"": 1.1341, ""to"": 1.068, ""top"": null}, ""cf"": 0.00035, ""dsblin"": false, ""dsblinbap"": false, ""dsblinbtr"": false, ""gap"": {""isg"": 0, ""maxS"": 0, ""minS"": 0, ""tog"": 0.59}, ""gs"": 0.5, ""gsr"": null, ""hedge"": false, ""ioo"": 0.15, ""leverage"": 0, ""lsl"": null, ""maxOp"": 50, ""maxOpL"": null, ""maxOpS"": null, ""obap"": false, ""p"": true, ""q"": {""maxQ"": 500, ""minQ"": 50, ""qr"": 1.4}, ""s"": null, ""side"": 3, ""slp"": {""m"": 0, ""pp"": null, ""tp"": null}, ""slt"": false, ""so"": -3, ""tr"": {""mdTr"": 0, ""minToTr"": 0, ""tr"": 0}, ""tsl"": -175, ""tslinc"": 0, ""ttp"": 100, ""ttpinc"": 0, ""ul"": null}",3
2026-06-10T14:32:37+00:00,5693279219,SOL,,,3,0.6,,40,,,0,0,0,0.59,,100,0,,False,"{""border"": {""bottom"": null, ""from"": 65.99, ""to"": 62.16, ""top"": null}, ""cf"": 0.00035, ""dsblin"": false, ""dsblinbap"": false, ""dsblinbtr"": false, ""gap"": {""isg"": 0, ""maxS"": 0, ""minS"": 0, ""tog"": 0.59}, ""gs"": 0.6, ""gsr"": null, ""hedge"": false, ""ioo"": 0.15, ""leverage"": 0, ""lsl"": null, ""maxOp"": 40, ""maxOpL"": null, ""maxOpS"": null, ""obap"": false, ""p"": true, ""q"": {""maxQ"": 12, ""minQ"": 3, ""qr"": 1.3}, ""s"": null, ""side"": 3, ""slp"": {""m"": 0, ""pp"": null, ""tp"": null}, ""slt"": false, ""so"": -3, ""tr"": {""mdTr"": 0, ""minToTr"": 0, ""tr"": 0}, ""tsl"": -175, ""tslinc"": 0, ""ttp"": 100, ""ttpinc"": 0, ""ul"": null}",3
2026-06-10T14:45:38+00:00,5617871752,WLD,,,3,0.8,,40,,,0,0,0,0.69,,100,0,,False,"{""border"": {""bottom"": null, ""from"": 0.5197, ""to"": 0.4897, ""top"": null}, ""cf"": 0.00035, ""dsblin"": false, ""dsblinbap"": false, ""dsblinbtr"": false, ""gap"": {""isg"": 0, ""maxS"": 0, ""minS"": 0, ""tog"": 0.69}, ""gs"": 0.8, ""gsr"": null, ""hedge"": false, ""ioo"": 0.15, ""leverage"": 0, ""lsl"": null, ""maxOp"": 40, ""maxOpL"": null, ""maxOpS"": null, ""obap"": false, ""p"": true, ""q"": {""maxQ"": 300, ""minQ"": 100, ""qr"": 1.3}, ""s"": null, ""side"": 3, ""slp"": {""m"": 0, ""pp"": null, ""tp"": null}, ""slt"": false, ""so"": -3, ""tr"": {""mdTr"": 0, ""minToTr"": 0, ""tr"": 0}, ""tsl"": -175, ""tslinc"": 0, ""ttp"": 100, ""ttpinc"": 100, ""ul"": null}",3
2026-06-10T14:50:39+00:00,5693279219,SOL,,,3,0.7,,40,,,0,0,0,0.59,,100,0,,False,"{""border"": {""bottom"": null, ""from"": 66.65, ""to"": 62.77, ""top"": null}, ""cf"": 0.00035, ""dsblin"": false, ""dsblinbap"": false, ""dsblinbtr"": false, ""gap"": {""isg"": 0, ""maxS"": 0, ""minS"": 0, ""tog"": 0.59}, ""gs"": 0.7, ""gsr"": null, ""hedge"": false, ""ioo"": 0.15, ""leverage"": 0, ""lsl"": null, ""maxOp"": 40, ""maxOpL"": null, ""maxOpS"": null, ""obap"": false, ""p"": true, ""q"": {""maxQ"": 12, ""minQ"": 3, ""qr"": 1.3}, ""s"": null, ""side"": 3, ""slp"": {""m"": 0, ""pp"": null, ""tp"": null}, ""slt"": false, ""so"": -3, ""tr"": {""mdTr"": 0, ""minToTr"": 0, ""tr"": 0}, ""tsl"": -175, ""tslinc"": 0, ""ttp"": 100, ""ttpinc"": 0, ""ul"": null}",3
2026-06-10T15:00:39+00:00,5617871752,WLD,,,3,0.8,,40,,,0,0,0,0.69,,100,0,,False,"{""border"": {""bottom"": null, ""from"": 0.5205, ""to"": 0.4904, ""top"": null}, ""cf"": 0.00035, ""dsblin"": false, ""dsblinbap"": false, ""dsblinbtr"": false, ""gap"": {""isg"": 0, ""maxS"": 0, ""minS"": 0, ""tog"": 0.69}, ""gs"": 0.8, ""gsr"": null, ""hedge"": false, ""ioo"": 0.15, ""leverage"": 0, ""lsl"": null, ""maxOp"": 40, ""maxOpL"": null, ""maxOpS"": null, ""obap"": false, ""p"": true, ""q"": {""maxQ"": 300, ""minQ"": 100, ""qr"": 1.3}, ""s"": null, ""side"": 3, ""slp"": {""m"": 0, ""pp"": null, ""tp"": null}, ""slt"": false, ""so"": -3, ""tr"": {""mdTr"": 0, ""minToTr"": 0, ""tr"": 0}, ""tsl"": -175, ""tslinc"": 0, ""ttp"": 100, ""ttpinc"": 100, ""ul"": null}",3
2026-06-10T15:03:39+00:00,5617871752,WLD,,,3,0.8,,40,,,0,0,0,0.69,,100,0,,False,"{""border"": {""bottom"": null, ""from"": 0.5213, ""to"": 0.4911, ""top"": null}, ""cf"": 0.00035, ""dsblin"": false, ""dsblinbap"": false, ""dsblinbtr"": false, ""gap"": {""isg"": 0, ""maxS"": 0, ""minS"": 0, ""tog"": 0.69}, ""gs"": 0.8, ""gsr"": null, ""hedge"": false, ""ioo"": 0.15, ""leverage"": 0, ""lsl"": null, ""maxOp"": 40, ""maxOpL"": null, ""maxOpS"": null, ""obap"": false, ""p"": true, ""q"": {""maxQ"": 300, ""minQ"": 100, ""qr"": 1.3}, ""s"": null, ""side"": 3, ""slp"": {""m"": 0, ""pp"": null, ""tp"": null}, ""slt"": false, ""so"": -3, ""tr"": {""mdTr"": 0, ""minToTr"": 0, ""tr"": 0}, ""tsl"": -175, ""tslinc"": 0, ""ttp"": 100, ""ttpinc"": 100, ""ul"": null}",3
2026-06-10T15:04:39+00:00,5693279219,SOL,,,3,0.8,,40,,,0,0,0,0.59,,100,0,,False,"{""border"": {""bottom"": null, ""from"": 66.98, ""to"": 63.08, ""top"": null}, ""cf"": 0.00035, ""dsblin"": false, ""dsblinbap"": false, ""dsblinbtr"": false, ""gap"": {""isg"": 0, ""maxS"": 0, ""minS"": 0, ""tog"": 0.59}, ""gs"": 0.8, ""gsr"": null, ""hedge"": false, ""ioo"": 0.15, ""leverage"": 0, ""lsl"": null, ""maxOp"": 40, ""maxOpL"": null, ""maxOpS"": null, ""obap"": false, ""p"": true, ""q"": {""maxQ"": 12, ""minQ"": 3, ""qr"": 1.3}, ""s"": null, ""side"": 3, ""slp"": {""m"": 0, ""pp"": null, ""tp"": null}, ""slt"": false, ""so"": -3, ""tr"": {""mdTr"": 0, ""minToTr"": 0, ""tr"": 0}, ""tsl"": -175, ""tslinc"": 0, ""ttp"": 100, ""ttpinc"": 0, ""ul"": null}",3
2026-06-10T15:05:39+00:00,5617871752,WLD,,,3,0.8,,40,,,0,0,0,0.69,,100,0,,False,"{""border"": {""bottom"": null, ""from"": 0.5205, ""to"": 0.4904, ""top"": null}, ""cf"": 0.00035, ""dsblin"": false, ""dsblinbap"": false, ""dsblinbtr"": false, ""gap"": {""isg"": 0, ""maxS"": 0, ""minS"": 0, ""tog"": 0.69}, ""gs"": 0.8, ""gsr"": null, ""hedge"": false, ""ioo"": 0.15, ""leverage"": 0, ""lsl"": null, ""maxOp"": 40, ""maxOpL"": null, ""maxOpS"": null, ""obap"": false, ""p"": true, ""q"": {""maxQ"": 300, ""minQ"": 100, ""qr"": 1.3}, ""s"": null, ""side"": 3, ""slp"": {""m"": 0, ""pp"": null, ""tp"": null}, ""slt"": false, ""so"": -3, ""tr"": {""mdTr"": 0, ""minToTr"": 0, ""tr"": 0}, ""tsl"": -175, ""tslinc"": 0, ""ttp"": 100, ""ttpinc"": 100, ""ul"": null}",3
2026-06-10T15:06:40+00:00,4306550166,XRP,,,3,0.5,,50,,,0,0,0,0.59,,100,0,,False,"{""border"": {""bottom"": null, ""from"": 1.1324, ""to"": 1.0664, ""top"": null}, ""cf"": 0.00035, ""dsblin"": false, ""dsblinbap"": false, ""dsblinbtr"": false, ""gap"": {""isg"": 0, ""maxS"": 0, ""minS"": 0, ""tog"": 0.59}, ""gs"": 0.5, ""gsr"": null, ""hedge"": false, ""ioo"": 0.15, ""leverage"": 0, ""lsl"": null, ""maxOp"": 50, ""maxOpL"": null, ""maxOpS"": null, ""obap"": false, ""p"": true, ""q"": {""maxQ"": 500, ""minQ"": 50, ""qr"": 1.4}, ""s"": null, ""side"": 3, ""slp"": {""m"": 0, ""pp"": null, ""tp"": null}, ""slt"": false, ""so"": -3, ""tr"": {""mdTr"": 0, ""minToTr"": 0, ""tr"": 0}, ""tsl"": -175, ""tslinc"": 0, ""ttp"": 100, ""ttpinc"": 0, ""ul"": null}",3
2026-06-10T15:09:40+00:00,5617871752,WLD,,,3,0.8,,40,,,0,0,0,0.69,,100,0,,False,"{""border"": {""bottom"": null, ""from"": 0.5197, ""to"": 0.4897, ""top"": null}, ""cf"": 0.00035, ""dsblin"": false, ""dsblinbap"": false, ""dsblinbtr"": false, ""gap"": {""isg"": 0, ""maxS"": 0, ""minS"": 0, ""tog"": 0.69}, ""gs"": 0.8, ""gsr"": null, ""hedge"": false, ""ioo"": 0.15, ""leverage"": 0, ""lsl"": null, ""maxOp"": 40, ""maxOpL"": null, ""maxOpS"": null, ""obap"": false, ""p"": true, ""q"": {""maxQ"": 300, ""minQ"": 100, ""qr"": 1.3}, ""s"": null, ""side"": 3, ""slp"": {""m"": 0, ""pp"": null, ""tp"": null}, ""slt"": false, ""so"": -3, ""tr"": {""mdTr"": 0, ""minToTr"": 0, ""tr"": 0}, ""tsl"": -175, ""tslinc"": 0, ""ttp"": 100, ""ttpinc"": 100, ""ul"": null}",3
2026-06-10T15:11:40+00:00,5693279219,SOL,,,3,0.8,,40,,,0,0,0,0.59,,100,0,,False,"{""border"": {""bottom"": null, ""from"": 66.88, ""to"": 62.99, ""top"": null}, ""cf"": 0.00035, ""dsblin"": false, ""dsblinbap"": false, ""dsblinbtr"": false, ""gap"": {""isg"": 0, ""maxS"": 0, ""minS"": 0, ""tog"": 0.59}, ""gs"": 0.8, ""gsr"": null, ""hedge"": false, ""ioo"": 0.15, ""leverage"": 0, ""lsl"": null, ""maxOp"": 40, ""maxOpL"": null, ""maxOpS"": null, ""obap"": false, ""p"": true, ""q"": {""maxQ"": 12, ""minQ"": 3, ""qr"": 1.3}, ""s"": null, ""side"": 3, ""slp"": {""m"": 0, ""pp"": null, ""tp"": null}, ""slt"": false, ""so"": -3, ""tr"": {""mdTr"": 0, ""minToTr"": 0, ""tr"": 0}, ""tsl"": -175, ""tslinc"": 0, ""ttp"": 100, ""ttpinc"": 0, ""ul"": null}",3
2026-06-10T15:20:42+00:00,5617871752,WLD,,,3,0.8,,40,,,0,0,0,0.69,,100,0,,False,"{""border"": {""bottom"": null, ""from"": 0.5205, ""to"": 0.4904, ""top"": null}, ""cf"": 0.00035, ""dsblin"": false, ""dsblinbap"": false, ""dsblinbtr"": false, ""gap"": {""isg"": 0, ""maxS"": 0, ""minS"": 0, ""tog"": 0.69}, ""gs"": 0.8, ""gsr"": null, ""hedge"": false, ""ioo"": 0.15, ""leverage"": 0, ""lsl"": null, ""maxOp"": 40, ""maxOpL"": null, ""maxOpS"": null, ""obap"": false, ""p"": true, ""q"": {""maxQ"": 300, ""minQ"": 100, ""qr"": 1.3}, ""s"": null, ""side"": 3, ""slp"": {""m"": 0, ""pp"": null, ""tp"": null}, ""slt"": false, ""so"": -3, ""tr"": {""mdTr"": 0, ""minToTr"": 0, ""tr"": 0}, ""tsl"": -175, ""tslinc"": 0, ""ttp"": 100, ""ttpinc"": 100, ""ul"": null}",3
2026-06-10T15:22:43+00:00,5693279219,SOL,,,3,0.8,,40,,,0,0,0,0.59,,100,0,,False,"{""border"": {""bottom"": null, ""from"": 66.98, ""to"": 63.08, ""top"": null}, ""cf"": 0.00035, ""dsblin"": false, ""dsblinbap"": false, ""dsblinbtr"": false, ""gap"": {""isg"": 0, ""maxS"": 0, ""minS"": 0, ""tog"": 0.59}, ""gs"": 0.8, ""gsr"": null, ""hedge"": false, ""ioo"": 0.15, ""leverage"": 0, ""lsl"": null, ""maxOp"": 40, ""maxOpL"": null, ""maxOpS"": null, ""obap"": false, ""p"": true, ""q"": {""maxQ"": 12, ""minQ"": 3, ""qr"": 1.3}, ""s"": null, ""side"": 3, ""slp"": {""m"": 0, ""pp"": null, ""tp"": null}, ""slt"": false, ""so"": -3, ""tr"": {""mdTr"": 0, ""minToTr"": 0, ""tr"": 0}, ""tsl"": -175, ""tslinc"": 0, ""ttp"": 100, ""ttpinc"": 0, ""ul"": null}",3
2026-06-10T15:30:43+00:00,5617871752,WLD,,,3,0.8,,40,,,0,0,0,0.69,,100,0,,False,"{""border"": {""bottom"": null, ""from"": 0.5213, ""to"": 0.4911, ""top"": null}, ""cf"": 0.00035, ""dsblin"": false, ""dsblinbap"": false, ""dsblinbtr"": false, ""gap"": {""isg"": 0, ""maxS"": 0, ""minS"": 0, ""tog"": 0.69}, ""gs"": 0.8, ""gsr"": null, ""hedge"": false, ""ioo"": 0.15, ""leverage"": 0, ""lsl"": null, ""maxOp"": 40, ""maxOpL"": null, ""maxOpS"": null, ""obap"": false, ""p"": true, ""q"": {""maxQ"": 300, ""minQ"": 100, ""qr"": 1.3}, ""s"": null, ""side"": 3, ""slp"": {""m"": 0, ""pp"": null, ""tp"": null}, ""slt"": false, ""so"": -3, ""tr"": {""mdTr"": 0, ""minToTr"": 0, ""tr"": 0}, ""tsl"": -175, ""tslinc"": 0, ""ttp"": 100, ""ttpinc"": 100, ""ul"": null}",3
2026-06-10T15:37:44+00:00,5617871752,WLD,,,3,0.8,,40,,,0,0,0,0.69,,100,0,,False,"{""border"": {""bottom"": null, ""from"": 0.5205, ""to"": 0.4904, ""top"": null}, ""cf"": 0.00035, ""dsblin"": false, ""dsblinbap"": false, ""dsblinbtr"": false, ""gap"": {""isg"": 0, ""maxS"": 0, ""minS"": 0, ""tog"": 0.69}, ""gs"": 0.8, ""gsr"": null, ""hedge"": false, ""ioo"": 0.15, ""leverage"": 0, ""lsl"": null, ""maxOp"": 40, ""maxOpL"": null, ""maxOpS"": null, ""obap"": false, ""p"": true, ""q"": {""maxQ"": 300, ""minQ"": 100, ""qr"": 1.3}, ""s"": null, ""side"": 3, ""slp"": {""m"": 0, ""pp"": null, ""tp"": null}, ""slt"": false, ""so"": -3, ""tr"": {""mdTr"": 0, ""minToTr"": 0, ""tr"": 0}, ""tsl"": -175, ""tslinc"": 0, ""ttp"": 100, ""ttpinc"": 100, ""ul"": null}",3
2026-06-10T15:38:44+00:00,5617871752,WLD,,,3,0.8,,40,,,0,0,0,0.69,,100,0,,False,"{""border"": {""bottom"": null, ""from"": 0.5181, ""to"": 0.4883, ""top"": null}, ""cf"": 0.00035, ""dsblin"": false, ""dsblinbap"": false, ""dsblinbtr"": false, ""gap"": {""isg"": 0, ""maxS"": 0, ""minS"": 0, ""tog"": 0.69}, ""gs"": 0.8, ""gsr"": null, ""hedge"": false, ""ioo"": 0.15, ""leverage"": 0, ""lsl"": null, ""maxOp"": 40, ""maxOpL"": null, ""maxOpS"": null, ""obap"": false, ""p"": true, ""q"": {""maxQ"": 300, ""minQ"": 100, ""qr"": 1.3}, ""s"": null, ""side"": 3, ""slp"": {""m"": 0, ""pp"": null, ""tp"": null}, ""slt"": false, ""so"": -3, ""tr"": {""mdTr"": 0, ""minToTr"": 0, ""tr"": 0}, ""tsl"": -175, ""tslinc"": 0, ""ttp"": 100, ""ttpinc"": 100, ""ul"": null}",3
2026-06-10T15:39:44+00:00,5617871752,WLD,,,3,0.8,,40,,,0,0,0,0.69,,100,0,,False,"{""border"": {""bottom"": null, ""from"": 0.5165, ""to"": 0.4869, ""top"": null}, ""cf"": 0.00035, ""dsblin"": false, ""dsblinbap"": false, ""dsblinbtr"": false, ""gap"": {""isg"": 0, ""maxS"": 0, ""minS"": 0, ""tog"": 0.69}, ""gs"": 0.8, ""gsr"": null, ""hedge"": false, ""ioo"": 0.15, ""leverage"": 0, ""lsl"": null, ""maxOp"": 40, ""maxOpL"": null, ""maxOpS"": null, ""obap"": false, ""p"": true, ""q"": {""maxQ"": 300, ""minQ"": 100, ""qr"": 1.3}, ""s"": null, ""side"": 3, ""slp"": {""m"": 0, ""pp"": null, ""tp"": null}, ""slt"": false, ""so"": -3, ""tr"": {""mdTr"": 0, ""minToTr"": 0, ""tr"": 0}, ""tsl"": -175, ""tslinc"": 0, ""ttp"": 100, ""ttpinc"": 100, ""ul"": null}",3
2026-06-10T15:40:44+00:00,5617871752,WLD,,,3,0.8,,40,,,0,0,0,0.69,,100,0,,False,"{""border"": {""bottom"": null, ""from"": 0.5157, ""to"": 0.4862, ""top"": null}, ""cf"": 0.00035, ""dsblin"": false, ""dsblinbap"": false, ""dsblinbtr"": false, ""gap"": {""isg"": 0, ""maxS"": 0, ""minS"": 0, ""tog"": 0.69}, ""gs"": 0.8, ""gsr"": null, ""hedge"": false, ""ioo"": 0.15, ""leverage"": 0, ""lsl"": null, ""maxOp"": 40, ""maxOpL"": null, ""maxOpS"": null, ""obap"": false, ""p"": true, ""q"": {""maxQ"": 300, ""minQ"": 100, ""qr"": 1.3}, ""s"": null, ""side"": 3, ""slp"": {""m"": 0, ""pp"": null, ""tp"": null}, ""slt"": false, ""so"": -3, ""tr"": {""mdTr"": 0, ""minToTr"": 0, ""tr"": 0}, ""tsl"": -175, ""tslinc"": 0, ""ttp"": 100, ""ttpinc"": 100, ""ul"": null}",3
2026-06-10T15:42:45+00:00,5617871752,WLD,,,3,0.8,,40,,,0,0,0,0.69,,100,0,,False,"{""border"": {""bottom"": null, ""from"": 0.5149, ""to"": 0.4855, ""top"": null}, ""cf"": 0.00035, ""dsblin"": false, ""dsblinbap"": false, ""dsblinbtr"": false, ""gap"": {""isg"": 0, ""maxS"": 0, ""minS"": 0, ""tog"": 0.69}, ""gs"": 0.8, ""gsr"": null, ""hedge"": false, ""ioo"": 0.15, ""leverage"": 0, ""lsl"": null, ""maxOp"": 40, ""maxOpL"": null, ""maxOpS"": null, ""obap"": false, ""p"": true, ""q"": {""maxQ"": 300, ""minQ"": 100, ""qr"": 1.3}, ""s"": null, ""side"": 3, ""slp"": {""m"": 0, ""pp"": null, ""tp"": null}, ""slt"": false, ""so"": -3, ""tr"": {""mdTr"": 0, ""minToTr"": 0, ""tr"": 0}, ""tsl"": -175, ""tslinc"": 0, ""ttp"": 100, ""ttpinc"": 100, ""ul"": null}",3
2026-06-10T15:43:45+00:00,5617871752,WLD,,,3,0.9,,40,,,0,0,0,0.69,,100,0,,False,"{""border"": {""bottom"": null, ""from"": 0.4773, ""to"": 0.4495, ""top"": null}, ""cf"": 0.00035, ""dsblin"": false, ""dsblinbap"": false, ""dsblinbtr"": false, ""gap"": {""isg"": 0, ""maxS"": 0, ""minS"": 0, ""tog"": 0.69}, ""gs"": 0.9, ""gsr"": null, ""hedge"": false, ""ioo"": 0.15, ""leverage"": 0, ""lsl"": null, ""maxOp"": 40, ""maxOpL"": null, ""maxOpS"": null, ""obap"": false, ""p"": true, ""q"": {""maxQ"": 300, ""minQ"": 100, ""qr"": 1.3}, ""s"": null, ""side"": 3, ""slp"": {""m"": 0, ""pp"": null, ""tp"": null}, ""slt"": false, ""so"": -3, ""tr"": {""mdTr"": 0, ""minToTr"": 0, ""tr"": 0}, ""tsl"": -175, ""tslinc"": 0, ""ttp"": 100, ""ttpinc"": 100, ""ul"": null}",3
2026-06-10T15:44:45+00:00,5617871752,WLD,,,3,0.9,,40,,,0,0,0,0.69,,100,0,,False,"{""border"": {""bottom"": null, ""from"": 0.4794, ""to"": 0.4516, ""top"": null}, ""cf"": 0.00035, ""dsblin"": false, ""dsblinbap"": false, ""dsblinbtr"": false, ""gap"": {""isg"": 0, ""maxS"": 0, ""minS"": 0, ""tog"": 0.69}, ""gs"": 0.9, ""gsr"": null, ""hedge"": false, ""ioo"": 0.15, ""leverage"": 0, ""lsl"": null, ""maxOp"": 40, ""maxOpL"": null, ""maxOpS"": null, ""obap"": false, ""p"": true, ""q"": {""maxQ"": 300, ""minQ"": 100, ""qr"": 1.3}, ""s"": null, ""side"": 3, ""slp"": {""m"": 0, ""pp"": null, ""tp"": null}, ""slt"": false, ""so"": -3, ""tr"": {""mdTr"": 0, ""minToTr"": 0, ""tr"": 0}, ""tsl"": -175, ""tslinc"": 0, ""ttp"": 100, ""ttpinc"": 100, ""ul"": null}",3
2026-06-10T15:45:45+00:00,5617871752,WLD,,,3,0.9,,40,,,0,0,0,0.69,,100,0,,False,"{""border"": {""bottom"": null, ""from"": 0.4801, ""to"": 0.4523, ""top"": null}, ""cf"": 0.00035, ""dsblin"": false, ""dsblinbap"": false, ""dsblinbtr"": false, ""gap"": {""isg"": 0, ""maxS"": 0, ""minS"": 0, ""tog"": 0.69}, ""gs"": 0.9, ""gsr"": null, ""hedge"": false, ""ioo"": 0.15, ""leverage"": 0, ""lsl"": null, ""maxOp"": 40, ""maxOpL"": null, ""maxOpS"": null, ""obap"": false, ""p"": true, ""q"": {""maxQ"": 300, ""minQ"": 100, ""qr"": 1.3}, ""s"": null, ""side"": 3, ""slp"": {""m"": 0, ""pp"": null, ""tp"": null}, ""slt"": false, ""so"": -3, ""tr"": {""mdTr"": 0, ""minToTr"": 0, ""tr"": 0}, ""tsl"": -175, ""tslinc"": 0, ""ttp"": 100, ""ttpinc"": 100, ""ul"": null}",3
2026-06-10T15:46:45+00:00,4306550166,XRP,,,3,0.5,,50,,,0,0,0,0.59,,100,0,,False,"{""border"": {""bottom"": null, ""from"": 1.1341, ""to"": 1.068, ""top"": null}, ""cf"": 0.00035, ""dsblin"": false, ""dsblinbap"": false, ""dsblinbtr"": false, ""gap"": {""isg"": 0, ""maxS"": 0, ""minS"": 0, ""tog"": 0.59}, ""gs"": 0.5, ""gsr"": null, ""hedge"": false, ""ioo"": 0.15, ""leverage"": 0, ""lsl"": null, ""maxOp"": 50, ""maxOpL"": null, ""maxOpS"": null, ""obap"": false, ""p"": true, ""q"": {""maxQ"": 500, ""minQ"": 50, ""qr"": 1.4}, ""s"": null, ""side"": 3, ""slp"": {""m"": 0, ""pp"": null, ""tp"": null}, ""slt"": false, ""so"": -3, ""tr"": {""mdTr"": 0, ""minToTr"": 0, ""tr"": 0}, ""tsl"": -175, ""tslinc"": 0, ""ttp"": 100, ""ttpinc"": 0, ""ul"": null}",3
2026-06-10T15:48:45+00:00,5693279219,SOL,,,3,0.8,,40,,,0,0,0,0.59,,100,0,,False,"{""border"": {""bottom"": null, ""from"": 66.88, ""to"": 62.99, ""top"": null}, ""cf"": 0.00035, ""dsblin"": false, ""dsblinbap"": false, ""dsblinbtr"": false, ""gap"": {""isg"": 0, ""maxS"": 0, ""minS"": 0, ""tog"": 0.59}, ""gs"": 0.8, ""gsr"": null, ""hedge"": false, ""ioo"": 0.15, ""leverage"": 0, ""lsl"": null, ""maxOp"": 40, ""maxOpL"": null, ""maxOpS"": null, ""obap"": false, ""p"": true, ""q"": {""maxQ"": 12, ""minQ"": 3, ""qr"": 1.3}, ""s"": null, ""side"": 3, ""slp"": {""m"": 0, ""pp"": null, ""tp"": null}, ""slt"": false, ""so"": -3, ""tr"": {""mdTr"": 0, ""minToTr"": 0, ""tr"": 0}, ""tsl"": -175, ""tslinc"": 0, ""ttp"": 100, ""ttpinc"": 0, ""ul"": null}",3
2026-06-10T15:48:45+00:00,4306550166,XRP,,,3,0.5,,50,,,0,0,0,0.59,,100,0,,False,"{""border"": {""bottom"": null, ""from"": 1.1324, ""to"": 1.0664, ""top"": null}, ""cf"": 0.00035, ""dsblin"": false, ""dsblinbap"": false, ""dsblinbtr"": false, ""gap"": {""isg"": 0, ""maxS"": 0, ""minS"": 0, ""tog"": 0.59}, ""gs"": 0.5, ""gsr"": null, ""hedge"": false, ""ioo"": 0.15, ""leverage"": 0, ""lsl"": null, ""maxOp"": 50, ""maxOpL"": null, ""maxOpS"": null, ""obap"": false, ""p"": true, ""q"": {""maxQ"": 500, ""minQ"": 50, ""qr"": 1.4}, ""s"": null, ""side"": 3, ""slp"": {""m"": 0, ""pp"": null, ""tp"": null}, ""slt"": false, ""so"": -3, ""tr"": {""mdTr"": 0, ""minToTr"": 0, ""tr"": 0}, ""tsl"": -175, ""tslinc"": 0, ""ttp"": 100, ""ttpinc"": 0, ""ul"": null}",3
2026-06-10T15:50:45+00:00,5617871752,WLD,,,3,0.9,,40,,,0,0,0,0.69,,100,0,,False,"{""border"": {""bottom"": null, ""from"": 0.4787, ""to"": 0.4509, ""top"": null}, ""cf"": 0.00035, ""dsblin"": false, ""dsblinbap"": false, ""dsblinbtr"": false, ""gap"": {""isg"": 0, ""maxS"": 0, ""minS"": 0, ""tog"": 0.69}, ""gs"": 0.9, ""gsr"": null, ""hedge"": false, ""ioo"": 0.15, ""leverage"": 0, ""lsl"": null, ""maxOp"": 40, ""maxOpL"": null, ""maxOpS"": null, ""obap"": false, ""p"": true, ""q"": {""maxQ"": 300, ""minQ"": 100, ""qr"": 1.3}, ""s"": null, ""side"": 3, ""slp"": {""m"": 0, ""pp"": null, ""tp"": null}, ""slt"": false, ""so"": -3, ""tr"": {""mdTr"": 0, ""minToTr"": 0, ""tr"": 0}, ""tsl"": -175, ""tslinc"": 0, ""ttp"": 100, ""ttpinc"": 100, ""ul"": null}",3
2026-06-10T15:53:46+00:00,5617871752,WLD,,,3,0.9,,40,,,0,0,0,0.69,,100,0,,False,"{""border"": {""bottom"": null, ""from"": 0.478, ""to"": 0.4502, ""top"": null}, ""cf"": 0.00035, ""dsblin"": false, ""dsblinbap"": false, ""dsblinbtr"": false, ""gap"": {""isg"": 0, ""maxS"": 0, ""minS"": 0, ""tog"": 0.69}, ""gs"": 0.9, ""gsr"": null, ""hedge"": false, ""ioo"": 0.15, ""leverage"": 0, ""lsl"": null, ""maxOp"": 40, ""maxOpL"": null, ""maxOpS"": null, ""obap"": false, ""p"": true, ""q"": {""maxQ"": 300, ""minQ"": 100, ""qr"": 1.3}, ""s"": null, ""side"": 3, ""slp"": {""m"": 0, ""pp"": null, ""tp"": null}, ""slt"": false, ""so"": -3, ""tr"": {""mdTr"": 0, ""minToTr"": 0, ""tr"": 0}, ""tsl"": -175, ""tslinc"": 0, ""ttp"": 100, ""ttpinc"": 100, ""ul"": null}",3
2026-06-10T15:54:46+00:00,5693279219,SOL,,,3,0.8,,40,,,0,0,0,0.59,,100,0,,False,"{""border"": {""bottom"": null, ""from"": 66.98, ""to"": 63.08, ""top"": null}, ""cf"": 0.00035, ""dsblin"": false, ""dsblinbap"": false, ""dsblinbtr"": false, ""gap"": {""isg"": 0, ""maxS"": 0, ""minS"": 0, ""tog"": 0.59}, ""gs"": 0.8, ""gsr"": null, ""hedge"": false, ""ioo"": 0.15, ""leverage"": 0, ""lsl"": null, ""maxOp"": 40, ""maxOpL"": null, ""maxOpS"": null, ""obap"": false, ""p"": true, ""q"": {""maxQ"": 12, ""minQ"": 3, ""qr"": 1.3}, ""s"": null, ""side"": 3, ""slp"": {""m"": 0, ""pp"": null, ""tp"": null}, ""slt"": false, ""so"": -3, ""tr"": {""mdTr"": 0, ""minToTr"": 0, ""tr"": 0}, ""tsl"": -175, ""tslinc"": 0, ""ttp"": 100, ""ttpinc"": 0, ""ul"": null}",3
2026-06-10T15:54:46+00:00,5617871752,WLD,,,3,0.9,,40,,,0,0,0,0.69,,100,0,,False,"{""border"": {""bottom"": null, ""from"": 0.4787, ""to"": 0.4509, ""top"": null}, ""cf"": 0.00035, ""dsblin"": false, ""dsblinbap"": false, ""dsblinbtr"": false, ""gap"": {""isg"": 0, ""maxS"": 0, ""minS"": 0, ""tog"": 0.69}, ""gs"": 0.9, ""gsr"": null, ""hedge"": false, ""ioo"": 0.15, ""leverage"": 0, ""lsl"": null, ""maxOp"": 40, ""maxOpL"": null, ""maxOpS"": null, ""obap"": false, ""p"": true, ""q"": {""maxQ"": 300, ""minQ"": 100, ""qr"": 1.3}, ""s"": null, ""side"": 3, ""slp"": {""m"": 0, ""pp"": null, ""tp"": null}, ""slt"": false, ""so"": -3, ""tr"": {""mdTr"": 0, ""minToTr"": 0, ""tr"": 0}, ""tsl"": -175, ""tslinc"": 0, ""ttp"": 100, ""ttpinc"": 100, ""ul"": null}",3
2026-06-10T15:54:46+00:00,4306550166,XRP,,,3,0.5,,50,,,0,0,0,0.59,,100,0,,False,"{""border"": {""bottom"": null, ""from"": 1.1341, ""to"": 1.068, ""top"": null}, ""cf"": 0.00035, ""dsblin"": false, ""dsblinbap"": false, ""dsblinbtr"": false, ""gap"": {""isg"": 0, ""maxS"": 0, ""minS"": 0, ""tog"": 0.59}, ""gs"": 0.5, ""gsr"": null, ""hedge"": false, ""ioo"": 0.15, ""leverage"": 0, ""lsl"": null, ""maxOp"": 50, ""maxOpL"": null, ""maxOpS"": null, ""obap"": false, ""p"": true, ""q"": {""maxQ"": 500, ""minQ"": 50, ""qr"": 1.4}, ""s"": null, ""side"": 3, ""slp"": {""m"": 0, ""pp"": null, ""tp"": null}, ""slt"": false, ""so"": -3, ""tr"": {""mdTr"": 0, ""minToTr"": 0, ""tr"": 0}, ""tsl"": -175, ""tslinc"": 0, ""ttp"": 100, ""ttpinc"": 0, ""ul"": null}",3
2026-06-10T15:56:46+00:00,5617871752,WLD,,,3,0.9,,40,,,0,0,0,0.69,,100,0,,False,"{""border"": {""bottom"": null, ""from"": 0.478, ""to"": 0.4502, ""top"": null}, ""cf"": 0.00035, ""dsblin"": false, ""dsblinbap"": false, ""dsblinbtr"": false, ""gap"": {""isg"": 0, ""maxS"": 0, ""minS"": 0, ""tog"": 0.69}, ""gs"": 0.9, ""gsr"": null, ""hedge"": false, ""ioo"": 0.15, ""leverage"": 0, ""lsl"": null, ""maxOp"": 40, ""maxOpL"": null, ""maxOpS"": null, ""obap"": false, ""p"": true, ""q"": {""maxQ"": 300, ""minQ"": 100, ""qr"": 1.3}, ""s"": null, ""side"": 3, ""slp"": {""m"": 0, ""pp"": null, ""tp"": null}, ""slt"": false, ""so"": -3, ""tr"": {""mdTr"": 0, ""minToTr"": 0, ""tr"": 0}, ""tsl"": -175, ""tslinc"": 0, ""ttp"": 100, ""ttpinc"": 100, ""ul"": null}",3
2026-06-10T16:02:47+00:00,5617871752,WLD,,,3,0.9,,40,,,0,0,0,0.69,,100,0,,False,"{""border"": {""bottom"": null, ""from"": 0.4773, ""to"": 0.4495, ""top"": null}, ""cf"": 0.00035, ""dsblin"": false, ""dsblinbap"": false, ""dsblinbtr"": false, ""gap"": {""isg"": 0, ""maxS"": 0, ""minS"": 0, ""tog"": 0.69}, ""gs"": 0.9, ""gsr"": null, ""hedge"": false, ""ioo"": 0.15, ""leverage"": 0, ""lsl"": null, ""maxOp"": 40, ""maxOpL"": null, ""maxOpS"": null, ""obap"": false, ""p"": true, ""q"": {""maxQ"": 300, ""minQ"": 100, ""qr"": 1.3}, ""s"": null, ""side"": 3, ""slp"": {""m"": 0, ""pp"": null, ""tp"": null}, ""slt"": false, ""so"": -3, ""tr"": {""mdTr"": 0, ""minToTr"": 0, ""tr"": 0}, ""tsl"": -175, ""tslinc"": 0, ""ttp"": 100, ""ttpinc"": 100, ""ul"": null}",3
2026-06-10T16:13:48+00:00,5617871752,WLD,,,3,0.9,,40,,,0,0,0,0.69,,100,0,,False,"{""border"": {""bottom"": null, ""from"": 0.478, ""to"": 0.4502, ""top"": null}, ""cf"": 0.00035, ""dsblin"": false, ""dsblinbap"": false, ""dsblinbtr"": false, ""gap"": {""isg"": 0, ""maxS"": 0, ""minS"": 0, ""tog"": 0.69}, ""gs"": 0.9, ""gsr"": null, ""hedge"": false, ""ioo"": 0.15, ""leverage"": 0, ""lsl"": null, ""maxOp"": 40, ""maxOpL"": null, ""maxOpS"": null, ""obap"": false, ""p"": true, ""q"": {""maxQ"": 300, ""minQ"": 100, ""qr"": 1.3}, ""s"": null, ""side"": 3, ""slp"": {""m"": 0, ""pp"": null, ""tp"": null}, ""slt"": false, ""so"": -3, ""tr"": {""mdTr"": 0, ""minToTr"": 0, ""tr"": 0}, ""tsl"": -175, ""tslinc"": 0, ""ttp"": 100, ""ttpinc"": 100, ""ul"": null}",3
2026-06-10T16:14:48+00:00,5617871752,WLD,,,3,0.9,,40,,,0,0,0,0.69,,100,0,,False,"{""border"": {""bottom"": null, ""from"": 0.4773, ""to"": 0.4495, ""top"": null}, ""cf"": 0.00035, ""dsblin"": false, ""dsblinbap"": false, ""dsblinbtr"": false, ""gap"": {""isg"": 0, ""maxS"": 0, ""minS"": 0, ""tog"": 0.69}, ""gs"": 0.9, ""gsr"": null, ""hedge"": false, ""ioo"": 0.15, ""leverage"": 0, ""lsl"": null, ""maxOp"": 40, ""maxOpL"": null, ""maxOpS"": null, ""obap"": false, ""p"": true, ""q"": {""maxQ"": 300, ""minQ"": 100, ""qr"": 1.3}, ""s"": null, ""side"": 3, ""slp"": {""m"": 0, ""pp"": null, ""tp"": null}, ""slt"": false, ""so"": -3, ""tr"": {""mdTr"": 0, ""minToTr"": 0, ""tr"": 0}, ""tsl"": -175, ""tslinc"": 0, ""ttp"": 100, ""ttpinc"": 100, ""ul"": null}",3
2026-06-10T16:17:48+00:00,5617871752,WLD,,,3,1,,40,,,0,0,0,0.89,,100,0,,False,"{""border"": {""bottom"": null, ""from"": 0.4671, ""to"": 0.4399, ""top"": null}, ""cf"": 0.00035, ""dsblin"": false, ""dsblinbap"": false, ""dsblinbtr"": false, ""gap"": {""isg"": 0, ""maxS"": 0, ""minS"": 0, ""tog"": 0.89}, ""gs"": 1, ""gsr"": null, ""hedge"": false, ""ioo"": 0.15, ""leverage"": 0, ""lsl"": null, ""maxOp"": 40, ""maxOpL"": null, ""maxOpS"": null, ""obap"": false, ""p"": true, ""q"": {""maxQ"": 300, ""minQ"": 100, ""qr"": 1.3}, ""s"": null, ""side"": 3, ""slp"": {""m"": 0, ""pp"": null, ""tp"": null}, ""slt"": false, ""so"": -3, ""tr"": {""mdTr"": 0, ""minToTr"": 0, ""tr"": 0}, ""tsl"": -175, ""tslinc"": 0, ""ttp"": 100, ""ttpinc"": 100, ""ul"": null}",3
2026-06-10T16:18:48+00:00,5617871752,WLD,,,3,1,,40,,,0,0,0,0.89,,100,0,,False,"{""border"": {""bottom"": null, ""from"": 0.4678, ""to"": 0.4406, ""top"": null}, ""cf"": 0.00035, ""dsblin"": false, ""dsblinbap"": false, ""dsblinbtr"": false, ""gap"": {""isg"": 0, ""maxS"": 0, ""minS"": 0, ""tog"": 0.89}, ""gs"": 1, ""gsr"": null, ""hedge"": false, ""ioo"": 0.15, ""leverage"": 0, ""lsl"": null, ""maxOp"": 40, ""maxOpL"": null, ""maxOpS"": null, ""obap"": false, ""p"": true, ""q"": {""maxQ"": 300, ""minQ"": 100, ""qr"": 1.3}, ""s"": null, ""side"": 3, ""slp"": {""m"": 0, ""pp"": null, ""tp"": null}, ""slt"": false, ""so"": -3, ""tr"": {""mdTr"": 0, ""minToTr"": 0, ""tr"": 0}, ""tsl"": -175, ""tslinc"": 0, ""ttp"": 100, ""ttpinc"": 100, ""ul"": null}",3
2026-06-10T16:20:49+00:00,5693279219,SOL,,,3,0.8,,40,,,0,0,0,0.59,,100,0,,False,"{""border"": {""bottom"": null, ""from"": 66.88, ""to"": 62.99, ""top"": null}, ""cf"": 0.00035, ""dsblin"": false, ""dsblinbap"": false, ""dsblinbtr"": false, ""gap"": {""isg"": 0, ""maxS"": 0, ""minS"": 0, ""tog"": 0.59}, ""gs"": 0.8, ""gsr"": null, ""hedge"": false, ""ioo"": 0.15, ""leverage"": 0, ""lsl"": null, ""maxOp"": 40, ""maxOpL"": null, ""maxOpS"": null, ""obap"": false, ""p"": true, ""q"": {""maxQ"": 12, ""minQ"": 3, ""qr"": 1.3}, ""s"": null, ""side"": 3, ""slp"": {""m"": 0, ""pp"": null, ""tp"": null}, ""slt"": false, ""so"": -3, ""tr"": {""mdTr"": 0, ""minToTr"": 0, ""tr"": 0}, ""tsl"": -175, ""tslinc"": 0, ""ttp"": 100, ""ttpinc"": 0, ""ul"": null}",3
2026-06-10T16:21:49+00:00,4306550166,XRP,,,3,0.5,,50,,,0,0,0,0.59,,100,0,,False,"{""border"": {""bottom"": null, ""from"": 1.1324, ""to"": 1.0664, ""top"": null}, ""cf"": 0.00035, ""dsblin"": false, ""dsblinbap"": false, ""dsblinbtr"": false, ""gap"": {""isg"": 0, ""maxS"": 0, ""minS"": 0, ""tog"": 0.59}, ""gs"": 0.5, ""gsr"": null, ""hedge"": false, ""ioo"": 0.15, ""leverage"": 0, ""lsl"": null, ""maxOp"": 50, ""maxOpL"": null, ""maxOpS"": null, ""obap"": false, ""p"": true, ""q"": {""maxQ"": 500, ""minQ"": 50, ""qr"": 1.4}, ""s"": null, ""side"": 3, ""slp"": {""m"": 0, ""pp"": null, ""tp"": null}, ""slt"": false, ""so"": -3, ""tr"": {""mdTr"": 0, ""minToTr"": 0, ""tr"": 0}, ""tsl"": -175, ""tslinc"": 0, ""ttp"": 100, ""ttpinc"": 0, ""ul"": null}",3
2026-06-10T16:32:50+00:00,5617871752,WLD,,,3,1,,40,,,0,0,0,0.89,,100,0,,False,"{""border"": {""bottom"": null, ""from"": 0.4685, ""to"": 0.4413, ""top"": null}, ""cf"": 0.00035, ""dsblin"": false, ""dsblinbap"": false, ""dsblinbtr"": false, ""gap"": {""isg"": 0, ""maxS"": 0, ""minS"": 0, ""tog"": 0.89}, ""gs"": 1, ""gsr"": null, ""hedge"": false, ""ioo"": 0.15, ""leverage"": 0, ""lsl"": null, ""maxOp"": 40, ""maxOpL"": null, ""maxOpS"": null, ""obap"": false, ""p"": true, ""q"": {""maxQ"": 300, ""minQ"": 100, ""qr"": 1.3}, ""s"": null, ""side"": 3, ""slp"": {""m"": 0, ""pp"": null, ""tp"": null}, ""slt"": false, ""so"": -3, ""tr"": {""mdTr"": 0, ""minToTr"": 0, ""tr"": 0}, ""tsl"": -175, ""tslinc"": 0, ""ttp"": 100, ""ttpinc"": 100, ""ul"": null}",3
2026-06-10T16:40:51+00:00,5617871752,WLD,,,3,1,,40,,,0,0,0,0.89,,100,0,,False,"{""border"": {""bottom"": null, ""from"": 0.4692, ""to"": 0.442, ""top"": null}, ""cf"": 0.00035, ""dsblin"": false, ""dsblinbap"": false, ""dsblinbtr"": false, ""gap"": {""isg"": 0, ""maxS"": 0, ""minS"": 0, ""tog"": 0.89}, ""gs"": 1, ""gsr"": null, ""hedge"": false, ""ioo"": 0.15, ""leverage"": 0, ""lsl"": null, ""maxOp"": 40, ""maxOpL"": null, ""maxOpS"": null, ""obap"": false, ""p"": true, ""q"": {""maxQ"": 300, ""minQ"": 100, ""qr"": 1.3}, ""s"": null, ""side"": 3, ""slp"": {""m"": 0, ""pp"": null, ""tp"": null}, ""slt"": false, ""so"": -3, ""tr"": {""mdTr"": 0, ""minToTr"": 0, ""tr"": 0}, ""tsl"": -175, ""tslinc"": 0, ""ttp"": 100, ""ttpinc"": 100, ""ul"": null}",3
2026-06-10T16:42:51+00:00,5617871752,WLD,,,3,1,,40,,,0,0,0,0.89,,100,0,,False,"{""border"": {""bottom"": null, ""from"": 0.4685, ""to"": 0.4413, ""top"": null}, ""cf"": 0.00035, ""dsblin"": false, ""dsblinbap"": false, ""dsblinbtr"": false, ""gap"": {""isg"": 0, ""maxS"": 0, ""minS"": 0, ""tog"": 0.89}, ""gs"": 1, ""gsr"": null, ""hedge"": false, ""ioo"": 0.15, ""leverage"": 0, ""lsl"": null, ""maxOp"": 40, ""maxOpL"": null, ""maxOpS"": null, ""obap"": false, ""p"": true, ""q"": {""maxQ"": 300, ""minQ"": 100, ""qr"": 1.3}, ""s"": null, ""side"": 3, ""slp"": {""m"": 0, ""pp"": null, ""tp"": null}, ""slt"": false, ""so"": -3, ""tr"": {""mdTr"": 0, ""minToTr"": 0, ""tr"": 0}, ""tsl"": -175, ""tslinc"": 0, ""ttp"": 100, ""ttpinc"": 100, ""ul"": null}",3
2026-06-10T16:45:52+00:00,5617871752,WLD,,,3,1,,40,,,0,0,0,0.89,,100,0,,False,"{""border"": {""bottom"": null, ""from"": 0.4678, ""to"": 0.4406, ""top"": null}, ""cf"": 0.00035, ""dsblin"": false, ""dsblinbap"": false, ""dsblinbtr"": false, ""gap"": {""isg"": 0, ""maxS"": 0, ""minS"": 0, ""tog"": 0.89}, ""gs"": 1, ""gsr"": null, ""hedge"": false, ""ioo"": 0.15, ""leverage"": 0, ""lsl"": null, ""maxOp"": 40, ""maxOpL"": null, ""maxOpS"": null, ""obap"": false, ""p"": true, ""q"": {""maxQ"": 300, ""minQ"": 100, ""qr"": 1.3}, ""s"": null, ""side"": 3, ""slp"": {""m"": 0, ""pp"": null, ""tp"": null}, ""slt"": false, ""so"": -3, ""tr"": {""mdTr"": 0, ""minToTr"": 0, ""tr"": 0}, ""tsl"": -175, ""tslinc"": 0, ""ttp"": 100, ""ttpinc"": 100, ""ul"": null}",3
2026-06-10T16:45:52+00:00,4306550166,XRP,,,3,0.5,,50,,,0,0,0,0.59,,100,0,,False,"{""border"": {""bottom"": null, ""from"": 1.1307, ""to"": 1.0648, ""top"": null}, ""cf"": 0.00035, ""dsblin"": false, ""dsblinbap"": false, ""dsblinbtr"": false, ""gap"": {""isg"": 0, ""maxS"": 0, ""minS"": 0, ""tog"": 0.59}, ""gs"": 0.5, ""gsr"": null, ""hedge"": false, ""ioo"": 0.15, ""leverage"": 0, ""lsl"": null, ""maxOp"": 50, ""maxOpL"": null, ""maxOpS"": null, ""obap"": false, ""p"": true, ""q"": {""maxQ"": 500, ""minQ"": 50, ""qr"": 1.4}, ""s"": null, ""side"": 3, ""slp"": {""m"": 0, ""pp"": null, ""tp"": null}, ""slt"": false, ""so"": -3, ""tr"": {""mdTr"": 0, ""minToTr"": 0, ""tr"": 0}, ""tsl"": -175, ""tslinc"": 0, ""ttp"": 100, ""ttpinc"": 0, ""ul"": null}",3
2026-06-10T16:47:52+00:00,5693279219,SOL,,,3,0.8,,40,,,0,0,0,0.59,,100,0,,False,"{""border"": {""bottom"": null, ""from"": 66.78, ""to"": 62.9, ""top"": null}, ""cf"": 0.00035, ""dsblin"": false, ""dsblinbap"": false, ""dsblinbtr"": false, ""gap"": {""isg"": 0, ""maxS"": 0, ""minS"": 0, ""tog"": 0.59}, ""gs"": 0.8, ""gsr"": null, ""hedge"": false, ""ioo"": 0.15, ""leverage"": 0, ""lsl"": null, ""maxOp"": 40, ""maxOpL"": null, ""maxOpS"": null, ""obap"": false, ""p"": true, ""q"": {""maxQ"": 12, ""minQ"": 3, ""qr"": 1.3}, ""s"": null, ""side"": 3, ""slp"": {""m"": 0, ""pp"": null, ""tp"": null}, ""slt"": false, ""so"": -3, ""tr"": {""mdTr"": 0, ""minToTr"": 0, ""tr"": 0}, ""tsl"": -175, ""tslinc"": 0, ""ttp"": 100, ""ttpinc"": 0, ""ul"": null}",3
2026-06-10T16:48:52+00:00,4306550166,XRP,,,3,0.5,,50,,,0,0,0,0.59,,100,0,,False,"{""border"": {""bottom"": null, ""from"": 1.129, ""to"": 1.0632, ""top"": null}, ""cf"": 0.00035, ""dsblin"": false, ""dsblinbap"": false, ""dsblinbtr"": false, ""gap"": {""isg"": 0, ""maxS"": 0, ""minS"": 0, ""tog"": 0.59}, ""gs"": 0.5, ""gsr"": null, ""hedge"": false, ""ioo"": 0.15, ""leverage"": 0, ""lsl"": null, ""maxOp"": 50, ""maxOpL"": null, ""maxOpS"": null, ""obap"": false, ""p"": true, ""q"": {""maxQ"": 500, ""minQ"": 50, ""qr"": 1.4}, ""s"": null, ""side"": 3, ""slp"": {""m"": 0, ""pp"": null, ""tp"": null}, ""slt"": false, ""so"": -3, ""tr"": {""mdTr"": 0, ""minToTr"": 0, ""tr"": 0}, ""tsl"": -175, ""tslinc"": 0, ""ttp"": 100, ""ttpinc"": 0, ""ul"": null}",3
2026-06-10T16:58:53+00:00,5617871752,WLD,,,3,1,,40,,,0,0,0,0.89,,100,0,,False,"{""border"": {""bottom"": null, ""from"": 0.4534, ""to"": 0.427, ""top"": null}, ""cf"": 0.00035, ""dsblin"": false, ""dsblinbap"": false, ""dsblinbtr"": false, ""gap"": {""isg"": 0, ""maxS"": 0, ""minS"": 0, ""tog"": 0.89}, ""gs"": 1, ""gsr"": null, ""hedge"": false, ""ioo"": 0.15, ""leverage"": 0, ""lsl"": null, ""maxOp"": 40, ""maxOpL"": null, ""maxOpS"": null, ""obap"": false, ""p"": true, ""q"": {""maxQ"": 300, ""minQ"": 100, ""qr"": 1.3}, ""s"": null, ""side"": 3, ""slp"": {""m"": 0, ""pp"": null, ""tp"": null}, ""slt"": false, ""so"": -3, ""tr"": {""mdTr"": 0, ""minToTr"": 0, ""tr"": 0}, ""tsl"": -175, ""tslinc"": 0, ""ttp"": 100, ""ttpinc"": 100, ""ul"": null}",3
2026-06-10T17:10:54+00:00,5693279219,SOL,,,3,0.8,,40,,,0,0,0,0.59,,100,0,,False,"{""border"": {""bottom"": null, ""from"": 66.68, ""to"": 62.81, ""top"": null}, ""cf"": 0.00035, ""dsblin"": false, ""dsblinbap"": false, ""dsblinbtr"": false, ""gap"": {""isg"": 0, ""maxS"": 0, ""minS"": 0, ""tog"": 0.59}, ""gs"": 0.8, ""gsr"": null, ""hedge"": false, ""ioo"": 0.15, ""leverage"": 0, ""lsl"": null, ""maxOp"": 40, ""maxOpL"": null, ""maxOpS"": null, ""obap"": false, ""p"": true, ""q"": {""maxQ"": 12, ""minQ"": 3, ""qr"": 1.3}, ""s"": null, ""side"": 3, ""slp"": {""m"": 0, ""pp"": null, ""tp"": null}, ""slt"": false, ""so"": -3, ""tr"": {""mdTr"": 0, ""minToTr"": 0, ""tr"": 0}, ""tsl"": -175, ""tslinc"": 0, ""ttp"": 100, ""ttpinc"": 0, ""ul"": null}",3
2026-06-10T17:29:57+00:00,4306550166,XRP,,,3,0.5,,50,,,0,0,0,0.59,,100,0,,False,"{""border"": {""bottom"": null, ""from"": 1.1273, ""to"": 1.0616, ""top"": null}, ""cf"": 0.00035, ""dsblin"": false, ""dsblinbap"": false, ""dsblinbtr"": false, ""gap"": {""isg"": 0, ""maxS"": 0, ""minS"": 0, ""tog"": 0.59}, ""gs"": 0.5, ""gsr"": null, ""hedge"": false, ""ioo"": 0.15, ""leverage"": 0, ""lsl"": null, ""maxOp"": 50, ""maxOpL"": null, ""maxOpS"": null, ""obap"": false, ""p"": true, ""q"": {""maxQ"": 500, ""minQ"": 50, ""qr"": 1.4}, ""s"": null, ""side"": 3, ""slp"": {""m"": 0, ""pp"": null, ""tp"": null}, ""slt"": false, ""so"": -3, ""tr"": {""mdTr"": 0, ""minToTr"": 0, ""tr"": 0}, ""tsl"": -175, ""tslinc"": 0, ""ttp"": 100, ""ttpinc"": 0, ""ul"": null}",3
2026-06-10T17:30:57+00:00,5693279219,SOL,,,3,0.8,,40,,,0,0,0,0.59,,100,0,,False,"{""border"": {""bottom"": null, ""from"": 66.58, ""to"": 62.72, ""top"": null}, ""cf"": 0.00035, ""dsblin"": false, ""dsblinbap"": false, ""dsblinbtr"": false, ""gap"": {""isg"": 0, ""maxS"": 0, ""minS"": 0, ""tog"": 0.59}, ""gs"": 0.8, ""gsr"": null, ""hedge"": false, ""ioo"": 0.15, ""leverage"": 0, ""lsl"": null, ""maxOp"": 40, ""maxOpL"": null, ""maxOpS"": null, ""obap"": false, ""p"": true, ""q"": {""maxQ"": 12, ""minQ"": 3, ""qr"": 1.3}, ""s"": null, ""side"": 3, ""slp"": {""m"": 0, ""pp"": null, ""tp"": null}, ""slt"": false, ""so"": -3, ""tr"": {""mdTr"": 0, ""minToTr"": 0, ""tr"": 0}, ""tsl"": -175, ""tslinc"": 0, ""ttp"": 100, ""ttpinc"": 0, ""ul"": null}",3
2026-06-10T17:42:58+00:00,4306550166,XRP,,,3,0.5,,50,,,0,0,0,0.59,,100,0,,False,"{""border"": {""bottom"": null, ""from"": 1.1256, ""to"": 1.06, ""top"": null}, ""cf"": 0.00035, ""dsblin"": false, ""dsblinbap"": false, ""dsblinbtr"": false, ""gap"": {""isg"": 0, ""maxS"": 0, ""minS"": 0, ""tog"": 0.59}, ""gs"": 0.5, ""gsr"": null, ""hedge"": false, ""ioo"": 0.15, ""leverage"": 0, ""lsl"": null, ""maxOp"": 50, ""maxOpL"": null, ""maxOpS"": null, ""obap"": false, ""p"": true, ""q"": {""maxQ"": 500, ""minQ"": 50, ""qr"": 1.4}, ""s"": null, ""side"": 3, ""slp"": {""m"": 0, ""pp"": null, ""tp"": null}, ""slt"": false, ""so"": -3, ""tr"": {""mdTr"": 0, ""minToTr"": 0, ""tr"": 0}, ""tsl"": -175, ""tslinc"": 0, ""ttp"": 100, ""ttpinc"": 0, ""ul"": null}",3
2026-06-10T18:07:59+00:00,5617871752,WLD,,,3,1,,40,,,0,0,0,0.99,,100,0,,False,"{""border"": {""bottom"": null, ""from"": null, ""to"": null, ""top"": null}, ""cf"": 0.00035, ""dsblin"": false, ""dsblinbap"": false, ""dsblinbtr"": false, ""gap"": {""isg"": 0, ""maxS"": 0, ""minS"": 0, ""tog"": 0.99}, ""gs"": 1, ""gsr"": null, ""hedge"": false, ""ioo"": 0.15, ""leverage"": 0, ""lsl"": null, ""maxOp"": 40, ""maxOpL"": null, ""maxOpS"": null, ""obap"": false, ""p"": true, ""q"": {""maxQ"": 300, ""minQ"": 100, ""qr"": 1.3}, ""s"": null, ""side"": 3, ""slp"": {""m"": 0, ""pp"": null, ""tp"": null}, ""slt"": false, ""so"": -3, ""tr"": {""mdTr"": 0, ""minToTr"": 0, ""tr"": 0}, ""tsl"": -175, ""tslinc"": 0, ""ttp"": 100, ""ttpinc"": 100, ""ul"": null}",3
