ts_utc,bot_id,bot_name,alias,status,position,profit,current_profit,in_filled_count,in_filled_qty,out_filled_count,out_filled_qty,trigger_count,trigger_qty,average_price,trade_volume,balance,liquidation_price,schema_version
2026-06-10T08:17:55+00:00,5617871752,WLD,,2,0,0,-0.811722,2,,0,,2,,0,302.43,7515.409069,0,3
2026-06-10T08:18:55+00:00,5617871752,WLD,,2,-300,0,-1.6065855,3,,0,,3,,0.5009,452.70000000000005,7515.409069,26.2761,3
2026-06-10T08:19:55+00:00,5617871752,WLD,,2,-300,0,-1.6065855,3,,0,,3,,0.5009,452.70000000000005,7515.409069,26.2797,3
2026-06-10T08:20:55+00:00,5617871752,WLD,,2,-300,0,-1.6065855,3,,0,,3,,0.5009,452.70000000000005,7515.409069,26.272,3
2026-06-10T08:21:56+00:00,5617871752,WLD,,2,0,0,-1.621659,4,,0,,4,,0,603.24,7514.915868,0,3
2026-06-10T08:22:56+00:00,5617871752,WLD,,2,0,0,-1.621659,4,,0,,4,,0,603.24,7514.915868,0,3
2026-06-10T08:23:56+00:00,5693279219,SOL,,2,0,0,-0.388758,2,,0,,2,,0,383.94,7514.915868,0,3
2026-06-10T08:23:56+00:00,5617871752,WLD,,2,0,0,-1.621659,4,,0,,4,,0,603.24,7514.915868,0,3
2026-06-10T08:24:56+00:00,5693279219,SOL,,2,0,0,-0.388758,2,,0,,2,,0,383.94,7514.915868,0,3
2026-06-10T08:24:56+00:00,5617871752,WLD,,2,0,0.85458,-2.2957455,5,,1,,4,,0,902.97,7514.346258,0,3
2026-06-10T08:25:56+00:00,5693279219,SOL,,2,0,0,-0.388758,2,,0,,2,,0,383.94,7514.915868,0,3
2026-06-10T08:25:56+00:00,5617871752,WLD,,2,0,0.85458,-2.2957455,5,,1,,4,,0,902.97,7514.346258,0,3
2026-06-10T08:25:56+00:00,4306550166,XRP,,2,0,0,-0.1077525,2,,0,,2,,0,111.075,7514.346258,0,3
2026-06-10T08:26:56+00:00,5693279219,SOL,,2,0,0,-0.388758,2,,0,,2,,0,383.94,7514.915868,0,3
2026-06-10T08:26:56+00:00,5617871752,WLD,,2,0,0.85458,-2.2957455,5,,1,,4,,0,902.97,7514.346258,0,3
2026-06-10T08:26:56+00:00,4306550166,XRP,,2,0,0,-0.1077525,2,,0,,2,,0,111.075,7514.346258,0,3
2026-06-10T08:27:56+00:00,5693279219,SOL,,2,0,0,-0.388758,2,,0,,2,,0,383.94,7514.915868,0,3
2026-06-10T08:27:56+00:00,5617871752,WLD,,2,0,0.85458,-2.2957455,5,,1,,4,,0,902.97,7514.346258,0,3
2026-06-10T08:27:56+00:00,4306550166,XRP,,2,0,0,-0.1077525,2,,0,,2,,0,111.075,7514.346258,0,3
2026-06-10T08:35:03+00:00,5693279219,SOL,,2,0,0,-0.80475465,4,,0,,4,,0,880.722,7513.762031,0,3
2026-06-10T08:35:03+00:00,5617871752,WLD,,2,0,0.85458,-2.5371315,5,,1,,4,,0,902.97,7513.762031,0,3
2026-06-10T08:35:03+00:00,4306550166,XRP,,2,0,0,-0.12270525,2,,0,,2,,0,111.075,7513.762031,0,3
2026-06-10T08:36:03+00:00,5693279219,SOL,,2,0,0,-0.80475465,4,,0,,4,,0,880.722,7513.762031,0,3
2026-06-10T08:36:03+00:00,5617871752,WLD,,2,0,0.85458,-2.5371315,5,,1,,4,,0,902.97,7513.762031,0,3
2026-06-10T08:36:03+00:00,4306550166,XRP,,2,0,0,-0.12270525,2,,0,,2,,0,111.075,7513.762031,0,3
2026-06-10T08:37:03+00:00,5693279219,SOL,,2,0,0,-0.80475465,4,,0,,4,,0,880.722,7513.762031,0,3
2026-06-10T08:37:03+00:00,5617871752,WLD,,2,0,0.85458,-2.5371315,5,,1,,4,,0,902.97,7513.762031,0,3
2026-06-10T08:37:03+00:00,4306550166,XRP,,2,0,0,-0.12270525,2,,0,,2,,0,111.075,7513.762031,0,3
2026-06-10T08:38:03+00:00,5693279219,SOL,,2,0,0,-0.80475465,4,,0,,4,,0,880.722,7513.762031,0,3
2026-06-10T08:38:03+00:00,5617871752,WLD,,2,0,0.85458,-2.5371315,5,,1,,4,,0,902.97,7513.762031,0,3
2026-06-10T08:38:03+00:00,4306550166,XRP,,2,0,0,-0.12270525,2,,0,,2,,0,111.075,7513.762031,0,3
2026-06-10T08:39:03+00:00,5693279219,SOL,,2,0,0,-0.80475465,4,,0,,4,,0,880.722,7513.762031,0,3
2026-06-10T08:39:03+00:00,5617871752,WLD,,2,0,0.85458,-2.5371315,5,,1,,4,,0,902.97,7513.762031,0,3
2026-06-10T08:39:03+00:00,4306550166,XRP,,2,0,0,-0.12270525,2,,0,,2,,0,111.075,7513.762031,0,3
2026-06-10T08:40:03+00:00,5693279219,SOL,,2,3,0.916009,-1.0804170499999999,4,,1,,3,,63.8191304347826,1071.612,7514.336593,0,3
2026-06-10T08:40:03+00:00,5617871752,WLD,,2,300,1.7097259999999999,-3.4041505,7,,2,,5,,0.49825,1350.93,7514.336593,0,3
2026-06-10T08:40:03+00:00,4306550166,XRP,,2,-70,0,-0.2718289,3,,0,,3,,1.1061,188.502,7514.336593,111.8236,3
2026-06-10T08:41:04+00:00,5693279219,SOL,,2,3,0.916009,-1.0804170499999999,4,,1,,3,,63.8191304347826,1071.612,7514.336593,0,3
2026-06-10T08:41:04+00:00,5617871752,WLD,,2,300,1.7097259999999999,-3.4041505,7,,2,,5,,0.49825,1350.93,7514.336593,0,3
2026-06-10T08:41:04+00:00,4306550166,XRP,,2,-70,0,-0.2718289,3,,0,,3,,1.1061,188.502,7514.336593,111.8298,3
2026-06-10T08:42:03+00:00,5693279219,SOL,,2,3,0.916009,-1.0804170499999999,4,,1,,3,,63.8191304347826,1071.612,7514.336593,0,3
2026-06-10T08:42:03+00:00,5617871752,WLD,,2,300,1.7097259999999999,-3.4041505,7,,2,,5,,0.49825,1350.93,7514.336593,0,3
2026-06-10T08:42:03+00:00,4306550166,XRP,,2,-70,0,-0.2718289,3,,0,,3,,1.1061,188.502,7514.336593,111.8353,3
2026-06-10T08:43:04+00:00,5693279219,SOL,,2,3,0.916009,-1.0804170499999999,4,,1,,3,,63.8191304347826,1071.612,7514.336593,0,3
2026-06-10T08:43:04+00:00,5617871752,WLD,,2,300,1.7097259999999999,-3.4041505,7,,2,,5,,0.49825,1350.93,7514.336593,0,3
2026-06-10T08:43:04+00:00,4306550166,XRP,,2,-70,0,-0.2718289,3,,0,,3,,1.1061,188.502,7514.336593,111.8412,3
2026-06-10T08:44:03+00:00,5693279219,SOL,,2,3,0.916009,-1.0804170499999999,4,,1,,3,,63.8191304347826,1071.612,7514.336593,0,3
2026-06-10T08:44:03+00:00,5617871752,WLD,,2,0,1.7097259999999999,-4.07809,8,,2,,6,,0,1499.8500000000001,7515.202452,0,3
2026-06-10T08:44:03+00:00,4306550166,XRP,,2,-70,0,-0.2718289,3,,0,,3,,1.1061,188.502,7514.336593,111.8645,3
2026-06-10T08:45:04+00:00,5693279219,SOL,,2,3,0.916009,-1.0804170499999999,4,,1,,3,,63.8191304347826,1071.612,7514.336593,0,3
2026-06-10T08:45:04+00:00,5617871752,WLD,,2,0,1.7097259999999999,-4.07809,8,,2,,6,,0,1499.8500000000001,7515.202452,0,3
2026-06-10T08:45:04+00:00,4306550166,XRP,,2,-70,0,-0.2718289,3,,0,,3,,1.1061,188.502,7514.336593,111.8858,3
2026-06-10T08:46:04+00:00,5693279219,SOL,,2,3,0.916009,-1.0804170499999999,4,,1,,3,,63.8191304347826,1071.612,7514.336593,0,3
2026-06-10T08:46:04+00:00,5617871752,WLD,,2,0,1.7097259999999999,-4.07809,8,,2,,6,,0,1499.8500000000001,7515.202452,0,3
2026-06-10T08:46:04+00:00,4306550166,XRP,,2,0,0,-0.2238864,4,,0,,4,,0,265.88,7515.344592,0,3
2026-06-10T08:47:04+00:00,5693279219,SOL,,2,3,0.916009,-1.0804170499999999,4,,1,,3,,63.8191304347826,1071.612,7514.336593,0,3
2026-06-10T08:47:04+00:00,5617871752,WLD,,2,0,1.7097259999999999,-5.1553495,10,,2,,8,,0,1797.2700000000002,7515.344592,0,3
2026-06-10T08:47:04+00:00,4306550166,XRP,,2,0,0,-0.2238864,4,,0,,4,,0,265.88,7515.344592,0,3
2026-06-10T08:48:04+00:00,5693279219,SOL,,2,3,0.916009,-1.0804170499999999,4,,1,,3,,63.8191304347826,1071.612,7514.336593,0,3
2026-06-10T08:48:04+00:00,5617871752,WLD,,2,0,1.7097259999999999,-5.1553495,10,,2,,8,,0,1797.2700000000002,7515.344592,0,3
2026-06-10T08:48:04+00:00,4306550166,XRP,,2,0,0,-0.2238864,4,,0,,4,,0,265.88,7515.344592,0,3
2026-06-10T08:49:04+00:00,5693279219,SOL,,2,3,0.916009,-1.0804170499999999,4,,1,,3,,63.8191304347826,1071.612,7514.336593,0,3
2026-06-10T08:49:04+00:00,5617871752,WLD,,2,300,2.565334,-4.7948045,10,,3,,7,,0.50035,1945.92,7524.279105,0,3
2026-06-10T08:49:04+00:00,4306550166,XRP,,2,0,0,-0.2238864,4,,0,,4,,0,265.88,7515.344592,0,3
2026-06-10T08:50:04+00:00,5693279219,SOL,,2,3,0.916009,-1.3438332500000003,4,,1,,3,,63.8191304347826,1071.612,7524.279105,0,3
2026-06-10T08:50:04+00:00,5617871752,WLD,,2,300,2.565334,-4.7948045,10,,3,,7,,0.50035,1945.92,7524.279105,0,3
2026-06-10T08:50:04+00:00,4306550166,XRP,,2,0,0,-0.2238864,4,,0,,4,,0,265.88,7515.344592,0,3
2026-06-10T08:51:04+00:00,5693279219,SOL,,2,3,0.916009,-1.3438332500000003,4,,1,,3,,63.8191304347826,1071.612,7524.279105,0,3
2026-06-10T08:51:04+00:00,5617871752,WLD,,2,300,2.565334,-4.7948045,10,,3,,7,,0.50035,1945.92,7524.279105,0,3
2026-06-10T08:51:04+00:00,4306550166,XRP,,2,0,0,-0.2238864,4,,0,,4,,0,265.88,7515.344592,0,3
2026-06-10T08:52:04+00:00,5693279219,SOL,,2,3,0.916009,-1.3438332500000003,4,,1,,3,,63.8191304347826,1071.612,7524.279105,0,3
2026-06-10T08:52:04+00:00,5617871752,WLD,,2,300,2.565334,-4.7948045,10,,3,,7,,0.50035,1945.92,7524.279105,0,3
2026-06-10T08:52:04+00:00,4306550166,XRP,,2,0,0,-0.2238864,4,,0,,4,,0,265.88,7515.344592,0,3
2026-06-10T08:53:05+00:00,5693279219,SOL,,2,3,0.916009,-1.3438332500000003,4,,1,,3,,63.8191304347826,1071.612,7524.279105,0,3
2026-06-10T08:53:05+00:00,5617871752,WLD,,2,300,2.565334,-4.7948045,10,,3,,7,,0.50035,1945.92,7524.279105,0,3
2026-06-10T08:53:05+00:00,4306550166,XRP,,2,0,0,-0.2238864,4,,0,,4,,0,265.88,7515.344592,0,3
2026-06-10T08:54:04+00:00,5693279219,SOL,,2,3,0.916009,-1.3438332500000003,4,,1,,3,,63.8191304347826,1071.612,7524.279105,0,3
2026-06-10T08:54:04+00:00,5617871752,WLD,,2,300,2.565334,-4.7948045,10,,3,,7,,0.50035,1945.92,7524.279105,0,3
2026-06-10T08:54:04+00:00,4306550166,XRP,,2,0,0,-0.2238864,4,,0,,4,,0,265.88,7515.344592,0,3
2026-06-10T08:55:04+00:00,5693279219,SOL,,2,3,0.916009,-1.3438332500000003,4,,1,,3,,63.8191304347826,1071.612,7524.279105,0,3
2026-06-10T08:55:04+00:00,5617871752,WLD,,2,300,2.565334,-4.7948045,10,,3,,7,,0.50035,1945.92,7524.279105,0,3
2026-06-10T08:55:04+00:00,4306550166,XRP,,2,0,0,-0.2238864,4,,0,,4,,0,265.88,7515.344592,0,3
2026-06-10T08:56:05+00:00,5693279219,SOL,,2,3,0.916009,-1.3438332500000003,4,,1,,3,,63.8191304347826,1071.612,7524.279105,0,3
2026-06-10T08:56:05+00:00,5617871752,WLD,,2,300,2.565334,-4.7948045,10,,3,,7,,0.50035,1945.92,7524.279105,0,3
2026-06-10T08:56:05+00:00,4306550166,XRP,,2,0,0,-0.224004,4,,0,,4,,0,265.88,7524.227078,0,3
2026-06-10T08:57:05+00:00,5693279219,SOL,,2,3,0.916009,-1.3438332500000003,4,,1,,3,,63.8191304347826,1071.612,7524.279105,0,3
2026-06-10T08:57:05+00:00,5617871752,WLD,,2,0,3.300816,-3.8384174999999994,10,,4,,6,,0,2095.65,7524.227078,0,3
2026-06-10T08:57:05+00:00,4306550166,XRP,,2,0,0,-0.224004,4,,0,,4,,0,265.88,7524.227078,0,3
2026-06-10T08:58:05+00:00,5693279219,SOL,,2,3,0.916009,-1.3438332500000003,4,,1,,3,,63.8191304347826,1071.612,7524.279105,0,3
2026-06-10T08:58:05+00:00,5617871752,WLD,,2,0,3.300816,-3.8384174999999994,10,,4,,6,,0,2095.65,7524.227078,0,3
2026-06-10T08:58:05+00:00,4306550166,XRP,,2,0,0,-0.224004,4,,0,,4,,0,265.88,7524.227078,0,3
2026-06-10T08:59:05+00:00,5693279219,SOL,,2,3,0.916009,-1.3438332500000003,4,,1,,3,,63.8191304347826,1071.612,7524.279105,0,3
2026-06-10T08:59:05+00:00,5617871752,WLD,,2,0,3.300816,-3.8384174999999994,10,,4,,6,,0,2095.65,7524.227078,0,3
2026-06-10T08:59:05+00:00,4306550166,XRP,,2,0,0,-0.224004,4,,0,,4,,0,265.88,7524.227078,0,3
2026-06-10T09:00:05+00:00,5693279219,SOL,,2,3,0.916009,-0.9543246500000001,4,,1,,3,,63.8191304347826,1071.612,7524.227078,0,3
2026-06-10T09:00:05+00:00,5617871752,WLD,,2,0,3.300816,-5.4826635,12,,4,,8,,0,2392.4700000000003,7524.227078,0,3
2026-06-10T09:00:05+00:00,4306550166,XRP,,2,0,0,-0.224004,4,,0,,4,,0,265.88,7524.227078,0,3
2026-06-10T09:01:05+00:00,5693279219,SOL,,2,3,0.916009,-0.9543246500000001,4,,1,,3,,63.8191304347826,1071.612,7524.227078,0,3
2026-06-10T09:01:05+00:00,5617871752,WLD,,2,0,3.300816,-5.4826635,12,,4,,8,,0,2392.4700000000003,7524.227078,0,3
2026-06-10T09:01:05+00:00,4306550166,XRP,,2,0,0,-0.224004,4,,0,,4,,0,265.88,7524.227078,0,3
2026-06-10T09:02:05+00:00,5693279219,SOL,,2,3,0.916009,-0.9543246500000001,4,,1,,3,,63.8191304347826,1071.612,7524.227078,0,3
2026-06-10T09:02:05+00:00,5617871752,WLD,,2,0,3.300816,-5.4826635,12,,4,,8,,0,2392.4700000000003,7524.227078,0,3
2026-06-10T09:02:05+00:00,4306550166,XRP,,2,0,0,-0.224004,4,,0,,4,,0,265.88,7524.227078,0,3
2026-06-10T09:03:05+00:00,5693279219,SOL,,2,3,0.916009,-0.9543246500000001,4,,1,,3,,63.8191304347826,1071.612,7524.227078,0,3
2026-06-10T09:03:05+00:00,5617871752,WLD,,2,0,3.300816,-5.4826635,12,,4,,8,,0,2392.4700000000003,7524.227078,0,3
2026-06-10T09:03:05+00:00,4306550166,XRP,,2,0,0,-0.224004,4,,0,,4,,0,265.88,7524.227078,0,3
2026-06-10T09:04:05+00:00,5693279219,SOL,,2,3,0.916009,-0.9543246500000001,4,,1,,3,,63.8191304347826,1071.612,7524.227078,0,3
2026-06-10T09:04:05+00:00,5617871752,WLD,,2,0,3.300816,-5.4826635,12,,4,,8,,0,2392.4700000000003,7524.227078,0,3
2026-06-10T09:04:05+00:00,4306550166,XRP,,2,0,0,-0.224004,4,,0,,4,,0,265.88,7524.227078,0,3
2026-06-10T09:05:06+00:00,5693279219,SOL,,2,3,0.916009,-0.9543246500000001,4,,1,,3,,63.8191304347826,1071.612,7524.227078,0,3
2026-06-10T09:05:06+00:00,5617871752,WLD,,2,0,3.300816,-5.4826635,12,,4,,8,,0,2392.4700000000003,7524.227078,0,3
2026-06-10T09:05:06+00:00,4306550166,XRP,,2,0,0,-0.224004,4,,0,,4,,0,265.88,7524.227078,0,3
2026-06-10T09:06:06+00:00,5693279219,SOL,,2,3,0.916009,-0.9543246500000001,4,,1,,3,,63.8191304347826,1071.612,7524.227078,0,3
2026-06-10T09:06:06+00:00,5617871752,WLD,,2,0,3.300816,-5.4826635,12,,4,,8,,0,2392.4700000000003,7524.227078,0,3
2026-06-10T09:06:06+00:00,4306550166,XRP,,2,0,0,-0.2239956,4,,0,,4,,0,265.88,7524.430787,0,3
2026-06-10T09:07:06+00:00,5693279219,SOL,,2,3,0.916009,-0.9543246500000001,4,,1,,3,,63.8191304347826,1071.612,7524.227078,0,3
2026-06-10T09:07:06+00:00,5617871752,WLD,,2,0,3.300816,-5.4826635,12,,4,,8,,0,2392.4700000000003,7524.227078,0,3
2026-06-10T09:07:06+00:00,4306550166,XRP,,2,0,0,-0.2239956,4,,0,,4,,0,265.88,7524.430787,0,3
2026-06-10T09:08:06+00:00,5693279219,SOL,,2,3,0.916009,-0.9543246500000001,4,,1,,3,,63.8191304347826,1071.612,7524.227078,0,3
2026-06-10T09:08:06+00:00,5617871752,WLD,,2,0,3.300816,-5.4826635,12,,4,,8,,0,2392.4700000000003,7524.227078,0,3
2026-06-10T09:08:06+00:00,4306550166,XRP,,2,0,0,-0.2239956,4,,0,,4,,0,265.88,7524.430787,0,3
2026-06-10T09:09:06+00:00,5693279219,SOL,,2,3,0.916009,-0.9543246500000001,4,,1,,3,,63.8191304347826,1071.612,7524.227078,0,3
2026-06-10T09:09:06+00:00,5617871752,WLD,,2,0,3.300816,-5.4826635,12,,4,,8,,0,2392.4700000000003,7524.227078,0,3
2026-06-10T09:09:06+00:00,4306550166,XRP,,2,0,0,-0.2239956,4,,0,,4,,0,265.88,7524.430787,0,3
2026-06-10T09:10:06+00:00,5693279219,SOL,,2,3,0.916009,-0.7055756000000001,4,,1,,3,,63.8191304347826,1071.612,7524.430787,0,3
2026-06-10T09:10:06+00:00,5617871752,WLD,,2,0,3.300816,-5.483251500000001,12,,4,,8,,0,2392.4700000000003,7524.430787,0,3
2026-06-10T09:10:06+00:00,4306550166,XRP,,2,0,0,-0.2239956,4,,0,,4,,0,265.88,7524.430787,0,3
2026-06-10T09:11:06+00:00,5693279219,SOL,,2,3,0.916009,-0.7055756000000001,4,,1,,3,,63.8191304347826,1071.612,7524.430787,0,3
2026-06-10T09:11:06+00:00,5617871752,WLD,,2,0,3.300816,-5.483251500000001,12,,4,,8,,0,2392.4700000000003,7524.430787,0,3
2026-06-10T09:11:06+00:00,4306550166,XRP,,2,0,0,-0.2239956,4,,0,,4,,0,265.88,7524.430787,0,3
2026-06-10T09:12:06+00:00,5693279219,SOL,,2,3,0.916009,-0.7055756000000001,4,,1,,3,,63.8191304347826,1071.612,7524.430787,0,3
2026-06-10T09:12:06+00:00,5617871752,WLD,,2,0,3.300816,-5.483251500000001,12,,4,,8,,0,2392.4700000000003,7524.430787,0,3
2026-06-10T09:12:06+00:00,4306550166,XRP,,2,0,0,-0.2239956,4,,0,,4,,0,265.88,7524.430787,0,3
2026-06-10T09:13:06+00:00,5693279219,SOL,,2,3,0.916009,-0.7055756000000001,4,,1,,3,,63.8191304347826,1071.612,7524.430787,0,3
2026-06-10T09:13:06+00:00,5617871752,WLD,,2,0,3.300816,-5.483251500000001,12,,4,,8,,0,2392.4700000000003,7524.430787,0,3
2026-06-10T09:13:06+00:00,4306550166,XRP,,2,0,0,-0.2239956,4,,0,,4,,0,265.88,7524.430787,0,3
2026-06-10T09:14:08+00:00,5693279219,SOL,,2,3,0.916009,-0.7055756000000001,4,,1,,3,,63.8191304347826,1071.612,7524.430787,0,3
2026-06-10T09:14:08+00:00,5617871752,WLD,,2,0,3.300816,-5.483251500000001,12,,4,,8,,0,2392.4700000000003,7524.430787,0,3
2026-06-10T09:14:08+00:00,4306550166,XRP,,2,0,0,-0.2239956,4,,0,,4,,0,265.88,7524.430787,0,3
2026-06-10T09:15:07+00:00,5693279219,SOL,,2,3,0.916009,-0.7055756000000001,4,,1,,3,,63.8191304347826,1071.612,7524.430787,0,3
2026-06-10T09:15:07+00:00,5617871752,WLD,,2,0,3.300816,-5.483251500000001,12,,4,,8,,0,2392.4700000000003,7524.430787,0,3
2026-06-10T09:15:07+00:00,4306550166,XRP,,2,50,0.291244,-0.2117735,4,,1,,3,,1.1076916666666667,321.08,7524.430787,0,3
2026-06-10T09:16:07+00:00,5693279219,SOL,,2,0,0.916009,-1.7766351500000002,5,,1,,4,,0,1261.6619999999998,7524.430787,0,3
2026-06-10T09:16:07+00:00,5617871752,WLD,,2,0,3.300816,-5.483251500000001,12,,4,,8,,0,2392.4700000000003,7524.430787,0,3
2026-06-10T09:16:07+00:00,4306550166,XRP,,2,50,0.291244,-0.2117735,4,,1,,3,,1.1076916666666667,321.08,7524.430787,0,3
2026-06-10T09:17:07+00:00,5693279219,SOL,,2,8.97,2.2246259999999998,-2.23632837,6,,2,,4,,63.3426086957,1829.8452,7523.392518,0,3
2026-06-10T09:17:07+00:00,5617871752,WLD,,2,0,3.300816,-5.483251500000001,12,,4,,8,,0,2392.4700000000003,7524.430787,0,3
2026-06-10T09:17:07+00:00,4306550166,XRP,,2,50,0.291244,-0.2117735,4,,1,,3,,1.1076916666666667,321.08,7524.430787,0,3
2026-06-10T09:18:07+00:00,5693279219,SOL,,2,8.97,2.2246259999999998,-2.23632837,6,,2,,4,,63.3426086957,1829.8452,7523.392518,0,3
2026-06-10T09:18:07+00:00,5617871752,WLD,,2,0,3.300816,-5.483251500000001,12,,4,,8,,0,2392.4700000000003,7524.430787,0,3
2026-06-10T09:18:07+00:00,4306550166,XRP,,2,50,0.291244,-0.2117735,4,,1,,3,,1.1076916666666667,321.08,7524.430787,0,3
2026-06-10T09:19:07+00:00,5693279219,SOL,,2,8.97,2.2246259999999998,-2.23632837,6,,2,,4,,63.3426086957,1829.8452,7523.392518,0,3
2026-06-10T09:19:07+00:00,5617871752,WLD,,2,0,3.300816,-5.483251500000001,12,,4,,8,,0,2392.4700000000003,7524.430787,0,3
2026-06-10T09:19:07+00:00,4306550166,XRP,,2,50,0.291244,-0.2117735,4,,1,,3,,1.1076916666666667,321.08,7524.430787,0,3
2026-06-10T09:20:07+00:00,5693279219,SOL,,2,8.97,2.2246259999999998,-2.23632837,6,,2,,4,,63.3426086957,1829.8452,7523.392518,0,3
2026-06-10T09:20:07+00:00,5617871752,WLD,,2,0,3.300816,-5.483251500000001,12,,4,,8,,0,2392.4700000000003,7524.430787,0,3
2026-06-10T09:20:07+00:00,4306550166,XRP,,2,50,0.291244,-0.2117735,4,,1,,3,,1.1076916666666667,321.08,7524.430787,0,3
2026-06-10T09:21:07+00:00,5693279219,SOL,,2,8.97,2.2246259999999998,-2.23632837,6,,2,,4,,63.3426086957,1829.8452,7523.392518,0,3
2026-06-10T09:21:07+00:00,5617871752,WLD,,2,0,3.300816,-4.2831675,12,,4,,8,,0,2392.4700000000003,7523.392518,0,3
2026-06-10T09:21:07+00:00,4306550166,XRP,,2,50,0.291244,-0.2117735,4,,1,,3,,1.1076916666666667,321.08,7524.430787,0,3
2026-06-10T09:22:07+00:00,5693279219,SOL,,2,5.07,2.2246259999999998,-6.596992656,7,,2,,5,,63.3426086957,2075.4492600000003,7523.306087,0,3
2026-06-10T09:22:07+00:00,5617871752,WLD,,2,0,3.300816,-4.2831675,12,,4,,8,,0,2392.4700000000003,7523.392518,0,3
2026-06-10T09:22:07+00:00,4306550166,XRP,,2,0,0.291244,-0.49711705,5,,1,,4,,0,376.10499999999996,7523.306087,0,3
2026-06-10T09:23:07+00:00,5693279219,SOL,,2,5.07,2.2246259999999998,-6.596992656,7,,2,,5,,63.3426086957,2075.4492600000003,7523.306087,0,3
2026-06-10T09:23:07+00:00,5617871752,WLD,,2,0,3.300816,-4.2831675,12,,4,,8,,0,2392.4700000000003,7523.392518,0,3
2026-06-10T09:23:07+00:00,4306550166,XRP,,2,0,0.291244,-0.49711705,5,,1,,4,,0,376.10499999999996,7523.306087,0,3
2026-06-10T09:24:08+00:00,5693279219,SOL,,2,5.07,2.2246259999999998,-6.596992656,7,,2,,5,,63.3426086957,2075.4492600000003,7523.306087,0,3
2026-06-10T09:24:08+00:00,5617871752,WLD,,2,0,3.300816,-4.2831675,12,,4,,8,,0,2392.4700000000003,7523.392518,0,3
2026-06-10T09:24:08+00:00,4306550166,XRP,,2,0,0.291244,-0.49711705,5,,1,,4,,0,376.10499999999996,7523.306087,0,3
2026-06-10T09:25:08+00:00,5693279219,SOL,,2,5.07,2.2246259999999998,-6.596992656,7,,2,,5,,63.3426086957,2075.4492600000003,7523.306087,0,3
2026-06-10T09:25:08+00:00,5617871752,WLD,,2,0,3.300816,-4.2831675,12,,4,,8,,0,2392.4700000000003,7523.392518,0,3
2026-06-10T09:25:08+00:00,4306550166,XRP,,2,0,0.291244,-0.49711705,5,,1,,4,,0,376.10499999999996,7523.306087,0,3
2026-06-10T09:26:08+00:00,5693279219,SOL,,2,5.07,2.2246259999999998,-6.596992656,7,,2,,5,,63.3426086957,2075.4492600000003,7523.306087,0,3
2026-06-10T09:26:08+00:00,5617871752,WLD,,2,0,3.300816,-4.2831675,12,,4,,8,,0,2392.4700000000003,7523.392518,0,3
2026-06-10T09:26:08+00:00,4306550166,XRP,,2,0,0.291244,-0.49711705,5,,1,,4,,0,376.10499999999996,7523.306087,0,3
2026-06-10T09:27:08+00:00,5693279219,SOL,,2,5.07,2.2246259999999998,-6.596992656,7,,2,,5,,63.3426086957,2075.4492600000003,7523.306087,0,3
2026-06-10T09:27:08+00:00,5617871752,WLD,,2,0,3.300816,-4.2831675,12,,4,,8,,0,2392.4700000000003,7523.392518,0,3
2026-06-10T09:27:08+00:00,4306550166,XRP,,2,0,0.291244,-0.49711705,5,,1,,4,,0,376.10499999999996,7523.306087,0,3
2026-06-10T09:28:08+00:00,5693279219,SOL,,2,5.07,2.2246259999999998,-6.596992656,7,,2,,5,,63.3426086957,2075.4492600000003,7523.306087,0,3
2026-06-10T09:28:08+00:00,5617871752,WLD,,2,0,3.300816,-4.644385499999999,12,,4,,8,,0,2392.4700000000003,7521.593395,0,3
2026-06-10T09:28:08+00:00,4306550166,XRP,,2,0,0.291244,-0.49711705,5,,1,,4,,0,376.10499999999996,7523.306087,0,3
2026-06-10T09:29:08+00:00,5693279219,SOL,,2,5.07,2.2246259999999998,-6.596992656,7,,2,,5,,63.3426086957,2075.4492600000003,7523.306087,0,3
2026-06-10T09:29:08+00:00,5617871752,WLD,,2,0,3.300816,-4.644385499999999,12,,4,,8,,0,2392.4700000000003,7521.593395,0,3
2026-06-10T09:29:08+00:00,4306550166,XRP,,2,0,0.291244,-0.49711705,5,,1,,4,,0,376.10499999999996,7523.306087,0,3
2026-06-10T09:30:09+00:00,5693279219,SOL,,2,5.07,2.2246259999999998,-6.596992656,7,,2,,5,,63.3426086957,2075.4492600000003,7523.306087,0,3
2026-06-10T09:30:09+00:00,5617871752,WLD,,2,0,3.300816,-4.644385499999999,12,,4,,8,,0,2392.4700000000003,7521.593395,0,3
2026-06-10T09:30:09+00:00,4306550166,XRP,,2,0,0.291244,-0.49711705,5,,1,,4,,0,376.10499999999996,7523.306087,0,3
2026-06-10T09:31:08+00:00,5693279219,SOL,,2,5.07,2.2246259999999998,-6.596992656,7,,2,,5,,63.3426086957,2075.4492600000003,7523.306087,0,3
2026-06-10T09:31:08+00:00,5617871752,WLD,,2,-900,5.011256,-6.6143005,13,,6,,7,,0.4988083333,2842.56,7521.593395,13.4344,3
2026-06-10T09:31:08+00:00,4306550166,XRP,,2,0,0.291244,-0.49711705,5,,1,,4,,0,376.10499999999996,7523.306087,0,3
2026-06-10T09:32:09+00:00,5693279219,SOL,,2,5.07,2.2246259999999998,-3.1956880860000005,7,,2,,5,,63.3426086957,2075.4492600000003,7521.593395,0,3
2026-06-10T09:32:09+00:00,5617871752,WLD,,2,-900,5.011256,-4.842925,13,,6,,7,,0.4988083333,2842.56,7521.593395,9.1213,3
2026-06-10T09:32:09+00:00,4306550166,XRP,,2,0,0.291244,-0.41358325,5,,1,,4,,0,376.10499999999996,7521.593395,0,3
2026-06-10T09:33:09+00:00,5693279219,SOL,,2,5.07,2.2246259999999998,-3.1956880860000005,7,,2,,5,,63.3426086957,2075.4492600000003,7521.593395,0,3
2026-06-10T09:33:09+00:00,5617871752,WLD,,2,-1200,5.011256,-6.779888499999999,14,,6,,8,,0.49963125,2993.19,7521.593395,6.9653,3
2026-06-10T09:33:09+00:00,4306550166,XRP,,2,0,0.291244,-0.41358325,5,,1,,4,,0,376.10499999999996,7521.593395,0,3
2026-06-10T09:34:09+00:00,5693279219,SOL,,2,5.07,2.2246259999999998,-3.1956880860000005,7,,2,,5,,63.3426086957,2075.4492600000003,7521.593395,0,3
2026-06-10T09:34:09+00:00,5617871752,WLD,,2,-1200,5.011256,-6.779888499999999,14,,6,,8,,0.49963125,2993.19,7521.593395,6.9654,3
2026-06-10T09:34:09+00:00,4306550166,XRP,,2,0,0.291244,-0.41358325,5,,1,,4,,0,376.10499999999996,7521.593395,0,3
2026-06-10T09:35:09+00:00,5693279219,SOL,,2,5.07,2.2246259999999998,-3.1956880860000005,7,,2,,5,,63.3426086957,2075.4492600000003,7521.593395,0,3
2026-06-10T09:35:09+00:00,5617871752,WLD,,2,-1200,5.011256,-6.779888499999999,14,,6,,8,,0.49963125,2993.19,7521.593395,6.9657,3
2026-06-10T09:35:09+00:00,4306550166,XRP,,2,0,0.291244,-0.41358325,5,,1,,4,,0,376.10499999999996,7521.593395,0,3
2026-06-10T09:36:09+00:00,5693279219,SOL,,2,5.07,2.2246259999999998,-3.1956880860000005,7,,2,,5,,63.3426086957,2075.4492600000003,7521.593395,0,3
2026-06-10T09:36:09+00:00,5617871752,WLD,,2,-1200,5.011256,-6.779888499999999,14,,6,,8,,0.49963125,2993.19,7521.593395,6.966,3
2026-06-10T09:36:09+00:00,4306550166,XRP,,2,0,0.291244,-0.41358325,5,,1,,4,,0,376.10499999999996,7521.593395,0,3
2026-06-10T09:37:09+00:00,5693279219,SOL,,2,5.07,2.2246259999999998,-3.1956880860000005,7,,2,,5,,63.3426086957,2075.4492600000003,7521.593395,0,3
2026-06-10T09:37:09+00:00,5617871752,WLD,,2,-1200,5.011256,-6.779888499999999,14,,6,,8,,0.49963125,2993.19,7521.593395,6.9651,3
2026-06-10T09:37:09+00:00,4306550166,XRP,,2,0,0.291244,-0.41358325,5,,1,,4,,0,376.10499999999996,7521.593395,0,3
2026-06-10T09:38:09+00:00,5693279219,SOL,,2,5.07,2.2246259999999998,-3.1956880860000005,7,,2,,5,,63.3426086957,2075.4492600000003,7521.593395,0,3
2026-06-10T09:38:09+00:00,5617871752,WLD,,2,-1200,5.011256,-6.779888499999999,14,,6,,8,,0.49963125,2993.19,7521.593395,6.9637,3
2026-06-10T09:38:09+00:00,4306550166,XRP,,2,0,0.291244,-0.41358325,5,,1,,4,,0,376.10499999999996,7521.593395,0,3
2026-06-10T09:39:09+00:00,5693279219,SOL,,2,0,2.2246259999999998,-2.156007111,8,,2,,6,,0,2398.30686,7521.333786,0,3
2026-06-10T09:39:09+00:00,5617871752,WLD,,2,-1200,5.011256,-6.779888499999999,14,,6,,8,,0.49963125,2993.19,7521.593395,6.9643,3
2026-06-10T09:39:09+00:00,4306550166,XRP,,2,0,0.291244,-0.41358325,5,,1,,4,,0,376.10499999999996,7521.593395,0,3
2026-06-10T09:40:09+00:00,5693279219,SOL,,2,0,2.2246259999999998,-2.156007111,8,,2,,6,,0,2398.30686,7521.333786,0,3
2026-06-10T09:40:09+00:00,5617871752,WLD,,2,-1200,5.011256,-6.779888499999999,14,,6,,8,,0.49963125,2993.19,7521.593395,6.9644,3
2026-06-10T09:40:09+00:00,4306550166,XRP,,2,0,0.291244,-0.41358325,5,,1,,4,,0,376.10499999999996,7521.593395,0,3
2026-06-10T09:41:10+00:00,5693279219,SOL,,2,0,2.2246259999999998,-2.156007111,8,,2,,6,,0,2398.30686,7521.333786,0,3
2026-06-10T09:41:10+00:00,5617871752,WLD,,2,-1200,5.011256,-6.779888499999999,14,,6,,8,,0.49963125,2993.19,7521.593395,6.9647,3
2026-06-10T09:41:10+00:00,4306550166,XRP,,2,0,0.291244,-0.41358325,5,,1,,4,,0,376.10499999999996,7521.593395,0,3
2026-06-10T09:42:09+00:00,5693279219,SOL,,2,0,2.2246259999999998,-2.156007111,8,,2,,6,,0,2398.30686,7521.333786,0,3
2026-06-10T09:42:09+00:00,5617871752,WLD,,2,-1200,5.011256,-6.779888499999999,14,,6,,8,,0.49963125,2993.19,7521.593395,6.9646,3
2026-06-10T09:42:09+00:00,4306550166,XRP,,2,0,0.291244,-0.41373445000000003,5,,1,,4,,0,376.10499999999996,7522.791945,0,3
2026-06-10T09:43:10+00:00,5693279219,SOL,,2,0,2.2246259999999998,-2.156007111,8,,2,,6,,0,2398.30686,7521.333786,0,3
2026-06-10T09:43:10+00:00,5617871752,WLD,,2,-647,5.806129,-2.4727648349999996,15,,7,,8,,0.49963125,3269.2429,7522.791945,12.4952,3
2026-06-10T09:43:10+00:00,4306550166,XRP,,2,0,0.291244,-0.41373445000000003,5,,1,,4,,0,376.10499999999996,7522.791945,0,3
2026-06-10T09:44:10+00:00,5693279219,SOL,,2,0,2.2246259999999998,-2.156007111,8,,2,,6,,0,2398.30686,7521.333786,0,3
2026-06-10T09:44:10+00:00,5617871752,WLD,,2,-647,5.806129,-2.4727648349999996,15,,7,,8,,0.49963125,3269.2429,7522.791945,12.4952,3
2026-06-10T09:44:10+00:00,4306550166,XRP,,2,0,0.291244,-0.41373445000000003,5,,1,,4,,0,376.10499999999996,7522.791945,0,3
2026-06-10T09:45:10+00:00,5693279219,SOL,,2,0,2.2246259999999998,-2.156007111,8,,2,,6,,0,2398.30686,7521.333786,0,3
2026-06-10T09:45:10+00:00,5617871752,WLD,,2,-647,5.806129,-2.4727648349999996,15,,7,,8,,0.49963125,3269.2429,7522.791945,12.4955,3
2026-06-10T09:45:10+00:00,4306550166,XRP,,2,0,0.291244,-0.41373445000000003,5,,1,,4,,0,376.10499999999996,7522.791945,0,3
2026-06-10T09:46:10+00:00,5693279219,SOL,,2,0,2.2246259999999998,-2.156007111,8,,2,,6,,0,2398.30686,7521.333786,0,3
2026-06-10T09:46:10+00:00,5617871752,WLD,,2,-647,5.806129,-2.4727648349999996,15,,7,,8,,0.49963125,3269.2429,7522.791945,12.4937,3
2026-06-10T09:46:10+00:00,4306550166,XRP,,2,0,0.291244,-0.41373445000000003,5,,1,,4,,0,376.10499999999996,7522.791945,0,3
2026-06-10T09:47:10+00:00,5693279219,SOL,,2,0,2.2246259999999998,-2.156007111,8,,2,,6,,0,2398.30686,7521.333786,0,3
2026-06-10T09:47:10+00:00,5617871752,WLD,,2,-647,5.806129,-2.4727648349999996,15,,7,,8,,0.49963125,3269.2429,7522.791945,12.4925,3
2026-06-10T09:47:10+00:00,4306550166,XRP,,2,0,0.291244,-0.41373445000000003,5,,1,,4,,0,376.10499999999996,7522.791945,0,3
2026-06-10T09:48:10+00:00,5693279219,SOL,,2,0,2.2246259999999998,-2.156007111,8,,2,,6,,0,2398.30686,7521.333786,0,3
2026-06-10T09:48:10+00:00,5617871752,WLD,,2,-647,5.806129,-2.4727648349999996,15,,7,,8,,0.49963125,3269.2429,7522.791945,12.4929,3
2026-06-10T09:48:10+00:00,4306550166,XRP,,2,0,0.291244,-0.41373445000000003,5,,1,,4,,0,376.10499999999996,7522.791945,0,3
2026-06-10T09:49:10+00:00,5693279219,SOL,,2,0,2.2246259999999998,-2.273235306,8,,2,,6,,0,2398.30686,7523.502525,0,3
2026-06-10T09:49:10+00:00,5617871752,WLD,,2,-647,5.806129,-2.4727648349999996,15,,7,,8,,0.49963125,3269.2429,7522.791945,12.4928,3
2026-06-10T09:49:10+00:00,4306550166,XRP,,2,0,0.291244,-0.41373445000000003,5,,1,,4,,0,376.10499999999996,7522.791945,0,3
2026-06-10T09:50:10+00:00,5693279219,SOL,,2,0,2.2246259999999998,-2.273235306,8,,2,,6,,0,2398.30686,7523.502525,0,3
2026-06-10T09:50:10+00:00,5617871752,WLD,,2,-647,5.806129,-2.4727648349999996,15,,7,,8,,0.49963125,3269.2429,7522.791945,12.4927,3
2026-06-10T09:50:10+00:00,4306550166,XRP,,2,0,0.291244,-0.41373445000000003,5,,1,,4,,0,376.10499999999996,7522.791945,0,3
2026-06-10T09:51:10+00:00,5693279219,SOL,,2,0,2.2246259999999998,-2.273235306,8,,2,,6,,0,2398.30686,7523.502525,0,3
2026-06-10T09:51:10+00:00,5617871752,WLD,,2,-647,5.806129,-2.4727648349999996,15,,7,,8,,0.49963125,3269.2429,7522.791945,12.4917,3
2026-06-10T09:51:10+00:00,4306550166,XRP,,2,0,0.291244,-0.41373445000000003,5,,1,,4,,0,376.10499999999996,7522.791945,0,3
2026-06-10T09:52:11+00:00,5693279219,SOL,,2,0,2.2246259999999998,-2.273235306,8,,2,,6,,0,2398.30686,7523.502525,0,3
2026-06-10T09:52:11+00:00,5617871752,WLD,,2,-647,5.806129,-2.4727648349999996,15,,7,,8,,0.49963125,3269.2429,7522.791945,12.4909,3
2026-06-10T09:52:11+00:00,4306550166,XRP,,2,0,0.291244,-0.40164625000000004,5,,1,,4,,0,376.10499999999996,7523.502525,0,3
2026-06-10T09:53:11+00:00,5693279219,SOL,,2,0,2.2246259999999998,-2.273235306,8,,2,,6,,0,2398.30686,7523.502525,0,3
2026-06-10T09:53:11+00:00,5617871752,WLD,,2,-947,5.806129,-5.4805491150000005,16,,7,,9,,0.500381646,3419.8429,7523.502525,8.6913,3
2026-06-10T09:53:11+00:00,4306550166,XRP,,2,0,0.291244,-0.40164625000000004,5,,1,,4,,0,376.10499999999996,7523.502525,0,3
2026-06-10T09:54:11+00:00,5693279219,SOL,,2,0,2.2246259999999998,-2.273235306,8,,2,,6,,0,2398.30686,7523.502525,0,3
2026-06-10T09:54:11+00:00,5617871752,WLD,,2,-947,5.806129,-5.4805491150000005,16,,7,,9,,0.500381646,3419.8429,7523.502525,8.6915,3
2026-06-10T09:54:11+00:00,4306550166,XRP,,2,0,0.291244,-0.40164625000000004,5,,1,,4,,0,376.10499999999996,7523.502525,0,3
2026-06-10T09:55:11+00:00,5693279219,SOL,,2,0,2.2246259999999998,-2.273235306,8,,2,,6,,0,2398.30686,7523.502525,0,3
2026-06-10T09:55:11+00:00,5617871752,WLD,,2,-947,5.806129,-5.4805491150000005,16,,7,,9,,0.500381646,3419.8429,7523.502525,8.6908,3
2026-06-10T09:55:11+00:00,4306550166,XRP,,2,0,0.291244,-0.40164625000000004,5,,1,,4,,0,376.10499999999996,7523.502525,0,3
2026-06-10T09:56:11+00:00,5693279219,SOL,,2,0,2.2246259999999998,-2.273235306,8,,2,,6,,0,2398.30686,7523.502525,0,3
2026-06-10T09:56:11+00:00,5617871752,WLD,,2,-947,5.806129,-5.4805491150000005,16,,7,,9,,0.500381646,3419.8429,7523.502525,8.6905,3
2026-06-10T09:56:11+00:00,4306550166,XRP,,2,0,0.291244,-0.40164625000000004,5,,1,,4,,0,376.10499999999996,7523.502525,0,3
2026-06-10T09:57:11+00:00,5693279219,SOL,,2,0,2.2246259999999998,-2.273235306,8,,2,,6,,0,2398.30686,7523.502525,0,3
2026-06-10T09:57:11+00:00,5617871752,WLD,,2,-1200,6.501728,-6.579973000000001,16,,8,,8,,0.5008071823,3546.9501,7523.449815,6.9624,3
2026-06-10T09:57:11+00:00,4306550166,XRP,,2,0,0.291244,-0.40164625000000004,5,,1,,4,,0,376.10499999999996,7523.502525,0,3
2026-06-10T09:58:11+00:00,5693279219,SOL,,2,0,2.2246259999999998,-2.273235306,8,,2,,6,,0,2398.30686,7523.502525,0,3
2026-06-10T09:58:11+00:00,5617871752,WLD,,2,-1200,6.501728,-6.579973000000001,16,,8,,8,,0.5008071823,3546.9501,7523.449815,6.9623,3
2026-06-10T09:58:11+00:00,4306550166,XRP,,2,0,0.291244,-0.40164625000000004,5,,1,,4,,0,376.10499999999996,7523.502525,0,3
2026-06-10T09:59:11+00:00,5693279219,SOL,,2,0,2.2246259999999998,-2.2749111060000002,8,,2,,6,,0,2398.30686,7523.405328,0,3
2026-06-10T09:59:11+00:00,5617871752,WLD,,2,-1200,6.501728,-6.579973000000001,16,,8,,8,,0.5008071823,3546.9501,7523.449815,6.9622,3
2026-06-10T09:59:11+00:00,4306550166,XRP,,2,0,0.291244,-0.40164625000000004,5,,1,,4,,0,376.10499999999996,7523.502525,0,3
2026-06-10T10:00:11+00:00,5693279219,SOL,,2,0,2.2246259999999998,-2.2749111060000002,8,,2,,6,,0,2398.30686,7523.405328,0,3
2026-06-10T10:00:11+00:00,5617871752,WLD,,2,-900,7.296623,-0.5761509999999994,16,,9,,7,,0.5008071823,3696.6501,7523.405328,6.9622,3
2026-06-10T10:00:11+00:00,4306550166,XRP,,2,0,0.291244,-0.40164625000000004,5,,1,,4,,0,376.10499999999996,7523.502525,0,3
2026-06-10T10:01:11+00:00,5693279219,SOL,,2,0,2.2246259999999998,-2.2749111060000002,8,,2,,6,,0,2398.30686,7523.405328,0,3
2026-06-10T10:01:11+00:00,5617871752,WLD,,2,-647,7.296623,-1.1922846249999992,17,,9,,8,,0.5008071823,3822.9476999999997,7523.405328,12.4913,3
2026-06-10T10:01:11+00:00,4306550166,XRP,,2,0,0.291244,-0.40164625000000004,5,,1,,4,,0,376.10499999999996,7523.502525,0,3
2026-06-10T10:02:12+00:00,5693279219,SOL,,2,0,2.2246259999999998,-2.2749111060000002,8,,2,,6,,0,2398.30686,7523.405328,0,3
2026-06-10T10:02:12+00:00,5617871752,WLD,,2,-647,7.296623,-1.1922846249999992,17,,9,,8,,0.5008071823,3822.9476999999997,7523.405328,12.4913,3
2026-06-10T10:02:12+00:00,4306550166,XRP,,2,0,0.291244,-0.42569664999999995,5,,1,,4,,0,376.10499999999996,7524.481925,0,3
2026-06-10T10:03:12+00:00,5693279219,SOL,,2,0,2.2246259999999998,-2.2749111060000002,8,,2,,6,,0,2398.30686,7523.405328,0,3
2026-06-10T10:03:12+00:00,5617871752,WLD,,2,-647,7.296623,-1.1922846249999992,17,,9,,8,,0.5008071823,3822.9476999999997,7523.405328,12.4915,3
2026-06-10T10:03:12+00:00,4306550166,XRP,,2,0,0.291244,-0.42569664999999995,5,,1,,4,,0,376.10499999999996,7524.481925,0,3
2026-06-10T10:04:12+00:00,5693279219,SOL,,2,0,2.2246259999999998,-2.2749111060000002,8,,2,,6,,0,2398.30686,7523.405328,0,3
2026-06-10T10:04:12+00:00,5617871752,WLD,,2,-647,7.296623,-1.1922846249999992,17,,9,,8,,0.5008071823,3822.9476999999997,7523.405328,12.4915,3
2026-06-10T10:04:12+00:00,4306550166,XRP,,2,0,0.291244,-0.42569664999999995,5,,1,,4,,0,376.10499999999996,7524.481925,0,3
2026-06-10T10:05:12+00:00,5693279219,SOL,,2,0,2.2246259999999998,-2.2749111060000002,8,,2,,6,,0,2398.30686,7523.405328,0,3
2026-06-10T10:05:12+00:00,5617871752,WLD,,2,-647,7.296623,-1.1922846249999992,17,,9,,8,,0.5008071823,3822.9476999999997,7523.405328,12.4917,3
2026-06-10T10:05:12+00:00,4306550166,XRP,,2,0,0.291244,-0.42569664999999995,5,,1,,4,,0,376.10499999999996,7524.481925,0,3
2026-06-10T10:06:12+00:00,5693279219,SOL,,2,0,2.2246259999999998,-2.2749111060000002,8,,2,,6,,0,2398.30686,7523.405328,0,3
2026-06-10T10:06:12+00:00,5617871752,WLD,,2,-347,7.296623,0.16832139500000043,18,,9,,9,,0.5008071823,3971.9577,7524.481925,22.8699,3
2026-06-10T10:06:12+00:00,4306550166,XRP,,2,0,0.291244,-0.42569664999999995,5,,1,,4,,0,376.10499999999996,7524.481925,0,3
2026-06-10T10:07:12+00:00,5693279219,SOL,,2,0,2.2246259999999998,-2.2749111060000002,8,,2,,6,,0,2398.30686,7523.405328,0,3
2026-06-10T10:07:12+00:00,5617871752,WLD,,2,-47,8.092106000000001,-0.003493264999999468,18,,10,,8,,0.5008071823,4120.8177,7524.481925,165.7181,3
2026-06-10T10:07:12+00:00,4306550166,XRP,,2,0,0.291244,-0.42569664999999995,5,,1,,4,,0,376.10499999999996,7524.481925,0,3
2026-06-10T10:08:12+00:00,5693279219,SOL,,2,0,2.2246259999999998,-2.2749111060000002,8,,2,,6,,0,2398.30686,7523.405328,0,3
2026-06-10T10:08:12+00:00,5617871752,WLD,,2,-47,8.092106000000001,-0.003493264999999468,18,,10,,8,,0.5008071823,4120.8177,7524.481925,165.7439,3
2026-06-10T10:08:12+00:00,4306550166,XRP,,2,0,0.291244,-0.42569664999999995,5,,1,,4,,0,376.10499999999996,7524.481925,0,3
2026-06-10T10:09:12+00:00,5693279219,SOL,,2,0,2.2246259999999998,-2.1532420410000004,8,,2,,6,,0,2398.30686,7527.505729,0,3
2026-06-10T10:09:12+00:00,5617871752,WLD,,2,-47,8.092106000000001,-0.003493264999999468,18,,10,,8,,0.5008071823,4120.8177,7524.481925,165.7356,3
2026-06-10T10:09:12+00:00,4306550166,XRP,,2,0,0.291244,-0.42569664999999995,5,,1,,4,,0,376.10499999999996,7524.481925,0,3
2026-06-10T10:10:12+00:00,5693279219,SOL,,2,0,2.2246259999999998,-2.1532420410000004,8,,2,,6,,0,2398.30686,7527.505729,0,3
2026-06-10T10:10:12+00:00,5617871752,WLD,,2,-47,8.092106000000001,-0.003493264999999468,18,,10,,8,,0.5008071823,4120.8177,7524.481925,165.7266,3
2026-06-10T10:10:12+00:00,4306550166,XRP,,2,0,0.291244,-0.42569664999999995,5,,1,,4,,0,376.10499999999996,7524.481925,0,3
2026-06-10T10:11:13+00:00,5693279219,SOL,,2,0,2.2246259999999998,-2.1532420410000004,8,,2,,6,,0,2398.30686,7527.505729,0,3
2026-06-10T10:11:13+00:00,5617871752,WLD,,2,-47,8.092106000000001,-0.003493264999999468,18,,10,,8,,0.5008071823,4120.8177,7524.481925,165.7423,3
2026-06-10T10:11:13+00:00,4306550166,XRP,,2,0,0.291244,-0.42569664999999995,5,,1,,4,,0,376.10499999999996,7524.481925,0,3
2026-06-10T10:12:13+00:00,5693279219,SOL,,2,0,2.2246259999999998,-2.1532420410000004,8,,2,,6,,0,2398.30686,7527.505729,0,3
2026-06-10T10:12:13+00:00,5617871752,WLD,,2,-47,8.092106000000001,-0.003493264999999468,18,,10,,8,,0.5008071823,4120.8177,7524.481925,165.7405,3
2026-06-10T10:12:13+00:00,4306550166,XRP,,2,0,0.291244,-0.40169665000000004,5,,1,,4,,0,376.10499999999996,7527.505729,0,3
2026-06-10T10:13:13+00:00,5693279219,SOL,,2,0,2.2246259999999998,-2.1532420410000004,8,,2,,6,,0,2398.30686,7527.505729,0,3
2026-06-10T10:13:13+00:00,5617871752,WLD,,2,-47,8.092106000000001,-0.003493264999999468,18,,10,,8,,0.5008071823,4120.8177,7524.481925,165.7298,3
2026-06-10T10:13:13+00:00,4306550166,XRP,,2,0,0.291244,-0.40169665000000004,5,,1,,4,,0,376.10499999999996,7527.505729,0,3
2026-06-10T10:14:13+00:00,5693279219,SOL,,2,0,2.2246259999999998,-2.1532420410000004,8,,2,,6,,0,2398.30686,7527.505729,0,3
2026-06-10T10:14:13+00:00,5617871752,WLD,,2,-47,8.092106000000001,-0.003493264999999468,18,,10,,8,,0.5008071823,4120.8177,7524.481925,165.721,3
2026-06-10T10:14:13+00:00,4306550166,XRP,,2,0,0.291244,-0.40169665000000004,5,,1,,4,,0,376.10499999999996,7527.505729,0,3
2026-06-10T10:15:13+00:00,5693279219,SOL,,2,0,2.2246259999999998,-2.1532420410000004,8,,2,,6,,0,2398.30686,7527.505729,0,3
2026-06-10T10:15:13+00:00,5617871752,WLD,,2,-47,8.092106000000001,-0.003493264999999468,18,,10,,8,,0.5008071823,4120.8177,7524.481925,165.7277,3
2026-06-10T10:15:13+00:00,4306550166,XRP,,2,0,0.291244,-0.40169665000000004,5,,1,,4,,0,376.10499999999996,7527.505729,0,3
2026-06-10T10:16:13+00:00,5693279219,SOL,,2,0,2.2246259999999998,-2.1532420410000004,8,,2,,6,,0,2398.30686,7527.505729,0,3
2026-06-10T10:16:13+00:00,5617871752,WLD,,2,-47,8.092106000000001,-0.003493264999999468,18,,10,,8,,0.5008071823,4120.8177,7524.481925,165.7359,3
2026-06-10T10:16:13+00:00,4306550166,XRP,,2,0,0.291244,-0.40169665000000004,5,,1,,4,,0,376.10499999999996,7527.505729,0,3
2026-06-10T10:17:13+00:00,5693279219,SOL,,2,0,2.2246259999999998,-2.1532420410000004,8,,2,,6,,0,2398.30686,7527.505729,0,3
2026-06-10T10:17:13+00:00,5617871752,WLD,,2,-47,8.092106000000001,-0.05609916999999953,18,,10,,8,,0.5008071823,4120.8177,7527.505729,165.7386,3
2026-06-10T10:17:13+00:00,4306550166,XRP,,2,0,0.291244,-0.40169665000000004,5,,1,,4,,0,376.10499999999996,7527.505729,0,3
2026-06-10T10:18:13+00:00,5693279219,SOL,,2,5.07,3.8751819999999997,-2.2723976510000004,8,,3,,5,,63.62466165413533,2719.28856,7527.505729,0,3
2026-06-10T10:18:13+00:00,5617871752,WLD,,2,-47,8.092106000000001,-0.05609916999999953,18,,10,,8,,0.5008071823,4120.8177,7527.505729,165.7115,3
2026-06-10T10:18:13+00:00,4306550166,XRP,,2,0,0.291244,-0.40169665000000004,5,,1,,4,,0,376.10499999999996,7527.505729,0,3
2026-06-10T10:19:13+00:00,5693279219,SOL,,2,5.07,3.8751819999999997,-2.2723976510000004,8,,3,,5,,63.62466165413533,2719.28856,7527.505729,0,3
2026-06-10T10:19:13+00:00,5617871752,WLD,,2,1453,13.708058,-4.6937491399999995,21,,14,,7,,0.4901522368,5150.597699999999,7527.505729,0,3
2026-06-10T10:19:13+00:00,4306550166,XRP,,2,0,0.291244,-0.40169665000000004,5,,1,,4,,0,376.10499999999996,7527.505729,0,3
2026-06-10T10:20:13+00:00,5693279219,SOL,,2,5.07,3.8751819999999997,-2.2723976510000004,8,,3,,5,,63.62466165413533,2719.28856,7527.505729,0,3
2026-06-10T10:20:13+00:00,5617871752,WLD,,2,1453,13.708058,-4.6937491399999995,21,,14,,7,,0.4901522368,5150.597699999999,7527.505729,0,3
2026-06-10T10:20:13+00:00,4306550166,XRP,,2,0,0.291244,-0.40169665000000004,5,,1,,4,,0,376.10499999999996,7527.505729,0,3
2026-06-10T10:21:14+00:00,5693279219,SOL,,2,5.07,3.8751819999999997,-2.2723976510000004,8,,3,,5,,63.62466165413533,2719.28856,7527.505729,0,3
2026-06-10T10:21:14+00:00,5617871752,WLD,,2,1453,13.708058,-4.6937491399999995,21,,14,,7,,0.4901522368,5150.597699999999,7527.505729,0,3
2026-06-10T10:21:14+00:00,4306550166,XRP,,2,0,0.291244,-0.40169665000000004,5,,1,,4,,0,376.10499999999996,7527.505729,0,3
2026-06-10T10:22:14+00:00,5693279219,SOL,,2,5.07,3.8751819999999997,-2.2723976510000004,8,,3,,5,,63.62466165413533,2719.28856,7527.505729,0,3
2026-06-10T10:22:14+00:00,5617871752,WLD,,2,1453,13.708058,-4.6937491399999995,21,,14,,7,,0.4901522368,5150.597699999999,7527.505729,0,3
2026-06-10T10:22:14+00:00,4306550166,XRP,,2,0,0.291244,-0.41365044999999995,5,,1,,4,,0,376.10499999999996,7525.742455,0,3
2026-06-10T10:23:14+00:00,5693279219,SOL,,2,5.07,3.8751819999999997,-2.2723976510000004,8,,3,,5,,63.62466165413533,2719.28856,7527.505729,0,3
2026-06-10T10:23:14+00:00,5617871752,WLD,,2,1453,13.708058,-4.6937491399999995,21,,14,,7,,0.4901522368,5150.597699999999,7527.505729,0,3
2026-06-10T10:23:14+00:00,4306550166,XRP,,2,0,0.291244,-0.41365044999999995,5,,1,,4,,0,376.10499999999996,7525.742455,0,3
2026-06-10T10:24:14+00:00,5693279219,SOL,,2,5.07,3.8751819999999997,-2.2723976510000004,8,,3,,5,,63.62466165413533,2719.28856,7527.505729,0,3
2026-06-10T10:24:14+00:00,5617871752,WLD,,2,1453,13.708058,-4.6937491399999995,21,,14,,7,,0.4901522368,5150.597699999999,7527.505729,0,3
2026-06-10T10:24:14+00:00,4306550166,XRP,,2,0,0.291244,-0.41365044999999995,5,,1,,4,,0,376.10499999999996,7525.742455,0,3
2026-06-10T10:25:14+00:00,5693279219,SOL,,2,5.07,3.8751819999999997,-2.2723976510000004,8,,3,,5,,63.62466165413533,2719.28856,7527.505729,0,3
2026-06-10T10:25:14+00:00,5617871752,WLD,,2,1453,13.708058,-4.6937491399999995,21,,14,,7,,0.4901522368,5150.597699999999,7527.505729,0,3
2026-06-10T10:25:14+00:00,4306550166,XRP,,2,0,0.291244,-0.41365044999999995,5,,1,,4,,0,376.10499999999996,7525.742455,0,3
2026-06-10T10:26:14+00:00,5693279219,SOL,,2,5.07,3.8751819999999997,-2.2723976510000004,8,,3,,5,,63.62466165413533,2719.28856,7527.505729,0,3
2026-06-10T10:26:14+00:00,5617871752,WLD,,2,1453,13.708058,-4.6937491399999995,21,,14,,7,,0.4901522368,5150.597699999999,7527.505729,0,3
2026-06-10T10:26:14+00:00,4306550166,XRP,,2,0,0.291244,-0.41365044999999995,5,,1,,4,,0,376.10499999999996,7525.742455,0,3
2026-06-10T10:27:14+00:00,5693279219,SOL,,2,5.07,3.8751819999999997,-2.2723976510000004,8,,3,,5,,63.62466165413533,2719.28856,7527.505729,0,3
2026-06-10T10:27:14+00:00,5617871752,WLD,,2,1453,13.708058,-4.6937491399999995,21,,14,,7,,0.4901522368,5150.597699999999,7527.505729,0,3
2026-06-10T10:27:14+00:00,4306550166,XRP,,2,0,0.291244,-0.41365044999999995,5,,1,,4,,0,376.10499999999996,7525.742455,0,3
2026-06-10T10:28:14+00:00,5693279219,SOL,,2,5.07,3.8751819999999997,-1.5451320860000006,8,,3,,5,,63.62466165413533,2719.28856,7525.742455,0,3
2026-06-10T10:28:14+00:00,5617871752,WLD,,2,1453,13.708058,-4.6937491399999995,21,,14,,7,,0.4901522368,5150.597699999999,7527.505729,0,3
2026-06-10T10:28:14+00:00,4306550166,XRP,,2,0,0.291244,-0.41365044999999995,5,,1,,4,,0,376.10499999999996,7525.742455,0,3
2026-06-10T10:29:14+00:00,5693279219,SOL,,2,5.07,3.8751819999999997,-1.5451320860000006,8,,3,,5,,63.62466165413533,2719.28856,7525.742455,0,3
2026-06-10T10:29:14+00:00,5617871752,WLD,,2,1303,13.708058,-0.21318964499999993,22,,14,,8,,0.4901522368,5224.2027,7525.742455,0,3
2026-06-10T10:29:14+00:00,4306550166,XRP,,2,0,0.291244,-0.41365044999999995,5,,1,,4,,0,376.10499999999996,7525.742455,0,3
2026-06-10T10:30:15+00:00,5693279219,SOL,,2,5.07,3.8751819999999997,-1.5451320860000006,8,,3,,5,,63.62466165413533,2719.28856,7525.742455,0,3
2026-06-10T10:30:15+00:00,5617871752,WLD,,2,1303,13.708058,-0.21318964499999993,22,,14,,8,,0.4901522368,5224.2027,7525.742455,0,3
2026-06-10T10:30:15+00:00,4306550166,XRP,,2,0,0.291244,-0.41365044999999995,5,,1,,4,,0,376.10499999999996,7525.742455,0,3
2026-06-10T10:31:15+00:00,5693279219,SOL,,2,0,3.8751819999999997,-0.6066480410000006,9,,3,,6,,0,3042.04476,7525.798858,0,3
2026-06-10T10:31:15+00:00,5617871752,WLD,,2,1303,13.708058,-0.21318964499999993,22,,14,,8,,0.4901522368,5224.2027,7525.742455,0,3
2026-06-10T10:31:15+00:00,4306550166,XRP,,2,0,0.291244,-0.41365044999999995,5,,1,,4,,0,376.10499999999996,7525.742455,0,3
2026-06-10T10:32:15+00:00,5693279219,SOL,,2,-5.07,5.576243,-0.6073184110000005,9,,4,,5,,63.35925313283207,3365.2065600000005,7525.798858,1593.5,3
2026-06-10T10:32:15+00:00,5617871752,WLD,,2,1003,14.505011,1.7851695299999992,22,,15,,7,,0.4901522368,5371.8627,7525.798858,0,3
2026-06-10T10:32:15+00:00,4306550166,XRP,,2,0,0.291244,-0.44991505000000004,5,,1,,4,,0,376.10499999999996,7525.798858,0,3
2026-06-10T10:33:15+00:00,5693279219,SOL,,2,-5.07,5.576243,-0.6073184110000005,9,,4,,5,,63.35925313283207,3365.2065600000005,7525.798858,1593.65,3
2026-06-10T10:33:15+00:00,5617871752,WLD,,2,1003,14.505011,1.7851695299999992,22,,15,,7,,0.4901522368,5371.8627,7525.798858,0,3
2026-06-10T10:33:15+00:00,4306550166,XRP,,2,0,0.291244,-0.44991505000000004,5,,1,,4,,0,376.10499999999996,7525.798858,0,3
2026-06-10T10:34:15+00:00,5693279219,SOL,,2,-5.07,5.576243,-0.6073184110000005,9,,4,,5,,63.35925313283207,3365.2065600000005,7525.798858,1593.6,3
2026-06-10T10:34:15+00:00,5617871752,WLD,,2,1003,14.505011,1.7851695299999992,22,,15,,7,,0.4901522368,5371.8627,7525.798858,0,3
2026-06-10T10:34:15+00:00,4306550166,XRP,,2,0,0.291244,-0.44991505000000004,5,,1,,4,,0,376.10499999999996,7525.798858,0,3
2026-06-10T10:35:15+00:00,5693279219,SOL,,2,-5.07,5.576243,-0.6073184110000005,9,,4,,5,,63.35925313283207,3365.2065600000005,7525.798858,1593.58,3
2026-06-10T10:35:15+00:00,5617871752,WLD,,2,1003,14.505011,1.7851695299999992,22,,15,,7,,0.4901522368,5371.8627,7525.798858,0,3
2026-06-10T10:35:15+00:00,4306550166,XRP,,2,0,0.291244,-0.44991505000000004,5,,1,,4,,0,376.10499999999996,7525.798858,0,3
2026-06-10T10:36:15+00:00,5693279219,SOL,,2,-5.07,5.576243,-0.6073184110000005,9,,4,,5,,63.35925313283207,3365.2065600000005,7525.798858,1594.06,3
2026-06-10T10:36:15+00:00,5617871752,WLD,,2,1003,14.505011,1.7851695299999992,22,,15,,7,,0.4901522368,5371.8627,7525.798858,0,3
2026-06-10T10:36:15+00:00,4306550166,XRP,,2,0,0.291244,-0.44991505000000004,5,,1,,4,,0,376.10499999999996,7525.798858,0,3
2026-06-10T10:37:15+00:00,5693279219,SOL,,2,-5.07,5.576243,-0.6073184110000005,9,,4,,5,,63.35925313283207,3365.2065600000005,7525.798858,1594.01,3
2026-06-10T10:37:15+00:00,5617871752,WLD,,2,808,14.505011,2.909802064999999,23,,15,,8,,0.4901522368,5468.0952,7527.781041,0,3
2026-06-10T10:37:15+00:00,4306550166,XRP,,2,0,0.291244,-0.44991505000000004,5,,1,,4,,0,376.10499999999996,7525.798858,0,3
2026-06-10T10:38:15+00:00,5693279219,SOL,,2,-5.07,5.576243,-0.6073184110000005,9,,4,,5,,63.35925313283207,3365.2065600000005,7525.798858,1594.2,3
2026-06-10T10:38:15+00:00,5617871752,WLD,,2,808,14.505011,2.909802064999999,23,,15,,8,,0.4901522368,5468.0952,7527.781041,0,3
2026-06-10T10:38:15+00:00,4306550166,XRP,,2,0,0.291244,-0.44991505000000004,5,,1,,4,,0,376.10499999999996,7525.798858,0,3
2026-06-10T10:39:15+00:00,5693279219,SOL,,2,-5.07,5.576243,-0.6073184110000005,9,,4,,5,,63.35925313283207,3365.2065600000005,7525.798858,1594.52,3
2026-06-10T10:39:15+00:00,5617871752,WLD,,2,808,14.505011,2.909802064999999,23,,15,,8,,0.4901522368,5468.0952,7527.781041,0,3
2026-06-10T10:39:15+00:00,4306550166,XRP,,2,0,0.291244,-0.44991505000000004,5,,1,,4,,0,376.10499999999996,7525.798858,0,3
2026-06-10T10:40:15+00:00,5693279219,SOL,,2,-5.07,5.576243,-0.6073184110000005,9,,4,,5,,63.35925313283207,3365.2065600000005,7525.798858,1594.38,3
2026-06-10T10:40:15+00:00,5617871752,WLD,,2,808,14.505011,2.909802064999999,23,,15,,8,,0.4901522368,5468.0952,7527.781041,0,3
2026-06-10T10:40:15+00:00,4306550166,XRP,,2,0,0.291244,-0.44991505000000004,5,,1,,4,,0,376.10499999999996,7525.798858,0,3
2026-06-10T10:41:15+00:00,5693279219,SOL,,2,-5.07,5.576243,-0.6073184110000005,9,,4,,5,,63.35925313283207,3365.2065600000005,7525.798858,1594.33,3
2026-06-10T10:41:15+00:00,5617871752,WLD,,2,808,14.505011,2.909802064999999,23,,15,,8,,0.4901522368,5468.0952,7527.781041,0,3
2026-06-10T10:41:15+00:00,4306550166,XRP,,2,0,0.291244,-0.44991505000000004,5,,1,,4,,0,376.10499999999996,7525.798858,0,3
2026-06-10T10:42:16+00:00,5693279219,SOL,,2,-5.07,5.576243,0.8648968940000001,9,,4,,5,,63.35925313283207,3365.2065600000005,7528.400174,1594.5,3
2026-06-10T10:42:16+00:00,5617871752,WLD,,2,808,14.505011,2.909802064999999,23,,15,,8,,0.4901522368,5468.0952,7527.781041,0,3
2026-06-10T10:42:16+00:00,4306550166,XRP,,2,0,0.291244,-0.41377645,5,,1,,4,,0,376.10499999999996,7528.400174,0,3
2026-06-10T10:43:16+00:00,5693279219,SOL,,2,-5.07,5.576243,0.8648968940000001,9,,4,,5,,63.35925313283207,3365.2065600000005,7528.400174,1594.42,3
2026-06-10T10:43:16+00:00,5617871752,WLD,,2,808,14.505011,2.909802064999999,23,,15,,8,,0.4901522368,5468.0952,7527.781041,0,3
2026-06-10T10:43:16+00:00,4306550166,XRP,,2,0,0.291244,-0.41377645,5,,1,,4,,0,376.10499999999996,7528.400174,0,3
2026-06-10T10:44:16+00:00,5693279219,SOL,,2,-5.07,5.576243,0.8648968940000001,9,,4,,5,,63.35925313283207,3365.2065600000005,7528.400174,1594.48,3
2026-06-10T10:44:16+00:00,5617871752,WLD,,2,808,14.505011,2.909802064999999,23,,15,,8,,0.4901522368,5468.0952,7527.781041,0,3
2026-06-10T10:44:16+00:00,4306550166,XRP,,2,0,0.291244,-0.41377645,5,,1,,4,,0,376.10499999999996,7528.400174,0,3
2026-06-10T10:45:16+00:00,5693279219,SOL,,2,-5.07,5.576243,0.8648968940000001,9,,4,,5,,63.35925313283207,3365.2065600000005,7528.400174,1594.31,3
2026-06-10T10:45:16+00:00,5617871752,WLD,,2,808,14.505011,2.909802064999999,23,,15,,8,,0.4901522368,5468.0952,7527.781041,0,3
2026-06-10T10:45:16+00:00,4306550166,XRP,,2,0,0.291244,-0.41377645,5,,1,,4,,0,376.10499999999996,7528.400174,0,3
2026-06-10T10:46:16+00:00,5693279219,SOL,,2,-5.07,5.576243,0.8648968940000001,9,,4,,5,,63.35925313283207,3365.2065600000005,7528.400174,1594.55,3
2026-06-10T10:46:16+00:00,5617871752,WLD,,2,808,14.505011,2.909802064999999,23,,15,,8,,0.4901522368,5468.0952,7527.781041,0,3
2026-06-10T10:46:16+00:00,4306550166,XRP,,2,0,0.291244,-0.41377645,5,,1,,4,,0,376.10499999999996,7528.400174,0,3
2026-06-10T10:47:16+00:00,5693279219,SOL,,2,-5.07,5.576243,0.8648968940000001,9,,4,,5,,63.35925313283207,3365.2065600000005,7528.400174,1594.69,3
2026-06-10T10:47:16+00:00,5617871752,WLD,,2,808,14.505011,4.7019906,23,,15,,8,,0.4901522368,5468.0952,7528.400174,0,3
2026-06-10T10:47:16+00:00,4306550166,XRP,,2,0,0.291244,-0.41377645,5,,1,,4,,0,376.10499999999996,7528.400174,0,3
2026-06-10T10:48:16+00:00,5693279219,SOL,,2,-5.07,5.576243,0.8648968940000001,9,,4,,5,,63.35925313283207,3365.2065600000005,7528.400174,1594.46,3
2026-06-10T10:48:16+00:00,5617871752,WLD,,2,808,14.505011,4.7019906,23,,15,,8,,0.4901522368,5468.0952,7528.400174,0,3
2026-06-10T10:48:16+00:00,4306550166,XRP,,2,0,0.291244,-0.41377645,5,,1,,4,,0,376.10499999999996,7528.400174,0,3
2026-06-10T10:49:16+00:00,5693279219,SOL,,2,-5.07,5.576243,0.8648968940000001,9,,4,,5,,63.35925313283207,3365.2065600000005,7528.400174,1594.37,3
2026-06-10T10:49:16+00:00,5617871752,WLD,,2,808,14.505011,4.7019906,23,,15,,8,,0.4901522368,5468.0952,7528.400174,0,3
2026-06-10T10:49:16+00:00,4306550166,XRP,,2,0,0.291244,-0.41377645,5,,1,,4,,0,376.10499999999996,7528.400174,0,3
2026-06-10T10:50:16+00:00,5693279219,SOL,,2,-5.07,5.576243,0.8648968940000001,9,,4,,5,,63.35925313283207,3365.2065600000005,7528.400174,1594.54,3
2026-06-10T10:50:16+00:00,5617871752,WLD,,2,808,14.505011,4.7019906,23,,15,,8,,0.4901522368,5468.0952,7528.400174,0,3
2026-06-10T10:50:16+00:00,4306550166,XRP,,2,0,0.291244,-0.41377645,5,,1,,4,,0,376.10499999999996,7528.400174,0,3
2026-06-10T10:51:16+00:00,5693279219,SOL,,2,-5.07,5.576243,0.8648968940000001,9,,4,,5,,63.35925313283207,3365.2065600000005,7528.400174,1594.3,3
2026-06-10T10:51:16+00:00,5617871752,WLD,,2,808,14.505011,4.7019906,23,,15,,8,,0.4901522368,5468.0952,7528.400174,0,3
2026-06-10T10:51:16+00:00,4306550166,XRP,,2,0,0.291244,-0.41377645,5,,1,,4,,0,376.10499999999996,7528.400174,0,3
2026-06-10T10:52:16+00:00,5693279219,SOL,,2,-5.07,5.576243,0.10340621900000002,9,,4,,5,,63.35925313283207,3365.2065600000005,7528.400174,1594.24,3
2026-06-10T10:52:16+00:00,5617871752,WLD,,2,808,14.505011,4.7019906,23,,15,,8,,0.4901522368,5468.0952,7528.400174,0,3
2026-06-10T10:52:16+00:00,4306550166,XRP,,2,0,0.291244,-0.40188985000000005,5,,1,,4,,0,376.10499999999996,7528.400174,0,3
2026-06-10T10:53:16+00:00,5693279219,SOL,,2,-5.07,5.576243,0.10340621900000002,9,,4,,5,,63.35925313283207,3365.2065600000005,7528.400174,1593.97,3
2026-06-10T10:53:16+00:00,5617871752,WLD,,2,808,14.505011,4.7019906,23,,15,,8,,0.4901522368,5468.0952,7528.400174,0,3
2026-06-10T10:53:16+00:00,4306550166,XRP,,2,0,0.291244,-0.40188985000000005,5,,1,,4,,0,376.10499999999996,7528.400174,0,3
2026-06-10T10:54:16+00:00,5693279219,SOL,,2,-5.07,5.576243,0.10340621900000002,9,,4,,5,,63.35925313283207,3365.2065600000005,7528.400174,1594.18,3
2026-06-10T10:54:16+00:00,5617871752,WLD,,2,808,14.505011,4.7019906,23,,15,,8,,0.4901522368,5468.0952,7528.400174,0,3
2026-06-10T10:54:16+00:00,4306550166,XRP,,2,0,0.291244,-0.40188985000000005,5,,1,,4,,0,376.10499999999996,7528.400174,0,3
2026-06-10T10:55:16+00:00,5693279219,SOL,,2,-5.07,5.576243,0.10340621900000002,9,,4,,5,,63.35925313283207,3365.2065600000005,7528.400174,1594.03,3
2026-06-10T10:55:16+00:00,5617871752,WLD,,2,808,14.505011,4.7019906,23,,15,,8,,0.4901522368,5468.0952,7528.400174,0,3
2026-06-10T10:55:16+00:00,4306550166,XRP,,2,0,0.291244,-0.40188985000000005,5,,1,,4,,0,376.10499999999996,7528.400174,0,3
2026-06-10T10:56:16+00:00,5693279219,SOL,,2,-5.07,5.576243,0.10340621900000002,9,,4,,5,,63.35925313283207,3365.2065600000005,7528.400174,1593.59,3
2026-06-10T10:56:16+00:00,5617871752,WLD,,2,1108,14.505011,0.6706319000000001,24,,15,,9,,0.490463003,5615.485199999999,7528.400174,0,3
2026-06-10T10:56:16+00:00,4306550166,XRP,,2,0,0.291244,-0.40188985000000005,5,,1,,4,,0,376.10499999999996,7528.400174,0,3
2026-06-10T10:57:16+00:00,5693279219,SOL,,2,-5.07,5.576243,0.10340621900000002,9,,4,,5,,63.35925313283207,3365.2065600000005,7528.400174,1593.72,3
2026-06-10T10:57:16+00:00,5617871752,WLD,,2,1108,14.505011,0.6706319000000001,24,,15,,9,,0.490463003,5615.485199999999,7528.400174,0,3
2026-06-10T10:57:16+00:00,4306550166,XRP,,2,0,0.291244,-0.40188985000000005,5,,1,,4,,0,376.10499999999996,7528.400174,0,3
2026-06-10T10:58:16+00:00,5693279219,SOL,,2,-5.07,5.576243,0.10340621900000002,9,,4,,5,,63.35925313283207,3365.2065600000005,7528.400174,1593.63,3
2026-06-10T10:58:16+00:00,5617871752,WLD,,2,1108,14.505011,0.6706319000000001,24,,15,,9,,0.490463003,5615.485199999999,7528.400174,0,3
2026-06-10T10:58:16+00:00,4306550166,XRP,,2,0,0.291244,-0.40188985000000005,5,,1,,4,,0,376.10499999999996,7528.400174,0,3
2026-06-10T10:59:16+00:00,5693279219,SOL,,2,-5.07,5.576243,0.10340621900000002,9,,4,,5,,63.35925313283207,3365.2065600000005,7528.400174,1593.64,3
2026-06-10T10:59:16+00:00,5617871752,WLD,,2,1108,14.505011,0.6706319000000001,24,,15,,9,,0.490463003,5615.485199999999,7528.400174,0,3
2026-06-10T10:59:16+00:00,4306550166,XRP,,2,0,0.291244,-0.40188985000000005,5,,1,,4,,0,376.10499999999996,7528.400174,0,3
2026-06-10T11:00:18+00:00,5693279219,SOL,,2,-5.07,5.576243,0.10340621900000002,9,,4,,5,,63.35925313283207,3365.2065600000005,7528.400174,1593.68,3
2026-06-10T11:00:18+00:00,5617871752,WLD,,2,1108,14.505011,0.6706319000000001,24,,15,,9,,0.490463003,5615.485199999999,7528.400174,0,3
2026-06-10T11:00:18+00:00,4306550166,XRP,,2,0,0.291244,-0.40188985000000005,5,,1,,4,,0,376.10499999999996,7528.400174,0,3
2026-06-10T11:01:17+00:00,5693279219,SOL,,2,-5.07,5.576243,0.10340621900000002,9,,4,,5,,63.35925313283207,3365.2065600000005,7528.400174,1593.79,3
2026-06-10T11:01:17+00:00,5617871752,WLD,,2,1108,14.505011,0.6706319000000001,24,,15,,9,,0.490463003,5615.485199999999,7528.400174,0,3
2026-06-10T11:01:17+00:00,4306550166,XRP,,2,0,0.291244,-0.40188985000000005,5,,1,,4,,0,376.10499999999996,7528.400174,0,3
2026-06-10T11:02:17+00:00,5693279219,SOL,,2,-5.07,5.576243,0.2557043539999997,9,,4,,5,,63.35925313283207,3365.2065600000005,7528.348588,1593.46,3
2026-06-10T11:02:17+00:00,5617871752,WLD,,2,1108,14.505011,0.6706319000000001,24,,15,,9,,0.490463003,5615.485199999999,7528.400174,0,3
2026-06-10T11:02:17+00:00,4306550166,XRP,,2,0,0.291244,-0.42587305000000003,5,,1,,4,,0,376.10499999999996,7528.348588,0,3
2026-06-10T11:03:17+00:00,5693279219,SOL,,2,-5.07,5.576243,0.2557043539999997,9,,4,,5,,63.35925313283207,3365.2065600000005,7528.348588,1594.17,3
2026-06-10T11:03:17+00:00,5617871752,WLD,,2,808,15.271533,4.1768874799999995,24,,16,,8,,0.490463003,5763.745199999999,7528.348588,0,3
2026-06-10T11:03:17+00:00,4306550166,XRP,,2,0,0.291244,-0.42587305000000003,5,,1,,4,,0,376.10499999999996,7528.348588,0,3
2026-06-10T11:04:17+00:00,5693279219,SOL,,2,-5.07,5.576243,0.2557043539999997,9,,4,,5,,63.35925313283207,3365.2065600000005,7528.348588,1594.88,3
2026-06-10T11:04:17+00:00,5617871752,WLD,,2,808,15.271533,4.1768874799999995,24,,16,,8,,0.490463003,5763.745199999999,7528.348588,0,3
2026-06-10T11:04:17+00:00,4306550166,XRP,,2,0,0.291244,-0.42587305000000003,5,,1,,4,,0,376.10499999999996,7528.348588,0,3
2026-06-10T11:05:17+00:00,5693279219,SOL,,2,11.66,7.531176,-2.597199590999999,11,,5,,6,,63.3055261223,4422.58326,7532.214989,0,3
2026-06-10T11:05:17+00:00,5617871752,WLD,,2,1603,15.808882,-4.493237364999999,26,,17,,9,,0.4903568974,6153.493199999999,7532.214989,0,3
2026-06-10T11:05:17+00:00,4306550166,XRP,,2,0,0.291244,-0.42587305000000003,5,,1,,4,,0,376.10499999999996,7528.348588,0,3
2026-06-10T11:06:17+00:00,5693279219,SOL,,2,11.66,7.531176,-2.597199590999999,11,,5,,6,,63.3055261223,4422.58326,7532.214989,0,3
2026-06-10T11:06:17+00:00,5617871752,WLD,,2,1603,15.808882,-4.493237364999999,26,,17,,9,,0.4903568974,6153.493199999999,7532.214989,0,3
2026-06-10T11:06:17+00:00,4306550166,XRP,,2,0,0.291244,-0.42587305000000003,5,,1,,4,,0,376.10499999999996,7528.348588,0,3
2026-06-10T11:07:17+00:00,5693279219,SOL,,2,14.66,8.56855,-2.092493631,11,,6,,5,,63.2348181846,4611.46326,7532.214989,0,3
2026-06-10T11:07:17+00:00,5617871752,WLD,,2,1603,15.808882,-4.493237364999999,26,,17,,9,,0.4903568974,6153.493199999999,7532.214989,0,3
2026-06-10T11:07:17+00:00,4306550166,XRP,,2,0,0.291244,-0.42587305000000003,5,,1,,4,,0,376.10499999999996,7528.348588,0,3
2026-06-10T11:08:17+00:00,5693279219,SOL,,2,14.66,8.56855,-2.092493631,11,,6,,5,,63.2348181846,4611.46326,7532.214989,0,3
2026-06-10T11:08:17+00:00,5617871752,WLD,,2,1603,15.808882,-4.493237364999999,26,,17,,9,,0.4903568974,6153.493199999999,7532.214989,0,3
2026-06-10T11:08:17+00:00,4306550166,XRP,,2,0,0.291244,-0.42587305000000003,5,,1,,4,,0,376.10499999999996,7528.348588,0,3
2026-06-10T11:09:17+00:00,5693279219,SOL,,2,14.66,8.56855,-2.092493631,11,,6,,5,,63.2348181846,4611.46326,7532.214989,0,3
2026-06-10T11:09:17+00:00,5617871752,WLD,,2,1603,15.808882,-4.493237364999999,26,,17,,9,,0.4903568974,6153.493199999999,7532.214989,0,3
2026-06-10T11:09:17+00:00,4306550166,XRP,,2,0,0.291244,-0.42587305000000003,5,,1,,4,,0,376.10499999999996,7528.348588,0,3
2026-06-10T11:10:17+00:00,5693279219,SOL,,2,14.66,8.56855,-2.092493631,11,,6,,5,,63.2348181846,4611.46326,7532.214989,0,3
2026-06-10T11:10:17+00:00,5617871752,WLD,,2,1603,15.808882,-4.493237364999999,26,,17,,9,,0.4903568974,6153.493199999999,7532.214989,0,3
2026-06-10T11:10:17+00:00,4306550166,XRP,,2,0,0.291244,-0.42587305000000003,5,,1,,4,,0,376.10499999999996,7528.348588,0,3
2026-06-10T11:11:17+00:00,5693279219,SOL,,2,11.66,8.56855,3.105836299,12,,6,,6,,63.2348181846,4801.36326,7533.72786,0,3
2026-06-10T11:11:17+00:00,5617871752,WLD,,2,1603,15.808882,-4.493237364999999,26,,17,,9,,0.4903568974,6153.493199999999,7532.214989,0,3
2026-06-10T11:11:17+00:00,4306550166,XRP,,2,0,0.291244,-0.42587305000000003,5,,1,,4,,0,376.10499999999996,7528.348588,0,3
2026-06-10T11:12:17+00:00,5693279219,SOL,,2,11.66,8.56855,3.105836299,12,,6,,6,,63.2348181846,4801.36326,7533.72786,0,3
2026-06-10T11:12:17+00:00,5617871752,WLD,,2,1903,15.808882,-11.233113539999998,27,,17,,10,,0.4931382588,6305.8931999999995,7533.72786,0,3
2026-06-10T11:12:17+00:00,4306550166,XRP,,2,0,0.291244,-0.43749924999999995,5,,1,,4,,0,376.10499999999996,7533.72786,0,3
2026-06-10T11:13:17+00:00,5693279219,SOL,,2,11.66,8.56855,3.105836299,12,,6,,6,,63.2348181846,4801.36326,7533.72786,0,3
2026-06-10T11:13:17+00:00,5617871752,WLD,,2,1903,15.808882,-11.233113539999998,27,,17,,10,,0.4931382588,6305.8931999999995,7533.72786,0,3
2026-06-10T11:13:17+00:00,4306550166,XRP,,2,0,0.291244,-0.43749924999999995,5,,1,,4,,0,376.10499999999996,7533.72786,0,3
2026-06-10T11:14:18+00:00,5693279219,SOL,,2,11.66,8.56855,3.105836299,12,,6,,6,,63.2348181846,4801.36326,7533.72786,0,3
2026-06-10T11:14:18+00:00,5617871752,WLD,,2,1903,15.808882,-11.233113539999998,27,,17,,10,,0.4931382588,6305.8931999999995,7533.72786,0,3
2026-06-10T11:14:18+00:00,4306550166,XRP,,2,0,0.291244,-0.43749924999999995,5,,1,,4,,0,376.10499999999996,7533.72786,0,3
2026-06-10T11:15:18+00:00,5693279219,SOL,,2,11.66,8.56855,3.105836299,12,,6,,6,,63.2348181846,4801.36326,7533.72786,0,3
2026-06-10T11:15:18+00:00,5617871752,WLD,,2,1903,15.808882,-11.233113539999998,27,,17,,10,,0.4931382588,6305.8931999999995,7533.72786,0,3
2026-06-10T11:15:18+00:00,4306550166,XRP,,2,0,0.291244,-0.43749924999999995,5,,1,,4,,0,376.10499999999996,7533.72786,0,3
2026-06-10T11:16:18+00:00,5693279219,SOL,,2,11.66,8.56855,3.105836299,12,,6,,6,,63.2348181846,4801.36326,7533.72786,0,3
2026-06-10T11:16:18+00:00,5617871752,WLD,,2,1903,15.808882,-11.233113539999998,27,,17,,10,,0.4931382588,6305.8931999999995,7533.72786,0,3
2026-06-10T11:16:18+00:00,4306550166,XRP,,2,0,0.291244,-0.43749924999999995,5,,1,,4,,0,376.10499999999996,7533.72786,0,3
2026-06-10T11:17:18+00:00,5693279219,SOL,,2,11.66,8.56855,3.105836299,12,,6,,6,,63.2348181846,4801.36326,7533.72786,0,3
2026-06-10T11:17:18+00:00,5617871752,WLD,,2,1903,15.808882,-11.233113539999998,27,,17,,10,,0.4931382588,6305.8931999999995,7533.72786,0,3
2026-06-10T11:17:18+00:00,4306550166,XRP,,2,0,0.291244,-0.43749924999999995,5,,1,,4,,0,376.10499999999996,7533.72786,0,3
2026-06-10T11:18:18+00:00,5693279219,SOL,,2,11.66,8.56855,3.105836299,12,,6,,6,,63.2348181846,4801.36326,7533.72786,0,3
2026-06-10T11:18:18+00:00,5617871752,WLD,,2,1708,15.808882,-27.7404990385,28,,17,,11,,0.4931382588,6396.610709999999,7534.020637,0,3
2026-06-10T11:18:18+00:00,4306550166,XRP,,2,0,0.291244,-0.43749924999999995,5,,1,,4,,0,376.10499999999996,7533.72786,0,3
2026-06-10T11:19:18+00:00,5693279219,SOL,,2,11.66,8.56855,3.105836299,12,,6,,6,,63.2348181846,4801.36326,7533.72786,0,3
2026-06-10T11:19:18+00:00,5617871752,WLD,,2,1455,15.808882,-68.7121039076,29,,17,,12,,0.4931382588,6516.1385359999995,7534.020637,0,3
2026-06-10T11:19:18+00:00,4306550166,XRP,,2,0,0.291244,-0.43749924999999995,5,,1,,4,,0,376.10499999999996,7533.72786,0,3
2026-06-10T11:20:18+00:00,5693279219,SOL,,2,11.66,8.56855,3.105836299,12,,6,,6,,63.2348181846,4801.36326,7533.72786,0,3
2026-06-10T11:20:18+00:00,5617871752,WLD,,2,1605,16.192510000000002,-66.0904339176,29,,18,,11,,0.4926393561,6589.308536,7534.020637,0,3
2026-06-10T11:20:18+00:00,4306550166,XRP,,2,0,0.291244,-0.43749924999999995,5,,1,,4,,0,376.10499999999996,7533.72786,0,3
2026-06-10T11:21:19+00:00,5693279219,SOL,,2,5.07,10.715101,5.177083174000001,12,,7,,5,,63.2348181846,5219.36696,7523.112065,0,3
2026-06-10T11:21:19+00:00,5617871752,WLD,,2,1605,16.192510000000002,-66.0904339176,29,,18,,11,,0.4926393561,6589.308536,7534.020637,0,3
2026-06-10T11:21:19+00:00,4306550166,XRP,,2,0,0.291244,-0.43749924999999995,5,,1,,4,,0,376.10499999999996,7533.72786,0,3
2026-06-10T11:22:19+00:00,5693279219,SOL,,2,5.07,10.715101,5.177083174000001,12,,7,,5,,63.2348181846,5219.36696,7523.112065,0,3
2026-06-10T11:22:19+00:00,5617871752,WLD,,2,1605,16.192510000000002,-66.0904339176,29,,18,,11,,0.4926393561,6589.308536,7534.020637,0,3
2026-06-10T11:22:19+00:00,4306550166,XRP,,2,0,0.291244,-0.42553705000000003,5,,1,,4,,0,376.10499999999996,7523.112065,0,3
2026-06-10T11:23:19+00:00,5693279219,SOL,,2,5.07,10.715101,5.177083174000001,12,,7,,5,,63.2348181846,5219.36696,7523.112065,0,3
2026-06-10T11:23:19+00:00,5617871752,WLD,,2,1605,16.192510000000002,-66.0904339176,29,,18,,11,,0.4926393561,6589.308536,7534.020637,0,3
2026-06-10T11:23:19+00:00,4306550166,XRP,,2,0,0.291244,-0.42553705000000003,5,,1,,4,,0,376.10499999999996,7523.112065,0,3
2026-06-10T11:24:19+00:00,5693279219,SOL,,2,5.07,10.715101,5.177083174000001,12,,7,,5,,63.2348181846,5219.36696,7523.112065,0,3
2026-06-10T11:24:19+00:00,5617871752,WLD,,2,1605,16.192510000000002,-66.0904339176,29,,18,,11,,0.4926393561,6589.308536,7534.020637,0,3
2026-06-10T11:24:19+00:00,4306550166,XRP,,2,0,0.291244,-0.42553705000000003,5,,1,,4,,0,376.10499999999996,7523.112065,0,3
2026-06-10T11:25:19+00:00,5693279219,SOL,,2,5.07,10.715101,5.177083174000001,12,,7,,5,,63.2348181846,5219.36696,7523.112065,0,3
2026-06-10T11:25:19+00:00,5617871752,WLD,,2,1455,16.192510000000002,-18.435458987599997,30,,18,,12,,0.4926393561,6662.448536,7523.112065,0,3
2026-06-10T11:25:19+00:00,4306550166,XRP,,2,0,0.291244,-0.42553705000000003,5,,1,,4,,0,376.10499999999996,7523.112065,0,3
2026-06-10T11:26:19+00:00,5693279219,SOL,,2,11.66,10.715101,2.443891784,13,,7,,6,,63.1529698281,5635.13006,7524.305714,0,3
2026-06-10T11:26:19+00:00,5617871752,WLD,,2,1155,16.192510000000002,-22.344473937599997,31,,18,,13,,0.4926393561,6808.128536,7524.305714,0,3
2026-06-10T11:26:19+00:00,4306550166,XRP,,2,0,0.291244,-0.42553705000000003,5,,1,,4,,0,376.10499999999996,7523.112065,0,3
2026-06-10T11:27:19+00:00,5693279219,SOL,,2,11.66,10.715101,2.443891784,13,,7,,6,,63.1529698281,5635.13006,7524.305714,0,3
2026-06-10T11:27:19+00:00,5617871752,WLD,,2,1155,16.192510000000002,-22.344473937599997,31,,18,,13,,0.4926393561,6808.128536,7524.305714,0,3
2026-06-10T11:27:19+00:00,4306550166,XRP,,2,0,0.291244,-0.42553705000000003,5,,1,,4,,0,376.10499999999996,7523.112065,0,3
2026-06-10T11:28:19+00:00,5693279219,SOL,,2,11.66,10.715101,2.443891784,13,,7,,6,,63.1529698281,5635.13006,7524.305714,0,3
2026-06-10T11:28:19+00:00,5617871752,WLD,,2,1155,16.192510000000002,-22.344473937599997,31,,18,,13,,0.4926393561,6808.128536,7524.305714,0,3
2026-06-10T11:28:19+00:00,4306550166,XRP,,2,0,0.291244,-0.42553705000000003,5,,1,,4,,0,376.10499999999996,7523.112065,0,3
2026-06-10T11:29:19+00:00,5693279219,SOL,,2,11.66,10.715101,2.443891784,13,,7,,6,,63.1529698281,5635.13006,7524.305714,0,3
2026-06-10T11:29:19+00:00,5617871752,WLD,,2,855,16.192510000000002,-16.229757107599998,32,,18,,14,,0.4926393561,6955.3085360000005,7526.311552,0,3
2026-06-10T11:29:19+00:00,4306550166,XRP,,2,0,0.291244,-0.42553705000000003,5,,1,,4,,0,376.10499999999996,7523.112065,0,3
2026-06-10T11:30:19+00:00,5693279219,SOL,,2,11.66,10.715101,2.443891784,13,,7,,6,,63.1529698281,5635.13006,7524.305714,0,3
2026-06-10T11:30:19+00:00,5617871752,WLD,,2,855,16.192510000000002,-16.229757107599998,32,,18,,14,,0.4926393561,6955.3085360000005,7526.311552,0,3
2026-06-10T11:30:19+00:00,4306550166,XRP,,2,0,0.291244,-0.42553705000000003,5,,1,,4,,0,376.10499999999996,7523.112065,0,3
2026-06-10T11:31:19+00:00,5693279219,SOL,,2,11.66,10.715101,2.443891784,13,,7,,6,,63.1529698281,5635.13006,7524.305714,0,3
2026-06-10T11:31:19+00:00,5617871752,WLD,,2,855,16.192510000000002,-16.229757107599998,32,,18,,14,,0.4926393561,6955.3085360000005,7526.311552,0,3
2026-06-10T11:31:19+00:00,4306550166,XRP,,2,0,0.291244,-0.42553705000000003,5,,1,,4,,0,376.10499999999996,7523.112065,0,3
2026-06-10T11:32:19+00:00,5693279219,SOL,,2,11.66,10.715101,2.443891784,13,,7,,6,,63.1529698281,5635.13006,7524.305714,0,3
2026-06-10T11:32:19+00:00,5617871752,WLD,,2,855,16.192510000000002,-16.229757107599998,32,,18,,14,,0.4926393561,6955.3085360000005,7526.311552,0,3
2026-06-10T11:32:19+00:00,4306550166,XRP,,2,0,0.291244,-0.38927245000000005,5,,1,,4,,0,376.10499999999996,7526.311552,0,3
2026-06-10T11:33:19+00:00,5693279219,SOL,,2,11.66,10.715101,2.443891784,13,,7,,6,,63.1529698281,5635.13006,7524.305714,0,3
2026-06-10T11:33:19+00:00,5617871752,WLD,,2,855,16.192510000000002,-16.229757107599998,32,,18,,14,,0.4926393561,6955.3085360000005,7526.311552,0,3
2026-06-10T11:33:19+00:00,4306550166,XRP,,2,0,0.291244,-0.38927245000000005,5,,1,,4,,0,376.10499999999996,7526.311552,0,3
2026-06-10T11:34:19+00:00,5693279219,SOL,,2,11.66,10.715101,2.443891784,13,,7,,6,,63.1529698281,5635.13006,7524.305714,0,3
2026-06-10T11:34:19+00:00,5617871752,WLD,,2,855,16.192510000000002,-16.229757107599998,32,,18,,14,,0.4926393561,6955.3085360000005,7526.311552,0,3
2026-06-10T11:34:19+00:00,4306550166,XRP,,2,0,0.291244,-0.38927245000000005,5,,1,,4,,0,376.10499999999996,7526.311552,0,3
2026-06-10T11:35:19+00:00,5693279219,SOL,,2,11.66,10.715101,2.443891784,13,,7,,6,,63.1529698281,5635.13006,7524.305714,0,3
2026-06-10T11:35:19+00:00,5617871752,WLD,,2,1455,17.049820000000004,-23.1464853026,33,,19,,14,,0.4903138484,7247.508535999999,7525.648232,0,3
2026-06-10T11:35:19+00:00,4306550166,XRP,,2,0,0.291244,-0.38927245000000005,5,,1,,4,,0,376.10499999999996,7526.311552,0,3
2026-06-10T11:36:20+00:00,5693279219,SOL,,2,11.66,10.715101,4.748160254000001,13,,7,,6,,63.1529698281,5635.13006,7525.648232,0,3
2026-06-10T11:36:20+00:00,5617871752,WLD,,2,2505,19.615152000000002,-39.6019326026,34,,22,,12,,0.4870924748,7754.268536,7525.648232,0,3
2026-06-10T11:36:20+00:00,4306550166,XRP,,2,0,0.291244,-0.38927245000000005,5,,1,,4,,0,376.10499999999996,7526.311552,0,3
2026-06-10T11:37:20+00:00,5693279219,SOL,,2,11.66,10.715101,4.748160254000001,13,,7,,6,,63.1529698281,5635.13006,7525.648232,0,3
2026-06-10T11:37:20+00:00,5617871752,WLD,,2,2505,19.615152000000002,-39.6019326026,34,,22,,12,,0.4870924748,7754.268536,7525.648232,0,3
2026-06-10T11:37:20+00:00,4306550166,XRP,,2,0,0.291244,-0.38927245000000005,5,,1,,4,,0,376.10499999999996,7526.311552,0,3
2026-06-10T11:38:20+00:00,5693279219,SOL,,2,11.66,10.715101,4.748160254000001,13,,7,,6,,63.1529698281,5635.13006,7525.648232,0,3
2026-06-10T11:38:20+00:00,5617871752,WLD,,2,2805,19.615152000000002,-25.979473487599996,35,,22,,13,,0.4867296433,7899.378535999998,7525.368597,0,3
2026-06-10T11:38:20+00:00,4306550166,XRP,,2,0,0.291244,-0.38927245000000005,5,,1,,4,,0,376.10499999999996,7526.311552,0,3
2026-06-10T11:39:20+00:00,5693279219,SOL,,2,11.66,10.715101,4.748160254000001,13,,7,,6,,63.1529698281,5635.13006,7525.648232,0,3
2026-06-10T11:39:20+00:00,5617871752,WLD,,2,2805,19.615152000000002,-25.979473487599996,35,,22,,13,,0.4867296433,7899.378535999998,7525.368597,0,3
2026-06-10T11:39:20+00:00,4306550166,XRP,,2,0,0.291244,-0.38927245000000005,5,,1,,4,,0,376.10499999999996,7526.311552,0,3
2026-06-10T11:40:20+00:00,5693279219,SOL,,2,11.66,10.715101,4.748160254000001,13,,7,,6,,63.1529698281,5635.13006,7525.648232,0,3
2026-06-10T11:40:20+00:00,5617871752,WLD,,2,2655,19.615152000000002,-23.9821139476,36,,22,,14,,0.4867296433,7971.858535999998,7525.368597,0,3
2026-06-10T11:40:20+00:00,4306550166,XRP,,2,0,0.291244,-0.38927245000000005,5,,1,,4,,0,376.10499999999996,7526.311552,0,3
2026-06-10T11:41:20+00:00,5693279219,SOL,,2,11.66,10.715101,5.5637364840000005,13,,7,,6,,63.1529698281,5635.13006,7524.762994,0,3
2026-06-10T11:41:20+00:00,5617871752,WLD,,2,2655,19.615152000000002,-22.7151088026,36,,22,,14,,0.4867296433,7971.858535999998,7525.368597,0,3
2026-06-10T11:41:20+00:00,4306550166,XRP,,2,0,0.291244,-0.40127664999999996,5,,1,,4,,0,376.10499999999996,7524.762994,0,3
2026-06-10T11:42:20+00:00,5693279219,SOL,,2,11.66,10.715101,5.796758264000001,13,,7,,6,,63.1529698281,5635.13006,7524.762994,0,3
2026-06-10T11:42:20+00:00,5617871752,WLD,,2,2055,20.323816,-17.7634957876,37,,23,,14,,0.4867296433,8262.828535999999,7524.762994,0,3
2026-06-10T11:42:20+00:00,4306550166,XRP,,2,0,0.291244,-0.40127664999999996,5,,1,,4,,0,376.10499999999996,7524.762994,0,3
2026-06-10T11:43:20+00:00,5693279219,SOL,,2,11.66,10.715101,5.796758264000001,13,,7,,6,,63.1529698281,5635.13006,7524.762994,0,3
2026-06-10T11:43:20+00:00,5617871752,WLD,,2,2055,20.323816,-17.7634957876,37,,23,,14,,0.4867296433,8262.828535999999,7524.762994,0,3
2026-06-10T11:43:20+00:00,4306550166,XRP,,2,0,0.291244,-0.40127664999999996,5,,1,,4,,0,376.10499999999996,7524.762994,0,3
2026-06-10T11:44:20+00:00,5693279219,SOL,,2,11.66,10.715101,5.796758264000001,13,,7,,6,,63.1529698281,5635.13006,7524.762994,0,3
2026-06-10T11:44:20+00:00,5617871752,WLD,,2,2055,20.323816,-17.7634957876,37,,23,,14,,0.4867296433,8262.828535999999,7524.762994,0,3
2026-06-10T11:44:20+00:00,4306550166,XRP,,2,0,0.291244,-0.40127664999999996,5,,1,,4,,0,376.10499999999996,7524.762994,0,3
2026-06-10T11:45:20+00:00,5693279219,SOL,,2,11.66,10.715101,5.796758264000001,13,,7,,6,,63.1529698281,5635.13006,7524.762994,0,3
2026-06-10T11:45:20+00:00,5617871752,WLD,,2,2055,20.323816,-17.7634957876,37,,23,,14,,0.4867296433,8262.828535999999,7524.762994,0,3
2026-06-10T11:45:20+00:00,4306550166,XRP,,2,0,0.291244,-0.40127664999999996,5,,1,,4,,0,376.10499999999996,7524.762994,0,3
2026-06-10T11:46:21+00:00,5693279219,SOL,,2,11.66,10.715101,5.796758264000001,13,,7,,6,,63.1529698281,5635.13006,7524.762994,0,3
2026-06-10T11:46:21+00:00,5617871752,WLD,,2,1755,21.121923000000002,-15.9666145626,37,,24,,13,,0.4867296433,8408.838536,7523.593369,0,3
2026-06-10T11:46:21+00:00,4306550166,XRP,,2,0,0.291244,-0.40127664999999996,5,,1,,4,,0,376.10499999999996,7524.762994,0,3
2026-06-10T11:47:21+00:00,5693279219,SOL,,2,5.07,12.861514,7.544422189,13,,8,,5,,63.1529698281,6053.331460000001,7523.593369,0,3
2026-06-10T11:47:21+00:00,5617871752,WLD,,2,1755,21.121923000000002,-15.9666145626,37,,24,,13,,0.4867296433,8408.838536,7523.593369,0,3
2026-06-10T11:47:21+00:00,4306550166,XRP,,2,0,0.291244,-0.40127664999999996,5,,1,,4,,0,376.10499999999996,7524.762994,0,3
2026-06-10T11:48:21+00:00,5693279219,SOL,,2,5.07,12.861514,7.544422189,13,,8,,5,,63.1529698281,6053.331460000001,7523.593369,0,3
2026-06-10T11:48:21+00:00,5617871752,WLD,,2,1455,21.121923000000002,-13.512046482599999,38,,24,,14,,0.4867296433,8555.388535999999,7523.593369,0,3
2026-06-10T11:48:21+00:00,4306550166,XRP,,2,0,0.291244,-0.40127664999999996,5,,1,,4,,0,376.10499999999996,7524.762994,0,3
2026-06-10T11:49:21+00:00,5693279219,SOL,,2,5.07,12.861514,7.544422189,13,,8,,5,,63.1529698281,6053.331460000001,7523.593369,0,3
2026-06-10T11:49:21+00:00,5617871752,WLD,,2,1455,21.121923000000002,-13.512046482599999,38,,24,,14,,0.4867296433,8555.388535999999,7523.593369,0,3
2026-06-10T11:49:21+00:00,4306550166,XRP,,2,0,0.291244,-0.40127664999999996,5,,1,,4,,0,376.10499999999996,7524.762994,0,3
2026-06-10T11:50:21+00:00,5693279219,SOL,,2,5.07,12.861514,7.544422189,13,,8,,5,,63.1529698281,6053.331460000001,7523.593369,0,3
2026-06-10T11:50:21+00:00,5617871752,WLD,,2,1455,21.121923000000002,-13.512046482599999,38,,24,,14,,0.4867296433,8555.388535999999,7523.593369,0,3
2026-06-10T11:50:21+00:00,4306550166,XRP,,2,0,0.291244,-0.40127664999999996,5,,1,,4,,0,376.10499999999996,7524.762994,0,3
2026-06-10T11:51:21+00:00,5693279219,SOL,,2,5.07,12.861514,7.544422189,13,,8,,5,,63.1529698281,6053.331460000001,7523.593369,0,3
2026-06-10T11:51:21+00:00,5617871752,WLD,,2,1455,21.121923000000002,-13.512046482599999,38,,24,,14,,0.4867296433,8555.388535999999,7523.593369,0,3
2026-06-10T11:51:21+00:00,4306550166,XRP,,2,0,0.291244,-0.41349085,5,,1,,4,,0,376.10499999999996,7526.281252,0,3
2026-06-10T11:52:21+00:00,5693279219,SOL,,2,5.07,12.861514,7.544422189,13,,8,,5,,63.1529698281,6053.331460000001,7523.593369,0,3
2026-06-10T11:52:21+00:00,5617871752,WLD,,2,1455,21.121923000000002,-13.512046482599999,38,,24,,14,,0.4867296433,8555.388535999999,7523.593369,0,3
2026-06-10T11:52:21+00:00,4306550166,XRP,,2,0,0.291244,-0.41349085,5,,1,,4,,0,376.10499999999996,7526.281252,0,3
2026-06-10T11:53:21+00:00,5693279219,SOL,,2,5.07,12.861514,7.544422189,13,,8,,5,,63.1529698281,6053.331460000001,7523.593369,0,3
2026-06-10T11:53:21+00:00,5617871752,WLD,,2,1455,21.121923000000002,-13.512046482599999,38,,24,,14,,0.4867296433,8555.388535999999,7523.593369,0,3
2026-06-10T11:53:21+00:00,4306550166,XRP,,2,0,0.291244,-0.41349085,5,,1,,4,,0,376.10499999999996,7526.281252,0,3
2026-06-10T11:54:21+00:00,5693279219,SOL,,2,5.07,12.861514,7.544422189,13,,8,,5,,63.1529698281,6053.331460000001,7523.593369,0,3
2026-06-10T11:54:21+00:00,5617871752,WLD,,2,1455,21.121923000000002,-13.512046482599999,38,,24,,14,,0.4867296433,8555.388535999999,7523.593369,0,3
2026-06-10T11:54:21+00:00,4306550166,XRP,,2,0,0.291244,-0.41349085,5,,1,,4,,0,376.10499999999996,7526.281252,0,3
2026-06-10T11:55:21+00:00,5693279219,SOL,,2,5.07,12.861514,7.544422189,13,,8,,5,,63.1529698281,6053.331460000001,7523.593369,0,3
2026-06-10T11:55:21+00:00,5617871752,WLD,,2,1455,21.121923000000002,-13.512046482599999,38,,24,,14,,0.4867296433,8555.388535999999,7523.593369,0,3
2026-06-10T11:55:21+00:00,4306550166,XRP,,2,0,0.291244,-0.41349085,5,,1,,4,,0,376.10499999999996,7526.281252,0,3
2026-06-10T11:56:21+00:00,5693279219,SOL,,2,5.07,12.861514,7.544422189,13,,8,,5,,63.1529698281,6053.331460000001,7523.593369,0,3
2026-06-10T11:56:21+00:00,5617871752,WLD,,2,1455,21.121923000000002,-13.512046482599999,38,,24,,14,,0.4867296433,8555.388535999999,7523.593369,0,3
2026-06-10T11:56:21+00:00,4306550166,XRP,,2,0,0.291244,-0.41349085,5,,1,,4,,0,376.10499999999996,7526.281252,0,3
2026-06-10T11:57:21+00:00,5693279219,SOL,,2,5.07,12.861514,7.544422189,13,,8,,5,,63.1529698281,6053.331460000001,7526.281252,0,3
2026-06-10T11:57:21+00:00,5617871752,WLD,,2,1455,21.121923000000002,-13.512046482599999,38,,24,,14,,0.4867296433,8555.388535999999,7523.593369,0,3
2026-06-10T11:57:21+00:00,4306550166,XRP,,2,0,0.291244,-0.41349085,5,,1,,4,,0,376.10499999999996,7526.281252,0,3
2026-06-10T11:58:21+00:00,5693279219,SOL,,2,5.07,12.861514,7.544422189,13,,8,,5,,63.1529698281,6053.331460000001,7526.281252,0,3
2026-06-10T11:58:21+00:00,5617871752,WLD,,2,1455,21.121923000000002,-16.684557927599997,38,,24,,14,,0.4867296433,8555.388535999999,7526.281252,0,3
2026-06-10T11:58:21+00:00,4306550166,XRP,,2,0,0.291244,-0.41349085,5,,1,,4,,0,376.10499999999996,7526.281252,0,3
2026-06-10T11:59:22+00:00,5693279219,SOL,,2,5.07,12.861514,7.544422189,13,,8,,5,,63.1529698281,6053.331460000001,7526.281252,0,3
2026-06-10T11:59:22+00:00,5617871752,WLD,,2,1455,21.121923000000002,-16.684557927599997,38,,24,,14,,0.4867296433,8555.388535999999,7526.281252,0,3
2026-06-10T11:59:22+00:00,4306550166,XRP,,2,0,0.291244,-0.41349085,5,,1,,4,,0,376.10499999999996,7526.281252,0,3
2026-06-10T12:00:22+00:00,5693279219,SOL,,2,5.07,12.861514,7.544422189,13,,8,,5,,63.1529698281,6053.331460000001,7526.281252,0,3
2026-06-10T12:00:22+00:00,5617871752,WLD,,2,1455,21.121923000000002,-16.684557927599997,38,,24,,14,,0.4867296433,8555.388535999999,7526.281252,0,3
2026-06-10T12:00:22+00:00,4306550166,XRP,,2,0,0.291244,-0.41349085,5,,1,,4,,0,376.10499999999996,7526.281252,0,3
2026-06-10T12:01:22+00:00,5693279219,SOL,,2,5.07,12.861514,7.544422189,13,,8,,5,,63.1529698281,6053.331460000001,7526.281252,0,3
2026-06-10T12:01:22+00:00,5617871752,WLD,,2,1455,21.121923000000002,-16.684557927599997,38,,24,,14,,0.4867296433,8555.388535999999,7526.281252,0,3
2026-06-10T12:01:22+00:00,4306550166,XRP,,2,0,0.291244,-0.41327244999999996,5,,1,,4,,0,376.10499999999996,7526.278526,0,3
2026-06-10T12:02:22+00:00,5693279219,SOL,,2,5.07,12.861514,7.544422189,13,,8,,5,,63.1529698281,6053.331460000001,7526.281252,0,3
2026-06-10T12:02:22+00:00,5617871752,WLD,,2,1155,21.949411,-11.408138612600002,38,,25,,13,,0.4867296433,8702.298535999998,7526.278526,0,3
2026-06-10T12:02:22+00:00,4306550166,XRP,,2,0,0.291244,-0.41327244999999996,5,,1,,4,,0,376.10499999999996,7526.278526,0,3
2026-06-10T12:03:22+00:00,5693279219,SOL,,2,5.07,12.861514,7.544422189,13,,8,,5,,63.1529698281,6053.331460000001,7526.281252,0,3
2026-06-10T12:03:22+00:00,5617871752,WLD,,2,1155,21.949411,-11.408138612600002,38,,25,,13,,0.4867296433,8702.298535999998,7526.278526,0,3
2026-06-10T12:03:22+00:00,4306550166,XRP,,2,0,0.291244,-0.41327244999999996,5,,1,,4,,0,376.10499999999996,7526.278526,0,3
2026-06-10T12:04:22+00:00,5693279219,SOL,,2,5.07,12.861514,7.544422189,13,,8,,5,,63.1529698281,6053.331460000001,7526.281252,0,3
2026-06-10T12:04:22+00:00,5617871752,WLD,,2,1155,21.949411,-11.408138612600002,38,,25,,13,,0.4867296433,8702.298535999998,7526.278526,0,3
2026-06-10T12:04:22+00:00,4306550166,XRP,,2,0,0.291244,-0.41327244999999996,5,,1,,4,,0,376.10499999999996,7526.278526,0,3
2026-06-10T12:05:22+00:00,5693279219,SOL,,2,5.07,12.861514,7.544422189,13,,8,,5,,63.1529698281,6053.331460000001,7526.281252,0,3
2026-06-10T12:05:22+00:00,5617871752,WLD,,2,1155,21.949411,-11.408138612600002,38,,25,,13,,0.4867296433,8702.298535999998,7526.278526,0,3
2026-06-10T12:05:22+00:00,4306550166,XRP,,2,0,0.291244,-0.41327244999999996,5,,1,,4,,0,376.10499999999996,7526.278526,0,3
2026-06-10T12:06:22+00:00,5693279219,SOL,,2,5.07,12.861514,7.544422189,13,,8,,5,,63.1529698281,6053.331460000001,7526.281252,0,3
2026-06-10T12:06:22+00:00,5617871752,WLD,,2,1155,21.949411,-11.408138612600002,38,,25,,13,,0.4867296433,8702.298535999998,7526.278526,0,3
2026-06-10T12:06:22+00:00,4306550166,XRP,,2,0,0.291244,-0.41327244999999996,5,,1,,4,,0,376.10499999999996,7526.278526,0,3
2026-06-10T12:07:22+00:00,5693279219,SOL,,2,5.07,12.861514,7.608909709,13,,8,,5,,63.1529698281,6053.331460000001,7527.118215,0,3
2026-06-10T12:07:22+00:00,5617871752,WLD,,2,1155,21.949411,-11.408138612600002,38,,25,,13,,0.4867296433,8702.298535999998,7526.278526,0,3
2026-06-10T12:07:22+00:00,4306550166,XRP,,2,0,0.291244,-0.41327244999999996,5,,1,,4,,0,376.10499999999996,7526.278526,0,3
2026-06-10T12:08:22+00:00,5693279219,SOL,,2,5.07,12.861514,7.608909709,13,,8,,5,,63.1529698281,6053.331460000001,7527.118215,0,3
2026-06-10T12:08:22+00:00,5617871752,WLD,,2,1155,21.949411,-11.408138612600002,38,,25,,13,,0.4867296433,8702.298535999998,7526.278526,0,3
2026-06-10T12:08:22+00:00,4306550166,XRP,,2,0,0.291244,-0.41327244999999996,5,,1,,4,,0,376.10499999999996,7526.278526,0,3
2026-06-10T12:09:22+00:00,5693279219,SOL,,2,5.07,12.861514,7.608909709,13,,8,,5,,63.1529698281,6053.331460000001,7527.118215,0,3
2026-06-10T12:09:22+00:00,5617871752,WLD,,2,1155,21.949411,-11.408138612600002,38,,25,,13,,0.4867296433,8702.298535999998,7526.278526,0,3
2026-06-10T12:09:22+00:00,4306550166,XRP,,2,0,0.291244,-0.41327244999999996,5,,1,,4,,0,376.10499999999996,7526.278526,0,3
2026-06-10T12:10:22+00:00,5693279219,SOL,,2,5.07,12.861514,7.608909709,13,,8,,5,,63.1529698281,6053.331460000001,7527.118215,0,3
2026-06-10T12:10:22+00:00,5617871752,WLD,,2,1155,21.949411,-11.408138612600002,38,,25,,13,,0.4867296433,8702.298535999998,7526.278526,0,3
2026-06-10T12:10:22+00:00,4306550166,XRP,,2,0,0.291244,-0.41327244999999996,5,,1,,4,,0,376.10499999999996,7526.278526,0,3
2026-06-10T12:11:22+00:00,5693279219,SOL,,2,5.07,12.861514,7.608909709,13,,8,,5,,63.1529698281,6053.331460000001,7527.118215,0,3
2026-06-10T12:11:22+00:00,5617871752,WLD,,2,1155,21.949411,-11.408138612600002,38,,25,,13,,0.4867296433,8702.298535999998,7526.278526,0,3
2026-06-10T12:11:22+00:00,4306550166,XRP,,2,0,0.291244,-0.42541104999999996,5,,1,,4,,0,376.10499999999996,7527.118215,0,3
2026-06-10T12:12:22+00:00,5693279219,SOL,,2,5.07,12.861514,7.608909709,13,,8,,5,,63.1529698281,6053.331460000001,7527.118215,0,3
2026-06-10T12:12:22+00:00,5617871752,WLD,,2,1155,21.949411,-14.190554417600001,38,,25,,13,,0.4867296433,8702.298535999998,7527.118215,0,3
2026-06-10T12:12:22+00:00,4306550166,XRP,,2,0,0.291244,-0.42541104999999996,5,,1,,4,,0,376.10499999999996,7527.118215,0,3
2026-06-10T12:13:23+00:00,5693279219,SOL,,2,5.07,12.861514,7.608909709,13,,8,,5,,63.1529698281,6053.331460000001,7527.118215,0,3
2026-06-10T12:13:23+00:00,5617871752,WLD,,2,855,21.949411,-9.7900294576,39,,25,,14,,0.4867296433,8849.718535999998,7527.118215,0,3
2026-06-10T12:13:23+00:00,4306550166,XRP,,2,0,0.291244,-0.42541104999999996,5,,1,,4,,0,376.10499999999996,7527.118215,0,3
2026-06-10T12:14:23+00:00,5693279219,SOL,,2,5.07,12.861514,7.608909709,13,,8,,5,,63.1529698281,6053.331460000001,7527.118215,0,3
2026-06-10T12:14:23+00:00,5617871752,WLD,,2,555,22.746426,-9.812761672599997,39,,26,,13,,0.4867296433,8997.288535999998,7527.118215,0,3
2026-06-10T12:14:23+00:00,4306550166,XRP,,2,0,0.291244,-0.42541104999999996,5,,1,,4,,0,376.10499999999996,7527.118215,0,3
2026-06-10T12:15:23+00:00,5693279219,SOL,,2,5.07,12.861514,7.608909709,13,,8,,5,,63.1529698281,6053.331460000001,7527.118215,0,3
2026-06-10T12:15:23+00:00,5617871752,WLD,,2,555,22.746426,-9.812761672599997,39,,26,,13,,0.4867296433,8997.288535999998,7527.118215,0,3
2026-06-10T12:15:23+00:00,4306550166,XRP,,2,0,0.291244,-0.42541104999999996,5,,1,,4,,0,376.10499999999996,7527.118215,0,3
2026-06-10T12:16:23+00:00,5693279219,SOL,,2,5.07,12.861514,7.608909709,13,,8,,5,,63.1529698281,6053.331460000001,7527.118215,0,3
2026-06-10T12:16:23+00:00,5617871752,WLD,,2,555,22.746426,-9.812761672599997,39,,26,,13,,0.4867296433,8997.288535999998,7527.118215,0,3
2026-06-10T12:16:23+00:00,4306550166,XRP,,2,0,0.291244,-0.42541104999999996,5,,1,,4,,0,376.10499999999996,7527.118215,0,3
2026-06-10T12:17:23+00:00,5693279219,SOL,,2,5.07,12.861514,7.443154279,13,,8,,5,,63.1529698281,6053.331460000001,7527.118215,0,3
2026-06-10T12:17:23+00:00,5617871752,WLD,,2,555,22.746426,-9.812761672599997,39,,26,,13,,0.4867296433,8997.288535999998,7527.118215,0,3
2026-06-10T12:17:23+00:00,4306550166,XRP,,2,0,0.291244,-0.42541104999999996,5,,1,,4,,0,376.10499999999996,7527.118215,0,3
2026-06-10T12:18:23+00:00,5693279219,SOL,,2,5.07,12.861514,7.443154279,13,,8,,5,,63.1529698281,6053.331460000001,7527.118215,0,3
2026-06-10T12:18:23+00:00,5617871752,WLD,,2,555,22.746426,-9.812761672599997,39,,26,,13,,0.4867296433,8997.288535999998,7527.118215,0,3
2026-06-10T12:18:23+00:00,4306550166,XRP,,2,0,0.291244,-0.42541104999999996,5,,1,,4,,0,376.10499999999996,7527.118215,0,3
2026-06-10T12:19:23+00:00,5693279219,SOL,,2,5.07,12.861514,7.443154279,13,,8,,5,,63.1529698281,6053.331460000001,7527.118215,0,3
2026-06-10T12:19:23+00:00,5617871752,WLD,,2,555,22.746426,-10.438169252599998,39,,26,,13,,0.4867296433,8997.288535999998,7529.967183,0,3
2026-06-10T12:19:23+00:00,4306550166,XRP,,2,0,0.291244,-0.42541104999999996,5,,1,,4,,0,376.10499999999996,7527.118215,0,3
2026-06-10T12:20:23+00:00,5693279219,SOL,,2,5.07,12.861514,7.443154279,13,,8,,5,,63.1529698281,6053.331460000001,7527.118215,0,3
2026-06-10T12:20:23+00:00,5617871752,WLD,,2,555,22.746426,-10.438169252599998,39,,26,,13,,0.4867296433,8997.288535999998,7529.967183,0,3
2026-06-10T12:20:23+00:00,4306550166,XRP,,2,0,0.291244,-0.42541104999999996,5,,1,,4,,0,376.10499999999996,7527.118215,0,3
2026-06-10T12:21:23+00:00,5693279219,SOL,,2,5.07,12.861514,7.443154279,13,,8,,5,,63.1529698281,6053.331460000001,7527.118215,0,3
2026-06-10T12:21:23+00:00,5617871752,WLD,,2,555,22.746426,-10.438169252599998,39,,26,,13,,0.4867296433,8997.288535999998,7529.967183,0,3
2026-06-10T12:21:23+00:00,4306550166,XRP,,2,0,0.291244,-0.43729765000000004,5,,1,,4,,0,376.10499999999996,7529.967183,0,3
2026-06-10T12:22:23+00:00,5693279219,SOL,,2,5.07,12.861514,7.443154279,13,,8,,5,,63.1529698281,6053.331460000001,7527.118215,0,3
2026-06-10T12:22:23+00:00,5617871752,WLD,,2,555,22.746426,-10.438169252599998,39,,26,,13,,0.4867296433,8997.288535999998,7529.967183,0,3
2026-06-10T12:22:23+00:00,4306550166,XRP,,2,0,0.291244,-0.43729765000000004,5,,1,,4,,0,376.10499999999996,7529.967183,0,3
2026-06-10T12:23:23+00:00,5693279219,SOL,,2,5.07,12.861514,7.443154279,13,,8,,5,,63.1529698281,6053.331460000001,7527.118215,0,3
2026-06-10T12:23:23+00:00,5617871752,WLD,,2,555,22.746426,-10.438169252599998,39,,26,,13,,0.4867296433,8997.288535999998,7529.967183,0,3
2026-06-10T12:23:23+00:00,4306550166,XRP,,2,0,0.291244,-0.43729765000000004,5,,1,,4,,0,376.10499999999996,7529.967183,0,3
2026-06-10T12:24:23+00:00,5693279219,SOL,,2,5.07,12.861514,7.443154279,13,,8,,5,,63.1529698281,6053.331460000001,7527.118215,0,3
2026-06-10T12:24:23+00:00,5617871752,WLD,,2,555,22.746426,-10.438169252599998,39,,26,,13,,0.4867296433,8997.288535999998,7529.967183,0,3
2026-06-10T12:24:23+00:00,4306550166,XRP,,2,0,0.291244,-0.43729765000000004,5,,1,,4,,0,376.10499999999996,7529.967183,0,3
2026-06-10T12:25:24+00:00,5693279219,SOL,,2,5.07,12.861514,7.443154279,13,,8,,5,,63.1529698281,6053.331460000001,7527.118215,0,3
2026-06-10T12:25:24+00:00,5617871752,WLD,,2,555,22.746426,-10.438169252599998,39,,26,,13,,0.4867296433,8997.288535999998,7529.967183,0,3
2026-06-10T12:25:24+00:00,4306550166,XRP,,2,0,0.291244,-0.43729765000000004,5,,1,,4,,0,376.10499999999996,7529.967183,0,3
2026-06-10T12:26:24+00:00,5693279219,SOL,,2,5.07,12.861514,7.443154279,13,,8,,5,,63.1529698281,6053.331460000001,7527.118215,0,3
2026-06-10T12:26:24+00:00,5617871752,WLD,,2,555,22.746426,-10.438169252599998,39,,26,,13,,0.4867296433,8997.288535999998,7529.967183,0,3
2026-06-10T12:26:24+00:00,4306550166,XRP,,2,0,0.291244,-0.43729765000000004,5,,1,,4,,0,376.10499999999996,7529.967183,0,3
2026-06-10T12:27:24+00:00,5693279219,SOL,,2,5.07,12.861514,7.153204113999999,13,,8,,5,,63.1529698281,6053.331460000001,7529.967183,0,3
2026-06-10T12:27:24+00:00,5617871752,WLD,,2,555,22.746426,-10.438169252599998,39,,26,,13,,0.4867296433,8997.288535999998,7529.967183,0,3
2026-06-10T12:27:24+00:00,4306550166,XRP,,2,0,0.291244,-0.43729765000000004,5,,1,,4,,0,376.10499999999996,7529.967183,0,3
2026-06-10T12:28:24+00:00,5693279219,SOL,,2,5.07,12.861514,7.153204113999999,13,,8,,5,,63.1529698281,6053.331460000001,7529.967183,0,3
2026-06-10T12:28:24+00:00,5617871752,WLD,,2,-45,23.542894999999998,-8.627091652600004,40,,27,,13,,0.4945,9293.988535999999,7529.967183,173.3227,3
2026-06-10T12:28:24+00:00,4306550166,XRP,,2,0,0.291244,-0.43729765000000004,5,,1,,4,,0,376.10499999999996,7529.967183,0,3
2026-06-10T12:29:24+00:00,5693279219,SOL,,2,5.07,12.861514,7.153204113999999,13,,8,,5,,63.1529698281,6053.331460000001,7529.967183,0,3
2026-06-10T12:29:24+00:00,5617871752,WLD,,2,-45,23.542894999999998,-8.627091652600004,40,,27,,13,,0.4945,9293.988535999999,7529.967183,173.3202,3
2026-06-10T12:29:24+00:00,4306550166,XRP,,2,0,0.291244,-0.43729765000000004,5,,1,,4,,0,376.10499999999996,7529.967183,0,3
2026-06-10T12:30:24+00:00,5693279219,SOL,,2,-6.59,14.613258,-4.507975977799999,16,,9,,7,,63.5540082758,7445.024208000001,7534.175887,730.42,3
2026-06-10T12:30:24+00:00,5617871752,WLD,,2,-1498,26.36209,-20.1819008176,42,,30,,12,,0.4997775701,10020.402836,7534.175887,12.5425,3
2026-06-10T12:30:24+00:00,4306550166,XRP,,2,-97,0.591995,-2.2276870210000004,7,,2,,5,,1.1090135729,640.1501,7534.175887,112.1153,3
2026-06-10T12:31:24+00:00,5693279219,SOL,,2,-22.05,17.267974000000002,-5.7813697977999965,17,,11,,6,,63.9988804779,8437.378608000003,7534.175887,415.06,3
2026-06-10T12:31:24+00:00,5617871752,WLD,,2,-2398,27.71022,-24.816393497600004,43,,32,,11,,0.5019628023,10475.442835999998,7534.175887,3.7326,3
2026-06-10T12:31:24+00:00,4306550166,XRP,,2,-147,0.8829980000000001,-2.1111645759999997,7,,3,,4,,1.1119001127,696.0251,7534.175887,53.7206,3
2026-06-10T12:32:24+00:00,5693279219,SOL,,2,-22.05,17.267974000000002,-5.7813697977999965,17,,11,,6,,63.9988804779,8437.378608000003,7534.175887,415.43,3
2026-06-10T12:32:24+00:00,5617871752,WLD,,2,-2248,27.71022,-15.018322187599999,44,,32,,12,,0.5019628023,10551.177835999999,7534.175887,3.9512,3
2026-06-10T12:32:24+00:00,4306550166,XRP,,2,-97,0.8829980000000001,-1.183577776,8,,3,,5,,1.1119001127,751.7201,7534.175887,80.9825,3
2026-06-10T12:33:24+00:00,5693279219,SOL,,2,-22.05,17.267974000000002,-5.7813697977999965,17,,11,,6,,63.9988804779,8437.378608000003,7534.175887,414.79,3
2026-06-10T12:33:24+00:00,5617871752,WLD,,2,-3298,29.050000999999998,-37.32030641760001,46,,34,,12,,0.5045716736,11086.842835999998,7530.567465,3.087,3
2026-06-10T12:33:24+00:00,4306550166,XRP,,2,-284,1.1339100000000002,-2.4063204959999998,9,,4,,5,,1.1161676441,960.8574,7530.567465,80.7809,3
2026-06-10T12:34:25+00:00,5693279219,SOL,,2,-33.18,17.267974000000002,-8.650439372799998,18,,11,,7,,64.1871041151,9155.931408000002,7530.567465,296.61,3
2026-06-10T12:34:25+00:00,5617871752,WLD,,2,-3198,29.050000999999998,-42.12511293760001,47,,34,,13,,0.5045716736,11138.332835999998,7530.567465,2.921,3
2026-06-10T12:34:25+00:00,4306550166,XRP,,2,-284,1.1339100000000002,-2.4063204959999998,9,,4,,5,,1.1161676441,960.8574,7530.567465,28.2394,3
2026-06-10T12:35:25+00:00,5693279219,SOL,,2,-33.18,17.267974000000002,-8.650439372799998,18,,11,,7,,64.1871041151,9155.931408000002,7530.567465,296.95,3
2026-06-10T12:35:25+00:00,5617871752,WLD,,2,-3068,29.050000999999998,-29.5237954876,48,,34,,14,,0.5045716736,11204.749835999999,7530.567465,3.0255,3
2026-06-10T12:35:25+00:00,4306550166,XRP,,2,-284,1.1339100000000002,-2.4063204959999998,9,,4,,5,,1.1161676441,960.8574,7530.567465,28.2962,3
2026-06-10T12:36:25+00:00,5693279219,SOL,,2,-22.05,21.218546000000003,4.751814862200003,18,,12,,6,,64.1871041151,9870.032208000002,7530.567465,414.71,3
2026-06-10T12:36:25+00:00,5617871752,WLD,,2,-2768,29.992932,-21.044898297600003,48,,35,,13,,0.5045716736,11357.179836,7530.567465,3.3021,3
2026-06-10T12:36:25+00:00,4306550166,XRP,,2,-284,1.1339100000000002,-2.4063204959999998,9,,4,,5,,1.1161676441,960.8574,7530.567465,28.3331,3
2026-06-10T12:37:25+00:00,5693279219,SOL,,2,-22.05,21.218546000000003,4.751814862200003,18,,12,,6,,64.1871041151,9870.032208000002,7530.567465,414.5,3
2026-06-10T12:37:25+00:00,5617871752,WLD,,2,-2768,29.992932,-21.044898297600003,48,,35,,13,,0.5045716736,11357.179836,7530.567465,3.3001,3
2026-06-10T12:37:25+00:00,4306550166,XRP,,2,-284,1.1339100000000002,-2.4063204959999998,9,,4,,5,,1.1161676441,960.8574,7530.567465,28.3056,3
2026-06-10T12:38:25+00:00,5693279219,SOL,,2,-22.05,21.218546000000003,4.751814862200003,18,,12,,6,,64.1871041151,9870.032208000002,7530.567465,414.79,3
2026-06-10T12:38:25+00:00,5617871752,WLD,,2,-2768,29.992932,-21.044898297600003,48,,35,,13,,0.5045716736,11357.179836,7530.567465,3.3007,3
2026-06-10T12:38:25+00:00,4306550166,XRP,,2,-284,1.1339100000000002,-2.4063204959999998,9,,4,,5,,1.1161676441,960.8574,7530.567465,28.3299,3
2026-06-10T12:39:25+00:00,5693279219,SOL,,2,-22.05,21.218546000000003,4.751814862200003,18,,12,,6,,64.1871041151,9870.032208000002,7530.567465,414.52,3
2026-06-10T12:39:25+00:00,5617871752,WLD,,2,-2768,29.992932,-21.044898297600003,48,,35,,13,,0.5045716736,11357.179836,7530.567465,3.2996,3
2026-06-10T12:39:25+00:00,4306550166,XRP,,2,-284,1.1339100000000002,-2.4063204959999998,9,,4,,5,,1.1161676441,960.8574,7530.567465,28.315,3
2026-06-10T12:40:25+00:00,5693279219,SOL,,2,-22.05,21.218546000000003,4.751814862200003,18,,12,,6,,64.1871041151,9870.032208000002,7530.567465,414.54,3
2026-06-10T12:40:25+00:00,5617871752,WLD,,2,-2768,29.992932,-21.044898297600003,48,,35,,13,,0.5045716736,11357.179836,7530.567465,3.3008,3
2026-06-10T12:40:25+00:00,4306550166,XRP,,2,-284,1.1339100000000002,-2.4063204959999998,9,,4,,5,,1.1161676441,960.8574,7530.567465,28.3116,3
2026-06-10T12:41:26+00:00,5693279219,SOL,,2,-22.05,21.218546000000003,4.751814862200003,18,,12,,6,,64.1871041151,9870.032208000002,7530.567465,414.7,3
2026-06-10T12:41:26+00:00,5617871752,WLD,,2,-2768,29.992932,-21.044898297600003,48,,35,,13,,0.5045716736,11357.179836,7530.567465,3.3015,3
2026-06-10T12:41:26+00:00,4306550166,XRP,,2,-284,1.1339100000000002,-2.4063204959999998,9,,4,,5,,1.1161676441,960.8574,7530.567465,28.3272,3
2026-06-10T12:42:25+00:00,5693279219,SOL,,2,-22.05,21.218546000000003,4.751814862200003,18,,12,,6,,64.1871041151,9870.032208000002,7530.567465,414.52,3
2026-06-10T12:42:25+00:00,5617871752,WLD,,2,-2768,29.992932,-21.044898297600003,48,,35,,13,,0.5045716736,11357.179836,7530.567465,3.3002,3
2026-06-10T12:42:25+00:00,4306550166,XRP,,2,-284,1.1339100000000002,-2.4063204959999998,9,,4,,5,,1.1161676441,960.8574,7530.567465,28.3058,3
2026-06-10T12:43:26+00:00,5693279219,SOL,,2,-22.05,21.218546000000003,4.751814862200003,18,,12,,6,,64.1871041151,9870.032208000002,7530.567465,414.57,3
2026-06-10T12:43:26+00:00,5617871752,WLD,,2,-2768,29.992932,-21.044898297600003,48,,35,,13,,0.5045716736,11357.179836,7530.567465,3.3011,3
2026-06-10T12:43:26+00:00,4306550166,XRP,,2,-284,1.1339100000000002,-1.7107938759999999,9,,4,,5,,1.1161676441,960.8574,7527.678502,28.3132,3
2026-06-10T12:44:26+00:00,5693279219,SOL,,2,-22.05,21.218546000000003,4.751814862200003,18,,12,,6,,64.1871041151,9870.032208000002,7530.567465,414.46,3
2026-06-10T12:44:26+00:00,5617871752,WLD,,2,-2768,29.992932,-21.044898297600003,48,,35,,13,,0.5045716736,11357.179836,7530.567465,3.3016,3
2026-06-10T12:44:26+00:00,4306550166,XRP,,2,-284,1.1339100000000002,-1.7107938759999999,9,,4,,5,,1.1161676441,960.8574,7527.678502,28.3082,3
2026-06-10T12:45:26+00:00,5693279219,SOL,,2,-22.05,21.218546000000003,4.751814862200003,18,,12,,6,,64.1871041151,9870.032208000002,7530.567465,414.29,3
2026-06-10T12:45:26+00:00,5617871752,WLD,,2,-2768,29.992932,-21.044898297600003,48,,35,,13,,0.5045716736,11357.179836,7530.567465,3.3007,3
2026-06-10T12:45:26+00:00,4306550166,XRP,,2,-284,1.1339100000000002,-1.7107938759999999,9,,4,,5,,1.1161676441,960.8574,7527.678502,28.29,3
2026-06-10T12:46:26+00:00,5693279219,SOL,,2,-22.05,21.218546000000003,3.8335969122000044,18,,12,,6,,64.1871041151,9870.032208000002,7527.678502,414.06,3
2026-06-10T12:46:26+00:00,5617871752,WLD,,2,-2899,29.992932,-44.0982663776,50,,35,,15,,0.5053371553,11598.137636,7527.678502,3.0274,3
2026-06-10T12:46:26+00:00,4306550166,XRP,,2,-284,1.1339100000000002,-1.7107938759999999,9,,4,,5,,1.1161676441,960.8574,7527.678502,28.2725,3
2026-06-10T12:47:26+00:00,5693279219,SOL,,2,-22.05,21.218546000000003,3.8335969122000044,18,,12,,6,,64.1871041151,9870.032208000002,7527.678502,414.04,3
2026-06-10T12:47:26+00:00,5617871752,WLD,,2,-3029,30.440267,-45.5744044526,50,,36,,14,,0.5057389941,11665.048636,7527.678502,3.0595,3
2026-06-10T12:47:26+00:00,4306550166,XRP,,2,-284,1.1339100000000002,-1.7107938759999999,9,,4,,5,,1.1161676441,960.8574,7527.678502,28.2696,3
2026-06-10T12:48:26+00:00,5693279219,SOL,,2,-22.05,21.218546000000003,3.8335969122000044,18,,12,,6,,64.1871041151,9870.032208000002,7527.678502,414.25,3
2026-06-10T12:48:26+00:00,5617871752,WLD,,2,-3029,30.440267,-45.5744044526,50,,36,,14,,0.5057389941,11665.048636,7527.678502,3.0588,3
2026-06-10T12:48:26+00:00,4306550166,XRP,,2,-284,1.1339100000000002,-1.7107938759999999,9,,4,,5,,1.1161676441,960.8574,7527.678502,28.2847,3
2026-06-10T12:49:26+00:00,5693279219,SOL,,2,-22.05,21.218546000000003,3.8335969122000044,18,,12,,6,,64.1871041151,9870.032208000002,7527.678502,414.11,3
2026-06-10T12:49:26+00:00,5617871752,WLD,,2,-3029,30.440267,-45.5744044526,50,,36,,14,,0.5057389941,11665.048636,7527.678502,3.0585,3
2026-06-10T12:49:26+00:00,4306550166,XRP,,2,-284,1.1339100000000002,-1.7107938759999999,9,,4,,5,,1.1161676441,960.8574,7527.678502,28.27,3
2026-06-10T12:50:26+00:00,5693279219,SOL,,2,-22.05,21.218546000000003,3.8335969122000044,18,,12,,6,,64.1871041151,9870.032208000002,7527.678502,413.85,3
2026-06-10T12:50:26+00:00,5617871752,WLD,,2,-3029,30.440267,-45.5744044526,50,,36,,14,,0.5057389941,11665.048636,7527.678502,3.0586,3
2026-06-10T12:50:26+00:00,4306550166,XRP,,2,-284,1.1339100000000002,-1.7107938759999999,9,,4,,5,,1.1161676441,960.8574,7527.678502,28.2498,3
2026-06-10T12:51:27+00:00,5693279219,SOL,,2,-22.05,21.218546000000003,3.8335969122000044,18,,12,,6,,64.1871041151,9870.032208000002,7527.678502,414.15,3
2026-06-10T12:51:27+00:00,5617871752,WLD,,2,-3029,30.440267,-45.5744044526,50,,36,,14,,0.5057389941,11665.048636,7527.678502,3.0595,3
2026-06-10T12:51:27+00:00,4306550166,XRP,,2,-284,1.1339100000000002,-1.7107938759999999,9,,4,,5,,1.1161676441,960.8574,7527.678502,28.2802,3
2026-06-10T12:52:27+00:00,5693279219,SOL,,2,-22.05,21.218546000000003,3.8335969122000044,18,,12,,6,,64.1871041151,9870.032208000002,7527.678502,414,3
2026-06-10T12:52:27+00:00,5617871752,WLD,,2,-3029,30.440267,-45.5744044526,50,,36,,14,,0.5057389941,11665.048636,7527.678502,3.059,3
2026-06-10T12:52:27+00:00,4306550166,XRP,,2,-284,1.1339100000000002,-1.7107938759999999,9,,4,,5,,1.1161676441,960.8574,7527.678502,28.265,3
2026-06-10T12:53:27+00:00,5693279219,SOL,,2,-22.05,21.218546000000003,3.8335969122000044,18,,12,,6,,64.1871041151,9870.032208000002,7527.678502,414.16,3
2026-06-10T12:53:27+00:00,5617871752,WLD,,2,-3029,30.440267,-45.5744044526,50,,36,,14,,0.5057389941,11665.048636,7527.678502,3.0595,3
2026-06-10T12:53:27+00:00,4306550166,XRP,,2,-284,1.1339100000000002,-2.1794264159999996,9,,4,,5,,1.1161676441,960.8574,7525.67444,28.2807,3
2026-06-10T12:54:27+00:00,5693279219,SOL,,2,-22.05,21.218546000000003,3.8335969122000044,18,,12,,6,,64.1871041151,9870.032208000002,7527.678502,414.29,3
2026-06-10T12:54:27+00:00,5617871752,WLD,,2,-3029,30.440267,-45.5744044526,50,,36,,14,,0.5057389941,11665.048636,7527.678502,3.0593,3
2026-06-10T12:54:27+00:00,4306550166,XRP,,2,-284,1.1339100000000002,-2.1794264159999996,9,,4,,5,,1.1161676441,960.8574,7525.67444,28.2892,3
2026-06-10T12:55:27+00:00,5693279219,SOL,,2,-22.05,21.218546000000003,3.8335969122000044,18,,12,,6,,64.1871041151,9870.032208000002,7527.678502,414.49,3
2026-06-10T12:55:27+00:00,5617871752,WLD,,2,-2899,30.440267,-32.4030629526,51,,36,,15,,0.5057389941,11731.608635999999,7525.67444,3.1746,3
2026-06-10T12:55:27+00:00,4306550166,XRP,,2,-284,1.1339100000000002,-2.1794264159999996,9,,4,,5,,1.1161676441,960.8574,7525.67444,28.3088,3
2026-06-10T12:56:27+00:00,5693279219,SOL,,2,-22.05,21.218546000000003,3.8335969122000044,18,,12,,6,,64.1871041151,9870.032208000002,7525.67444,414.63,3
2026-06-10T12:56:27+00:00,5617871752,WLD,,2,-2899,30.440267,-32.4030629526,51,,36,,15,,0.5057389941,11731.608635999999,7525.67444,3.1748,3
2026-06-10T12:56:27+00:00,4306550166,XRP,,2,-284,1.1339100000000002,-2.1794264159999996,9,,4,,5,,1.1161676441,960.8574,7525.67444,28.3211,3
2026-06-10T12:57:27+00:00,5693279219,SOL,,2,-22.05,21.218546000000003,3.8335969122000044,18,,12,,6,,64.1871041151,9870.032208000002,7525.67444,414.47,3
2026-06-10T12:57:27+00:00,5617871752,WLD,,2,-2899,30.440267,-32.4030629526,51,,36,,15,,0.5057389941,11731.608635999999,7525.67444,3.1742,3
2026-06-10T12:57:27+00:00,4306550166,XRP,,2,-284,1.1339100000000002,-2.1794264159999996,9,,4,,5,,1.1161676441,960.8574,7525.67444,28.3058,3
2026-06-10T12:58:27+00:00,5693279219,SOL,,2,-22.05,21.218546000000003,3.8335969122000044,18,,12,,6,,64.1871041151,9870.032208000002,7525.67444,414.5,3
2026-06-10T12:58:27+00:00,5617871752,WLD,,2,-2899,30.440267,-29.3722837476,51,,36,,15,,0.5057389941,11731.608635999999,7524.837213,3.1746,3
2026-06-10T12:58:27+00:00,4306550166,XRP,,2,-284,1.1339100000000002,-2.1794264159999996,9,,4,,5,,1.1161676441,960.8574,7525.67444,28.3089,3
2026-06-10T12:59:27+00:00,5693279219,SOL,,2,-22.05,21.218546000000003,3.8335969122000044,18,,12,,6,,64.1871041151,9870.032208000002,7525.67444,414.8,3
2026-06-10T12:59:27+00:00,5617871752,WLD,,2,-2899,30.440267,-29.3722837476,51,,36,,15,,0.5057389941,11731.608635999999,7524.837213,3.1758,3
2026-06-10T12:59:27+00:00,4306550166,XRP,,2,-284,1.1339100000000002,-2.1794264159999996,9,,4,,5,,1.1161676441,960.8574,7525.67444,28.3405,3
2026-06-10T13:00:29+00:00,5693279219,SOL,,2,-22.05,21.218546000000003,3.8335969122000044,18,,12,,6,,64.1871041151,9870.032208000002,7525.67444,414.87,3
2026-06-10T13:00:29+00:00,5617871752,WLD,,2,-2599,31.473062,-22.581949557599998,51,,37,,14,,0.5057389941,11884.188635999999,7524.837213,3.1766,3
2026-06-10T13:00:29+00:00,4306550166,XRP,,2,-284,1.1339100000000002,-2.1794264159999996,9,,4,,5,,1.1161676441,960.8574,7525.67444,28.3491,3
2026-06-10T13:01:28+00:00,5693279219,SOL,,2,-22.05,21.218546000000003,3.8335969122000044,18,,12,,6,,64.1871041151,9870.032208000002,7525.67444,414.94,3
2026-06-10T13:01:28+00:00,5617871752,WLD,,2,-2599,31.473062,-22.581949557599998,51,,37,,14,,0.5057389941,11884.188635999999,7524.837213,3.485,3
2026-06-10T13:01:28+00:00,4306550166,XRP,,2,-284,1.1339100000000002,-2.1794264159999996,9,,4,,5,,1.1161676441,960.8574,7525.67444,28.3534,3
2026-06-10T13:02:28+00:00,5693279219,SOL,,2,-22.05,21.218546000000003,3.8335969122000044,18,,12,,6,,64.1871041151,9870.032208000002,7525.67444,415.36,3
2026-06-10T13:02:28+00:00,5617871752,WLD,,2,-2380,31.473062,-20.6261026026,52,,37,,15,,0.5057389941,11995.374936,7524.323452,3.7607,3
2026-06-10T13:02:28+00:00,4306550166,XRP,,2,-284,1.1339100000000002,-2.1794264159999996,9,,4,,5,,1.1161676441,960.8574,7525.67444,28.3928,3
2026-06-10T13:03:28+00:00,5693279219,SOL,,2,-19.05,21.218546000000003,8.713330207200004,19,,12,,7,,64.1871041151,10062.002208000002,7524.323452,470.45,3
2026-06-10T13:03:28+00:00,5617871752,WLD,,2,-2380,31.473062,-20.6261026026,52,,37,,15,,0.5057389941,11995.374936,7524.323452,3.7608,3
2026-06-10T13:03:28+00:00,4306550166,XRP,,2,-284,1.1339100000000002,-2.1794264159999996,9,,4,,5,,1.1161676441,960.8574,7525.67444,28.3767,3
2026-06-10T13:04:28+00:00,5693279219,SOL,,2,-19.05,21.218546000000003,8.713330207200004,19,,12,,7,,64.1871041151,10062.002208000002,7524.323452,470.22,3
2026-06-10T13:04:28+00:00,5617871752,WLD,,2,-2380,31.473062,-20.6261026026,52,,37,,15,,0.5057389941,11995.374936,7524.323452,3.7612,3
2026-06-10T13:04:28+00:00,4306550166,XRP,,2,-284,1.1339100000000002,-1.0428328159999998,9,,4,,5,,1.1161676441,960.8574,7524.323452,28.3632,3
2026-06-10T13:05:28+00:00,5693279219,SOL,,2,-19.05,21.218546000000003,8.713330207200004,19,,12,,7,,64.1871041151,10062.002208000002,7524.323452,470.2,3
2026-06-10T13:05:28+00:00,5617871752,WLD,,2,-2380,31.473062,-20.6261026026,52,,37,,15,,0.5057389941,11995.374936,7524.323452,3.7604,3
2026-06-10T13:05:28+00:00,4306550166,XRP,,2,-284,1.1339100000000002,-1.0428328159999998,9,,4,,5,,1.1161676441,960.8574,7524.323452,28.3573,3
2026-06-10T13:06:28+00:00,5693279219,SOL,,2,-19.05,21.218546000000003,8.713330207200004,19,,12,,7,,64.1871041151,10062.002208000002,7524.323452,470.28,3
2026-06-10T13:06:28+00:00,5617871752,WLD,,2,-2380,31.473062,-20.6261026026,52,,37,,15,,0.5057389941,11995.374936,7524.323452,3.7596,3
2026-06-10T13:06:28+00:00,4306550166,XRP,,2,-284,1.1339100000000002,-1.0428328159999998,9,,4,,5,,1.1161676441,960.8574,7524.323452,28.359,3
2026-06-10T13:07:28+00:00,5693279219,SOL,,2,-19.05,21.218546000000003,8.713330207200004,19,,12,,7,,64.1871041151,10062.002208000002,7524.323452,470.41,3
2026-06-10T13:07:28+00:00,5617871752,WLD,,2,-2380,31.473062,-20.6261026026,52,,37,,15,,0.5057389941,11995.374936,7524.323452,3.7596,3
2026-06-10T13:07:28+00:00,4306550166,XRP,,2,-284,1.1339100000000002,-1.0428328159999998,9,,4,,5,,1.1161676441,960.8574,7524.323452,28.367,3
2026-06-10T13:08:28+00:00,5693279219,SOL,,2,-19.05,21.218546000000003,8.713330207200004,19,,12,,7,,64.1871041151,10062.002208000002,7524.323452,470.28,3
2026-06-10T13:08:28+00:00,5617871752,WLD,,2,-2380,31.473062,-20.6261026026,52,,37,,15,,0.5057389941,11995.374936,7524.323452,3.7594,3
2026-06-10T13:08:28+00:00,4306550166,XRP,,2,-284,1.1339100000000002,-1.0428328159999998,9,,4,,5,,1.1161676441,960.8574,7524.323452,28.3575,3
2026-06-10T13:09:29+00:00,5693279219,SOL,,2,-19.05,21.218546000000003,8.713330207200004,19,,12,,7,,64.1871041151,10062.002208000002,7524.323452,470.17,3
2026-06-10T13:09:29+00:00,5617871752,WLD,,2,-2380,31.473062,-20.6261026026,52,,37,,15,,0.5057389941,11995.374936,7524.323452,3.7594,3
2026-06-10T13:09:29+00:00,4306550166,XRP,,2,-284,1.1339100000000002,-1.0428328159999998,9,,4,,5,,1.1161676441,960.8574,7524.323452,28.3487,3
2026-06-10T13:10:29+00:00,5693279219,SOL,,2,-19.05,21.218546000000003,8.713330207200004,19,,12,,7,,64.1871041151,10062.002208000002,7524.323452,470.17,3
2026-06-10T13:10:29+00:00,5617871752,WLD,,2,-2380,31.473062,-20.6261026026,52,,37,,15,,0.5057389941,11995.374936,7524.323452,3.7593,3
2026-06-10T13:10:29+00:00,4306550166,XRP,,2,-284,1.1339100000000002,-1.0428328159999998,9,,4,,5,,1.1161676441,960.8574,7524.323452,28.3482,3
2026-06-10T13:11:29+00:00,5693279219,SOL,,2,-19.05,21.218546000000003,8.713330207200004,19,,12,,7,,64.1871041151,10062.002208000002,7524.323452,470.58,3
2026-06-10T13:11:29+00:00,5617871752,WLD,,2,-2380,31.473062,-20.6261026026,52,,37,,15,,0.5057389941,11995.374936,7524.323452,3.7597,3
2026-06-10T13:11:29+00:00,4306550166,XRP,,2,-284,1.1339100000000002,-1.0428328159999998,9,,4,,5,,1.1161676441,960.8574,7524.323452,28.3768,3
2026-06-10T13:12:29+00:00,5693279219,SOL,,2,-19.05,21.218546000000003,8.713330207200004,19,,12,,7,,64.1871041151,10062.002208000002,7524.323452,470.44,3
2026-06-10T13:12:29+00:00,5617871752,WLD,,2,-2380,31.473062,-20.635089522599998,52,,37,,15,,0.5057389941,11995.374936,7524.968121,3.7596,3
2026-06-10T13:12:29+00:00,4306550166,XRP,,2,-284,1.1339100000000002,-1.0428328159999998,9,,4,,5,,1.1161676441,960.8574,7524.323452,28.3675,3
2026-06-10T13:13:30+00:00,5693279219,SOL,,2,-19.05,21.218546000000003,5.091490072200003,19,,12,,7,,64.1871041151,10062.002208000002,7524.968121,470.31,3
2026-06-10T13:13:30+00:00,5617871752,WLD,,2,-2380,31.473062,-20.635089522599998,52,,37,,15,,0.5057389941,11995.374936,7524.968121,3.7592,3
2026-06-10T13:13:30+00:00,4306550166,XRP,,2,-284,1.1339100000000002,-1.0428328159999998,9,,4,,5,,1.1161676441,960.8574,7524.323452,28.356,3
2026-06-10T13:14:29+00:00,5693279219,SOL,,2,-19.05,21.218546000000003,5.091490072200003,19,,12,,7,,64.1871041151,10062.002208000002,7524.968121,470.33,3
2026-06-10T13:14:29+00:00,5617871752,WLD,,2,-2380,31.473062,-20.635089522599998,52,,37,,15,,0.5057389941,11995.374936,7524.968121,3.7601,3
2026-06-10T13:14:29+00:00,4306550166,XRP,,2,-284,1.1339100000000002,-1.5118899959999998,9,,4,,5,,1.1161676441,960.8574,7524.968121,28.3627,3
2026-06-10T13:15:29+00:00,5693279219,SOL,,2,-19.05,21.218546000000003,5.091490072200003,19,,12,,7,,64.1871041151,10062.002208000002,7524.968121,470.2,3
2026-06-10T13:15:29+00:00,5617871752,WLD,,2,-2599,32.183355999999996,-32.8323351826,52,,38,,14,,0.5062075821,12107.349635999999,7524.968121,3.7598,3
2026-06-10T13:15:29+00:00,4306550166,XRP,,2,-284,1.1339100000000002,-1.5118899959999998,9,,4,,5,,1.1161676441,960.8574,7524.968121,28.352,3
2026-06-10T13:16:29+00:00,5693279219,SOL,,2,-19.05,21.218546000000003,5.091490072200003,19,,12,,7,,64.1871041151,10062.002208000002,7524.968121,469.49,3
2026-06-10T13:16:29+00:00,5617871752,WLD,,2,-2899,32.183355999999996,-36.8906731426,53,,38,,15,,0.50690014,12261.219635999998,7524.968121,3.1774,3
2026-06-10T13:16:29+00:00,4306550166,XRP,,2,-284,1.1339100000000002,-1.5118899959999998,9,,4,,5,,1.1161676441,960.8574,7524.968121,28.3052,3
2026-06-10T13:17:29+00:00,5693279219,SOL,,2,-19.05,21.218546000000003,5.091490072200003,19,,12,,7,,64.1871041151,10062.002208000002,7524.968121,469.71,3
2026-06-10T13:17:29+00:00,5617871752,WLD,,2,-2899,32.183355999999996,-36.8906731426,53,,38,,15,,0.50690014,12261.219635999998,7524.968121,3.178,3
2026-06-10T13:17:29+00:00,4306550166,XRP,,2,-284,1.1339100000000002,-1.5118899959999998,9,,4,,5,,1.1161676441,960.8574,7524.968121,28.3213,3
2026-06-10T13:18:29+00:00,5693279219,SOL,,2,-19.05,21.218546000000003,5.091490072200003,19,,12,,7,,64.1871041151,10062.002208000002,7524.968121,469.69,3
2026-06-10T13:18:29+00:00,5617871752,WLD,,2,-2899,32.183355999999996,-36.8906731426,53,,38,,15,,0.50690014,12261.219635999998,7524.968121,3.1777,3
2026-06-10T13:18:29+00:00,4306550166,XRP,,2,-284,1.1339100000000002,-1.5118899959999998,9,,4,,5,,1.1161676441,960.8574,7524.968121,28.3199,3
2026-06-10T13:19:30+00:00,5693279219,SOL,,2,-19.05,21.218546000000003,5.091490072200003,19,,12,,7,,64.1871041151,10062.002208000002,7524.968121,470.16,3
2026-06-10T13:19:30+00:00,5617871752,WLD,,2,-2899,32.183355999999996,-36.8906731426,53,,38,,15,,0.50690014,12261.219635999998,7524.968121,3.178,3
2026-06-10T13:19:30+00:00,4306550166,XRP,,2,-284,1.1339100000000002,-1.5118899959999998,9,,4,,5,,1.1161676441,960.8574,7524.968121,28.3534,3
2026-06-10T13:20:30+00:00,5693279219,SOL,,2,-19.05,21.218546000000003,5.091490072200003,19,,12,,7,,64.1871041151,10062.002208000002,7524.968121,470.01,3
2026-06-10T13:20:30+00:00,5617871752,WLD,,2,-2899,32.183355999999996,-36.8906731426,53,,38,,15,,0.50690014,12261.219635999998,7524.968121,3.1778,3
2026-06-10T13:20:30+00:00,4306550166,XRP,,2,-284,1.1339100000000002,-1.5118899959999998,9,,4,,5,,1.1161676441,960.8574,7524.968121,28.3416,3
2026-06-10T13:21:30+00:00,5693279219,SOL,,2,-19.05,21.218546000000003,5.091490072200003,19,,12,,7,,64.1871041151,10062.002208000002,7524.968121,469.84,3
2026-06-10T13:21:30+00:00,5617871752,WLD,,2,-2899,32.183355999999996,-36.8906731426,53,,38,,15,,0.50690014,12261.219635999998,7524.968121,3.1775,3
2026-06-10T13:21:30+00:00,4306550166,XRP,,2,-284,1.1339100000000002,-1.5118899959999998,9,,4,,5,,1.1161676441,960.8574,7524.968121,28.3144,3
2026-06-10T13:22:30+00:00,5693279219,SOL,,2,-19.05,21.218546000000003,5.091490072200003,19,,12,,7,,64.1871041151,10062.002208000002,7524.968121,469.84,3
2026-06-10T13:22:30+00:00,5617871752,WLD,,2,-2899,32.183355999999996,-36.8906731426,53,,38,,15,,0.50690014,12261.219635999998,7524.968121,3.1775,3
2026-06-10T13:22:30+00:00,4306550166,XRP,,2,-284,1.1339100000000002,-1.5118899959999998,9,,4,,5,,1.1161676441,960.8574,7524.968121,28.327,3
2026-06-10T13:23:30+00:00,5693279219,SOL,,2,-19.05,21.218546000000003,5.472736402200004,19,,12,,7,,64.1871041151,10062.002208000002,7525.277886,469.69,3
2026-06-10T13:23:30+00:00,5617871752,WLD,,2,-2899,32.183355999999996,-36.8906731426,53,,38,,15,,0.50690014,12261.219635999998,7524.968121,3.1772,3
2026-06-10T13:23:30+00:00,4306550166,XRP,,2,-284,1.1339100000000002,-1.5118899959999998,9,,4,,5,,1.1161676441,960.8574,7524.968121,28.3139,3
2026-06-10T13:24:30+00:00,5693279219,SOL,,2,-19.05,21.218546000000003,5.472736402200004,19,,12,,7,,64.1871041151,10062.002208000002,7525.277886,469.68,3
2026-06-10T13:24:30+00:00,5617871752,WLD,,2,-2899,32.183355999999996,-36.8906731426,53,,38,,15,,0.50690014,12261.219635999998,7524.968121,3.177,3
2026-06-10T13:24:30+00:00,4306550166,XRP,,2,-284,1.1339100000000002,-1.4410652159999997,9,,4,,5,,1.1161676441,960.8574,7525.277886,28.3126,3
2026-06-10T13:25:30+00:00,5693279219,SOL,,2,-19.05,21.218546000000003,5.472736402200004,19,,12,,7,,64.1871041151,10062.002208000002,7525.277886,469.87,3
2026-06-10T13:25:30+00:00,5617871752,WLD,,2,-2899,32.183355999999996,-36.8906731426,53,,38,,15,,0.50690014,12261.219635999998,7524.968121,3.1775,3
2026-06-10T13:25:30+00:00,4306550166,XRP,,2,-284,1.1339100000000002,-1.4410652159999997,9,,4,,5,,1.1161676441,960.8574,7525.277886,28.3272,3
2026-06-10T13:26:30+00:00,5693279219,SOL,,2,-19.05,21.218546000000003,5.472736402200004,19,,12,,7,,64.1871041151,10062.002208000002,7525.277886,469.88,3
2026-06-10T13:26:30+00:00,5617871752,WLD,,2,-2899,32.183355999999996,-30.549912487600004,53,,38,,15,,0.50690014,12261.219635999998,7525.277886,3.1778,3
2026-06-10T13:26:30+00:00,4306550166,XRP,,2,-284,1.1339100000000002,-1.4410652159999997,9,,4,,5,,1.1161676441,960.8574,7525.277886,28.3288,3
2026-06-10T13:27:30+00:00,5693279219,SOL,,2,-19.05,21.218546000000003,5.472736402200004,19,,12,,7,,64.1871041151,10062.002208000002,7525.277886,469.76,3
2026-06-10T13:27:30+00:00,5617871752,WLD,,2,-2899,32.183355999999996,-30.549912487600004,53,,38,,15,,0.50690014,12261.219635999998,7525.277886,3.1779,3
2026-06-10T13:27:30+00:00,4306550166,XRP,,2,-284,1.1339100000000002,-1.4410652159999997,9,,4,,5,,1.1161676441,960.8574,7525.277886,28.3194,3
2026-06-10T13:28:30+00:00,5693279219,SOL,,2,-19.05,21.218546000000003,5.472736402200004,19,,12,,7,,64.1871041151,10062.002208000002,7525.277886,469.38,3
2026-06-10T13:28:30+00:00,5617871752,WLD,,2,-2899,32.183355999999996,-30.549912487600004,53,,38,,15,,0.50690014,12261.219635999998,7525.277886,3.1763,3
2026-06-10T13:28:30+00:00,4306550166,XRP,,2,-284,1.1339100000000002,-1.4410652159999997,9,,4,,5,,1.1161676441,960.8574,7525.277886,28.2858,3
2026-06-10T13:29:30+00:00,5693279219,SOL,,2,-22.05,22.223767000000002,0.8171076872000036,19,,13,,6,,64.211987909,10255.112208000002,7525.277886,414.36,3
2026-06-10T13:29:30+00:00,5617871752,WLD,,2,-2899,32.183355999999996,-30.549912487600004,53,,38,,15,,0.50690014,12261.219635999998,7525.277886,3.1758,3
2026-06-10T13:29:30+00:00,4306550166,XRP,,2,-284,1.1339100000000002,-1.4410652159999997,9,,4,,5,,1.1161676441,960.8574,7525.277886,28.2909,3
2026-06-10T13:30:31+00:00,5693279219,SOL,,2,-33.18,22.223767000000002,-4.697366672799998,20,,13,,7,,64.3186628509,10973.331108000002,7525.439123,296.71,3
2026-06-10T13:30:31+00:00,5617871752,WLD,,2,-3329,32.788478999999995,-54.785036767600005,55,,40,,15,,0.5084285522,12587.097635999999,7525.439123,2.7637,3
2026-06-10T13:30:31+00:00,4306550166,XRP,,2,-284,1.1339100000000002,-1.4410652159999997,9,,4,,5,,1.1161676441,960.8574,7525.277886,28.2712,3
2026-06-10T13:31:31+00:00,5693279219,SOL,,2,-30.18,22.223767000000002,-9.448554587799997,21,,13,,8,,64.3186628509,11167.551108000003,7525.439123,319.13,3
2026-06-10T13:31:31+00:00,5617871752,WLD,,2,-3329,32.788478999999995,-54.785036767600005,55,,40,,15,,0.5084285522,12587.097635999999,7525.439123,2.8252,3
2026-06-10T13:31:31+00:00,4306550166,XRP,,2,-426,1.1339100000000002,-4.1878665559999995,11,,4,,7,,1.1192462414,1232.8919999999998,7525.439123,19.1473,3
2026-06-10T13:32:31+00:00,5693279219,SOL,,2,-35.25,24.123937,-15.709183877799997,21,,14,,7,,64.3878934706,11496.087108000003,7525.439123,282.39,3
2026-06-10T13:32:31+00:00,5617871752,WLD,,2,-3329,32.788478999999995,-54.785036767600005,55,,40,,15,,0.5084285522,12587.097635999999,7525.439123,2.8236,3
2026-06-10T13:32:31+00:00,4306550166,XRP,,2,-496,1.5144380000000002,-4.900467265,11,,5,,6,,1.120171167,1311.6979999999999,7525.439123,16.5939,3
2026-06-10T13:33:31+00:00,5693279219,SOL,,2,-35.25,24.123937,-15.709183877799997,21,,14,,7,,64.3878934706,11496.087108000003,7525.439123,282.55,3
2026-06-10T13:33:31+00:00,5617871752,WLD,,2,-3329,32.788478999999995,-54.785036767600005,55,,40,,15,,0.5084285522,12587.097635999999,7525.439123,2.8244,3
2026-06-10T13:33:31+00:00,4306550166,XRP,,2,-496,1.5144380000000002,-4.900467265,11,,5,,6,,1.120171167,1311.6979999999999,7525.439123,16.6113,3
2026-06-10T13:34:31+00:00,5693279219,SOL,,2,-35.25,24.123937,-15.709183877799997,21,,14,,7,,64.3878934706,11496.087108000003,7525.439123,282.72,3
2026-06-10T13:34:31+00:00,5617871752,WLD,,2,-3329,32.788478999999995,-54.785036767600005,55,,40,,15,,0.5084285522,12587.097635999999,7525.439123,2.8248,3
2026-06-10T13:34:31+00:00,4306550166,XRP,,2,-496,1.5144380000000002,-4.900467265,11,,5,,6,,1.120171167,1311.6979999999999,7525.439123,16.6199,3
2026-06-10T13:35:31+00:00,5693279219,SOL,,2,-35.25,24.123937,-15.709183877799997,21,,14,,7,,64.3878934706,11496.087108000003,7525.439123,282.46,3
2026-06-10T13:35:31+00:00,5617871752,WLD,,2,-3329,32.788478999999995,-54.785036767600005,55,,40,,15,,0.5084285522,12587.097635999999,7525.439123,2.8225,3
2026-06-10T13:35:31+00:00,4306550166,XRP,,2,-496,1.5144380000000002,-4.900467265,11,,5,,6,,1.120171167,1311.6979999999999,7525.439123,16.5919,3
2026-06-10T13:36:31+00:00,5693279219,SOL,,2,-47.25,24.123937,-17.252634002799997,22,,14,,8,,64.5204919543,12275.007108000002,7521.861338,227.05,3
2026-06-10T13:36:31+00:00,5617871752,WLD,,2,-3329,32.788478999999995,-54.785036767600005,55,,40,,15,,0.5084285522,12587.097635999999,7525.439123,2.8182,3
2026-06-10T13:36:31+00:00,4306550166,XRP,,2,-496,1.5144380000000002,-4.900467265,11,,5,,6,,1.120171167,1311.6979999999999,7525.439123,16.5713,3
2026-06-10T13:37:32+00:00,5693279219,SOL,,2,-43.35,24.123937,-29.131705052799997,23,,14,,9,,64.5204919543,12528.897108000003,7521.861338,241.47,3
2026-06-10T13:37:32+00:00,5617871752,WLD,,2,-3329,32.788478999999995,-54.785036767600005,55,,40,,15,,0.5084285522,12587.097635999999,7525.439123,2.8132,3
2026-06-10T13:37:32+00:00,4306550166,XRP,,2,-496,1.5144380000000002,-4.900467265,11,,5,,6,,1.120171167,1311.6979999999999,7525.439123,16.5469,3
2026-06-10T13:38:31+00:00,5693279219,SOL,,2,-43.35,24.123937,-29.131705052799997,23,,14,,9,,64.5204919543,12528.897108000003,7521.861338,240.78,3
2026-06-10T13:38:31+00:00,5617871752,WLD,,2,-3668,33.301812,-68.2010803176,57,,41,,16,,0.5100205394,12899.146035999998,7518.844395,2.5998,3
2026-06-10T13:38:31+00:00,4306550166,XRP,,2,-496,1.5144380000000002,-4.900467265,11,,5,,6,,1.120171167,1311.6979999999999,7525.439123,16.4875,3
2026-06-10T13:39:31+00:00,5693279219,SOL,,2,-43.35,24.123937,-29.131705052799997,23,,14,,9,,64.5204919543,12528.897108000003,7521.861338,240.99,3
2026-06-10T13:39:31+00:00,5617871752,WLD,,2,-3668,33.301812,-68.2010803176,57,,41,,16,,0.5100205394,12899.146035999998,7518.844395,2.5997,3
2026-06-10T13:39:31+00:00,4306550166,XRP,,2,-496,1.5144380000000002,-4.900467265,11,,5,,6,,1.120171167,1311.6979999999999,7525.439123,16.5088,3
2026-06-10T13:40:32+00:00,5693279219,SOL,,2,-46.35,25.127584000000002,-31.031447402799994,23,,15,,8,,64.5592950641,12724.257108000002,7518.844395,240.59,3
2026-06-10T13:40:32+00:00,5617871752,WLD,,2,-3768,33.655288999999996,-75.0750602376,57,,42,,15,,0.5103835824,12951.516035999997,7518.844395,2.5963,3
2026-06-10T13:40:32+00:00,4306550166,XRP,,2,-764,1.5144380000000002,-6.5709108618,12,,5,,7,,1.1234035953,1614.373448,7518.844395,16.4631,3
2026-06-10T13:41:32+00:00,5693279219,SOL,,2,-46.35,25.127584000000002,-31.031447402799994,23,,15,,8,,64.5592950641,12724.257108000002,7518.844395,229.26,3
2026-06-10T13:41:32+00:00,5617871752,WLD,,2,-3768,33.655288999999996,-75.0750602376,57,,42,,15,,0.5103835824,12951.516035999997,7518.844395,2.5414,3
2026-06-10T13:41:32+00:00,4306550166,XRP,,2,-694,1.5144380000000002,-8.5571376618,13,,5,,8,,1.1234035953,1693.627448,7518.844395,12.0961,3
2026-06-10T13:42:32+00:00,5693279219,SOL,,2,-46.35,25.127584000000002,-31.031447402799994,23,,15,,8,,64.5592950641,12724.257108000002,7518.844395,229.32,3
2026-06-10T13:42:32+00:00,5617871752,WLD,,2,-3768,33.655288999999996,-75.0750602376,57,,42,,15,,0.5103835824,12951.516035999997,7518.844395,2.5428,3
2026-06-10T13:42:32+00:00,4306550166,XRP,,2,-694,1.5144380000000002,-8.8228726218,13,,5,,7,,1.1234035953,1693.627448,7515.927484,12.1032,3
2026-06-10T13:43:32+00:00,5693279219,SOL,,2,-46.35,25.127584000000002,-31.031447402799994,23,,15,,8,,64.5592950641,12724.257108000002,7518.844395,229.3,3
2026-06-10T13:43:32+00:00,5617871752,WLD,,2,-3768,33.655288999999996,-75.0750602376,57,,42,,15,,0.5103835824,12951.516035999997,7518.844395,2.5387,3
2026-06-10T13:43:32+00:00,4306550166,XRP,,2,-744,1.8099350000000003,-8.8468644718,13,,6,,7,,1.1239813107,1750.2274479999999,7515.927484,11.3576,3
2026-06-10T13:44:32+00:00,5693279219,SOL,,2,-58.35,25.127584000000002,-35.3663925778,24,,15,,9,,64.711625128,13507.857108000002,7515.927484,195.24,3
2026-06-10T13:44:32+00:00,5617871752,WLD,,2,-3768,33.655288999999996,-75.0750602376,57,,42,,15,,0.5103835824,12951.516035999997,7518.844395,2.5329,3
2026-06-10T13:44:32+00:00,4306550166,XRP,,2,-744,1.8099350000000003,-8.8468644718,13,,6,,7,,1.1239813107,1750.2274479999999,7515.927484,11.324,3
2026-06-10T13:45:32+00:00,5693279219,SOL,,2,-55.35,25.127584000000002,-44.370855602800006,25,,15,,10,,64.711625128,13704.327108000001,7515.927484,202.08,3
2026-06-10T13:45:32+00:00,5617871752,WLD,,2,-3768,33.655288999999996,-75.0750602376,57,,42,,15,,0.5103835824,12951.516035999997,7518.844395,2.5296,3
2026-06-10T13:45:32+00:00,4306550166,XRP,,2,-1120,1.8099350000000003,-11.635527322999998,14,,6,,8,,1.1278338635,2177.15928,7515.927484,7.8911,3
2026-06-10T13:46:32+00:00,5693279219,SOL,,2,-55.35,25.127584000000002,-44.370855602800006,25,,15,,10,,64.711625128,13704.327108000001,7515.927484,202.35,3
2026-06-10T13:46:32+00:00,5617871752,WLD,,2,-3768,33.655288999999996,-75.0750602376,57,,42,,15,,0.5103835824,12951.516035999997,7518.844395,2.5332,3
2026-06-10T13:46:32+00:00,4306550166,XRP,,2,-1120,1.8099350000000003,-11.635527322999998,14,,6,,8,,1.1278338635,2177.15928,7515.927484,7.9074,3
2026-06-10T13:47:32+00:00,5693279219,SOL,,2,-55.35,25.127584000000002,-44.370855602800006,25,,15,,10,,64.711625128,13704.327108000001,7515.927484,202.46,3
2026-06-10T13:47:32+00:00,5617871752,WLD,,2,-3768,33.655288999999996,-75.0750602376,57,,42,,15,,0.5103835824,12951.516035999997,7518.844395,2.5346,3
2026-06-10T13:47:32+00:00,4306550166,XRP,,2,-1120,1.8099350000000003,-11.635527322999998,14,,6,,8,,1.1278338635,2177.15928,7515.927484,7.9148,3
2026-06-10T13:48:33+00:00,5693279219,SOL,,2,-55.35,25.127584000000002,-44.370855602800006,25,,15,,10,,64.711625128,13704.327108000001,7515.927484,202.28,3
2026-06-10T13:48:33+00:00,5617871752,WLD,,2,-3768,33.655288999999996,-75.0750602376,57,,42,,15,,0.5103835824,12951.516035999997,7518.844395,2.5312,3
2026-06-10T13:48:33+00:00,4306550166,XRP,,2,-1120,1.8099350000000003,-11.635527322999998,14,,6,,8,,1.1278338635,2177.15928,7515.927484,7.9018,3
2026-06-10T13:49:33+00:00,5693279219,SOL,,2,-55.35,25.127584000000002,-44.370855602800006,25,,15,,10,,64.711625128,13704.327108000001,7515.927484,202.01,3
2026-06-10T13:49:33+00:00,5617871752,WLD,,2,-3768,33.655288999999996,-75.0750602376,57,,42,,15,,0.5103835824,12951.516035999997,7518.844395,2.5265,3
2026-06-10T13:49:33+00:00,4306550166,XRP,,2,-1120,1.8099350000000003,-11.635527322999998,14,,6,,8,,1.1278338635,2177.15928,7515.927484,7.8832,3
2026-06-10T13:50:33+00:00,5693279219,SOL,,2,-55.35,25.127584000000002,-44.370855602800006,25,,15,,10,,64.711625128,13704.327108000001,7515.927484,202.35,3
2026-06-10T13:50:33+00:00,5617871752,WLD,,2,-3368,34.656141,-44.9510271576,58,,43,,15,,0.5103835824,13158.586035999997,7512.721732,2.7043,3
2026-06-10T13:50:33+00:00,4306550166,XRP,,2,-1120,1.8099350000000003,-11.635527322999998,14,,6,,8,,1.1278338635,2177.15928,7515.927484,7.9047,3
2026-06-10T13:51:33+00:00,5693279219,SOL,,2,-55.35,25.127584000000002,-44.370855602800006,25,,15,,10,,64.711625128,13704.327108000001,7515.927484,202.53,3
2026-06-10T13:51:33+00:00,5617871752,WLD,,2,-3368,34.656141,-44.9510271576,58,,43,,15,,0.5103835824,13158.586035999997,7512.721732,2.7726,3
2026-06-10T13:51:33+00:00,4306550166,XRP,,2,-1120,1.8099350000000003,-11.635527322999998,14,,6,,8,,1.1278338635,2177.15928,7515.927484,7.9163,3
2026-06-10T13:52:33+00:00,5693279219,SOL,,2,-55.35,25.127584000000002,-44.370855602800006,25,,15,,10,,64.711625128,13704.327108000001,7515.927484,202.63,3
2026-06-10T13:52:33+00:00,5617871752,WLD,,2,-3368,34.656141,-44.9510271576,58,,43,,15,,0.5103835824,13158.586035999997,7512.721732,2.7738,3
2026-06-10T13:52:33+00:00,4306550166,XRP,,2,-1120,1.8099350000000003,-11.635527322999998,14,,6,,8,,1.1278338635,2177.15928,7515.927484,7.9229,3
2026-06-10T13:53:33+00:00,5693279219,SOL,,2,-55.35,25.127584000000002,-44.370855602800006,25,,15,,10,,64.711625128,13704.327108000001,7515.927484,202.75,3
2026-06-10T13:53:33+00:00,5617871752,WLD,,2,-3368,34.656141,-44.9510271576,58,,43,,15,,0.5103835824,13158.586035999997,7512.721732,2.7753,3
2026-06-10T13:53:33+00:00,4306550166,XRP,,2,-1120,1.8099350000000003,-11.635527322999998,14,,6,,8,,1.1278338635,2177.15928,7515.927484,7.9302,3
2026-06-10T13:54:33+00:00,5693279219,SOL,,2,-55.35,25.127584000000002,-44.370855602800006,25,,15,,10,,64.711625128,13704.327108000001,7515.927484,203.03,3
2026-06-10T13:54:33+00:00,5617871752,WLD,,2,-3068,35.747949,-31.06775812760001,58,,44,,14,,0.5103835824,13312.546035999998,7508.948323,3.0016,3
2026-06-10T13:54:33+00:00,4306550166,XRP,,2,-1120,1.8099350000000003,-11.635527322999998,14,,6,,8,,1.1278338635,2177.15928,7515.927484,7.9477,3
2026-06-10T13:55:33+00:00,5693279219,SOL,,2,-55.35,25.127584000000002,-24.9898847278,25,,15,,10,,64.711625128,13704.327108000001,7508.948323,202.95,3
2026-06-10T13:55:33+00:00,5617871752,WLD,,2,-3068,35.747949,-31.06775812760001,58,,44,,14,,0.5103835824,13312.546035999998,7508.948323,3.0004,3
2026-06-10T13:55:33+00:00,4306550166,XRP,,2,-1120,1.8099350000000003,-7.055714322999999,14,,6,,8,,1.1278338635,2177.15928,7508.948323,7.9418,3
2026-06-10T13:56:33+00:00,5693279219,SOL,,2,-55.35,25.127584000000002,-24.9898847278,25,,15,,10,,64.711625128,13704.327108000001,7508.948323,202.94,3
2026-06-10T13:56:33+00:00,5617871752,WLD,,2,-3068,35.747949,-31.06775812760001,58,,44,,14,,0.5103835824,13312.546035999998,7508.948323,3.0001,3
2026-06-10T13:56:33+00:00,4306550166,XRP,,2,-1120,1.8099350000000003,-7.055714322999999,14,,6,,8,,1.1278338635,2177.15928,7508.948323,7.9415,3
2026-06-10T13:57:33+00:00,5693279219,SOL,,2,-55.35,25.127584000000002,-24.9898847278,25,,15,,10,,64.711625128,13704.327108000001,7508.948323,203.11,3
2026-06-10T13:57:33+00:00,5617871752,WLD,,2,-2899,35.747949,-29.7904242926,59,,44,,15,,0.5103835824,13399.192335999998,7508.948323,3.148,3
2026-06-10T13:57:33+00:00,4306550166,XRP,,2,-1120,1.8099350000000003,-7.055714322999999,14,,6,,8,,1.1278338635,2177.15928,7508.948323,7.9417,3
2026-06-10T13:58:33+00:00,5693279219,SOL,,2,-55.35,25.127584000000002,-24.9898847278,25,,15,,10,,64.711625128,13704.327108000001,7508.948323,203.18,3
2026-06-10T13:58:33+00:00,5617871752,WLD,,2,-2899,35.747949,-29.7904242926,59,,44,,15,,0.5103835824,13399.192335999998,7508.948323,3.1484,3
2026-06-10T13:58:33+00:00,4306550166,XRP,,2,-1120,1.8099350000000003,-7.055714322999999,14,,6,,8,,1.1278338635,2177.15928,7508.948323,7.9548,3
2026-06-10T13:59:34+00:00,5693279219,SOL,,2,-55.35,25.127584000000002,-24.9898847278,25,,15,,10,,64.711625128,13704.327108000001,7508.948323,203.38,3
2026-06-10T13:59:34+00:00,5617871752,WLD,,2,-2899,35.747949,-29.7904242926,59,,44,,15,,0.5103835824,13399.192335999998,7508.948323,3.1523,3
2026-06-10T13:59:34+00:00,4306550166,XRP,,2,-1120,1.8099350000000003,-7.055714322999999,14,,6,,8,,1.1278338635,2177.15928,7508.948323,7.9668,3
2026-06-10T14:00:34+00:00,5693279219,SOL,,2,-55.35,25.127584000000002,-24.9898847278,25,,15,,10,,64.711625128,13704.327108000001,7508.948323,203.29,3
2026-06-10T14:00:34+00:00,5617871752,WLD,,2,-2899,35.747949,-29.7904242926,59,,44,,15,,0.5103835824,13399.192335999998,7508.948323,3.1522,3
2026-06-10T14:00:34+00:00,4306550166,XRP,,2,-744,4.24067,-3.2225966018000003,14,,7,,7,,1.1278338635,2601.36248,7506.960384,11.4134,3
2026-06-10T14:01:34+00:00,5693279219,SOL,,2,-43.35,29.260702000000002,-13.846068377799995,25,,16,,9,,64.711625128,14483.247108000001,7506.960384,242,3
2026-06-10T14:01:34+00:00,5617871752,WLD,,2,-2899,35.747949,-29.7904242926,59,,44,,15,,0.5103835824,13399.192335999998,7508.948323,3.1576,3
2026-06-10T14:01:34+00:00,4306550166,XRP,,2,-744,4.24067,-3.2225966018000003,14,,7,,7,,1.1278338635,2601.36248,7506.960384,11.4448,3
2026-06-10T14:02:34+00:00,5693279219,SOL,,2,-43.35,29.260702000000002,-13.846068377799995,25,,16,,9,,64.711625128,14483.247108000001,7506.960384,242.1,3
2026-06-10T14:02:34+00:00,5617871752,WLD,,2,-2380,36.810649,-17.9364609976,60,,45,,15,,0.5103835824,13663.253835999998,7502.558978,3.4659,3
2026-06-10T14:02:34+00:00,4306550166,XRP,,2,-694,4.24067,-2.1685624518000006,15,,7,,8,,1.1278338635,2657.70248,7502.558978,12.197,3
2026-06-10T14:03:34+00:00,5693279219,SOL,,2,-43.35,29.260702000000002,-13.846068377799995,25,,16,,9,,64.711625128,14483.247108000001,7506.960384,242.04,3
2026-06-10T14:03:34+00:00,5617871752,WLD,,2,-2380,36.810649,-17.9364609976,60,,45,,15,,0.5103835824,13663.253835999998,7502.558978,3.7333,3
2026-06-10T14:03:34+00:00,4306550166,XRP,,2,-694,4.24067,-2.1685624518000006,15,,7,,8,,1.1278338635,2657.70248,7502.558978,12.1861,3
2026-06-10T14:04:34+00:00,5693279219,SOL,,2,-43.35,29.260702000000002,-13.846068377799995,25,,16,,9,,64.711625128,14483.247108000001,7506.960384,241.82,3
2026-06-10T14:04:34+00:00,5617871752,WLD,,2,-2380,36.810649,-17.9364609976,60,,45,,15,,0.5103835824,13663.253835999998,7502.558978,3.7292,3
2026-06-10T14:04:34+00:00,4306550166,XRP,,2,-694,4.24067,-2.1685624518000006,15,,7,,8,,1.1278338635,2657.70248,7502.558978,12.1662,3
2026-06-10T14:05:34+00:00,5693279219,SOL,,2,-43.35,29.260702000000002,-13.846068377799995,25,,16,,9,,64.711625128,14483.247108000001,7506.960384,241.91,3
2026-06-10T14:05:34+00:00,5617871752,WLD,,2,-2380,36.810649,-17.9364609976,60,,45,,15,,0.5103835824,13663.253835999998,7502.558978,3.7296,3
2026-06-10T14:05:34+00:00,4306550166,XRP,,2,-694,4.24067,-2.1685624518000006,15,,7,,8,,1.1278338635,2657.70248,7502.558978,12.1709,3
2026-06-10T14:06:34+00:00,5693279219,SOL,,2,-43.35,29.260702000000002,-13.846068377799995,25,,16,,9,,64.711625128,14483.247108000001,7506.960384,241.89,3
2026-06-10T14:06:34+00:00,5617871752,WLD,,2,-2380,36.810649,-17.9364609976,60,,45,,15,,0.5103835824,13663.253835999998,7502.558978,3.728,3
2026-06-10T14:06:34+00:00,4306550166,XRP,,2,-694,4.24067,-2.1685624518000006,15,,7,,8,,1.1278338635,2657.70248,7502.558978,12.1692,3
2026-06-10T14:07:34+00:00,5693279219,SOL,,2,-43.35,29.260702000000002,-13.846068377799995,25,,16,,9,,64.711625128,14483.247108000001,7506.960384,241.98,3
2026-06-10T14:07:34+00:00,5617871752,WLD,,2,-2380,36.810649,-17.9364609976,60,,45,,15,,0.5103835824,13663.253835999998,7502.558978,3.7286,3
2026-06-10T14:07:34+00:00,4306550166,XRP,,2,-694,4.24067,-2.1685624518000006,15,,7,,8,,1.1278338635,2657.70248,7502.558978,12.1748,3
2026-06-10T14:08:34+00:00,5693279219,SOL,,2,-43.35,29.260702000000002,-13.846068377799995,25,,16,,9,,64.711625128,14483.247108000001,7506.960384,241.99,3
2026-06-10T14:08:34+00:00,5617871752,WLD,,2,-2380,36.810649,-17.9364609976,60,,45,,15,,0.5103835824,13663.253835999998,7502.558978,3.7286,3
2026-06-10T14:08:34+00:00,4306550166,XRP,,2,-694,4.24067,-2.1685624518000006,15,,7,,8,,1.1278338635,2657.70248,7502.558978,12.1738,3
2026-06-10T14:09:35+00:00,5693279219,SOL,,2,-43.35,29.260702000000002,-13.846068377799995,25,,16,,9,,64.711625128,14483.247108000001,7506.960384,241.93,3
2026-06-10T14:09:35+00:00,5617871752,WLD,,2,-2380,36.810649,-17.9364609976,60,,45,,15,,0.5103835824,13663.253835999998,7502.558978,3.7263,3
2026-06-10T14:09:35+00:00,4306550166,XRP,,2,-694,4.24067,-2.1685624518000006,15,,7,,8,,1.1278338635,2657.70248,7502.558978,12.167,3
2026-06-10T14:10:35+00:00,5693279219,SOL,,2,-43.35,29.260702000000002,-13.846068377799995,25,,16,,9,,64.711625128,14483.247108000001,7506.960384,241.95,3
2026-06-10T14:10:35+00:00,5617871752,WLD,,2,-2380,36.810649,-17.9364609976,60,,45,,15,,0.5103835824,13663.253835999998,7502.558978,3.7268,3
2026-06-10T14:10:35+00:00,4306550166,XRP,,2,-694,4.24067,-2.1685624518000006,15,,7,,8,,1.1278338635,2657.70248,7502.558978,12.1716,3
2026-06-10T14:11:35+00:00,5693279219,SOL,,2,-43.35,29.260702000000002,-22.1553447028,25,,16,,9,,64.711625128,14483.247108000001,7503.267324,242.36,3
2026-06-10T14:11:35+00:00,5617871752,WLD,,2,-1495,39.388726,-3.159743317600004,61,,47,,14,,0.5103835824,14107.958835999998,7503.267324,4.783,3
2026-06-10T14:11:35+00:00,4306550166,XRP,,2,-694,4.24067,-2.1685624518000006,15,,7,,8,,1.1278338635,2657.70248,7502.558978,12.1985,3
2026-06-10T14:12:35+00:00,5693279219,SOL,,2,-43.35,29.260702000000002,-22.1553447028,25,,16,,9,,64.711625128,14483.247108000001,7503.267324,242.39,3
2026-06-10T14:12:35+00:00,5617871752,WLD,,2,-1495,39.388726,-3.159743317600004,61,,47,,14,,0.5103835824,14107.958835999998,7503.267324,5.6421,3
2026-06-10T14:12:35+00:00,4306550166,XRP,,2,-694,4.24067,-2.9323220418,15,,7,,8,,1.1278338635,2657.70248,7503.267324,12.1993,3
2026-06-10T14:13:35+00:00,5693279219,SOL,,2,-43.35,29.260702000000002,-22.1553447028,25,,16,,9,,64.711625128,14483.247108000001,7503.267324,242.58,3
2026-06-10T14:13:35+00:00,5617871752,WLD,,2,-1495,39.388726,-3.159743317600004,61,,47,,14,,0.5103835824,14107.958835999998,7503.267324,5.6502,3
2026-06-10T14:13:35+00:00,4306550166,XRP,,2,-694,4.24067,-2.9323220418,15,,7,,8,,1.1278338635,2657.70248,7503.267324,12.2168,3
2026-06-10T14:14:35+00:00,5693279219,SOL,,2,-43.35,29.260702000000002,-22.1553447028,25,,16,,9,,64.711625128,14483.247108000001,7503.267324,242.63,3
2026-06-10T14:14:35+00:00,5617871752,WLD,,2,-1495,39.388726,-3.159743317600004,61,,47,,14,,0.5103835824,14107.958835999998,7503.267324,5.6531,3
2026-06-10T14:14:35+00:00,4306550166,XRP,,2,-694,4.24067,-2.9323220418,15,,7,,8,,1.1278338635,2657.70248,7503.267324,12.2232,3
2026-06-10T14:15:35+00:00,5693279219,SOL,,2,-43.35,29.260702000000002,-22.1553447028,25,,16,,9,,64.711625128,14483.247108000001,7503.267324,242.87,3
2026-06-10T14:15:35+00:00,5617871752,WLD,,2,-1495,39.388726,-3.159743317600004,61,,47,,14,,0.5103835824,14107.958835999998,7503.267324,5.6616,3
2026-06-10T14:15:35+00:00,4306550166,XRP,,2,-694,4.24067,-2.9323220418,15,,7,,8,,1.1278338635,2657.70248,7503.267324,12.2425,3
2026-06-10T14:16:35+00:00,5693279219,SOL,,2,-43.35,29.260702000000002,-22.1553447028,25,,16,,9,,64.711625128,14483.247108000001,7503.267324,242.92,3
2026-06-10T14:16:35+00:00,5617871752,WLD,,2,-1495,39.388726,-3.159743317600004,61,,47,,14,,0.5103835824,14107.958835999998,7503.267324,5.6626,3
2026-06-10T14:16:35+00:00,4306550166,XRP,,2,-694,4.24067,-2.9323220418,15,,7,,8,,1.1278338635,2657.70248,7503.267324,12.244,3
2026-06-10T14:17:35+00:00,5693279219,SOL,,2,-43.35,29.260702000000002,-22.1553447028,25,,16,,9,,64.711625128,14483.247108000001,7503.267324,242.84,3
2026-06-10T14:17:35+00:00,5617871752,WLD,,2,-1495,39.388726,-3.159743317600004,61,,47,,14,,0.5103835824,14107.958835999998,7503.267324,5.6593,3
2026-06-10T14:17:35+00:00,4306550166,XRP,,2,-694,4.24067,-2.9323220418,15,,7,,8,,1.1278338635,2657.70248,7503.267324,12.2378,3
2026-06-10T14:18:35+00:00,5693279219,SOL,,2,-43.35,29.260702000000002,-22.1553447028,25,,16,,9,,64.711625128,14483.247108000001,7503.267324,243.16,3
2026-06-10T14:18:35+00:00,5617871752,WLD,,2,-1195,39.388726,0.564827662399999,62,,47,,15,,0.5103835824,14257.658835999999,7510.082382,6.9701,3
2026-06-10T14:18:35+00:00,4306550166,XRP,,2,-426,5.874891,0.8290389249999999,15,,8,,7,,1.1278338635,2958.53248,7510.082382,19.273,3
2026-06-10T14:19:35+00:00,5693279219,SOL,,2,-43.35,29.260702000000002,-22.1553447028,25,,16,,9,,64.711625128,14483.247108000001,7503.267324,243.17,3
2026-06-10T14:19:35+00:00,5617871752,WLD,,2,-1195,39.388726,0.564827662399999,62,,47,,15,,0.5103835824,14257.658835999999,7510.082382,6.9709,3
2026-06-10T14:19:35+00:00,4306550166,XRP,,2,-426,5.874891,0.8290389249999999,15,,8,,7,,1.1278338635,2958.53248,7510.082382,19.275,3
2026-06-10T14:20:36+00:00,5693279219,SOL,,2,-43.35,29.260702000000002,-22.1553447028,25,,16,,9,,64.711625128,14483.247108000001,7503.267324,243.14,3
2026-06-10T14:20:36+00:00,5617871752,WLD,,2,-1195,39.388726,0.564827662399999,62,,47,,15,,0.5103835824,14257.658835999999,7510.082382,6.97,3
2026-06-10T14:20:36+00:00,4306550166,XRP,,2,-426,5.874891,0.8290389249999999,15,,8,,7,,1.1278338635,2958.53248,7510.082382,19.2697,3
2026-06-10T14:21:37+00:00,5693279219,SOL,,2,-38.28,29.260702000000002,-5.452405922799997,26,,16,,10,,64.711625128,14811.326808000002,7510.082382,266.94,3
2026-06-10T14:21:37+00:00,5617871752,WLD,,2,-1195,39.388726,0.564827662399999,62,,47,,15,,0.5103835824,14257.658835999999,7510.082382,6.9801,3
2026-06-10T14:21:37+00:00,4306550166,XRP,,2,-329,5.874891,1.4305592699999998,16,,8,,8,,1.1278338635,3067.26948,7510.082382,24.6541,3
2026-06-10T14:22:36+00:00,5693279219,SOL,,2,-38.28,29.260702000000002,-5.452405922799997,26,,16,,10,,64.711625128,14811.326808000002,7510.082382,266.77,3
2026-06-10T14:22:36+00:00,5617871752,WLD,,2,-1195,39.388726,0.564827662399999,62,,47,,15,,0.5103835824,14257.658835999999,7510.082382,6.9715,3
2026-06-10T14:22:36+00:00,4306550166,XRP,,2,-329,5.874891,1.4305592699999998,16,,8,,8,,1.1278338635,3067.26948,7510.082382,24.6215,3
2026-06-10T14:23:36+00:00,5693279219,SOL,,2,-38.28,29.260702000000002,-5.452405922799997,26,,16,,10,,64.711625128,14811.326808000002,7510.082382,266.81,3
2026-06-10T14:23:36+00:00,5617871752,WLD,,2,-1195,39.388726,0.564827662399999,62,,47,,15,,0.5103835824,14257.658835999999,7510.082382,6.972,3
2026-06-10T14:23:36+00:00,4306550166,XRP,,2,-329,5.874891,1.4305592699999998,16,,8,,8,,1.1278338635,3067.26948,7510.082382,24.6267,3
2026-06-10T14:24:36+00:00,5693279219,SOL,,2,-38.28,29.260702000000002,-5.452405922799997,26,,16,,10,,64.711625128,14811.326808000002,7510.082382,266.51,3
2026-06-10T14:24:36+00:00,5617871752,WLD,,2,-1495,40.303579,-6.137389597599999,62,,48,,14,,0.5087815257,14408.378835999998,7515.838588,6.9576,3
2026-06-10T14:24:36+00:00,4306550166,XRP,,2,-329,5.874891,1.4305592699999998,16,,8,,8,,1.1278338635,3067.26948,7510.082382,24.5677,3
2026-06-10T14:25:36+00:00,5693279219,SOL,,2,-43.35,31.058336,-22.161486652799997,26,,17,,9,,64.758217068,15141.434508000002,7515.838588,242.92,3
2026-06-10T14:25:36+00:00,5617871752,WLD,,2,-1495,40.303579,-6.137389597599999,62,,48,,14,,0.5087815257,14408.378835999998,7515.838588,5.6594,3
2026-06-10T14:25:36+00:00,4306550166,XRP,,2,-329,5.874891,1.4305592699999998,16,,8,,8,,1.1278338635,3067.26948,7510.082382,24.5623,3
2026-06-10T14:26:36+00:00,5693279219,SOL,,2,-43.35,31.058336,-22.161486652799997,26,,17,,9,,64.758217068,15141.434508000002,7515.838588,242.92,3
2026-06-10T14:26:36+00:00,5617871752,WLD,,2,-1495,40.303579,-6.137389597599999,62,,48,,14,,0.5087815257,14408.378835999998,7515.838588,5.66,3
2026-06-10T14:26:36+00:00,4306550166,XRP,,2,-329,5.874891,1.4305592699999998,16,,8,,8,,1.1278338635,3067.26948,7510.082382,24.5639,3
2026-06-10T14:27:36+00:00,5693279219,SOL,,2,-43.35,31.058336,-22.161486652799997,26,,17,,9,,64.758217068,15141.434508000002,7515.838588,242.84,3
2026-06-10T14:27:36+00:00,5617871752,WLD,,2,-1495,40.303579,-6.137389597599999,62,,48,,14,,0.5087815257,14408.378835999998,7515.838588,5.6566,3
2026-06-10T14:27:36+00:00,4306550166,XRP,,2,-329,5.874891,1.4305592699999998,16,,8,,8,,1.1278338635,3067.26948,7510.082382,24.5445,3
2026-06-10T14:28:36+00:00,5693279219,SOL,,2,-43.35,31.058336,-22.161486652799997,26,,17,,9,,64.758217068,15141.434508000002,7515.838588,242.82,3
2026-06-10T14:28:36+00:00,5617871752,WLD,,2,-1495,40.303579,-6.137389597599999,62,,48,,14,,0.5087815257,14408.378835999998,7515.838588,5.6573,3
2026-06-10T14:28:36+00:00,4306550166,XRP,,2,-329,5.874891,1.4305592699999998,16,,8,,8,,1.1278338635,3067.26948,7510.082382,24.5429,3
2026-06-10T14:29:36+00:00,5693279219,SOL,,2,-43.35,31.058336,-22.161486652799997,26,,17,,9,,64.758217068,15141.434508000002,7515.838588,242.89,3
2026-06-10T14:29:36+00:00,5617871752,WLD,,2,-1495,40.303579,-6.137389597599999,62,,48,,14,,0.5087815257,14408.378835999998,7515.838588,5.6615,3
2026-06-10T14:29:36+00:00,4306550166,XRP,,2,-329,5.874891,1.4305592699999998,16,,8,,8,,1.1278338635,3067.26948,7510.082382,24.5609,3
2026-06-10T14:30:36+00:00,5693279219,SOL,,2,-43.35,31.058336,-22.161486652799997,26,,17,,9,,64.758217068,15141.434508000002,7515.838588,243.01,3
2026-06-10T14:30:36+00:00,5617871752,WLD,,2,-1495,40.303579,-6.137389597599999,62,,48,,14,,0.5087815257,14408.378835999998,7515.838588,5.6653,3
2026-06-10T14:30:36+00:00,4306550166,XRP,,2,-329,5.874891,1.4305592699999998,16,,8,,8,,1.1278338635,3067.26948,7510.082382,24.5856,3
2026-06-10T14:31:36+00:00,5693279219,SOL,,2,-43.35,31.058336,-22.161486652799997,26,,17,,9,,64.758217068,15141.434508000002,7515.838588,242.96,3
2026-06-10T14:31:36+00:00,5617871752,WLD,,2,-1495,40.303579,-6.137389597599999,62,,48,,14,,0.5087815257,14408.378835999998,7515.838588,5.666,3
2026-06-10T14:31:36+00:00,4306550166,XRP,,2,-329,5.874891,0.8603471799999998,16,,8,,8,,1.1278338635,3067.26948,7515.474697,24.5793,3
2026-06-10T14:32:37+00:00,5693279219,SOL,,2,-38.28,31.058336,-8.426187051799996,27,,17,,10,,64.758217068,15469.905105000002,7515.474697,266.91,3
2026-06-10T14:32:37+00:00,5617871752,WLD,,2,-1495,40.303579,-6.137389597599999,62,,48,,14,,0.5087815257,14408.378835999998,7515.838588,5.6782,3
2026-06-10T14:32:37+00:00,4306550166,XRP,,2,-329,5.874891,0.8603471799999998,16,,8,,8,,1.1278338635,3067.26948,7515.474697,24.6363,3
2026-06-10T14:33:37+00:00,5693279219,SOL,,2,-38.28,31.058336,-8.426187051799996,27,,17,,10,,64.758217068,15469.905105000002,7515.474697,266.78,3
2026-06-10T14:33:37+00:00,5617871752,WLD,,2,-1495,40.303579,-6.137389597599999,62,,48,,14,,0.5087815257,14408.378835999998,7515.838588,5.6761,3
2026-06-10T14:33:37+00:00,4306550166,XRP,,2,-329,5.874891,0.8603471799999998,16,,8,,8,,1.1278338635,3067.26948,7515.474697,24.6194,3
2026-06-10T14:34:37+00:00,5693279219,SOL,,2,-38.28,31.058336,-8.426187051799996,27,,17,,10,,64.758217068,15469.905105000002,7515.474697,266.66,3
2026-06-10T14:34:37+00:00,5617871752,WLD,,2,-1495,40.303579,-6.5243936926,62,,48,,14,,0.5087815257,14408.378835999998,7515.9567,5.6702,3
2026-06-10T14:34:37+00:00,4306550166,XRP,,2,-329,5.874891,0.8603471799999998,16,,8,,8,,1.1278338635,3067.26948,7515.474697,24.5942,3
2026-06-10T14:35:37+00:00,5693279219,SOL,,2,-38.28,31.058336,-8.426187051799996,27,,17,,10,,64.758217068,15469.905105000002,7515.474697,266.66,3
2026-06-10T14:35:37+00:00,5617871752,WLD,,2,-1495,40.303579,-6.5243936926,62,,48,,14,,0.5087815257,14408.378835999998,7515.9567,5.6696,3
2026-06-10T14:35:37+00:00,4306550166,XRP,,2,-329,5.874891,0.8603471799999998,16,,8,,8,,1.1278338635,3067.26948,7515.474697,24.5924,3
2026-06-10T14:36:37+00:00,5693279219,SOL,,2,-38.28,31.058336,-8.426187051799996,27,,17,,10,,64.758217068,15469.905105000002,7515.474697,266.8,3
2026-06-10T14:36:37+00:00,5617871752,WLD,,2,-1495,40.303579,-6.5243936926,62,,48,,14,,0.5087815257,14408.378835999998,7515.9567,5.6727,3
2026-06-10T14:36:37+00:00,4306550166,XRP,,2,-329,5.874891,0.8603471799999998,16,,8,,8,,1.1278338635,3067.26948,7515.474697,24.6148,3
2026-06-10T14:37:37+00:00,5693279219,SOL,,2,-38.28,31.058336,-8.426187051799996,27,,17,,10,,64.758217068,15469.905105000002,7515.474697,266.97,3
2026-06-10T14:37:37+00:00,5617871752,WLD,,2,-1495,40.303579,-6.5243936926,62,,48,,14,,0.5087815257,14408.378835999998,7515.9567,5.6793,3
2026-06-10T14:37:37+00:00,4306550166,XRP,,2,-329,5.874891,0.8603471799999998,16,,8,,8,,1.1278338635,3067.26948,7515.474697,24.6522,3
2026-06-10T14:38:37+00:00,5693279219,SOL,,2,-38.28,31.058336,-8.426187051799996,27,,17,,10,,64.758217068,15469.905105000002,7515.474697,267.09,3
2026-06-10T14:38:37+00:00,5617871752,WLD,,2,-1495,40.303579,-6.5243936926,62,,48,,14,,0.5087815257,14408.378835999998,7515.9567,5.685,3
2026-06-10T14:38:37+00:00,4306550166,XRP,,2,-329,5.874891,0.8603471799999998,16,,8,,8,,1.1278338635,3067.26948,7515.474697,24.6774,3
2026-06-10T14:39:37+00:00,5693279219,SOL,,2,-38.28,31.058336,-8.426187051799996,27,,17,,10,,64.758217068,15469.905105000002,7515.474697,267.03,3
2026-06-10T14:39:37+00:00,5617871752,WLD,,2,-1495,40.303579,-6.5243936926,62,,48,,14,,0.5087815257,14408.378835999998,7515.9567,5.6824,3
2026-06-10T14:39:37+00:00,4306550166,XRP,,2,-329,5.874891,0.8603471799999998,16,,8,,8,,1.1278338635,3067.26948,7515.474697,24.6667,3
2026-06-10T14:40:38+00:00,5693279219,SOL,,2,-38.28,31.058336,-8.426187051799996,27,,17,,10,,64.758217068,15469.905105000002,7515.474697,266.95,3
2026-06-10T14:40:38+00:00,5617871752,WLD,,2,-1495,40.303579,-6.5243936926,62,,48,,14,,0.5087815257,14408.378835999998,7515.9567,5.6789,3
2026-06-10T14:40:38+00:00,4306550166,XRP,,2,-329,5.874891,0.8603471799999998,16,,8,,8,,1.1278338635,3067.26948,7515.474697,24.647,3
2026-06-10T14:41:38+00:00,5693279219,SOL,,2,-38.28,31.058336,-8.426187051799996,27,,17,,10,,64.758217068,15469.905105000002,7515.474697,266.82,3
2026-06-10T14:41:38+00:00,5617871752,WLD,,2,-1495,40.303579,-6.5243936926,62,,48,,14,,0.5087815257,14408.378835999998,7515.9567,5.6699,3
2026-06-10T14:41:38+00:00,4306550166,XRP,,2,-329,5.874891,0.5752411349999997,16,,8,,8,,1.1278338635,3067.26948,7515.9567,24.6035,3
2026-06-10T14:42:38+00:00,5693279219,SOL,,2,-38.28,31.058336,-19.055069961799997,27,,17,,10,,64.758217068,15469.905105000002,7517.268527,266.59,3
2026-06-10T14:42:38+00:00,5617871752,WLD,,2,-1495,40.303579,-6.5243936926,62,,48,,14,,0.5087815257,14408.378835999998,7515.9567,5.6631,3
2026-06-10T14:42:38+00:00,4306550166,XRP,,2,-329,5.874891,0.5752411349999997,16,,8,,8,,1.1278338635,3067.26948,7515.9567,24.574,3
2026-06-10T14:43:38+00:00,5693279219,SOL,,2,-38.28,31.058336,-19.055069961799997,27,,17,,10,,64.758217068,15469.905105000002,7517.268527,266.71,3
2026-06-10T14:43:38+00:00,5617871752,WLD,,2,-1495,40.303579,-6.5243936926,62,,48,,14,,0.5087815257,14408.378835999998,7515.9567,5.6661,3
2026-06-10T14:43:38+00:00,4306550166,XRP,,2,-329,5.874891,0.5752411349999997,16,,8,,8,,1.1278338635,3067.26948,7515.9567,24.595,3
2026-06-10T14:44:38+00:00,5693279219,SOL,,2,-38.28,31.058336,-19.055069961799997,27,,17,,10,,64.758217068,15469.905105000002,7517.268527,266.75,3
2026-06-10T14:44:38+00:00,5617871752,WLD,,2,-1495,40.303579,-1.6798448026000017,62,,48,,14,,0.5087815257,14408.378835999998,7517.268527,5.6672,3
2026-06-10T14:44:38+00:00,4306550166,XRP,,2,-329,5.874891,0.5752411349999997,16,,8,,8,,1.1278338635,3067.26948,7515.9567,24.5997,3
2026-06-10T14:45:38+00:00,5693279219,SOL,,2,-38.28,31.058336,-19.055069961799997,27,,17,,10,,64.758217068,15469.905105000002,7517.268527,267.19,3
2026-06-10T14:45:38+00:00,5617871752,WLD,,2,-895,41.788778,3.927135332399999,63,,49,,14,,0.5087815257,14706.218835999998,7517.268527,9.1523,3
2026-06-10T14:45:38+00:00,4306550166,XRP,,2,-329,5.874891,0.5752411349999997,16,,8,,8,,1.1278338635,3067.26948,7515.9567,24.6701,3
2026-06-10T14:46:38+00:00,5693279219,SOL,,2,-38.28,31.058336,-19.055069961799997,27,,17,,10,,64.758217068,15469.905105000002,7517.268527,267.14,3
2026-06-10T14:46:38+00:00,5617871752,WLD,,2,-895,41.788778,3.927135332399999,63,,49,,14,,0.5087815257,14706.218835999998,7517.268527,9.1494,3
2026-06-10T14:46:38+00:00,4306550166,XRP,,2,-329,5.874891,0.5752411349999997,16,,8,,8,,1.1278338635,3067.26948,7515.9567,24.6571,3
2026-06-10T14:47:38+00:00,5693279219,SOL,,2,-38.28,31.058336,-19.055069961799997,27,,17,,10,,64.758217068,15469.905105000002,7517.268527,267.05,3
2026-06-10T14:47:38+00:00,5617871752,WLD,,2,-895,41.788778,3.927135332399999,63,,49,,14,,0.5087815257,14706.218835999998,7517.268527,9.1432,3
2026-06-10T14:47:38+00:00,4306550166,XRP,,2,-329,5.874891,0.5752411349999997,16,,8,,8,,1.1278338635,3067.26948,7515.9567,24.6416,3
2026-06-10T14:48:39+00:00,5693279219,SOL,,2,-38.28,31.058336,-19.055069961799997,27,,17,,10,,64.758217068,15469.905105000002,7517.268527,267.15,3
2026-06-10T14:48:39+00:00,5617871752,WLD,,2,-895,41.788778,3.927135332399999,63,,49,,14,,0.5087815257,14706.218835999998,7517.268527,9.1486,3
2026-06-10T14:48:39+00:00,4306550166,XRP,,2,-329,5.874891,0.5752411349999997,16,,8,,8,,1.1278338635,3067.26948,7515.9567,24.6606,3
2026-06-10T14:49:39+00:00,5693279219,SOL,,2,-38.28,31.058336,-19.055069961799997,27,,17,,10,,64.758217068,15469.905105000002,7517.268527,267.26,3
2026-06-10T14:49:39+00:00,5617871752,WLD,,2,-895,41.788778,3.927135332399999,63,,49,,14,,0.5087815257,14706.218835999998,7517.268527,9.1551,3
2026-06-10T14:49:39+00:00,4306550166,XRP,,2,-329,5.874891,0.5752411349999997,16,,8,,8,,1.1278338635,3067.26948,7515.9567,24.6807,3
2026-06-10T14:50:39+00:00,5693279219,SOL,,2,-38.28,31.058336,-7.947554631799999,27,,17,,10,,64.758217068,15469.905105000002,7524.397731,267.22,3
2026-06-10T14:50:39+00:00,5617871752,WLD,,2,-895,41.788778,3.927135332399999,63,,49,,14,,0.5087815257,14706.218835999998,7517.268527,9.1518,3
2026-06-10T14:50:39+00:00,4306550166,XRP,,2,-329,5.874891,0.5752411349999997,16,,8,,8,,1.1278338635,3067.26948,7515.9567,24.6695,3
2026-06-10T14:51:39+00:00,5693279219,SOL,,2,-38.28,31.058336,-7.947554631799999,27,,17,,10,,64.758217068,15469.905105000002,7524.397731,267.18,3
2026-06-10T14:51:39+00:00,5617871752,WLD,,2,-895,41.788778,3.927135332399999,63,,49,,14,,0.5087815257,14706.218835999998,7517.268527,9.148,3
2026-06-10T14:51:39+00:00,4306550166,XRP,,2,-329,5.874891,0.5752411349999997,16,,8,,8,,1.1278338635,3067.26948,7524.397731,24.6624,3
2026-06-10T14:52:39+00:00,5693279219,SOL,,2,-38.28,31.058336,-7.947554631799999,27,,17,,10,,64.758217068,15469.905105000002,7524.397731,267.31,3
2026-06-10T14:52:39+00:00,5617871752,WLD,,2,-595,42.704597,7.403056562399996,63,,50,,13,,0.5087815257,14854.538835999998,7524.397731,13.5241,3
2026-06-10T14:52:39+00:00,4306550166,XRP,,2,-329,5.874891,0.5752411349999997,16,,8,,8,,1.1278338635,3067.26948,7524.397731,24.6843,3
2026-06-10T14:53:39+00:00,5693279219,SOL,,2,-38.28,31.058336,-7.947554631799999,27,,17,,10,,64.758217068,15469.905105000002,7524.397731,267.38,3
2026-06-10T14:53:39+00:00,5617871752,WLD,,2,-595,42.704597,7.403056562399996,63,,50,,13,,0.5087815257,14854.538835999998,7524.397731,13.5272,3
2026-06-10T14:53:39+00:00,4306550166,XRP,,2,-329,5.874891,0.5752411349999997,16,,8,,8,,1.1278338635,3067.26948,7524.397731,24.6919,3
2026-06-10T14:54:39+00:00,5693279219,SOL,,2,-38.28,31.058336,-7.947554631799999,27,,17,,10,,64.758217068,15469.905105000002,7524.397731,267.27,3
2026-06-10T14:54:39+00:00,5617871752,WLD,,2,-595,42.704597,7.403056562399996,63,,50,,13,,0.5087815257,14854.538835999998,7524.397731,13.5188,3
2026-06-10T14:54:39+00:00,4306550166,XRP,,2,-329,5.874891,0.5752411349999997,16,,8,,8,,1.1278338635,3067.26948,7524.397731,24.6716,3
2026-06-10T14:55:39+00:00,5693279219,SOL,,2,-38.28,31.058336,-7.947554631799999,27,,17,,10,,64.758217068,15469.905105000002,7524.397731,267.24,3
2026-06-10T14:55:39+00:00,5617871752,WLD,,2,-595,42.704597,7.403056562399996,63,,50,,13,,0.5087815257,14854.538835999998,7524.397731,13.5151,3
2026-06-10T14:55:39+00:00,4306550166,XRP,,2,-329,5.874891,0.5752411349999997,16,,8,,8,,1.1278338635,3067.26948,7524.397731,24.6651,3
2026-06-10T14:56:39+00:00,5693279219,SOL,,2,-38.28,31.058336,-7.947554631799999,27,,17,,10,,64.758217068,15469.905105000002,7524.397731,267.37,3
2026-06-10T14:56:39+00:00,5617871752,WLD,,2,-595,42.704597,7.403056562399996,63,,50,,13,,0.5087815257,14854.538835999998,7524.397731,13.5347,3
2026-06-10T14:56:39+00:00,4306550166,XRP,,2,-329,5.874891,0.5752411349999997,16,,8,,8,,1.1278338635,3067.26948,7524.397731,24.7008,3
2026-06-10T14:57:39+00:00,5693279219,SOL,,2,-38.28,31.058336,-7.947554631799999,27,,17,,10,,64.758217068,15469.905105000002,7524.397731,267.42,3
2026-06-10T14:57:39+00:00,5617871752,WLD,,2,-595,42.704597,7.403056562399996,63,,50,,13,,0.5087815257,14854.538835999998,7524.397731,13.543,3
2026-06-10T14:57:39+00:00,4306550166,XRP,,2,-329,5.874891,0.5752411349999997,16,,8,,8,,1.1278338635,3067.26948,7524.397731,24.7131,3
2026-06-10T14:58:39+00:00,5693279219,SOL,,2,-38.28,31.058336,-7.947554631799999,27,,17,,10,,64.758217068,15469.905105000002,7524.397731,267.25,3
2026-06-10T14:58:39+00:00,5617871752,WLD,,2,-595,42.704597,7.403056562399996,63,,50,,13,,0.5087815257,14854.538835999998,7524.397731,13.5256,3
2026-06-10T14:58:39+00:00,4306550166,XRP,,2,-329,5.874891,0.5752411349999997,16,,8,,8,,1.1278338635,3067.26948,7524.397731,24.6814,3
2026-06-10T14:59:39+00:00,5693279219,SOL,,2,-38.28,31.058336,-7.947554631799999,27,,17,,10,,64.758217068,15469.905105000002,7524.397731,267.01,3
2026-06-10T14:59:39+00:00,5617871752,WLD,,2,-595,42.704597,7.403056562399996,63,,50,,13,,0.5087815257,14854.538835999998,7524.397731,13.4984,3
2026-06-10T14:59:39+00:00,4306550166,XRP,,2,-329,5.874891,0.5752411349999997,16,,8,,8,,1.1278338635,3067.26948,7524.397731,24.6347,3
2026-06-10T15:00:39+00:00,5693279219,SOL,,2,-38.28,31.058336,-14.1714536018,27,,17,,10,,64.758217068,15469.905105000002,7529.670971,266.73,3
2026-06-10T15:00:39+00:00,5617871752,WLD,,2,-895,42.704597,2.999663987399998,64,,50,,14,,0.5054022433,15004.148835999997,7529.670971,9.1292,3
2026-06-10T15:00:39+00:00,4306550166,XRP,,2,-329,5.874891,0.5752411349999997,16,,8,,8,,1.1278338635,3067.26948,7524.397731,24.6016,3
2026-06-10T15:01:40+00:00,5693279219,SOL,,2,-38.28,31.058336,-27.3377593418,27,,17,,9,,64.758217068,15469.905105000002,7529.044325,266.21,3
2026-06-10T15:01:40+00:00,5617871752,WLD,,2,-1195,43.649985,1.504530207400002,64,,51,,13,,0.504020927,15154.118835999998,7529.670971,6.9412,3
2026-06-10T15:01:40+00:00,4306550166,XRP,,2,-329,5.874891,-0.8413833750000004,16,,8,,7,,1.1278338635,3067.26948,7529.044325,24.5155,3
2026-06-10T15:02:39+00:00,5693279219,SOL,,2,-43.35,32.870394,-27.4757116778,27,,18,,9,,64.8087162483,15800.418405,7529.044325,242.55,3
2026-06-10T15:02:39+00:00,5617871752,WLD,,2,-1195,43.649985,1.504530207400002,64,,51,,13,,0.504020927,15154.118835999998,7529.670971,6.9362,3
2026-06-10T15:02:39+00:00,4306550166,XRP,,2,-426,6.458144,-0.8413836149999998,16,,9,,7,,1.1278261528,3176.66608,7529.044325,19.1735,3
2026-06-10T15:03:39+00:00,5693279219,SOL,,2,-43.35,32.870394,-27.4757116778,27,,18,,9,,64.8087162483,15800.418405,7529.044325,242.45,3
2026-06-10T15:03:39+00:00,5617871752,WLD,,2,-1495,43.649985,-3.269423597599996,65,,51,,14,,0.5037759249,15304.958835999998,7529.044325,6.9302,3
2026-06-10T15:03:39+00:00,4306550166,XRP,,2,-426,6.458144,-0.8413836149999998,16,,9,,7,,1.1278261528,3176.66608,7529.044325,19.1553,3
2026-06-10T15:04:39+00:00,5693279219,SOL,,2,-43.35,32.870394,-18.387856077800002,27,,18,,9,,64.8087162483,15800.418405,7529.044325,242.71,3
2026-06-10T15:04:39+00:00,5617871752,WLD,,2,-1495,43.649985,-3.269423597599996,65,,51,,14,,0.5037759249,15304.958835999998,7529.044325,5.6508,3
2026-06-10T15:04:39+00:00,4306550166,XRP,,2,-426,6.458144,-0.8413836149999998,16,,9,,7,,1.1278261528,3176.66608,7529.044325,19.1963,3
2026-06-10T15:05:39+00:00,5693279219,SOL,,2,-43.35,32.870394,-18.387856077800002,27,,18,,9,,64.8087162483,15800.418405,7529.044325,243.28,3
2026-06-10T15:05:39+00:00,5617871752,WLD,,2,-895,44.624775,5.124708012399999,66,,52,,14,,0.5037759249,15604.388835999998,7529.044325,9.1372,3
2026-06-10T15:05:39+00:00,4306550166,XRP,,2,-426,6.458144,-0.8413836149999998,16,,9,,7,,1.1278261528,3176.66608,7529.044325,19.2712,3
2026-06-10T15:06:40+00:00,5693279219,SOL,,2,-43.35,32.870394,-18.387856077800002,27,,18,,9,,64.8087162483,15800.418405,7529.044325,243.44,3
2026-06-10T15:06:40+00:00,5617871752,WLD,,2,-895,44.624775,5.124708012399999,66,,52,,14,,0.5037759249,15604.388835999998,7529.044325,9.1497,3
2026-06-10T15:06:40+00:00,4306550166,XRP,,2,-329,6.458144,1.7736434249999995,17,,9,,8,,1.1278261528,3285.40308,7530.645327,24.655,3
2026-06-10T15:07:40+00:00,5693279219,SOL,,2,-43.35,32.870394,-18.387856077800002,27,,18,,9,,64.8087162483,15800.418405,7529.044325,243.61,3
2026-06-10T15:07:40+00:00,5617871752,WLD,,2,-895,44.624775,5.124708012399999,66,,52,,14,,0.5037759249,15604.388835999998,7529.044325,9.1604,3
2026-06-10T15:07:40+00:00,4306550166,XRP,,2,-329,6.458144,1.7736434249999995,17,,9,,8,,1.1278261528,3285.40308,7530.645327,24.6888,3
2026-06-10T15:08:40+00:00,5693279219,SOL,,2,-43.35,32.870394,-18.387856077800002,27,,18,,9,,64.8087162483,15800.418405,7529.044325,243.61,3
2026-06-10T15:08:40+00:00,5617871752,WLD,,2,-895,44.624775,5.124708012399999,66,,52,,14,,0.5037759249,15604.388835999998,7529.044325,9.1579,3
2026-06-10T15:08:40+00:00,4306550166,XRP,,2,-329,6.458144,1.7736434249999995,17,,9,,8,,1.1278261528,3285.40308,7530.645327,24.6827,3
2026-06-10T15:09:40+00:00,5693279219,SOL,,2,-43.35,32.870394,-18.387856077800002,27,,18,,9,,64.8087162483,15800.418405,7529.044325,243.64,3
2026-06-10T15:09:40+00:00,5617871752,WLD,,2,-295,45.570415,8.845393597399998,67,,53,,14,,0.5037759249,15901.328835999997,7532.638562,13.53,3
2026-06-10T15:09:40+00:00,4306550166,XRP,,2,-329,6.458144,1.7736434249999995,17,,9,,8,,1.1278261528,3285.40308,7530.645327,24.6876,3
2026-06-10T15:10:40+00:00,5693279219,SOL,,2,-43.35,32.870394,-18.387856077800002,27,,18,,9,,64.8087162483,15800.418405,7529.044325,243.77,3
2026-06-10T15:10:40+00:00,5617871752,WLD,,2,-295,45.570415,8.845393597399998,67,,53,,14,,0.5037759249,15901.328835999997,7532.638562,26.8041,3
2026-06-10T15:10:40+00:00,4306550166,XRP,,2,-329,6.458144,1.7736434249999995,17,,9,,8,,1.1278261528,3285.40308,7530.645327,24.711,3
2026-06-10T15:11:40+00:00,5693279219,SOL,,2,-26.28,36.166494,2.4048474172000027,28,,19,,9,,64.8087162483,16902.969705,7532.638562,267.62,3
2026-06-10T15:11:40+00:00,5617871752,WLD,,2,-295,45.570415,8.845393597399998,67,,53,,14,,0.5037759249,15901.328835999997,7532.638562,26.8318,3
2026-06-10T15:11:40+00:00,4306550166,XRP,,2,-329,6.458144,1.7736434249999995,17,,9,,8,,1.1278261528,3285.40308,7530.645327,24.7357,3
2026-06-10T15:12:40+00:00,5693279219,SOL,,2,-26.28,36.166494,2.4048474172000027,28,,19,,9,,64.8087162483,16902.969705,7532.638562,360.48,3
2026-06-10T15:12:40+00:00,5617871752,WLD,,2,-295,45.570415,8.845393597399998,67,,53,,14,,0.5037759249,15901.328835999997,7532.638562,26.8507,3
2026-06-10T15:12:40+00:00,4306550166,XRP,,2,-329,6.458144,1.7736434249999995,17,,9,,8,,1.1278261528,3285.40308,7530.645327,24.7513,3
2026-06-10T15:13:43+00:00,5693279219,SOL,,2,-26.28,36.166494,2.4048474172000027,28,,19,,9,,64.8087162483,16902.969705,7532.638562,360.29,3
2026-06-10T15:13:43+00:00,5617871752,WLD,,2,-295,45.570415,8.845393597399998,67,,53,,14,,0.5037759249,15901.328835999997,7532.638562,26.8182,3
2026-06-10T15:13:43+00:00,4306550166,XRP,,2,-329,6.458144,1.7736434249999995,17,,9,,8,,1.1278261528,3285.40308,7530.645327,24.7235,3
2026-06-10T15:14:41+00:00,5693279219,SOL,,2,-26.28,36.166494,2.4048474172000027,28,,19,,9,,64.8087162483,16902.969705,7532.638562,360.35,3
2026-06-10T15:14:41+00:00,5617871752,WLD,,2,-295,45.570415,8.845393597399998,67,,53,,14,,0.5037759249,15901.328835999997,7532.638562,26.8278,3
2026-06-10T15:14:41+00:00,4306550166,XRP,,2,-329,6.458144,1.7736434249999995,17,,9,,8,,1.1278261528,3285.40308,7530.645327,24.7322,3
2026-06-10T15:15:41+00:00,5693279219,SOL,,2,-26.28,36.166494,2.4048474172000027,28,,19,,9,,64.8087162483,16902.969705,7532.638562,360.53,3
2026-06-10T15:15:41+00:00,5617871752,WLD,,2,-295,45.570415,8.845393597399998,67,,53,,14,,0.5037759249,15901.328835999997,7532.638562,26.8487,3
2026-06-10T15:15:41+00:00,4306550166,XRP,,2,-329,6.458144,1.7736434249999995,17,,9,,8,,1.1278261528,3285.40308,7530.645327,24.7521,3
2026-06-10T15:16:41+00:00,5693279219,SOL,,2,-26.28,36.166494,2.4048474172000027,28,,19,,9,,64.8087162483,16902.969705,7532.638562,360.5,3
2026-06-10T15:16:41+00:00,5617871752,WLD,,2,-295,45.570415,8.845393597399998,67,,53,,14,,0.5037759249,15901.328835999997,7532.638562,26.8509,3
2026-06-10T15:16:41+00:00,4306550166,XRP,,2,-329,6.458144,2.7285178699999997,17,,9,,8,,1.1278261528,3285.40308,7541.359233,24.7536,3
2026-06-10T15:17:42+00:00,5693279219,SOL,,2,-26.28,36.166494,2.4048474172000027,28,,19,,9,,64.8087162483,16902.969705,7532.638562,360.37,3
2026-06-10T15:17:42+00:00,5617871752,WLD,,2,-295,45.570415,8.845393597399998,67,,53,,14,,0.5037759249,15901.328835999997,7532.638562,26.838,3
2026-06-10T15:17:42+00:00,4306550166,XRP,,2,-329,6.458144,2.7285178699999997,17,,9,,8,,1.1278261528,3285.40308,7541.359233,24.7412,3
2026-06-10T15:18:42+00:00,5693279219,SOL,,2,-26.28,36.166494,2.4048474172000027,28,,19,,9,,64.8087162483,16902.969705,7532.638562,360.44,3
2026-06-10T15:18:42+00:00,5617871752,WLD,,2,-295,45.570415,8.845393597399998,67,,53,,14,,0.5037759249,15901.328835999997,7532.638562,26.8495,3
2026-06-10T15:18:42+00:00,4306550166,XRP,,2,-329,6.458144,2.7285178699999997,17,,9,,8,,1.1278261528,3285.40308,7541.359233,24.7494,3
2026-06-10T15:19:42+00:00,5693279219,SOL,,2,-26.28,36.166494,2.4048474172000027,28,,19,,9,,64.8087162483,16902.969705,7532.638562,360.28,3
2026-06-10T15:19:42+00:00,5617871752,WLD,,2,-295,45.570415,8.845393597399998,67,,53,,14,,0.5037759249,15901.328835999997,7532.638562,26.8197,3
2026-06-10T15:19:42+00:00,4306550166,XRP,,2,-329,6.458144,2.7285178699999997,17,,9,,8,,1.1278261528,3285.40308,7541.359233,24.723,3
2026-06-10T15:20:42+00:00,5693279219,SOL,,2,-26.28,36.166494,2.4048474172000027,28,,19,,9,,64.8087162483,16902.969705,7532.638562,359.55,3
2026-06-10T15:20:42+00:00,5617871752,WLD,,2,-895,46.576159999999994,6.869836847399995,68,,54,,14,,0.5001719529,16200.368835999998,7541.996937,9.1521,3
2026-06-10T15:20:42+00:00,4306550166,XRP,,2,-329,6.458144,2.7285178699999997,17,,9,,8,,1.1278261528,3285.40308,7541.359233,24.6566,3
2026-06-10T15:21:43+00:00,5693279219,SOL,,2,-26.28,36.166494,-6.320672112799997,28,,19,,9,,64.8087162483,16902.969705,7541.631373,359.44,3
2026-06-10T15:21:43+00:00,5617871752,WLD,,2,-895,46.576159999999994,6.869836847399995,68,,54,,14,,0.5001719529,16200.368835999998,7541.996937,9.1466,3
2026-06-10T15:21:43+00:00,4306550166,XRP,,2,-329,6.458144,2.7285178699999997,17,,9,,8,,1.1278261528,3285.40308,7541.359233,24.6451,3
2026-06-10T15:22:43+00:00,5693279219,SOL,,2,-43.35,37.913872,-13.316395367800006,29,,20,,9,,64.8990556633,18013.170705,7541.631373,243.3,3
2026-06-10T15:22:43+00:00,5617871752,WLD,,2,-895,46.576159999999994,6.869836847399995,68,,54,,14,,0.5001719529,16200.368835999998,7541.996937,9.1319,3
2026-06-10T15:22:43+00:00,4306550166,XRP,,2,-329,6.458144,2.7285178699999997,17,,9,,8,,1.1278261528,3285.40308,7541.359233,24.6056,3
2026-06-10T15:23:43+00:00,5693279219,SOL,,2,-43.35,37.913872,-13.316395367800006,29,,20,,9,,64.8990556633,18013.170705,7541.631373,243.23,3
2026-06-10T15:23:43+00:00,5617871752,WLD,,2,-895,46.576159999999994,6.869836847399995,68,,54,,14,,0.5001719529,16200.368835999998,7541.996937,9.1267,3
2026-06-10T15:23:43+00:00,4306550166,XRP,,2,-329,6.458144,2.7285178699999997,17,,9,,8,,1.1278261528,3285.40308,7541.359233,24.5916,3
2026-06-10T15:24:43+00:00,5693279219,SOL,,2,-43.35,37.913872,-13.316395367800006,29,,20,,9,,64.8990556633,18013.170705,7541.631373,243.14,3
2026-06-10T15:24:43+00:00,5617871752,WLD,,2,-895,46.576159999999994,6.869836847399995,68,,54,,14,,0.5001719529,16200.368835999998,7541.996937,9.1191,3
2026-06-10T15:24:43+00:00,4306550166,XRP,,2,-426,7.06079,-0.3666075449999999,17,,10,,7,,1.1278657377,3394.8190799999998,7541.631373,19.2331,3
2026-06-10T15:25:43+00:00,5693279219,SOL,,2,-43.35,37.913872,-13.316395367800006,29,,20,,9,,64.8990556633,18013.170705,7541.631373,243.1,3
2026-06-10T15:25:43+00:00,5617871752,WLD,,2,-895,46.576159999999994,6.869836847399995,68,,54,,14,,0.5001719529,16200.368835999998,7541.996937,9.1118,3
2026-06-10T15:25:43+00:00,4306550166,XRP,,2,-426,7.06079,-0.3666075449999999,17,,10,,7,,1.1278657377,3394.8190799999998,7541.631373,19.2184,3
2026-06-10T15:26:43+00:00,5693279219,SOL,,2,-43.35,37.913872,-13.316395367800006,29,,20,,9,,64.8990556633,18013.170705,7541.631373,243.17,3
2026-06-10T15:26:43+00:00,5617871752,WLD,,2,-895,46.576159999999994,6.869836847399995,68,,54,,14,,0.5001719529,16200.368835999998,7541.996937,9.1206,3
2026-06-10T15:26:43+00:00,4306550166,XRP,,2,-426,7.06079,-0.3666075449999999,17,,10,,7,,1.1278657377,3394.8190799999998,7541.631373,19.2361,3
2026-06-10T15:27:43+00:00,5693279219,SOL,,2,-43.35,37.913872,-13.316395367800006,29,,20,,9,,64.8990556633,18013.170705,7541.631373,243.21,3
2026-06-10T15:27:43+00:00,5617871752,WLD,,2,-895,46.576159999999994,6.869836847399995,68,,54,,14,,0.5001719529,16200.368835999998,7541.996937,9.1212,3
2026-06-10T15:27:43+00:00,4306550166,XRP,,2,-426,7.06079,-0.3666075449999999,17,,10,,7,,1.1278657377,3394.8190799999998,7541.631373,19.2393,3
2026-06-10T15:28:43+00:00,5693279219,SOL,,2,-43.35,37.913872,-13.316395367800006,29,,20,,9,,64.8990556633,18013.170705,7541.631373,243.03,3
2026-06-10T15:28:43+00:00,5617871752,WLD,,2,-1195,47.31109599999999,2.952771577399993,68,,55,,13,,0.5005555631,16350.878835999996,7541.008457,9.1121,3
2026-06-10T15:28:43+00:00,4306550166,XRP,,2,-426,7.06079,-0.3666075449999999,17,,10,,7,,1.1278657377,3394.8190799999998,7541.631373,19.2147,3
2026-06-10T15:29:43+00:00,5693279219,SOL,,2,-43.35,37.913872,-13.316395367800006,29,,20,,9,,64.8990556633,18013.170705,7541.631373,243.12,3
2026-06-10T15:29:43+00:00,5617871752,WLD,,2,-1195,47.31109599999999,2.952771577399993,68,,55,,13,,0.5005555631,16350.878835999996,7541.008457,6.9545,3
2026-06-10T15:29:43+00:00,4306550166,XRP,,2,-426,7.06079,-0.3666075449999999,17,,10,,7,,1.1278657377,3394.8190799999998,7541.631373,19.2268,3
2026-06-10T15:30:43+00:00,5693279219,SOL,,2,-43.35,37.913872,-13.316395367800006,29,,20,,9,,64.8990556633,18013.170705,7541.631373,243.05,3
2026-06-10T15:30:43+00:00,5617871752,WLD,,2,-1495,47.31109599999999,2.009632192399991,69,,55,,14,,0.5009256842,16501.598835999997,7540.955779,6.9523,3
2026-06-10T15:30:43+00:00,4306550166,XRP,,2,-426,7.06079,-0.3666075449999999,17,,10,,7,,1.1278657377,3394.8190799999998,7541.631373,19.2046,3
2026-06-10T15:31:44+00:00,5693279219,SOL,,2,-43.35,37.913872,-13.316395367800006,29,,20,,9,,64.8990556633,18013.170705,7541.631373,242.94,3
2026-06-10T15:31:44+00:00,5617871752,WLD,,2,-1495,47.31109599999999,2.009632192399991,69,,55,,14,,0.5009256842,16501.598835999997,7540.955779,5.6527,3
2026-06-10T15:31:44+00:00,4306550166,XRP,,2,-426,7.06079,-0.3666075449999999,17,,10,,7,,1.1278657377,3394.8190799999998,7541.631373,19.1987,3
2026-06-10T15:32:44+00:00,5693279219,SOL,,2,-43.35,37.913872,-19.6149681928,29,,20,,9,,64.8990556633,18013.170705,7540.955779,242.96,3
2026-06-10T15:32:44+00:00,5617871752,WLD,,2,-1495,47.31109599999999,2.009632192399991,69,,55,,14,,0.5009256842,16501.598835999997,7540.955779,5.6539,3
2026-06-10T15:32:44+00:00,4306550166,XRP,,2,-426,7.06079,-0.3666075449999999,17,,10,,7,,1.1278657377,3394.8190799999998,7541.631373,19.2039,3
2026-06-10T15:33:44+00:00,5693279219,SOL,,2,-43.35,37.913872,-19.6149681928,29,,20,,9,,64.8990556633,18013.170705,7540.955779,242.93,3
2026-06-10T15:33:44+00:00,5617871752,WLD,,2,-1495,47.31109599999999,2.009632192399991,69,,55,,14,,0.5009256842,16501.598835999997,7540.955779,5.6528,3
2026-06-10T15:33:44+00:00,4306550166,XRP,,2,-426,7.06079,-0.3666075449999999,17,,10,,7,,1.1278657377,3394.8190799999998,7541.631373,19.1999,3
2026-06-10T15:34:44+00:00,5693279219,SOL,,2,-43.35,37.913872,-19.6149681928,29,,20,,9,,64.8990556633,18013.170705,7540.955779,242.93,3
2026-06-10T15:34:44+00:00,5617871752,WLD,,2,-1495,47.31109599999999,2.009632192399991,69,,55,,14,,0.5009256842,16501.598835999997,7540.955779,5.6519,3
2026-06-10T15:34:44+00:00,4306550166,XRP,,2,-426,7.06079,0.589736985,17,,10,,7,,1.1278657377,3394.8190799999998,7540.837605,19.197,3
2026-06-10T15:35:44+00:00,5693279219,SOL,,2,-43.35,37.913872,-19.6149681928,29,,20,,9,,64.8990556633,18013.170705,7540.955779,243.06,3
2026-06-10T15:35:44+00:00,5617871752,WLD,,2,-1495,47.31109599999999,2.009632192399991,69,,55,,14,,0.5009256842,16501.598835999997,7540.955779,5.654,3
2026-06-10T15:35:44+00:00,4306550166,XRP,,2,-426,7.06079,0.589736985,17,,10,,7,,1.1278657377,3394.8190799999998,7540.837605,19.2144,3
2026-06-10T15:36:44+00:00,5693279219,SOL,,2,-43.35,37.913872,-19.6149681928,29,,20,,9,,64.8990556633,18013.170705,7540.955779,242.99,3
2026-06-10T15:36:44+00:00,5617871752,WLD,,2,-1495,47.31109599999999,2.009632192399991,69,,55,,14,,0.5009256842,16501.598835999997,7540.955779,5.6531,3
2026-06-10T15:36:44+00:00,4306550166,XRP,,2,-426,7.06079,0.589736985,17,,10,,7,,1.1278657377,3394.8190799999998,7540.837605,19.2084,3
2026-06-10T15:37:44+00:00,5693279219,SOL,,2,-43.35,37.913872,-19.6149681928,29,,20,,9,,64.8990556633,18013.170705,7540.955779,243.21,3
2026-06-10T15:37:44+00:00,5617871752,WLD,,2,-895,48.796147999999995,10.667823272399993,70,,56,,14,,0.5009256842,16799.858835999996,7540.837605,9.1101,3
2026-06-10T15:37:44+00:00,4306550166,XRP,,2,-426,7.06079,0.589736985,17,,10,,7,,1.1278657377,3394.8190799999998,7540.837605,19.2206,3
2026-06-10T15:38:44+00:00,5693279219,SOL,,2,-43.35,37.913872,-19.6149681928,29,,20,,9,,64.8990556633,18013.170705,7540.955779,243.14,3
2026-06-10T15:38:44+00:00,5617871752,WLD,,2,1655,54.165718,5.8934153924000015,73,,62,,11,,0.4841848338,18041.084235999995,7543.028625,0,3
2026-06-10T15:38:44+00:00,4306550166,XRP,,2,-426,7.06079,0.589736985,17,,10,,7,,1.1278657377,3394.8190799999998,7540.837605,19.2289,3
2026-06-10T15:39:44+00:00,5693279219,SOL,,2,-43.35,37.913872,-19.6149681928,29,,20,,9,,64.8990556633,18013.170705,7540.955779,242.95,3
2026-06-10T15:39:44+00:00,5617871752,WLD,,2,2255,54.165718,-6.962188252600001,75,,62,,13,,0.4818474057,18326.324235999993,7543.028625,0,3
2026-06-10T15:39:44+00:00,4306550166,XRP,,2,-426,7.06079,0.589736985,17,,10,,7,,1.1278657377,3394.8190799999998,7540.837605,19.2117,3
2026-06-10T15:40:44+00:00,5693279219,SOL,,2,-43.35,37.913872,-19.6149681928,29,,20,,9,,64.8990556633,18013.170705,7540.955779,242.46,3
2026-06-10T15:40:44+00:00,5617871752,WLD,,2,2808,54.877252,-15.623892993500007,76,,63,,13,,0.4794084045,18585.937135999993,7543.028625,0,3
2026-06-10T15:40:44+00:00,4306550166,XRP,,2,-426,7.06079,0.589736985,17,,10,,7,,1.1278657377,3394.8190799999998,7540.837605,19.1665,3
2026-06-10T15:41:44+00:00,5693279219,SOL,,2,-43.35,37.913872,-19.6149681928,29,,20,,9,,64.8990556633,18013.170705,7540.955779,242.55,3
2026-06-10T15:41:44+00:00,5617871752,WLD,,2,2808,54.877252,-15.623892993500007,76,,63,,13,,0.4794084045,18585.937135999993,7543.028625,0,3
2026-06-10T15:41:44+00:00,4306550166,XRP,,2,-426,7.06079,0.589736985,17,,10,,7,,1.1278657377,3394.8190799999998,7540.837605,19.1762,3
2026-06-10T15:42:45+00:00,5693279219,SOL,,2,-43.35,37.913872,-16.076392142800003,29,,20,,9,,64.8990556633,18013.170705,7550.83249,242.41,3
2026-06-10T15:42:45+00:00,5617871752,WLD,,2,3108,54.877252,-26.577956433500006,77,,63,,14,,0.4780851994,18725.647135999992,7550.83249,0,3
2026-06-10T15:42:45+00:00,4306550166,XRP,,2,-426,7.06079,0.589736985,17,,10,,7,,1.1278657377,3394.8190799999998,7540.837605,19.1542,3
2026-06-10T15:43:45+00:00,5693279219,SOL,,2,-43.35,37.913872,-16.076392142800003,29,,20,,9,,64.8990556633,18013.170705,7550.83249,242.41,3
2026-06-10T15:43:45+00:00,5617871752,WLD,,2,3008,54.877252,-34.694811808500006,78,,63,,15,,0.4780851994,18771.797135999994,7550.83249,0,3
2026-06-10T15:43:45+00:00,4306550166,XRP,,2,-426,7.06079,0.589736985,17,,10,,7,,1.1278657377,3394.8190799999998,7540.837605,19.153,3
2026-06-10T15:44:45+00:00,5693279219,SOL,,2,-43.35,37.913872,-16.076392142800003,29,,20,,9,,64.8990556633,18013.170705,7550.83249,243,3
2026-06-10T15:44:45+00:00,5617871752,WLD,,2,1435,57.910278999999996,8.481536351499997,81,,66,,15,,0.4780851994,19517.630935999994,7550.83249,0,3
2026-06-10T15:44:45+00:00,4306550166,XRP,,2,-426,7.06079,-0.2680891050000005,17,,10,,7,,1.1278657377,3394.8190799999998,7550.83249,19.2002,3
2026-06-10T15:45:45+00:00,5693279219,SOL,,2,-43.35,37.913872,-16.076392142800003,29,,20,,9,,64.8990556633,18013.170705,7550.83249,243.03,3
2026-06-10T15:45:45+00:00,5617871752,WLD,,2,1435,58.726957999999996,9.794529471499999,82,,67,,15,,0.4777728262,19789.834435999997,7542.540679,0,3
2026-06-10T15:45:45+00:00,4306550166,XRP,,2,-426,7.06079,-0.2680891050000005,17,,10,,7,,1.1278657377,3394.8190799999998,7550.83249,19.2101,3
2026-06-10T15:46:45+00:00,5693279219,SOL,,2,-47.25,39.373574999999995,-33.82925209280001,29,,21,,8,,64.9503082117,18268.698705,7542.540679,227.96,3
2026-06-10T15:46:45+00:00,5617871752,WLD,,2,1435,58.726957999999996,9.794529471499999,82,,67,,15,,0.4777728262,19789.834435999997,7542.540679,0,3
2026-06-10T15:46:45+00:00,4306550166,XRP,,2,-694,7.06079,-1.3878294149999997,18,,10,,8,,1.128380986,3697.4446799999996,7542.540679,12.1918,3
2026-06-10T15:47:45+00:00,5693279219,SOL,,2,-47.25,39.373574999999995,-33.82925209280001,29,,21,,8,,64.9503082117,18268.698705,7542.540679,227.96,3
2026-06-10T15:47:45+00:00,5617871752,WLD,,2,1435,58.726957999999996,9.794529471499999,82,,67,,15,,0.4777728262,19789.834435999997,7542.540679,0,3
2026-06-10T15:47:45+00:00,4306550166,XRP,,2,-694,7.06079,-1.3878294149999997,18,,10,,8,,1.128380986,3697.4446799999996,7542.540679,12.1937,3
2026-06-10T15:48:45+00:00,5693279219,SOL,,2,-43.35,39.373574999999995,-9.147568542800002,30,,21,,9,,64.9503082117,18522.432705,7542.540679,243.09,3
2026-06-10T15:48:45+00:00,5617871752,WLD,,2,1720,59.657776999999996,1.761399471499999,82,,68,,14,,0.4773630846,19925.294935999995,7542.540679,0,3
2026-06-10T15:48:45+00:00,4306550166,XRP,,2,-329,8.67199,4.355548569999999,19,,11,,8,,1.128380986,4106.955779999999,7542.540679,19.2439,3
2026-06-10T15:49:45+00:00,5693279219,SOL,,2,-43.35,39.373574999999995,-9.147568542800002,30,,21,,9,,64.9503082117,18522.432705,7542.540679,243.39,3
2026-06-10T15:49:45+00:00,5617871752,WLD,,2,1720,59.657776999999996,1.761399471499999,82,,68,,14,,0.4773630846,19925.294935999995,7542.540679,0,3
2026-06-10T15:49:45+00:00,4306550166,XRP,,2,-329,8.67199,4.355548569999999,19,,11,,8,,1.128380986,4106.955779999999,7542.540679,24.6436,3
2026-06-10T15:50:45+00:00,5693279219,SOL,,2,-43.35,39.373574999999995,-9.147568542800002,30,,21,,9,,64.9503082117,18522.432705,7542.540679,242.87,3
2026-06-10T15:50:45+00:00,5617871752,WLD,,2,2539,60.30799,-15.028604118500006,84,,69,,15,,0.4751742046,20310.697735999995,7543.18874,0,3
2026-06-10T15:50:45+00:00,4306550166,XRP,,2,-329,8.67199,4.355548569999999,19,,11,,8,,1.128380986,4106.955779999999,7542.540679,24.5493,3
2026-06-10T15:51:45+00:00,5693279219,SOL,,2,-43.35,39.373574999999995,-9.147568542800002,30,,21,,9,,64.9503082117,18522.432705,7542.540679,242.93,3
2026-06-10T15:51:45+00:00,5617871752,WLD,,2,2239,61.25936299999999,-0.6994486735000081,84,,70,,14,,0.4751742046,20452.117735999997,7543.18874,0,3
2026-06-10T15:51:45+00:00,4306550166,XRP,,2,-329,8.67199,4.355548569999999,19,,11,,8,,1.128380986,4106.955779999999,7542.540679,24.5668,3
2026-06-10T15:52:45+00:00,5693279219,SOL,,2,-43.35,39.373574999999995,-9.147568542800002,30,,21,,9,,64.9503082117,18522.432705,7542.540679,242.95,3
2026-06-10T15:52:45+00:00,5617871752,WLD,,2,2239,61.25936299999999,-0.6994486735000081,84,,70,,14,,0.4751742046,20452.117735999997,7543.18874,0,3
2026-06-10T15:52:45+00:00,4306550166,XRP,,2,-329,8.67199,4.355548569999999,19,,11,,8,,1.128380986,4106.955779999999,7542.540679,24.5714,3
2026-06-10T15:53:46+00:00,5693279219,SOL,,2,-43.35,39.373574999999995,-9.147568542800002,30,,21,,9,,64.9503082117,18522.432705,7542.540679,242.42,3
2026-06-10T15:53:46+00:00,5617871752,WLD,,2,2539,61.25936299999999,-11.462927933500012,85,,70,,15,,0.4744210493,20592.757735999996,7543.18874,0,3
2026-06-10T15:53:46+00:00,4306550166,XRP,,2,-329,8.67199,4.355548569999999,19,,11,,8,,1.128380986,4106.955779999999,7542.540679,24.4781,3
2026-06-10T15:54:46+00:00,5693279219,SOL,,2,-59.25,40.75541499999999,-39.82542084280001,31,,22,,9,,65.09923816,19563.966705,7541.560651,194.34,3
2026-06-10T15:54:46+00:00,5617871752,WLD,,2,2020,62.240536999999996,6.162713031499997,86,,71,,15,,0.4744210493,20838.349435999997,7541.560651,0,3
2026-06-10T15:54:46+00:00,4306550166,XRP,,2,-694,9.226173999999999,0.43213352499999935,20,,12,,8,,1.1286866634,4519.02698,7541.560651,12.1261,3
2026-06-10T15:55:46+00:00,5693279219,SOL,,2,-59.25,40.75541499999999,-39.82542084280001,31,,22,,9,,65.09923816,19563.966705,7541.560651,194.4,3
2026-06-10T15:55:46+00:00,5617871752,WLD,,2,2020,62.240536999999996,6.162713031499997,86,,71,,15,,0.4744210493,20838.349435999997,7541.560651,0,3
2026-06-10T15:55:46+00:00,4306550166,XRP,,2,-694,9.226173999999999,0.43213352499999935,20,,12,,8,,1.1286866634,4519.02698,7541.560651,12.1312,3
2026-06-10T15:56:46+00:00,5693279219,SOL,,2,-59.25,40.75541499999999,-39.82542084280001,31,,22,,9,,65.09923816,19563.966705,7541.560651,194.38,3
2026-06-10T15:56:46+00:00,5617871752,WLD,,2,2539,62.912687999999996,-9.20370107850001,87,,72,,15,,0.4734059155,21081.996535999995,7541.560651,0,3
2026-06-10T15:56:46+00:00,4306550166,XRP,,2,-694,9.226173999999999,0.43213352499999935,20,,12,,8,,1.1286866634,4519.02698,7541.560651,12.1396,3
2026-06-10T15:57:46+00:00,5693279219,SOL,,2,-59.25,40.75541499999999,-39.82542084280001,31,,22,,9,,65.09923816,19563.966705,7541.560651,194.42,3
2026-06-10T15:57:46+00:00,5617871752,WLD,,2,2539,62.912687999999996,-9.20370107850001,87,,72,,15,,0.4734059155,21081.996535999995,7541.560651,0,3
2026-06-10T15:57:46+00:00,4306550166,XRP,,2,-694,9.226173999999999,0.43213352499999935,20,,12,,8,,1.1286866634,4519.02698,7541.560651,12.1292,3
2026-06-10T15:58:46+00:00,5693279219,SOL,,2,-59.25,40.75541499999999,-39.82542084280001,31,,22,,9,,65.09923816,19563.966705,7541.560651,194.29,3
2026-06-10T15:58:46+00:00,5617871752,WLD,,2,2708,63.550264999999996,-18.1106727935,87,,73,,14,,0.4729187664,21160.682935999997,7539.721363,0,3
2026-06-10T15:58:46+00:00,4306550166,XRP,,2,-694,9.226173999999999,0.43213352499999935,20,,12,,8,,1.1286866634,4519.02698,7541.560651,12.1264,3
2026-06-10T15:59:46+00:00,5693279219,SOL,,2,-59.25,40.75541499999999,-39.82542084280001,31,,22,,9,,65.09923816,19563.966705,7541.560651,194.41,3
2026-06-10T15:59:46+00:00,5617871752,WLD,,2,2708,63.550264999999996,-18.1106727935,87,,73,,14,,0.4729187664,21160.682935999997,7539.721363,0,3
2026-06-10T15:59:46+00:00,4306550166,XRP,,2,-694,9.226173999999999,0.43213352499999935,20,,12,,8,,1.1286866634,4519.02698,7541.560651,12.1433,3
2026-06-10T16:00:46+00:00,5693279219,SOL,,2,-59.25,40.75541499999999,-39.82542084280001,31,,22,,9,,65.09923816,19563.966705,7541.560651,194.32,3
2026-06-10T16:00:46+00:00,5617871752,WLD,,2,2708,63.550264999999996,-18.1106727935,87,,73,,14,,0.4729187664,21160.682935999997,7539.721363,0,3
2026-06-10T16:00:46+00:00,4306550166,XRP,,2,-694,9.226173999999999,0.43213352499999935,20,,12,,8,,1.1286866634,4519.02698,7541.560651,12.1314,3
2026-06-10T16:01:46+00:00,5693279219,SOL,,2,-59.25,40.75541499999999,-39.82542084280001,31,,22,,9,,65.09923816,19563.966705,7541.560651,194.54,3
2026-06-10T16:01:46+00:00,5617871752,WLD,,2,2708,63.550264999999996,-18.1106727935,87,,73,,14,,0.4729187664,21160.682935999997,7539.721363,0,3
2026-06-10T16:01:46+00:00,4306550166,XRP,,2,-694,9.226173999999999,0.43213352499999935,20,,12,,8,,1.1286866634,4519.02698,7541.560651,12.1615,3
2026-06-10T16:02:47+00:00,5693279219,SOL,,2,-59.25,40.75541499999999,-39.82542084280001,31,,22,,9,,65.09923816,19563.966705,7541.560651,194.62,3
2026-06-10T16:02:47+00:00,5617871752,WLD,,2,3008,63.550264999999996,-22.329455973500004,88,,73,,15,,0.472009315,21299.822935999997,7537.405998,0,3
2026-06-10T16:02:47+00:00,4306550166,XRP,,2,-694,9.226173999999999,0.43213352499999935,20,,12,,8,,1.1286866634,4519.02698,7541.560651,12.1715,3
2026-06-10T16:03:47+00:00,5693279219,SOL,,2,-59.25,40.75541499999999,-39.82542084280001,31,,22,,9,,65.09923816,19563.966705,7541.560651,194.4,3
2026-06-10T16:03:47+00:00,5617871752,WLD,,2,3203,64.03646499999999,-25.878524235,88,,74,,14,,0.4714242958,21389.990935999995,7537.405998,0,3
2026-06-10T16:03:47+00:00,4306550166,XRP,,2,-694,9.226173999999999,0.43213352499999935,20,,12,,8,,1.1286866634,4519.02698,7541.560651,12.1502,3
2026-06-10T16:04:47+00:00,5693279219,SOL,,2,-59.25,40.75541499999999,-11.224511342800007,31,,22,,9,,65.09923816,19563.966705,7537.405998,194.27,3
2026-06-10T16:04:47+00:00,5617871752,WLD,,2,3373,64.03646499999999,-38.11390501000001,90,,74,,16,,0.4704202168,21587.388935999996,7537.405998,0,3
2026-06-10T16:04:47+00:00,4306550166,XRP,,2,-694,9.226173999999999,2.8862692749999983,20,,12,,8,,1.1286866634,4519.02698,7537.405998,12.1384,3
2026-06-10T16:05:47+00:00,5693279219,SOL,,2,-47.25,44.88668499999999,-5.889955967800006,31,,23,,8,,65.09923816,20345.526705,7537.405998,227.12,3
2026-06-10T16:05:47+00:00,5617871752,WLD,,2,3473,64.354282,-40.69619202,90,,75,,15,,0.4700625947,21633.18893599999,7537.405998,0,3
2026-06-10T16:05:47+00:00,4306550166,XRP,,2,-694,9.226173999999999,2.8862692749999983,20,,12,,8,,1.1286866634,4519.02698,7537.405998,12.1474,3
2026-06-10T16:06:48+00:00,5693279219,SOL,,2,-47.25,44.88668499999999,-5.889955967800006,31,,23,,8,,65.09923816,20345.526705,7537.405998,227.14,3
2026-06-10T16:06:48+00:00,5617871752,WLD,,2,3473,64.354282,-40.69619202,90,,75,,15,,0.4700625947,21633.18893599999,7537.405998,0,3
2026-06-10T16:06:48+00:00,4306550166,XRP,,2,-694,9.226173999999999,2.8862692749999983,20,,12,,8,,1.1286866634,4519.02698,7537.405998,12.1447,3
2026-06-10T16:07:47+00:00,5693279219,SOL,,2,-47.25,44.88668499999999,-5.889955967800006,31,,23,,8,,65.09923816,20345.526705,7537.405998,226.93,3
2026-06-10T16:07:47+00:00,5617871752,WLD,,2,3473,64.354282,-40.69619202,90,,75,,15,,0.4700625947,21633.18893599999,7537.405998,0,3
2026-06-10T16:07:47+00:00,4306550166,XRP,,2,-694,9.226173999999999,2.8862692749999983,20,,12,,8,,1.1286866634,4519.02698,7537.405998,12.1252,3
2026-06-10T16:08:47+00:00,5693279219,SOL,,2,-47.25,44.88668499999999,-5.889955967800006,31,,23,,8,,65.09923816,20345.526705,7537.405998,227.2,3
2026-06-10T16:08:47+00:00,5617871752,WLD,,2,3473,64.354282,-40.69619202,90,,75,,15,,0.4700625947,21633.18893599999,7537.405998,0,3
2026-06-10T16:08:47+00:00,4306550166,XRP,,2,-694,9.226173999999999,2.8862692749999983,20,,12,,8,,1.1286866634,4519.02698,7537.405998,12.1478,3
2026-06-10T16:09:47+00:00,5693279219,SOL,,2,-47.25,44.88668499999999,-5.889955967800006,31,,23,,8,,65.09923816,20345.526705,7537.405998,227.25,3
2026-06-10T16:09:47+00:00,5617871752,WLD,,2,3473,64.354282,-40.69619202,90,,75,,15,,0.4700625947,21633.18893599999,7537.405998,0,3
2026-06-10T16:09:47+00:00,4306550166,XRP,,2,-694,9.226173999999999,2.8862692749999983,20,,12,,8,,1.1286866634,4519.02698,7537.405998,12.1511,3
2026-06-10T16:10:48+00:00,5693279219,SOL,,2,-47.25,44.88668499999999,-5.889955967800006,31,,23,,8,,65.09923816,20345.526705,7537.405998,227.45,3
2026-06-10T16:10:48+00:00,5617871752,WLD,,2,3473,64.354282,-40.69619202,90,,75,,15,,0.4700625947,21633.18893599999,7537.405998,0,3
2026-06-10T16:10:48+00:00,4306550166,XRP,,2,-694,9.226173999999999,2.8862692749999983,20,,12,,8,,1.1286866634,4519.02698,7537.405998,12.1679,3
2026-06-10T16:11:48+00:00,5693279219,SOL,,2,-47.25,44.88668499999999,-5.889955967800006,31,,23,,8,,65.09923816,20345.526705,7537.405998,227.57,3
2026-06-10T16:11:48+00:00,5617871752,WLD,,2,3473,64.354282,-40.69619202,90,,75,,15,,0.4700625947,21633.18893599999,7537.405998,0,3
2026-06-10T16:11:48+00:00,4306550166,XRP,,2,-694,9.226173999999999,2.8862692749999983,20,,12,,8,,1.1286866634,4519.02698,7537.405998,12.1793,3
2026-06-10T16:12:48+00:00,5693279219,SOL,,2,-47.25,44.88668499999999,-5.889955967800006,31,,23,,8,,65.09923816,20345.526705,7537.405998,227.44,3
2026-06-10T16:12:48+00:00,5617871752,WLD,,2,3473,64.354282,-40.69619202,90,,75,,15,,0.4700625947,21633.18893599999,7537.405998,0,3
2026-06-10T16:12:48+00:00,4306550166,XRP,,2,-694,9.226173999999999,2.8862692749999983,20,,12,,8,,1.1286866634,4519.02698,7537.405998,12.1671,3
2026-06-10T16:13:48+00:00,5693279219,SOL,,2,-47.25,44.88668499999999,-5.889955967800006,31,,23,,8,,65.09923816,20345.526705,7537.405998,227.32,3
2026-06-10T16:13:48+00:00,5617871752,WLD,,2,3373,64.354282,-48.970992255,91,,75,,16,,0.4700625947,21678.638935999996,7533.214679,0,3
2026-06-10T16:13:48+00:00,4306550166,XRP,,2,-694,9.226173999999999,2.8862692749999983,20,,12,,8,,1.1286866634,4519.02698,7537.405998,12.1643,3
2026-06-10T16:14:48+00:00,5693279219,SOL,,2,-47.25,44.88668499999999,-5.889955967800006,31,,23,,8,,65.09923816,20345.526705,7537.405998,227.13,3
2026-06-10T16:14:48+00:00,5617871752,WLD,,2,4073,65.159472,-77.67993224,94,,77,,17,,0.4665341832,22112.763595999993,7531.642513,0,3
2026-06-10T16:14:48+00:00,4306550166,XRP,,2,-426,10.837298999999998,5.699564394999998,20,,13,,7,,1.1286866634,4819.937379999999,7531.642513,19.0923,3
2026-06-10T16:15:48+00:00,5693279219,SOL,,2,-47.25,44.88668499999999,-3.5265240928000097,31,,23,,8,,65.09923816,20345.526705,7531.642513,226.86,3
2026-06-10T16:15:48+00:00,5617871752,WLD,,2,4073,65.159472,-77.67993224,94,,77,,17,,0.4665341832,22112.763595999993,7531.642513,0,3
2026-06-10T16:15:48+00:00,4306550166,XRP,,2,-426,10.837298999999998,5.699564394999998,20,,13,,7,,1.1286866634,4819.937379999999,7531.642513,19.0571,3
2026-06-10T16:16:48+00:00,5693279219,SOL,,2,-47.25,44.88668499999999,-3.5265240928000097,31,,23,,8,,65.09923816,20345.526705,7531.642513,227.04,3
2026-06-10T16:16:48+00:00,5617871752,WLD,,2,3773,66.054688,-53.896269579999995,94,,78,,16,,0.4665341832,22248.66359599999,7531.642513,0,3
2026-06-10T16:16:48+00:00,4306550166,XRP,,2,-426,10.837298999999998,5.699564394999998,20,,13,,7,,1.1286866634,4819.937379999999,7531.642513,19.0765,3
2026-06-10T16:17:48+00:00,5693279219,SOL,,2,-47.25,44.88668499999999,-3.5265240928000097,31,,23,,8,,65.09923816,20345.526705,7531.642513,227.23,3
2026-06-10T16:17:48+00:00,5617871752,WLD,,2,3773,66.054688,-52.03648445500001,94,,78,,16,,0.4665341832,22248.66359599999,7531.642513,0,3
2026-06-10T16:17:48+00:00,4306550166,XRP,,2,-426,10.837298999999998,5.699564394999998,20,,13,,7,,1.1286866634,4819.937379999999,7531.642513,19.1017,3
2026-06-10T16:18:48+00:00,5693279219,SOL,,2,-47.25,44.88668499999999,-3.5265240928000097,31,,23,,8,,65.09923816,20345.526705,7531.642513,227.4,3
2026-06-10T16:18:48+00:00,5617871752,WLD,,2,3673,66.054688,-45.796697089999995,95,,78,,17,,0.4665341832,22294.183595999995,7526.50342,0,3
2026-06-10T16:18:48+00:00,4306550166,XRP,,2,-426,10.837298999999998,5.699564394999998,20,,13,,7,,1.1286866634,4819.937379999999,7531.642513,19.1247,3
2026-06-10T16:19:48+00:00,5693279219,SOL,,2,-47.25,44.88668499999999,-3.5265240928000097,31,,23,,8,,65.09923816,20345.526705,7531.642513,227.31,3
2026-06-10T16:19:48+00:00,5617871752,WLD,,2,3673,66.054688,-45.796697089999995,95,,78,,17,,0.4665341832,22294.183595999995,7526.50342,0,3
2026-06-10T16:19:48+00:00,4306550166,XRP,,2,-426,10.837298999999998,5.699564394999998,20,,13,,7,,1.1286866634,4819.937379999999,7531.642513,19.1156,3
2026-06-10T16:20:49+00:00,5693279219,SOL,,2,-43.35,44.88668499999999,1.4476747321999923,32,,23,,9,,65.09923816,20598.909705,7526.50342,242.1,3
2026-06-10T16:20:49+00:00,5617871752,WLD,,2,3673,66.054688,-45.796697089999995,95,,78,,17,,0.4665341832,22294.183595999995,7526.50342,0,3
2026-06-10T16:20:49+00:00,4306550166,XRP,,2,-426,10.837298999999998,5.699564394999998,20,,13,,7,,1.1286866634,4819.937379999999,7531.642513,19.1357,3
2026-06-10T16:21:49+00:00,5693279219,SOL,,2,-43.35,44.88668499999999,1.4476747321999923,32,,23,,9,,65.09923816,20598.909705,7526.50342,242.33,3
2026-06-10T16:21:49+00:00,5617871752,WLD,,2,3673,66.054688,-45.796697089999995,95,,78,,17,,0.4665341832,22294.183595999995,7526.50342,0,3
2026-06-10T16:21:49+00:00,4306550166,XRP,,2,-329,10.837298999999998,6.328644764999998,21,,13,,8,,1.1286866634,4928.684079999999,7526.50342,24.4797,3
2026-06-10T16:22:49+00:00,5693279219,SOL,,2,-43.35,44.88668499999999,1.4476747321999923,32,,23,,9,,65.09923816,20598.909705,7526.50342,242.24,3
2026-06-10T16:22:49+00:00,5617871752,WLD,,2,3673,66.054688,-45.796697089999995,95,,78,,17,,0.4665341832,22294.183595999995,7526.50342,0,3
2026-06-10T16:22:49+00:00,4306550166,XRP,,2,-329,10.837298999999998,6.328644764999998,21,,13,,8,,1.1286866634,4928.684079999999,7526.50342,24.4647,3
2026-06-10T16:23:49+00:00,5693279219,SOL,,2,-43.35,44.88668499999999,1.4476747321999923,32,,23,,9,,65.09923816,20598.909705,7526.50342,242.16,3
2026-06-10T16:23:49+00:00,5617871752,WLD,,2,3673,66.054688,-45.796697089999995,95,,78,,17,,0.4665341832,22294.183595999995,7526.50342,0,3
2026-06-10T16:23:49+00:00,4306550166,XRP,,2,-329,10.837298999999998,6.328644764999998,21,,13,,8,,1.1286866634,4928.684079999999,7526.50342,24.4619,3
2026-06-10T16:24:49+00:00,5693279219,SOL,,2,-43.35,44.88668499999999,1.4476747321999923,32,,23,,9,,65.09923816,20598.909705,7526.50342,241.64,3
2026-06-10T16:24:49+00:00,5617871752,WLD,,2,3973,66.452974,-74.28799572000001,97,,79,,18,,0.4649766891,22519.233595999995,7526.449983,0,3
2026-06-10T16:24:49+00:00,4306550166,XRP,,2,-329,10.837298999999998,6.328644764999998,21,,13,,8,,1.1286866634,4928.684079999999,7526.50342,24.4076,3
2026-06-10T16:25:49+00:00,5693279219,SOL,,2,-31.35,49.29429199999999,15.257100022199992,32,,24,,8,,65.09923816,21374.709705,7526.449983,309.93,3
2026-06-10T16:25:49+00:00,5617871752,WLD,,2,3973,66.452974,-74.28799572000001,97,,79,,18,,0.4649766891,22519.233595999995,7526.449983,0,3
2026-06-10T16:25:49+00:00,4306550166,XRP,,2,-137,11.973110999999998,7.624021039999998,21,,14,,7,,1.1286866634,5143.16728,7530.570767,57.2494,3
2026-06-10T16:26:49+00:00,5693279219,SOL,,2,-31.35,49.29429199999999,15.257100022199992,32,,24,,8,,65.09923816,21374.709705,7526.449983,310.48,3
2026-06-10T16:26:49+00:00,5617871752,WLD,,2,3973,66.452974,-74.28799572000001,97,,79,,18,,0.4649766891,22519.233595999995,7526.449983,0,3
2026-06-10T16:26:49+00:00,4306550166,XRP,,2,-137,11.973110999999998,7.624021039999998,21,,14,,7,,1.1286866634,5143.16728,7530.570767,57.317,3
2026-06-10T16:27:49+00:00,5693279219,SOL,,2,-31.35,49.29429199999999,15.257100022199992,32,,24,,8,,65.09923816,21374.709705,7526.449983,310.35,3
2026-06-10T16:27:49+00:00,5617871752,WLD,,2,3973,66.452974,-74.28799572000001,97,,79,,18,,0.4649766891,22519.233595999995,7526.449983,0,3
2026-06-10T16:27:49+00:00,4306550166,XRP,,2,-137,11.973110999999998,7.624021039999998,21,,14,,7,,1.1286866634,5143.16728,7530.570767,57.2727,3
2026-06-10T16:28:50+00:00,5693279219,SOL,,2,-31.35,49.29429199999999,15.257100022199992,32,,24,,8,,65.09923816,21374.709705,7526.449983,310.28,3
2026-06-10T16:28:50+00:00,5617871752,WLD,,2,3973,66.452974,-74.28799572000001,97,,79,,18,,0.4649766891,22519.233595999995,7526.449983,0,3
2026-06-10T16:28:50+00:00,4306550166,XRP,,2,-137,11.973110999999998,7.624021039999998,21,,14,,7,,1.1286866634,5143.16728,7530.570767,57.2707,3
2026-06-10T16:29:50+00:00,5693279219,SOL,,2,-31.35,49.29429199999999,15.257100022199992,32,,24,,8,,65.09923816,21374.709705,7526.449983,310.34,3
2026-06-10T16:29:50+00:00,5617871752,WLD,,2,3973,66.452974,-74.28799572000001,97,,79,,18,,0.4649766891,22519.233595999995,7526.449983,0,3
2026-06-10T16:29:50+00:00,4306550166,XRP,,2,-137,11.973110999999998,7.624021039999998,21,,14,,7,,1.1286866634,5143.16728,7530.570767,57.2708,3
2026-06-10T16:30:50+00:00,5693279219,SOL,,2,-31.35,49.29429199999999,15.257100022199992,32,,24,,8,,65.09923816,21374.709705,7526.449983,310.14,3
2026-06-10T16:30:50+00:00,5617871752,WLD,,2,3973,66.452974,-74.28799572000001,97,,79,,18,,0.4649766891,22519.233595999995,7526.449983,0,3
2026-06-10T16:30:50+00:00,4306550166,XRP,,2,-137,11.973110999999998,7.624021039999998,21,,14,,7,,1.1286866634,5143.16728,7530.570767,57.2158,3
2026-06-10T16:31:50+00:00,5693279219,SOL,,2,-31.35,49.29429199999999,15.257100022199992,32,,24,,8,,65.09923816,21374.709705,7526.449983,310.25,3
2026-06-10T16:31:50+00:00,5617871752,WLD,,2,3973,66.452974,-74.28799572000001,97,,79,,18,,0.4649766891,22519.233595999995,7526.449983,0,3
2026-06-10T16:31:50+00:00,4306550166,XRP,,2,-137,11.973110999999998,7.624021039999998,21,,14,,7,,1.1286866634,5143.16728,7530.570767,57.2703,3
2026-06-10T16:32:50+00:00,5693279219,SOL,,2,-31.35,49.29429199999999,15.257100022199992,32,,24,,8,,65.09923816,21374.709705,7526.449983,309.84,3
2026-06-10T16:32:50+00:00,5617871752,WLD,,2,3804,66.452974,-73.02293304000001,98,,79,,19,,0.4649766891,22594.979395999995,7533.324355,0,3
2026-06-10T16:32:50+00:00,4306550166,XRP,,2,-137,11.973110999999998,7.624021039999998,21,,14,,7,,1.1286866634,5143.16728,7530.570767,57.1805,3
2026-06-10T16:33:50+00:00,5693279219,SOL,,2,-31.35,49.29429199999999,15.257100022199992,32,,24,,8,,65.09923816,21374.709705,7526.449983,309.09,3
2026-06-10T16:33:50+00:00,5617871752,WLD,,2,4403,68.222543,-95.01112230999999,100,,81,,18,,0.4617028329,22949.445926999993,7533.324355,0,3
2026-06-10T16:33:50+00:00,4306550166,XRP,,2,-137,11.973110999999998,7.624021039999998,21,,14,,7,,1.1286866634,5143.16728,7530.570767,57.0029,3
2026-06-10T16:34:50+00:00,5693279219,SOL,,2,-31.35,49.29429199999999,15.257100022199992,32,,24,,8,,65.09923816,21374.709705,7526.449983,308.62,3
2026-06-10T16:34:50+00:00,5617871752,WLD,,2,4403,68.222543,-95.01112230999999,100,,81,,18,,0.4617028329,22949.445926999993,7533.324355,0,3
2026-06-10T16:34:50+00:00,4306550166,XRP,,2,-137,11.973110999999998,7.624021039999998,21,,14,,7,,1.1286866634,5143.16728,7530.570767,56.8698,3
2026-06-10T16:35:50+00:00,5693279219,SOL,,2,-31.35,49.29429199999999,6.857309197199989,32,,24,,8,,65.09923816,21374.709705,7528.358243,308.96,3
2026-06-10T16:35:50+00:00,5617871752,WLD,,2,4403,68.222543,-95.01112230999999,100,,81,,18,,0.4617028329,22949.445926999993,7533.324355,0,3
2026-06-10T16:35:50+00:00,4306550166,XRP,,2,-137,11.973110999999998,7.2022242149999975,21,,14,,7,,1.1286866634,5143.16728,7528.358243,56.9512,3
2026-06-10T16:36:51+00:00,5693279219,SOL,,2,-31.35,49.29429199999999,6.857309197199989,32,,24,,8,,65.09923816,21374.709705,7528.358243,308.99,3
2026-06-10T16:36:51+00:00,5617871752,WLD,,2,4403,68.222543,-95.01112230999999,100,,81,,18,,0.4617028329,22949.445926999993,7533.324355,0,3
2026-06-10T16:36:51+00:00,4306550166,XRP,,2,-137,11.973110999999998,7.2022242149999975,21,,14,,7,,1.1286866634,5143.16728,7528.358243,56.947,3
2026-06-10T16:37:51+00:00,5693279219,SOL,,2,-31.35,49.29429199999999,6.857309197199989,32,,24,,8,,65.09923816,21374.709705,7528.358243,308.57,3
2026-06-10T16:37:51+00:00,5617871752,WLD,,2,4403,68.222543,-95.01112230999999,100,,81,,18,,0.4617028329,22949.445926999993,7533.324355,0,3
2026-06-10T16:37:51+00:00,4306550166,XRP,,2,-137,11.973110999999998,7.2022242149999975,21,,14,,7,,1.1286866634,5143.16728,7528.358243,56.833,3
2026-06-10T16:38:51+00:00,5693279219,SOL,,2,-31.35,49.29429199999999,6.857309197199989,32,,24,,8,,65.09923816,21374.709705,7528.358243,308.86,3
2026-06-10T16:38:51+00:00,5617871752,WLD,,2,4403,68.222543,-95.01112230999999,100,,81,,18,,0.4617028329,22949.445926999993,7533.324355,0,3
2026-06-10T16:38:51+00:00,4306550166,XRP,,2,-137,11.973110999999998,7.2022242149999975,21,,14,,7,,1.1286866634,5143.16728,7528.358243,56.9209,3
2026-06-10T16:39:51+00:00,5693279219,SOL,,2,-31.35,49.29429199999999,6.857309197199989,32,,24,,8,,65.09923816,21374.709705,7528.358243,308.95,3
2026-06-10T16:39:51+00:00,5617871752,WLD,,2,4403,68.222543,-95.01112230999999,100,,81,,18,,0.4617028329,22949.445926999993,7533.324355,0,3
2026-06-10T16:39:51+00:00,4306550166,XRP,,2,-137,11.973110999999998,7.2022242149999975,21,,14,,7,,1.1286866634,5143.16728,7528.358243,56.9686,3
2026-06-10T16:40:51+00:00,5693279219,SOL,,2,-31.35,49.29429199999999,6.857309197199989,32,,24,,8,,65.09923816,21374.709705,7528.358243,309.36,3
2026-06-10T16:40:51+00:00,5617871752,WLD,,2,3973,69.388946,-72.54962051999999,101,,82,,18,,0.4617028329,23141.765926999993,7528.227357,0,3
2026-06-10T16:40:51+00:00,4306550166,XRP,,2,-137,11.973110999999998,7.2022242149999975,21,,14,,7,,1.1286866634,5143.16728,7528.358243,57.0461,3
2026-06-10T16:41:51+00:00,5693279219,SOL,,2,-31.35,49.29429199999999,6.857309197199989,32,,24,,8,,65.09923816,21374.709705,7528.358243,309.53,3
2026-06-10T16:41:51+00:00,5617871752,WLD,,2,3973,69.388946,-72.54962051999999,101,,82,,18,,0.4617028329,23141.765926999993,7528.227357,0,3
2026-06-10T16:41:51+00:00,4306550166,XRP,,2,-137,11.973110999999998,7.2022242149999975,21,,14,,7,,1.1286866634,5143.16728,7528.358243,57.0891,3
2026-06-10T16:42:51+00:00,5693279219,SOL,,2,-31.35,49.29429199999999,6.857309197199989,32,,24,,8,,65.09923816,21374.709705,7528.358243,309.31,3
2026-06-10T16:42:51+00:00,5617871752,WLD,,2,4273,69.388946,-84.405335775,102,,82,,19,,0.4606073848,23275.595926999995,7521.947835,0,3
2026-06-10T16:42:51+00:00,4306550166,XRP,,2,-137,11.973110999999998,7.2022242149999975,21,,14,,7,,1.1286866634,5143.16728,7528.358243,57.0483,3
2026-06-10T16:43:51+00:00,5693279219,SOL,,2,-31.35,49.29429199999999,6.857309197199989,32,,24,,8,,65.09923816,21374.709705,7528.358243,309.41,3
2026-06-10T16:43:51+00:00,5617871752,WLD,,2,4273,69.388946,-84.405335775,102,,82,,19,,0.4606073848,23275.595926999995,7521.947835,0,3
2026-06-10T16:43:51+00:00,4306550166,XRP,,2,-137,11.973110999999998,7.2022242149999975,21,,14,,7,,1.1286866634,5143.16728,7528.358243,57.0779,3
2026-06-10T16:44:51+00:00,5693279219,SOL,,2,-31.35,49.29429199999999,6.857309197199989,32,,24,,8,,65.09923816,21374.709705,7528.358243,309.68,3
2026-06-10T16:44:51+00:00,5617871752,WLD,,2,4273,69.388946,-84.405335775,102,,82,,19,,0.4606073848,23275.595926999995,7521.947835,0,3
2026-06-10T16:44:51+00:00,4306550166,XRP,,2,-137,11.973110999999998,7.2022242149999975,21,,14,,7,,1.1286866634,5143.16728,7528.358243,57.1566,3
2026-06-10T16:45:52+00:00,5693279219,SOL,,2,-31.35,49.29429199999999,14.00246792219999,32,,24,,8,,65.09923816,21374.709705,7521.947835,309.94,3
2026-06-10T16:45:52+00:00,5617871752,WLD,,2,4403,71.121471,-109.917805005,103,,84,,18,,0.4587908561,23600.718926999994,7523.712002,0,3
2026-06-10T16:45:52+00:00,4306550166,XRP,,2,0,11.973110999999998,7.714935084999998,22,,14,,8,,0,5295.93598,7521.947835,0,3
2026-06-10T16:46:52+00:00,5693279219,SOL,,2,-31.35,49.29429199999999,14.00246792219999,32,,24,,8,,65.09923816,21374.709705,7521.947835,309.63,3
2026-06-10T16:46:52+00:00,5617871752,WLD,,2,4403,71.121471,-109.917805005,103,,84,,18,,0.4587908561,23600.718926999994,7523.712002,0,3
2026-06-10T16:46:52+00:00,4306550166,XRP,,2,0,11.973110999999998,7.714935084999998,22,,14,,8,,0,5295.93598,7521.947835,0,3
2026-06-10T16:47:52+00:00,5693279219,SOL,,2,-26.28,49.29429199999999,20.95544529719999,33,,24,,9,,65.09923816,21701.521905,7523.712002,357.07,3
2026-06-10T16:47:52+00:00,5617871752,WLD,,2,4403,71.121471,-109.917805005,103,,84,,18,,0.4587908561,23600.718926999994,7523.712002,0,3
2026-06-10T16:47:52+00:00,4306550166,XRP,,2,137,12.756715999999997,7.751313829999997,22,,15,,7,,1.121777966101695,5448.1977799999995,7523.712002,0,3
2026-06-10T16:48:52+00:00,5693279219,SOL,,2,-26.28,49.29429199999999,20.95544529719999,33,,24,,9,,65.09923816,21701.521905,7523.712002,357.17,3
2026-06-10T16:48:52+00:00,5617871752,WLD,,2,4403,71.121471,-109.917805005,103,,84,,18,,0.4587908561,23600.718926999994,7523.712002,0,3
2026-06-10T16:48:52+00:00,4306550166,XRP,,2,329,12.756715999999997,7.148201974999997,23,,15,,8,,1.114495992,5661.1833799999995,7523.712002,0,3
2026-06-10T16:49:52+00:00,5693279219,SOL,,2,-26.28,49.29429199999999,20.95544529719999,33,,24,,9,,65.09923816,21701.521905,7523.712002,356.8,3
2026-06-10T16:49:52+00:00,5617871752,WLD,,2,4403,71.121471,-109.917805005,103,,84,,18,,0.4587908561,23600.718926999994,7523.712002,0,3
2026-06-10T16:49:52+00:00,4306550166,XRP,,2,329,12.756715999999997,7.148201974999997,23,,15,,8,,1.114495992,5661.1833799999995,7523.712002,0,3
2026-06-10T16:50:53+00:00,5693279219,SOL,,2,-26.28,49.29429199999999,20.95544529719999,33,,24,,9,,65.09923816,21701.521905,7523.712002,356.67,3
2026-06-10T16:50:53+00:00,5617871752,WLD,,2,4403,71.121471,-109.917805005,103,,84,,18,,0.4587908561,23600.718926999994,7523.712002,0,3
2026-06-10T16:50:53+00:00,4306550166,XRP,,2,329,12.756715999999997,7.148201974999997,23,,15,,8,,1.114495992,5661.1833799999995,7523.712002,0,3
2026-06-10T16:51:52+00:00,5693279219,SOL,,2,-26.28,49.29429199999999,20.95544529719999,33,,24,,9,,65.09923816,21701.521905,7523.712002,357.59,3
2026-06-10T16:51:52+00:00,5617871752,WLD,,2,4403,71.121471,-109.917805005,103,,84,,18,,0.4587908561,23600.718926999994,7523.712002,0,3
2026-06-10T16:51:52+00:00,4306550166,XRP,,2,329,12.756715999999997,7.148201974999997,23,,15,,8,,1.114495992,5661.1833799999995,7523.712002,0,3
2026-06-10T16:52:52+00:00,5693279219,SOL,,2,-26.28,49.29429199999999,20.95544529719999,33,,24,,9,,65.09923816,21701.521905,7523.712002,357.34,3
2026-06-10T16:52:52+00:00,5617871752,WLD,,2,4403,71.121471,-109.917805005,103,,84,,18,,0.4587908561,23600.718926999994,7523.712002,0,3
2026-06-10T16:52:52+00:00,4306550166,XRP,,2,329,12.756715999999997,7.148201974999997,23,,15,,8,,1.114495992,5661.1833799999995,7523.712002,0,3
2026-06-10T16:53:53+00:00,5693279219,SOL,,2,-26.28,49.29429199999999,20.95544529719999,33,,24,,9,,65.09923816,21701.521905,7523.712002,357.29,3
2026-06-10T16:53:53+00:00,5617871752,WLD,,2,4403,71.121471,-109.917805005,103,,84,,18,,0.4587908561,23600.718926999994,7523.712002,0,3
2026-06-10T16:53:53+00:00,4306550166,XRP,,2,329,12.756715999999997,7.148201974999997,23,,15,,8,,1.114495992,5661.1833799999995,7523.712002,0,3
2026-06-10T16:54:53+00:00,5693279219,SOL,,2,-26.28,49.29429199999999,20.95544529719999,33,,24,,9,,65.09923816,21701.521905,7523.712002,356.82,3
2026-06-10T16:54:53+00:00,5617871752,WLD,,2,4403,71.121471,-109.917805005,103,,84,,18,,0.4587908561,23600.718926999994,7523.712002,0,3
2026-06-10T16:54:53+00:00,4306550166,XRP,,2,329,12.756715999999997,7.148201974999997,23,,15,,8,,1.114495992,5661.1833799999995,7523.712002,0,3
2026-06-10T16:55:53+00:00,5693279219,SOL,,2,-26.28,49.29429199999999,20.95544529719999,33,,24,,9,,65.09923816,21701.521905,7523.712002,356.68,3
2026-06-10T16:55:53+00:00,5617871752,WLD,,2,4403,71.121471,-103.52577997499999,103,,84,,18,,0.4587908561,23600.718926999994,7530.095043,0,3
2026-06-10T16:55:53+00:00,4306550166,XRP,,2,329,12.756715999999997,7.148201974999997,23,,15,,8,,1.114495992,5661.1833799999995,7523.712002,0,3
2026-06-10T16:56:53+00:00,5693279219,SOL,,2,-26.28,49.29429199999999,20.95544529719999,33,,24,,9,,65.09923816,21701.521905,7523.712002,356.64,3
2026-06-10T16:56:53+00:00,5617871752,WLD,,2,4403,71.121471,-103.52577997499999,103,,84,,18,,0.4587908561,23600.718926999994,7530.095043,0,3
2026-06-10T16:56:53+00:00,4306550166,XRP,,2,329,12.756715999999997,7.148201974999997,23,,15,,8,,1.114495992,5661.1833799999995,7523.712002,0,3
2026-06-10T16:57:53+00:00,5693279219,SOL,,2,-26.28,49.29429199999999,20.309835652199993,33,,24,,9,,65.09923816,21701.521905,7530.095043,356.82,3
2026-06-10T16:57:53+00:00,5617871752,WLD,,2,4403,71.121471,-103.52577997499999,103,,84,,18,,0.4587908561,23600.718926999994,7530.095043,0,3
2026-06-10T16:57:53+00:00,4306550166,XRP,,2,329,12.756715999999997,7.148201974999997,23,,15,,8,,1.114495992,5661.1833799999995,7523.712002,0,3
2026-06-10T16:58:53+00:00,5693279219,SOL,,2,-26.28,49.29429199999999,20.309835652199993,33,,24,,9,,65.09923816,21701.521905,7530.095043,357.07,3
2026-06-10T16:58:53+00:00,4306550166,XRP,,2,329,12.756715999999997,8.331016789999996,23,,15,,8,,1.114495992,5661.1833799999995,7530.029795,0,3
2026-06-10T16:58:53+00:00,5617871752,WLD,,16,0,-98.9617880017,-98.9617880017,103,,99,,0,,0,25542.003326999988,7530.029795,0,3
2026-06-10T16:59:53+00:00,5693279219,SOL,,2,-26.28,49.29429199999999,20.309835652199993,33,,24,,9,,65.09923816,21701.521905,7530.095043,356.94,3
2026-06-10T16:59:53+00:00,4306550166,XRP,,2,329,12.756715999999997,8.331016789999996,23,,15,,8,,1.114495992,5661.1833799999995,7530.029795,0,3
2026-06-10T16:59:53+00:00,5617871752,WLD,,16,0,-98.9617880017,-98.9617880017,103,,99,,0,,0,25542.003326999988,7530.029795,0,3
2026-06-10T17:00:53+00:00,5693279219,SOL,,2,-26.28,49.29429199999999,20.309835652199993,33,,24,,9,,65.09923816,21701.521905,7530.095043,356.82,3
2026-06-10T17:00:53+00:00,4306550166,XRP,,2,329,12.756715999999997,8.331016789999996,23,,15,,8,,1.114495992,5661.1833799999995,7530.029795,0,3
2026-06-10T17:00:53+00:00,5617871752,WLD,,16,0,-98.9617880017,-98.9617880017,103,,99,,0,,0,25542.003326999988,7530.029795,0,3
2026-06-10T17:01:53+00:00,5693279219,SOL,,2,-26.28,49.29429199999999,20.309835652199993,33,,24,,9,,65.09923816,21701.521905,7530.095043,356.84,3
2026-06-10T17:01:53+00:00,4306550166,XRP,,2,329,12.756715999999997,8.331016789999996,23,,15,,8,,1.114495992,5661.1833799999995,7530.029795,0,3
2026-06-10T17:01:53+00:00,5617871752,WLD,,16,0,-98.9617880017,-98.9617880017,103,,99,,0,,0,25542.003326999988,7530.029795,0,3
2026-06-10T17:02:53+00:00,5693279219,SOL,,2,-26.28,49.29429199999999,20.309835652199993,33,,24,,9,,65.09923816,21701.521905,7530.095043,356.64,3
2026-06-10T17:02:53+00:00,4306550166,XRP,,2,137,13.874382999999998,9.48220636,23,,16,,7,,1.114495992,5875.43618,7450.448095,0,3
2026-06-10T17:02:53+00:00,5617871752,WLD,,16,0,-98.9617880017,-98.9617880017,103,,99,,0,,0,25542.003326999988,7530.029795,0,3
2026-06-10T17:03:54+00:00,5693279219,SOL,,2,-31.35,51.042131999999995,10.173439322199997,33,,25,,8,,65.0589307447,22030.311405,7450.448095,309.43,3
2026-06-10T17:03:54+00:00,4306550166,XRP,,2,137,13.874382999999998,9.48220636,23,,16,,7,,1.114495992,5875.43618,7450.448095,0,3
2026-06-10T17:03:54+00:00,5617871752,WLD,,16,0,-98.9617880017,-98.9617880017,103,,99,,0,,0,25542.003326999988,7530.029795,0,3
2026-06-10T17:04:54+00:00,5693279219,SOL,,2,-31.35,51.042131999999995,10.173439322199997,33,,25,,8,,65.0589307447,22030.311405,7450.448095,309.3,3
2026-06-10T17:04:54+00:00,4306550166,XRP,,2,137,13.874382999999998,9.48220636,23,,16,,7,,1.114495992,5875.43618,7450.448095,0,3
2026-06-10T17:04:54+00:00,5617871752,WLD,,16,0,-98.9617880017,-98.9617880017,103,,99,,0,,0,25542.003326999988,7530.029795,0,3
2026-06-10T17:05:54+00:00,5693279219,SOL,,2,-31.35,51.042131999999995,10.173439322199997,33,,25,,8,,65.0589307447,22030.311405,7450.448095,309.44,3
2026-06-10T17:05:54+00:00,4306550166,XRP,,2,137,13.874382999999998,9.48220636,23,,16,,7,,1.114495992,5875.43618,7450.448095,0,3
2026-06-10T17:05:54+00:00,5617871752,WLD,,16,0,-98.9617880017,-98.9617880017,103,,99,,0,,0,25542.003326999988,7530.029795,0,3
2026-06-10T17:06:54+00:00,5693279219,SOL,,2,-31.35,51.042131999999995,10.173439322199997,33,,25,,8,,65.0589307447,22030.311405,7450.448095,309.44,3
2026-06-10T17:06:54+00:00,4306550166,XRP,,2,137,13.874382999999998,9.48220636,23,,16,,7,,1.114495992,5875.43618,7450.448095,0,3
2026-06-10T17:06:54+00:00,5617871752,WLD,,16,0,-98.9617880017,-98.9617880017,103,,99,,0,,0,25542.003326999988,7530.029795,0,3
2026-06-10T17:07:54+00:00,5693279219,SOL,,2,-31.35,51.042131999999995,10.173439322199997,33,,25,,8,,65.0589307447,22030.311405,7450.448095,309.61,3
2026-06-10T17:07:54+00:00,4306550166,XRP,,2,137,13.874382999999998,9.48220636,23,,16,,7,,1.114495992,5875.43618,7450.448095,0,3
2026-06-10T17:07:54+00:00,5617871752,WLD,,16,0,-98.9617880017,-98.9617880017,103,,99,,0,,0,25542.003326999988,7530.029795,0,3
2026-06-10T17:08:54+00:00,5693279219,SOL,,2,-31.35,51.042131999999995,10.173439322199997,33,,25,,8,,65.0589307447,22030.311405,7450.448095,309.68,3
2026-06-10T17:08:54+00:00,4306550166,XRP,,2,137,13.874382999999998,9.48220636,23,,16,,7,,1.114495992,5875.43618,7450.448095,0,3
2026-06-10T17:08:54+00:00,5617871752,WLD,,16,0,-98.9617880017,-98.9617880017,103,,99,,0,,0,25542.003326999988,7530.029795,0,3
2026-06-10T17:09:54+00:00,5693279219,SOL,,2,-31.35,51.042131999999995,10.173439322199997,33,,25,,8,,65.0589307447,22030.311405,7450.448095,309.74,3
2026-06-10T17:09:54+00:00,4306550166,XRP,,2,137,13.874382999999998,9.48220636,23,,16,,7,,1.114495992,5875.43618,7450.448095,0,3
2026-06-10T17:09:54+00:00,5617871752,WLD,,16,0,-98.9617880017,-98.9617880017,103,,99,,0,,0,25542.003326999988,7530.029795,0,3
2026-06-10T17:10:54+00:00,5693279219,SOL,,2,-26.28,51.042131999999995,19.863859367199996,34,,25,,9,,65.0589307447,22357.427805,7451.161157,309.88,3
2026-06-10T17:10:54+00:00,4306550166,XRP,,2,137,13.874382999999998,9.48220636,23,,16,,7,,1.114495992,5875.43618,7450.448095,0,3
2026-06-10T17:10:54+00:00,5617871752,WLD,,16,0,-98.9617880017,-98.9617880017,103,,99,,0,,0,25542.003326999988,7530.029795,0,3
2026-06-10T17:11:54+00:00,5693279219,SOL,,2,-26.28,51.042131999999995,19.863859367199996,34,,25,,9,,65.0589307447,22357.427805,7451.161157,357.45,3
2026-06-10T17:11:54+00:00,4306550166,XRP,,2,137,13.874382999999998,9.48220636,23,,16,,7,,1.114495992,5875.43618,7450.448095,0,3
2026-06-10T17:11:54+00:00,5617871752,WLD,,16,0,-98.9617880017,-98.9617880017,103,,99,,0,,0,25542.003326999988,7530.029795,0,3
2026-06-10T17:12:55+00:00,5693279219,SOL,,2,-26.28,51.042131999999995,19.863859367199996,34,,25,,9,,65.0589307447,22357.427805,7451.161157,357.52,3
2026-06-10T17:12:55+00:00,4306550166,XRP,,2,137,13.874382999999998,9.066153474999998,23,,16,,7,,1.114495992,5875.43618,7451.161157,0,3
2026-06-10T17:12:55+00:00,5617871752,WLD,,16,0,-98.9617880017,-98.9617880017,103,,99,,0,,0,25542.003326999988,7530.029795,0,3
2026-06-10T17:13:55+00:00,5693279219,SOL,,2,-26.28,51.042131999999995,19.863859367199996,34,,25,,9,,65.0589307447,22357.427805,7451.161157,357.4,3
2026-06-10T17:13:55+00:00,4306550166,XRP,,2,137,13.874382999999998,9.066153474999998,23,,16,,7,,1.114495992,5875.43618,7451.161157,0,3
2026-06-10T17:13:55+00:00,5617871752,WLD,,16,0,-98.9617880017,-98.9617880017,103,,99,,0,,0,25542.003326999988,7530.029795,0,3
2026-06-10T17:14:55+00:00,5693279219,SOL,,2,-26.28,51.042131999999995,19.863859367199996,34,,25,,9,,65.0589307447,22357.427805,7451.161157,357.45,3
2026-06-10T17:14:55+00:00,4306550166,XRP,,2,137,13.874382999999998,9.066153474999998,23,,16,,7,,1.114495992,5875.43618,7451.161157,0,3
2026-06-10T17:14:55+00:00,5617871752,WLD,,16,0,-98.9617880017,-98.9617880017,103,,99,,0,,0,25542.003326999988,7530.029795,0,3
2026-06-10T17:15:55+00:00,5693279219,SOL,,2,-26.28,51.042131999999995,19.863859367199996,34,,25,,9,,65.0589307447,22357.427805,7451.161157,357.39,3
2026-06-10T17:15:55+00:00,4306550166,XRP,,2,137,13.874382999999998,9.066153474999998,23,,16,,7,,1.114495992,5875.43618,7451.161157,0,3
2026-06-10T17:15:55+00:00,5617871752,WLD,,16,0,-98.9617880017,-98.9617880017,103,,99,,0,,0,25542.003326999988,7530.029795,0,3
2026-06-10T17:16:55+00:00,5693279219,SOL,,2,-26.28,51.042131999999995,19.863859367199996,34,,25,,9,,65.0589307447,22357.427805,7451.161157,357.26,3
2026-06-10T17:16:55+00:00,4306550166,XRP,,2,137,13.874382999999998,9.066153474999998,23,,16,,7,,1.114495992,5875.43618,7451.161157,0,3
2026-06-10T17:16:55+00:00,5617871752,WLD,,16,0,-98.9617880017,-98.9617880017,103,,99,,0,,0,25542.003326999988,7530.029795,0,3
2026-06-10T17:17:55+00:00,5693279219,SOL,,2,-26.28,51.042131999999995,19.863859367199996,34,,25,,9,,65.0589307447,22357.427805,7451.161157,357.32,3
2026-06-10T17:17:55+00:00,4306550166,XRP,,2,137,13.874382999999998,9.066153474999998,23,,16,,7,,1.114495992,5875.43618,7451.161157,0,3
2026-06-10T17:17:55+00:00,5617871752,WLD,,16,0,-98.9617880017,-98.9617880017,103,,99,,0,,0,25542.003326999988,7530.029795,0,3
2026-06-10T17:18:55+00:00,5693279219,SOL,,2,-26.28,51.042131999999995,19.863859367199996,34,,25,,9,,65.0589307447,22357.427805,7451.161157,357.28,3
2026-06-10T17:18:55+00:00,4306550166,XRP,,2,137,13.874382999999998,9.066153474999998,23,,16,,7,,1.114495992,5875.43618,7451.161157,0,3
2026-06-10T17:18:55+00:00,5617871752,WLD,,16,0,-98.9617880017,-98.9617880017,103,,99,,0,,0,25542.003326999988,7530.029795,0,3
2026-06-10T17:19:56+00:00,5693279219,SOL,,2,-26.28,51.042131999999995,19.863859367199996,34,,25,,9,,65.0589307447,22357.427805,7451.161157,357.35,3
2026-06-10T17:19:56+00:00,4306550166,XRP,,2,137,13.874382999999998,9.066153474999998,23,,16,,7,,1.114495992,5875.43618,7451.161157,0,3
2026-06-10T17:19:56+00:00,5617871752,WLD,,16,0,-98.9617880017,-98.9617880017,103,,99,,0,,0,25542.003326999988,7530.029795,0,3
2026-06-10T17:20:56+00:00,5693279219,SOL,,2,-26.28,51.042131999999995,19.506245357199994,34,,25,,9,,65.0589307447,22357.427805,7456.900741,357.35,3
2026-06-10T17:20:56+00:00,4306550166,XRP,,2,137,13.874382999999998,9.066153474999998,23,,16,,7,,1.114495992,5875.43618,7451.161157,0,3
2026-06-10T17:20:56+00:00,5617871752,WLD,,16,0,-98.9617880017,-98.9617880017,103,,99,,0,,0,25542.003326999988,7530.029795,0,3
2026-06-10T17:21:56+00:00,5693279219,SOL,,2,-26.28,51.042131999999995,19.506245357199994,34,,25,,9,,65.0589307447,22357.427805,7456.900741,357.34,3
2026-06-10T17:21:56+00:00,4306550166,XRP,,2,137,13.874382999999998,9.066153474999998,23,,16,,7,,1.114495992,5875.43618,7451.161157,0,3
2026-06-10T17:21:56+00:00,5617871752,WLD,,16,0,-98.9617880017,-98.9617880017,103,,99,,0,,0,25542.003326999988,7530.029795,0,3
2026-06-10T17:22:56+00:00,5693279219,SOL,,2,-26.28,51.042131999999995,19.506245357199994,34,,25,,9,,65.0589307447,22357.427805,7456.900741,357.5,3
2026-06-10T17:22:56+00:00,4306550166,XRP,,2,137,13.874382999999998,8.964740934999998,23,,16,,7,,1.114495992,5875.43618,7456.900741,0,3
2026-06-10T17:22:56+00:00,5617871752,WLD,,16,0,-98.9617880017,-98.9617880017,103,,99,,0,,0,25542.003326999988,7530.029795,0,3
2026-06-10T17:23:56+00:00,5693279219,SOL,,2,-26.28,51.042131999999995,19.506245357199994,34,,25,,9,,65.0589307447,22357.427805,7456.900741,357.46,3
2026-06-10T17:23:56+00:00,4306550166,XRP,,2,137,13.874382999999998,8.964740934999998,23,,16,,7,,1.114495992,5875.43618,7456.900741,0,3
2026-06-10T17:23:56+00:00,5617871752,WLD,,16,0,-98.9617880017,-98.9617880017,103,,99,,0,,0,25542.003326999988,7530.029795,0,3
2026-06-10T17:24:56+00:00,5693279219,SOL,,2,-26.28,51.042131999999995,19.506245357199994,34,,25,,9,,65.0589307447,22357.427805,7456.900741,357.41,3
2026-06-10T17:24:56+00:00,4306550166,XRP,,2,137,13.874382999999998,8.964740934999998,23,,16,,7,,1.114495992,5875.43618,7456.900741,0,3
2026-06-10T17:24:56+00:00,5617871752,WLD,,16,0,-98.9617880017,-98.9617880017,103,,99,,0,,0,25542.003326999988,7530.029795,0,3
2026-06-10T17:25:56+00:00,5693279219,SOL,,2,-26.28,51.042131999999995,19.506245357199994,34,,25,,9,,65.0589307447,22357.427805,7456.900741,357.37,3
2026-06-10T17:25:56+00:00,4306550166,XRP,,2,137,13.874382999999998,8.964740934999998,23,,16,,7,,1.114495992,5875.43618,7456.900741,0,3
2026-06-10T17:25:56+00:00,5617871752,WLD,,16,0,-98.9617880017,-98.9617880017,103,,99,,0,,0,25542.003326999988,7530.029795,0,3
2026-06-10T17:26:56+00:00,5693279219,SOL,,2,-26.28,51.042131999999995,19.506245357199994,34,,25,,9,,65.0589307447,22357.427805,7456.900741,357.56,3
2026-06-10T17:26:56+00:00,4306550166,XRP,,2,137,13.874382999999998,8.964740934999998,23,,16,,7,,1.114495992,5875.43618,7456.900741,0,3
2026-06-10T17:26:56+00:00,5617871752,WLD,,16,0,-98.9617880017,-98.9617880017,103,,99,,0,,0,25542.003326999988,7530.029795,0,3
2026-06-10T17:27:56+00:00,5693279219,SOL,,2,-26.28,51.042131999999995,19.506245357199994,34,,25,,9,,65.0589307447,22357.427805,7456.900741,357.47,3
2026-06-10T17:27:56+00:00,4306550166,XRP,,2,137,13.874382999999998,8.964740934999998,23,,16,,7,,1.114495992,5875.43618,7456.900741,0,3
2026-06-10T17:27:56+00:00,5617871752,WLD,,16,0,-98.9617880017,-98.9617880017,103,,99,,0,,0,25542.003326999988,7530.029795,0,3
2026-06-10T17:28:56+00:00,5693279219,SOL,,2,-26.28,51.042131999999995,19.506245357199994,34,,25,,9,,65.0589307447,22357.427805,7456.900741,357.59,3
2026-06-10T17:28:56+00:00,4306550166,XRP,,2,137,13.874382999999998,8.964740934999998,23,,16,,7,,1.114495992,5875.43618,7456.900741,0,3
2026-06-10T17:28:56+00:00,5617871752,WLD,,16,0,-98.9617880017,-98.9617880017,103,,99,,0,,0,25542.003326999988,7530.029795,0,3
2026-06-10T17:29:57+00:00,5693279219,SOL,,2,-15.15,54.213564,30.4494430822,34,,26,,8,,65.0589307447,23071.973805,7456.900741,573.86,3
2026-06-10T17:29:57+00:00,4306550166,XRP,,2,329,13.874382999999998,8.437738074999999,24,,16,,8,,1.1116387565,6088.47938,7456.900741,0,3
2026-06-10T17:29:57+00:00,5617871752,WLD,,16,0,-98.9617880017,-98.9617880017,103,,99,,0,,0,25542.003326999988,7530.029795,0,3
2026-06-10T17:30:57+00:00,5693279219,SOL,,2,-8.56,54.213564,31.437176817199997,35,,26,,9,,65.0589307447,23493.667905000002,7469.231426,967.08,3
2026-06-10T17:30:57+00:00,4306550166,XRP,,2,329,13.874382999999998,8.437738074999999,24,,16,,8,,1.1116387565,6088.47938,7456.900741,0,3
2026-06-10T17:30:57+00:00,5617871752,WLD,,16,0,-98.9617880017,-98.9617880017,103,,99,,0,,0,25542.003326999988,7530.029795,0,3
2026-06-10T17:31:57+00:00,5693279219,SOL,,2,-8.56,54.213564,31.437176817199997,35,,26,,9,,65.0589307447,23493.667905000002,7469.231426,967.02,3
2026-06-10T17:31:57+00:00,4306550166,XRP,,2,329,13.874382999999998,8.437738074999999,24,,16,,8,,1.1116387565,6088.47938,7456.900741,0,3
2026-06-10T17:31:57+00:00,5617871752,WLD,,16,0,-98.9617880017,-98.9617880017,103,,99,,0,,0,25542.003326999988,7530.029795,0,3
2026-06-10T17:32:57+00:00,5693279219,SOL,,2,-8.56,54.213564,31.437176817199997,35,,26,,9,,65.0589307447,23493.667905000002,7469.231426,968.1,3
2026-06-10T17:32:57+00:00,4306550166,XRP,,2,426,14.439247999999997,7.407500279999997,24,,17,,7,,1.1104003542,6195.780779999999,7469.231426,0,3
2026-06-10T17:32:57+00:00,5617871752,WLD,,16,0,-98.9617880017,-98.9617880017,103,,99,,0,,0,25542.003326999988,7530.029795,0,3
2026-06-10T17:33:57+00:00,5693279219,SOL,,2,-8.56,54.213564,31.437176817199997,35,,26,,9,,65.0589307447,23493.667905000002,7469.231426,968,3
2026-06-10T17:33:57+00:00,4306550166,XRP,,2,426,14.439247999999997,7.407500279999997,24,,17,,7,,1.1104003542,6195.780779999999,7469.231426,0,3
2026-06-10T17:33:57+00:00,5617871752,WLD,,16,0,-98.9617880017,-98.9617880017,103,,99,,0,,0,25542.003326999988,7530.029795,0,3
2026-06-10T17:34:57+00:00,5693279219,SOL,,2,-8.56,54.213564,31.437176817199997,35,,26,,9,,65.0589307447,23493.667905000002,7469.231426,967.69,3
2026-06-10T17:34:57+00:00,4306550166,XRP,,2,426,14.439247999999997,7.407500279999997,24,,17,,7,,1.1104003542,6195.780779999999,7469.231426,0,3
2026-06-10T17:34:57+00:00,5617871752,WLD,,16,0,-98.9617880017,-98.9617880017,103,,99,,0,,0,25542.003326999988,7530.029795,0,3
2026-06-10T17:35:57+00:00,5693279219,SOL,,2,-8.56,54.213564,31.437176817199997,35,,26,,9,,65.0589307447,23493.667905000002,7469.231426,967.97,3
2026-06-10T17:35:57+00:00,4306550166,XRP,,2,426,14.439247999999997,7.407500279999997,24,,17,,7,,1.1104003542,6195.780779999999,7469.231426,0,3
2026-06-10T17:35:57+00:00,5617871752,WLD,,16,0,-98.9617880017,-98.9617880017,103,,99,,0,,0,25542.003326999988,7530.029795,0,3
2026-06-10T17:36:57+00:00,5693279219,SOL,,2,-8.56,54.213564,31.437176817199997,35,,26,,9,,65.0589307447,23493.667905000002,7469.231426,968.16,3
2026-06-10T17:36:57+00:00,4306550166,XRP,,2,426,14.439247999999997,7.407500279999997,24,,17,,7,,1.1104003542,6195.780779999999,7469.231426,0,3
2026-06-10T17:36:57+00:00,5617871752,WLD,,16,0,-98.9617880017,-98.9617880017,103,,99,,0,,0,25542.003326999988,7530.029795,0,3
2026-06-10T17:37:57+00:00,5693279219,SOL,,2,-8.56,54.213564,31.437176817199997,35,,26,,9,,65.0589307447,23493.667905000002,7469.231426,967.9,3
2026-06-10T17:37:57+00:00,4306550166,XRP,,2,426,14.439247999999997,7.407500279999997,24,,17,,7,,1.1104003542,6195.780779999999,7469.231426,0,3
2026-06-10T17:37:57+00:00,5617871752,WLD,,16,0,-98.9617880017,-98.9617880017,103,,99,,0,,0,25542.003326999988,7530.029795,0,3
2026-06-10T17:38:57+00:00,5693279219,SOL,,2,0,57.083175999999995,33.96625957719999,35,,27,,8,,0,24039.453505,7484.844685,0,3
2026-06-10T17:38:57+00:00,4306550166,XRP,,2,426,14.439247999999997,7.407500279999997,24,,17,,7,,1.1104003542,6195.780779999999,7469.231426,0,3
2026-06-10T17:38:57+00:00,5617871752,WLD,,16,0,-98.9617880017,-98.9617880017,103,,99,,0,,0,25542.003326999988,7530.029795,0,3
2026-06-10T17:39:57+00:00,5693279219,SOL,,2,0,57.083175999999995,33.96625957719999,35,,27,,8,,0,24039.453505,7484.844685,0,3
2026-06-10T17:39:57+00:00,4306550166,XRP,,2,426,14.439247999999997,7.407500279999997,24,,17,,7,,1.1104003542,6195.780779999999,7469.231426,0,3
2026-06-10T17:39:57+00:00,5617871752,WLD,,16,0,-98.9617880017,-98.9617880017,103,,99,,0,,0,25542.003326999988,7530.029795,0,3
2026-06-10T17:40:57+00:00,5693279219,SOL,,2,0,57.083175999999995,33.96625957719999,35,,27,,8,,0,24039.453505,7484.844685,0,3
2026-06-10T17:40:57+00:00,4306550166,XRP,,2,426,14.439247999999997,7.407500279999997,24,,17,,7,,1.1104003542,6195.780779999999,7469.231426,0,3
2026-06-10T17:40:57+00:00,5617871752,WLD,,16,0,-98.9617880017,-98.9617880017,103,,99,,0,,0,25542.003326999988,7530.029795,0,3
2026-06-10T17:41:57+00:00,4306550166,XRP,,2,426,14.439247999999997,7.407500279999997,24,,17,,7,,1.1104003542,6195.780779999999,7469.231426,0,3
2026-06-10T17:41:57+00:00,5693279219,SOL,,12,0,57.083175999999995,33.96625957719999,35,,27,,8,,0,24039.453505,7484.844685,0,3
2026-06-10T17:41:57+00:00,5617871752,WLD,,16,0,-98.9617880017,-98.9617880017,103,,99,,0,,0,25542.003326999988,7530.029795,0,3
2026-06-10T17:42:58+00:00,4306550166,XRP,,2,694,14.439247999999997,6.155540569999998,25,,17,,8,,1.1079287477,6491.652779999999,7517.476532,0,3
2026-06-10T17:42:58+00:00,5693279219,SOL,,12,0,57.083175999999995,33.96625957719999,35,,27,,8,,0,24039.453505,7484.844685,0,3
2026-06-10T17:42:58+00:00,5617871752,WLD,,16,0,-98.9617880017,-98.9617880017,103,,99,,0,,0,25542.003326999988,7530.029795,0,3
2026-06-10T17:43:58+00:00,4306550166,XRP,,2,694,14.439247999999997,6.155540569999998,25,,17,,8,,1.1079287477,6491.652779999999,7517.476532,0,3
2026-06-10T17:43:58+00:00,5693279219,SOL,,12,0,57.083175999999995,33.96625957719999,35,,27,,8,,0,24039.453505,7484.844685,0,3
2026-06-10T17:43:58+00:00,5617871752,WLD,,16,0,-98.9617880017,-98.9617880017,103,,99,,0,,0,25542.003326999988,7530.029795,0,3
2026-06-10T17:44:58+00:00,4306550166,XRP,,2,694,14.439247999999997,6.155540569999998,25,,17,,8,,1.1079287477,6491.652779999999,7517.476532,0,3
2026-06-10T17:44:58+00:00,5693279219,SOL,,12,0,57.083175999999995,33.96625957719999,35,,27,,8,,0,24039.453505,7484.844685,0,3
2026-06-10T17:44:58+00:00,5617871752,WLD,,16,0,-98.9617880017,-98.9617880017,103,,99,,0,,0,25542.003326999988,7530.029795,0,3
2026-06-10T17:45:58+00:00,4306550166,XRP,,2,694,14.439247999999997,6.155540569999998,25,,17,,8,,1.1079287477,6491.652779999999,7517.476532,0,3
2026-06-10T17:45:58+00:00,5693279219,SOL,,12,0,57.083175999999995,33.96625957719999,35,,27,,8,,0,24039.453505,7484.844685,0,3
2026-06-10T17:45:58+00:00,5617871752,WLD,,16,0,-98.9617880017,-98.9617880017,103,,99,,0,,0,25542.003326999988,7530.029795,0,3
2026-06-10T17:46:58+00:00,4306550166,XRP,,2,694,14.439247999999997,6.155540569999998,25,,17,,8,,1.1079287477,6491.652779999999,7517.476532,0,3
2026-06-10T17:46:58+00:00,5693279219,SOL,,12,0,57.083175999999995,33.96625957719999,35,,27,,8,,0,24039.453505,7484.844685,0,3
2026-06-10T17:46:58+00:00,5617871752,WLD,,16,0,-98.9617880017,-98.9617880017,103,,99,,0,,0,25542.003326999988,7530.029795,0,3
2026-06-10T17:47:58+00:00,4306550166,XRP,,2,694,14.439247999999997,6.155540569999998,25,,17,,8,,1.1079287477,6491.652779999999,7517.476532,0,3
2026-06-10T17:47:58+00:00,5693279219,SOL,,12,0,57.083175999999995,33.96625957719999,35,,27,,8,,0,24039.453505,7484.844685,0,3
2026-06-10T17:47:58+00:00,5617871752,WLD,,16,0,-98.9617880017,-98.9617880017,103,,99,,0,,0,25542.003326999988,7530.029795,0,3
2026-06-10T17:48:58+00:00,4306550166,XRP,,2,694,14.439247999999997,6.155540569999998,25,,17,,8,,1.1079287477,6491.652779999999,7517.476532,0,3
2026-06-10T17:48:58+00:00,5693279219,SOL,,12,0,57.083175999999995,33.96625957719999,35,,27,,8,,0,24039.453505,7484.844685,0,3
2026-06-10T17:48:58+00:00,5617871752,WLD,,16,0,-98.9617880017,-98.9617880017,103,,99,,0,,0,25542.003326999988,7530.029795,0,3
2026-06-10T17:49:58+00:00,4306550166,XRP,,2,426,16.000318999999998,10.860513929999996,25,,18,,7,,1.1079287477,6789.29358,7517.372977,0,3
2026-06-10T17:49:58+00:00,5693279219,SOL,,12,0,57.083175999999995,33.96625957719999,35,,27,,8,,0,24039.453505,7484.844685,0,3
2026-06-10T17:49:58+00:00,5617871752,WLD,,16,0,-98.9617880017,-98.9617880017,103,,99,,0,,0,25542.003326999988,7530.029795,0,3
2026-06-10T17:50:58+00:00,4306550166,XRP,,2,426,16.000318999999998,10.860513929999996,25,,18,,7,,1.1079287477,6789.29358,7517.372977,0,3
2026-06-10T17:50:58+00:00,5693279219,SOL,,12,0,57.083175999999995,33.96625957719999,35,,27,,8,,0,24039.453505,7484.844685,0,3
2026-06-10T17:50:58+00:00,5617871752,WLD,,16,0,-98.9617880017,-98.9617880017,103,,99,,0,,0,25542.003326999988,7530.029795,0,3
2026-06-10T17:51:58+00:00,4306550166,XRP,,2,426,16.000318999999998,10.860513929999996,25,,18,,7,,1.1079287477,6789.29358,7517.372977,0,3
2026-06-10T17:51:58+00:00,5693279219,SOL,,12,0,57.083175999999995,33.96625957719999,35,,27,,8,,0,24039.453505,7484.844685,0,3
2026-06-10T17:51:58+00:00,5617871752,WLD,,16,0,-98.9617880017,-98.9617880017,103,,99,,0,,0,25542.003326999988,7530.029795,0,3
2026-06-10T17:52:58+00:00,4306550166,XRP,,2,426,16.000318999999998,10.860513929999996,25,,18,,7,,1.1079287477,6789.29358,7517.372977,0,3
2026-06-10T17:52:58+00:00,5693279219,SOL,,12,0,57.083175999999995,33.96625957719999,35,,27,,8,,0,24039.453505,7484.844685,0,3
2026-06-10T17:52:58+00:00,5617871752,WLD,,16,0,-98.9617880017,-98.9617880017,103,,99,,0,,0,25542.003326999988,7530.029795,0,3
2026-06-10T17:53:58+00:00,4306550166,XRP,,2,426,16.000318999999998,10.860513929999996,25,,18,,7,,1.1079287477,6789.29358,7517.372977,0,3
2026-06-10T17:53:58+00:00,5693279219,SOL,,12,0,57.083175999999995,33.96625957719999,35,,27,,8,,0,24039.453505,7484.844685,0,3
2026-06-10T17:53:58+00:00,5617871752,WLD,,16,0,-98.9617880017,-98.9617880017,103,,99,,0,,0,25542.003326999988,7530.029795,0,3
2026-06-10T17:54:58+00:00,4306550166,XRP,,2,426,16.000318999999998,10.860513929999996,25,,18,,7,,1.1079287477,6789.29358,7517.372977,0,3
2026-06-10T17:54:58+00:00,5693279219,SOL,,12,0,57.083175999999995,33.96625957719999,35,,27,,8,,0,24039.453505,7484.844685,0,3
2026-06-10T17:54:58+00:00,5617871752,WLD,,16,0,-98.9617880017,-98.9617880017,103,,99,,0,,0,25542.003326999988,7530.029795,0,3
2026-06-10T17:55:58+00:00,4306550166,XRP,,2,426,16.000318999999998,10.860513929999996,25,,18,,7,,1.1079287477,6789.29358,7517.372977,0,3
2026-06-10T17:55:58+00:00,5693279219,SOL,,12,0,57.083175999999995,33.96625957719999,35,,27,,8,,0,24039.453505,7484.844685,0,3
2026-06-10T17:55:58+00:00,5617871752,WLD,,16,0,-98.9617880017,-98.9617880017,103,,99,,0,,0,25542.003326999988,7530.029795,0,3
2026-06-10T17:56:59+00:00,4306550166,XRP,,2,426,16.000318999999998,10.860513929999996,25,,18,,7,,1.1079287477,6789.29358,7517.372977,0,3
2026-06-10T17:56:59+00:00,5693279219,SOL,,12,0,57.083175999999995,33.96625957719999,35,,27,,8,,0,24039.453505,7484.844685,0,3
2026-06-10T17:56:59+00:00,5617871752,WLD,,16,0,-98.9617880017,-98.9617880017,103,,99,,0,,0,25542.003326999988,7530.029795,0,3
2026-06-10T17:57:59+00:00,4306550166,XRP,,2,426,16.000318999999998,10.860513929999996,25,,18,,7,,1.1079287477,6789.29358,7517.372977,0,3
2026-06-10T17:57:59+00:00,5693279219,SOL,,12,0,57.083175999999995,33.96625957719999,35,,27,,8,,0,24039.453505,7484.844685,0,3
2026-06-10T17:57:59+00:00,5617871752,WLD,,16,0,-98.9617880017,-98.9617880017,103,,99,,0,,0,25542.003326999988,7530.029795,0,3
2026-06-10T17:58:59+00:00,4306550166,XRP,,2,426,16.000318999999998,10.860513929999996,25,,18,,7,,1.1079287477,6789.29358,7517.372977,0,3
2026-06-10T17:58:59+00:00,5693279219,SOL,,12,0,57.083175999999995,33.96625957719999,35,,27,,8,,0,24039.453505,7484.844685,0,3
2026-06-10T17:58:59+00:00,5617871752,WLD,,16,0,-98.9617880017,-98.9617880017,103,,99,,0,,0,25542.003326999988,7530.029795,0,3
2026-06-10T17:59:59+00:00,4306550166,XRP,,2,426,16.000318999999998,10.252436069999998,25,,18,,7,,1.1079287477,6789.29358,7518.21333,0,3
2026-06-10T17:59:59+00:00,5693279219,SOL,,12,0,57.083175999999995,33.96625957719999,35,,27,,8,,0,24039.453505,7484.844685,0,3
2026-06-10T17:59:59+00:00,5617871752,WLD,,16,0,-98.9617880017,-98.9617880017,103,,99,,0,,0,25542.003326999988,7530.029795,0,3
2026-06-10T18:00:59+00:00,4306550166,XRP,,2,426,16.000318999999998,10.252436069999998,25,,18,,7,,1.1079287477,6789.29358,7518.21333,0,3
2026-06-10T18:00:59+00:00,5693279219,SOL,,12,0,57.083175999999995,33.96625957719999,35,,27,,8,,0,24039.453505,7484.844685,0,3
2026-06-10T18:00:59+00:00,5617871752,WLD,,16,0,-98.9617880017,-98.9617880017,103,,99,,0,,0,25542.003326999988,7530.029795,0,3
2026-06-10T18:01:59+00:00,4306550166,XRP,,2,426,16.000318999999998,10.252436069999998,25,,18,,7,,1.1079287477,6789.29358,7518.21333,0,3
2026-06-10T18:01:59+00:00,5693279219,SOL,,12,0,57.083175999999995,33.96625957719999,35,,27,,8,,0,24039.453505,7484.844685,0,3
2026-06-10T18:01:59+00:00,5617871752,WLD,,16,0,-98.9617880017,-98.9617880017,103,,99,,0,,0,25542.003326999988,7530.029795,0,3
2026-06-10T18:03:00+00:00,4306550166,XRP,,2,426,16.000318999999998,10.252436069999998,25,,18,,7,,1.1079287477,6789.29358,7518.21333,0,3
2026-06-10T18:03:00+00:00,5693279219,SOL,,12,0,57.083175999999995,33.96625957719999,35,,27,,8,,0,24039.453505,7484.844685,0,3
2026-06-10T18:03:00+00:00,5617871752,WLD,,16,0,-98.9617880017,-98.9617880017,103,,99,,0,,0,25542.003326999988,7530.029795,0,3
2026-06-10T18:03:59+00:00,4306550166,XRP,,2,426,16.000318999999998,10.252436069999998,25,,18,,7,,1.1079287477,6789.29358,7518.21333,0,3
2026-06-10T18:03:59+00:00,5693279219,SOL,,12,0,57.083175999999995,33.96625957719999,35,,27,,8,,0,24039.453505,7484.844685,0,3
2026-06-10T18:03:59+00:00,5617871752,WLD,,16,0,-98.9617880017,-98.9617880017,103,,99,,0,,0,25542.003326999988,7530.029795,0,3
2026-06-10T18:04:59+00:00,4306550166,XRP,,2,426,16.000318999999998,10.252436069999998,25,,18,,7,,1.1079287477,6789.29358,7518.21333,0,3
2026-06-10T18:04:59+00:00,5693279219,SOL,,12,0,57.083175999999995,33.96625957719999,35,,27,,8,,0,24039.453505,7484.844685,0,3
2026-06-10T18:04:59+00:00,5617871752,WLD,,16,0,-98.9617880017,-98.9617880017,103,,99,,0,,0,25542.003326999988,7530.029795,0,3
2026-06-10T18:05:59+00:00,4306550166,XRP,,2,426,16.000318999999998,10.252436069999998,25,,18,,7,,1.1079287477,6789.29358,7518.21333,0,3
2026-06-10T18:05:59+00:00,5693279219,SOL,,12,0,57.083175999999995,33.96625957719999,35,,27,,8,,0,24039.453505,7484.844685,0,3
2026-06-10T18:05:59+00:00,5617871752,WLD,,16,0,-98.9617880017,-98.9617880017,103,,99,,0,,0,25542.003326999988,7530.029795,0,3
2026-06-10T18:06:59+00:00,4306550166,XRP,,2,426,16.000318999999998,10.252436069999998,25,,18,,7,,1.1079287477,6789.29358,7518.21333,0,3
2026-06-10T18:06:59+00:00,5693279219,SOL,,12,0,57.083175999999995,33.96625957719999,35,,27,,8,,0,24039.453505,7484.844685,0,3
2026-06-10T18:06:59+00:00,5617871752,WLD,,16,0,-98.9617880017,-98.9617880017,103,,99,,0,,0,25542.003326999988,7530.029795,0,3
2026-06-10T18:07:59+00:00,4306550166,XRP,,2,426,16.000318999999998,10.252436069999998,25,,18,,7,,1.1079287477,6789.29358,7518.21333,0,3
2026-06-10T18:07:59+00:00,5693279219,SOL,,12,0,57.083175999999995,33.96625957719999,35,,27,,8,,0,24039.453505,7484.844685,0,3
2026-06-10T18:07:59+00:00,5617871752,WLD,,16,0,-98.9617880017,-98.9617880017,103,,99,,0,,0,25542.003326999988,7530.029795,0,3
2026-06-10T18:08:59+00:00,4306550166,XRP,,2,426,16.000318999999998,10.252436069999998,25,,18,,7,,1.1079287477,6789.29358,7518.21333,0,3
2026-06-10T18:08:59+00:00,5693279219,SOL,,12,0,57.083175999999995,33.96625957719999,35,,27,,8,,0,24039.453505,7484.844685,0,3
2026-06-10T18:08:59+00:00,5617871752,WLD,,16,0,-98.9617880017,-98.9617880017,103,,99,,0,,0,25542.003326999988,7530.029795,0,3
2026-06-10T18:10:00+00:00,4306550166,XRP,,2,426,16.000318999999998,8.975135369999997,25,,18,,7,,1.1079287477,6789.29358,7518.21333,0,3
2026-06-10T18:10:00+00:00,5693279219,SOL,,12,0,57.083175999999995,33.96625957719999,35,,27,,8,,0,24039.453505,7484.844685,0,3
2026-06-10T18:10:00+00:00,5617871752,WLD,,16,0,-98.9617880017,-98.9617880017,103,,99,,0,,0,25542.003326999988,7530.029795,0,3
