direction,anchor_ts,anchor_dt,trigger_price,move_pct,n_triggers,vol_spike,oi_delta_win,taker_win,wick_ratio,accel,funding_at_anchor,move_t5,oi_delta_t5,taker_t5,move_t15,oi_delta_t15,taker_t15,move_t30,oi_delta_t30,taker_t30,move_t60,oi_delta_t60,taker_t60,fwd_extreme_pct,bars_to_return,bars_to_continue,outcome,move_24h_signed
up,1715776200000,2024-05-15T12:30:00.000000000,63630.45,1.884,2,7.98,57.9,0.417,1.405,89.0421,-4e-06,0.139,-738.3,0.5176,0.188,-144.8,0.4935,0.254,-215.2,0.4807,0.875,-85.0,0.4867,2.388,0,59,whipsaw,4.028
up,1716233520000,2024-05-20T19:32:00.000000000,69799.27,1.63,1,11.11,-1316.9,0.4698,1.627,81.9262,2.6e-05,0.23,-696.9,0.5252,0.011,-970.2,0.525,0.537,-1329.9,0.5258,-0.425,-1703.2,0.5274,2.437,96,225,whipsaw,-0.772
up,1716247320000,2024-05-20T23:22:00.000000000,70715.18,1.537,1,3.64,98.7,0.5903,1.529,45.8969,2.6e-05,0.711,-264.4,0.5989,1.083,305.7,0.5644,1.079,904.9,0.5156,1.182,379.3,0.5075,1.787,-1,6,trend,-0.645
down,1716472200000,2024-05-23T13:50:00.000000000,67933.51,-1.959,1,7.95,-453.9,0.4668,1.696,81.451,0.0001,0.145,411.4,0.512,0.191,843.8,0.5508,0.241,1044.4,0.5357,-0.085,1377.1,0.5148,-0.475,-1,-1,partial,1.162
down,1716861720000,2024-05-28T02:02:00.000000000,68457.55,-1.512,1,5.18,959.7,0.4432,1.291,94.2869,0.0001,0.033,333.0,0.3691,0.325,85.5,0.3925,0.435,128.6,0.404,0.383,300.9,0.4327,-1.418,-1,94,trend,-0.247
down,1717426500000,2024-06-03T14:55:00.000000000,68610.45,-1.646,1,7.04,324.8,0.4879,1.589,66.7714,0.000141,0.356,-248.3,0.5089,0.801,-456.7,0.5639,0.714,-455.1,0.5181,1.011,-495.0,0.5082,-0.161,17,-1,whipsaw,-1.618
down,1717763820000,2024-06-07T12:37:00.000000000,70722.04,-1.602,1,9.75,-773.8,0.5285,1.613,126.3469,0.0001,0.114,190.2,0.5142,0.289,37.2,0.4395,0.676,116.8,0.4445,0.862,1217.9,0.4476,-0.126,65,-1,whipsaw,1.995
down,1717783440000,2024-06-07T18:04:00.000000000,69111.0,-1.831,1,9.39,-276.3,0.5071,1.635,83.0707,0.000102,0.387,-789.0,0.468,-0.32,-1867.0,0.4564,-0.027,-1480.3,0.4745,-0.233,-887.9,0.4518,-1.0,-1,-1,partial,-0.505
down,1718072280000,2024-06-11T02:18:00.000000000,67960.95,-2.074,1,13.5,-617.0,0.428,1.307,123.9883,0.0001,0.331,-484.1,0.4605,0.207,-63.5,0.4799,0.504,788.8,0.5339,0.513,531.6,0.5606,-0.506,-1,-1,partial,0.672
up,1718195400000,2024-06-12T12:30:00.000000000,69094.0,1.999,1,3.8,24.7,0.6346,1.103,71.2348,0.0001,0.129,-40.0,0.5866,0.462,641.7,0.516,0.514,1181.2,0.5372,0.117,1060.6,0.5039,1.31,0,112,whipsaw,-1.258
down,1718221620000,2024-06-12T19:47:00.000000000,67590.05,-2.219,1,7.46,-845.4,0.4357,1.658,105.6883,0.0001,-0.188,-33.8,0.4315,-0.187,-82.1,0.4689,0.345,30.7,0.517,0.914,-668.4,0.5455,-0.503,55,-1,whipsaw,1.222
down,1718381340000,2024-06-14T16:09:00.000000000,65807.43,-1.562,1,8.07,-258.1,0.4282,1.638,61.3566,0.0001,0.067,-1438.2,0.4774,-0.143,-1040.3,0.4505,-0.686,-746.4,0.4478,-0.759,-941.5,0.4624,-1.108,-1,55,trend,-0.809
down,1718675040000,2024-06-18T01:44:00.000000000,64641.71,-1.644,1,7.54,492.7,0.4467,1.459,126.8631,0.0001,0.335,-1202.8,0.4749,0.762,-1089.7,0.5031,0.335,-585.7,0.4702,1.031,-435.6,0.5031,-0.112,42,-1,whipsaw,-0.509
down,1719221400000,2024-06-24T09:30:00.000000000,61877.96,-1.54,1,8.21,157.8,0.5287,1.408,71.5207,0.0001,-1.226,-2606.6,0.3989,-1.126,-2639.3,0.4766,-0.763,-2440.0,0.5118,-0.863,-2232.1,0.5237,-2.119,-1,3,trend,1.53
down,1719248100000,2024-06-24T16:55:00.000000000,60060.0,-1.539,1,5.81,-544.1,0.421,1.817,85.0097,7.5e-05,0.27,-323.4,0.5354,0.03,-483.9,0.4972,-0.043,-435.0,0.5025,0.35,12.1,0.5324,-2.761,-1,180,trend,-2.285
down,1719261000000,2024-06-24T20:30:00.000000000,58651.63,-1.545,1,4.98,606.7,0.5002,1.825,82.821,7.5e-05,0.906,-856.0,0.543,1.005,-1021.8,0.4943,1.515,-1201.6,0.539,2.052,-1454.2,0.5493,-0.426,5,-1,whipsaw,-5.694
up,1719262800000,2024-06-24T21:00:00.000000000,59540.15,1.515,1,4.42,-1201.6,0.539,1.766,71.921,7.5e-05,-0.204,-58.5,0.5006,0.091,-71.7,0.522,0.529,-252.7,0.5617,0.91,128.2,0.5647,1.888,-1,83,trend,3.938
up,1719786540000,2024-06-30T22:29:00.000000000,62942.57,1.619,1,5.61,1053.4,0.5899,1.191,53.4052,0.0001,-0.297,-766.8,0.4487,-0.141,-550.0,0.5139,-0.066,5.8,0.4899,-0.074,-386.1,0.4736,1.391,-1,163,trend,-0.097
down,1720057680000,2024-07-04T01:48:00.000000000,59140.0,-1.695,1,4.01,-1567.3,0.4569,1.389,154.1114,0.0001,-0.079,-225.6,0.4022,-1.589,-778.6,0.4525,-0.568,-1613.2,0.5029,-0.159,-1339.1,0.5039,-2.266,-1,8,trend,3.324
up,1720060200000,2024-07-04T02:30:00.000000000,58980.0,1.909,1,10.76,-833.6,0.5427,1.459,96.2817,0.0001,0.044,141.9,0.4941,0.135,273.1,0.5018,-0.067,572.6,0.4421,-0.1,832.1,0.4589,0.298,-1,-1,partial,-2.964
down,1720082400000,2024-07-04T08:40:00.000000000,57504.35,-1.608,1,4.87,-28.4,0.3451,1.636,71.659,0.0001,0.543,-125.6,0.5095,0.424,315.1,0.4831,-0.102,-387.5,0.4734,0.57,-644.8,0.4803,-0.961,147,-1,whipsaw,5.592
down,1720136460000,2024-07-04T23:41:00.000000000,56944.15,-1.868,1,2.78,-21.5,0.4446,1.566,90.369,0.0001,0.569,-850.8,0.4825,0.309,-673.4,0.5262,0.11,-609.7,0.5351,0.366,-754.2,0.5053,-3.414,0,192,whipsaw,0.211
down,1720148280000,2024-07-05T02:58:00.000000000,55998.15,-1.52,2,5.9,-864.7,0.4295,1.88,123.3634,0.0001,-0.677,-1208.9,0.4268,-0.886,-1518.7,0.4552,-1.025,-1389.6,0.4531,-1.372,-1254.2,0.4732,-4.486,-1,3,trend,-0.764
up,1720191900000,2024-07-05T15:05:00.000000000,56264.02,1.601,1,1.98,-212.6,0.5576,1.579,51.4441,0.0001,-0.106,-189.4,0.5246,0.126,-259.0,0.5243,0.171,-254.5,0.5212,0.475,-108.2,0.4976,1.379,-1,80,trend,1.33
down,1720387440000,2024-07-07T21:24:00.000000000,56366.0,-1.616,1,3.81,332.6,0.3912,1.463,56.8624,0.0001,-0.231,541.2,0.5394,0.037,1141.4,0.4987,0.395,1105.2,0.5241,0.486,1127.6,0.4668,-3.736,-1,145,trend,0.031
down,1720400280000,2024-07-08T00:58:00.000000000,55082.0,-1.678,1,6.13,35.8,0.476,1.586,81.2241,7.9e-05,-0.447,-184.3,0.3966,-1.164,-323.4,0.4114,-0.708,-183.6,0.444,-0.303,276.5,0.4581,-1.492,228,12,trend,-2.644
up,1720427100000,2024-07-08T08:25:00.000000000,56744.74,1.638,1,4.89,-1016.2,0.5928,1.647,83.2714,8.2e-05,-0.158,74.2,0.442,0.754,466.3,0.4766,1.572,-370.7,0.5116,1.919,693.2,0.498,2.629,-1,21,trend,1.353
down,1720448820000,2024-07-08T14:27:00.000000000,56340.0,-1.504,1,2.67,600.6,0.5632,1.521,90.6179,8.2e-05,-1.736,-645.9,0.4904,-0.238,-1006.3,0.5141,-0.579,-1613.5,0.4766,0.202,-1870.1,0.4912,-2.733,-1,2,trend,-1.968
up,1720450860000,2024-07-08T15:01:00.000000000,56308.01,1.831,1,8.66,-1001.8,0.4911,1.853,130.3286,8.2e-05,-0.114,340.3,0.4436,0.096,-149.5,0.484,-0.036,-238.6,0.4678,-0.739,559.4,0.4907,0.848,56,-1,whipsaw,1.454
up,1720585560000,2024-07-10T04:26:00.000000000,58984.0,1.546,1,6.52,-155.2,0.5705,1.378,134.2883,0.0001,0.197,-0.2,0.5473,0.299,-13.8,0.5039,0.366,141.6,0.4812,0.363,978.3,0.4629,0.824,-1,-1,partial,-2.38
down,1720707840000,2024-07-11T14:24:00.000000000,57565.44,-1.554,1,7.06,-217.3,0.5118,1.659,75.2224,0.0001,0.376,374.0,0.5238,0.593,28.6,0.5322,0.594,250.7,0.5397,0.782,-140.7,0.5373,-0.673,-1,-1,partial,-0.418
down,1720747200000,2024-07-12T01:20:00.000000000,56636.99,-1.501,1,2.79,-257.7,0.3659,1.631,62.2821,6.4e-05,-0.115,-242.7,0.4089,0.281,-403.1,0.4508,0.407,-583.4,0.4524,0.765,-709.5,0.4742,-0.167,63,-1,whipsaw,-2.327
up,1720911480000,2024-07-13T22:58:00.000000000,59470.27,1.805,1,8.93,356.9,0.545,1.424,77.7883,0.0001,-0.323,234.7,0.5524,0.474,372.0,0.5608,-0.23,634.7,0.4823,-0.431,782.8,0.4703,0.639,-1,-1,partial,2.297
up,1721010780000,2024-07-15T02:33:00.000000000,62268.0,1.521,1,7.46,-183.1,0.4634,1.591,67.7952,4.6e-05,0.051,-83.3,0.4606,0.389,129.3,0.4899,0.251,230.4,0.4536,0.366,995.3,0.4584,1.174,-1,189,trend,3.714
down,1721112900000,2024-07-16T06:55:00.000000000,62913.11,-1.507,1,2.96,63.8,0.4429,1.44,61.3555,-5.1e-05,0.169,109.2,0.4874,0.603,-491.7,0.5309,0.158,-322.6,0.4993,0.006,205.6,0.5128,-0.858,225,-1,whipsaw,-4.258
up,1721397360000,2024-07-19T13:56:00.000000000,65217.21,1.722,1,7.57,306.2,0.5946,1.536,61.8617,4.9e-05,-0.064,-129.0,0.428,0.183,-396.0,0.5304,0.825,-1071.1,0.5259,0.799,-107.8,0.5469,2.444,-1,27,trend,2.0
up,1721404920000,2024-07-19T16:02:00.000000000,66325.49,1.608,1,4.79,-88.5,0.5293,1.558,46.4021,4.6e-05,-0.34,239.4,0.5319,-0.186,537.6,0.5236,0.125,943.7,0.5511,-0.084,1030.4,0.4954,1.599,-1,183,trend,0.746
down,1721585280000,2024-07-21T18:08:00.000000000,66088.09,-1.85,1,13.85,-980.2,0.4331,1.538,62.5603,6e-06,0.139,558.0,0.4075,0.977,1512.8,0.5489,1.36,734.9,0.5236,1.397,423.8,0.5006,-0.471,16,-1,whipsaw,-2.061
up,1721587200000,2024-07-21T18:40:00.000000000,67002.75,1.692,1,17.89,-65.1,0.549,1.691,120.7359,6e-06,-0.031,-170.4,0.5183,-0.171,-338.9,0.4542,-0.028,-80.0,0.4652,0.459,-1626.5,0.5002,2.036,-1,51,trend,0.596
down,1721869740000,2024-07-25T01:09:00.000000000,64374.54,-1.808,1,4.35,-6.6,0.4236,1.343,41.5124,0.0001,0.273,-816.7,0.4546,0.051,183.9,0.4579,-0.004,799.2,0.4724,-0.114,1034.2,0.4723,-0.892,-1,-1,partial,-3.316
up,1721918280000,2024-07-25T14:38:00.000000000,64700.01,1.845,1,3.5,-966.6,0.5589,1.516,65.1628,0.0001,-0.112,1009.4,0.5949,0.161,1454.6,0.5329,-0.083,1239.6,0.5042,0.022,875.9,0.5044,0.754,-1,-1,partial,3.725
down,1722004380000,2024-07-26T14:33:00.000000000,66916.02,-1.551,1,4.04,660.8,0.4225,1.622,78.5686,0.0001,0.29,-508.8,0.5285,0.335,-350.3,0.5061,0.786,-393.6,0.5116,0.965,-307.6,0.4893,-0.036,35,-1,whipsaw,-3.039
down,1722111780000,2024-07-27T20:23:00.000000000,66898.08,-1.592,1,15.59,989.6,0.4945,1.496,200.0159,9.1e-05,0.269,-1415.1,0.4988,0.13,354.8,0.4954,1.873,-365.6,0.5043,3.123,2949.4,0.5186,-0.371,22,-1,whipsaw,-1.759
up,1722113580000,2024-07-27T20:53:00.000000000,68151.35,1.873,1,23.99,-365.6,0.5043,1.588,286.9524,9.1e-05,-0.352,1787.4,0.5024,0.144,2018.4,0.5222,1.226,3315.0,0.5396,0.941,2843.7,0.4998,1.514,195,29,trend,-0.178
down,1722270780000,2024-07-29T16:33:00.000000000,67044.01,-1.533,1,6.99,-1248.9,0.439,1.58,85.1731,0.0001,0.221,48.6,0.5248,0.048,322.9,0.5252,-0.374,455.8,0.5,-0.051,6.3,0.5003,-0.919,-1,-1,partial,1.086
down,1722298860000,2024-07-30T00:21:00.000000000,65897.87,-1.542,1,4.15,168.0,0.4256,1.298,94.1397,3.4e-05,0.547,-1339.3,0.5555,0.647,-1264.3,0.5566,0.956,-1481.5,0.5379,1.302,-1840.5,0.5374,-0.054,31,-1,whipsaw,-0.191
down,1722455580000,2024-07-31T19:53:00.000000000,65017.99,-1.585,1,10.76,865.1,0.4406,1.577,98.4231,3.8e-05,0.316,-612.8,0.533,0.415,-468.8,0.4956,-0.326,-719.1,0.4777,-0.486,-42.7,0.5032,-0.751,-1,-1,partial,2.452
down,1722525660000,2024-08-01T15:21:00.000000000,63072.01,-1.644,1,6.75,-1201.4,0.4095,1.793,86.1134,0.0001,0.101,-261.6,0.4437,-0.165,246.9,0.4842,-0.263,528.0,0.4963,0.035,1010.4,0.5289,-1.221,-1,139,trend,0.593
up,1722536040000,2024-08-01T18:14:00.000000000,63304.0,1.586,1,4.76,-100.2,0.535,1.498,109.5552,0.0001,-0.272,46.8,0.5234,-0.37,-121.3,0.5221,-0.751,-57.7,0.5493,-0.069,293.4,0.5403,3.304,-1,141,trend,-0.496
up,1722545340000,2024-08-01T20:49:00.000000000,64572.12,1.65,1,3.6,-43.2,0.4804,1.495,79.9514,0.0001,-0.071,-248.1,0.4845,0.337,-1063.0,0.5261,0.35,-796.4,0.4924,0.572,-1438.3,0.5126,1.684,-1,56,trend,-3.497
down,1722565980000,2024-08-02T02:33:00.000000000,63717.67,-1.539,1,2.12,-557.7,0.3813,1.551,80.7748,0.0001,0.283,-50.3,0.5012,1.033,6.9,0.5878,0.974,-260.5,0.5461,1.25,-307.8,0.4969,-0.078,14,-1,whipsaw,3.838
down,1722610080000,2024-08-02T14:48:00.000000000,63817.98,-1.533,1,4.93,-900.9,0.4603,1.566,126.4841,0.0001,-0.405,101.2,0.4106,-0.802,-162.7,0.437,-1.548,-219.5,0.453,-0.693,-302.1,0.4773,-2.17,-1,11,trend,2.617
up,1722613920000,2024-08-02T15:52:00.000000000,63420.01,1.534,1,4.04,-247.8,0.5189,1.709,119.05,0.0001,0.262,-103.3,0.5462,0.142,-161.6,0.5566,-0.246,-80.5,0.5339,-0.085,-802.4,0.5291,0.341,178,-1,whipsaw,-3.604
down,1722634080000,2024-08-02T21:28:00.000000000,61720.0,-1.5,1,3.9,-320.6,0.4635,1.673,89.5497,0.0001,-0.165,170.9,0.4866,0.731,-158.4,0.5693,0.612,4.4,0.5626,0.379,-46.8,0.5413,-1.969,-1,207,trend,1.999
down,1722647520000,2024-08-03T01:12:00.000000000,60553.11,-1.54,1,4.58,-414.4,0.4556,1.448,93.9997,0.0001,0.369,-298.2,0.5573,0.956,-21.6,0.5907,0.766,-55.6,0.5541,1.494,-1348.2,0.5418,-0.079,16,-1,whipsaw,0.005
down,1722782340000,2024-08-04T14:39:00.000000000,59688.0,-1.771,1,6.6,-934.0,0.3769,1.792,59.0614,5.3e-05,0.151,-646.2,0.465,-0.097,-356.8,0.447,-0.526,-310.0,0.4684,-0.749,-197.9,0.4885,-4.298,-1,73,trend,9.77
down,1722793440000,2024-08-04T17:44:00.000000000,57368.0,-1.653,1,12.23,24.3,0.4376,1.852,93.7352,0.0001,0.816,33.8,0.5194,0.865,34.8,0.5162,1.475,-117.7,0.5253,1.921,169.1,0.5069,-0.427,6,-1,whipsaw,4.645
down,1722816840000,2024-08-05T00:14:00.000000000,57471.99,-1.602,3,4.13,-1353.9,0.4572,1.5,75.2207,0.0001,0.811,-263.8,0.5262,-0.108,-401.8,0.4619,-1.305,-1054.0,0.4432,-6.166,-3955.3,0.4448,-8.999,2,24,whipsaw,4.309
up,1722822000000,2024-08-05T01:40:00.000000000,54802.11,3.084,1,32.02,-3811.4,0.4792,1.841,380.9197,0.0001,-0.266,-181.5,0.4915,-0.008,87.9,0.4843,-1.271,-70.5,0.4517,-1.353,-587.5,0.4649,0.715,20,-1,whipsaw,1.263
down,1722834120000,2024-08-05T05:02:00.000000000,53228.01,-1.677,2,3.52,-114.8,0.4618,1.878,95.9138,0.0001,-0.567,-182.9,0.4015,-1.266,137.7,0.4596,0.939,333.1,0.4919,-1.108,599.2,0.4793,-7.943,24,8,trend,-4.156
up,1722836040000,2024-08-05T05:34:00.000000000,53784.0,1.552,2,8.85,333.1,0.5069,1.767,216.5362,0.0001,-0.731,197.3,0.4544,-1.45,346.1,0.4504,-2.437,266.2,0.4608,-5.262,-1183.2,0.4474,0.082,6,-1,whipsaw,3.293
down,1722851220000,2024-08-05T09:47:00.000000000,52006.0,-1.547,1,1.33,-215.7,0.4805,2.182,67.8324,4.4e-05,0.232,-147.7,0.4624,0.911,-303.5,0.5087,-0.606,-331.8,0.4636,-1.008,-499.8,0.4679,-4.736,12,37,whipsaw,-6.072
down,1722860220000,2024-08-05T12:17:00.000000000,50576.51,-1.611,1,1.52,385.6,0.4794,2.02,112.6628,4.4e-05,-0.465,-140.3,0.454,-1.318,323.0,0.443,-0.195,-500.8,0.4723,-1.294,332.6,0.475,-2.044,24,11,trend,-9.177
up,1722864600000,2024-08-05T13:30:00.000000000,50574.0,1.861,3,2.39,1151.1,0.4772,1.735,220.3779,4.4e-05,1.08,655.3,0.5572,2.099,304.7,0.5201,5.711,361.4,0.5099,4.577,-352.7,0.5042,9.938,0,3,whipsaw,9.449
down,1722876840000,2024-08-05T16:54:00.000000000,54289.04,-1.573,2,1.45,348.4,0.5473,1.884,158.7259,6e-05,-0.46,10.6,0.4827,-0.41,-149.3,0.492,0.369,773.8,0.4999,1.188,248.4,0.5228,-3.194,54,90,whipsaw,-4.794
up,1722888480000,2024-08-05T20:08:00.000000000,54193.28,1.571,2,0.78,-291.6,0.5032,2.021,81.0572,6e-05,-0.503,237.6,0.4522,-0.557,220.8,0.4836,-1.124,129.1,0.4624,0.3,293.9,0.522,1.858,8,54,whipsaw,4.574
up,1722903420000,2024-08-06T00:17:00.000000000,55334.68,1.969,1,0.71,-155.3,0.5079,1.657,100.3666,3.6e-05,0.143,157.5,0.5465,0.306,99.8,0.5044,0.707,-52.2,0.5138,1.585,187.2,0.5364,1.701,-1,31,trend,0.592
down,1722933240000,2024-08-06T08:34:00.000000000,55022.01,-1.627,1,1.31,-37.0,0.4658,1.726,73.9269,-2.8e-05,-0.153,-258.0,0.4154,-0.513,-523.9,0.4565,-0.345,-610.4,0.4608,-0.305,-731.1,0.4817,-0.767,-1,-1,partial,-3.773
up,1722953100000,2024-08-06T14:05:00.000000000,55905.49,1.639,1,2.49,462.4,0.5085,1.718,151.3459,-2.8e-05,0.673,-166.9,0.5423,0.792,-228.0,0.5159,0.394,-784.1,0.5257,0.58,-766.2,0.5073,1.938,-1,13,trend,1.307
down,1723041540000,2024-08-07T14:39:00.000000000,55702.01,-1.554,1,3.47,187.8,0.4649,1.615,101.7021,-6.9e-05,0.413,48.7,0.4981,0.707,-304.5,0.5032,0.988,-45.1,0.488,0.485,-22.3,0.4951,-1.784,9,220,whipsaw,-4.674
up,1723079520000,2024-08-08T01:12:00.000000000,55816.0,1.528,2,1.46,194.4,0.5849,1.935,40.589,2.6e-05,-0.211,1.4,0.4925,-0.054,256.6,0.5763,0.276,548.9,0.5699,2.411,-7.7,0.5472,3.261,-1,32,trend,9.37
up,1723120440000,2024-08-08T12:34:00.000000000,58382.01,1.821,2,3.2,370.1,0.4433,1.475,70.4748,3.1e-05,-0.334,-812.6,0.5427,-0.886,-971.5,0.5055,-0.766,-942.3,0.5061,-1.363,95.0,0.5012,2.537,8,143,whipsaw,3.434
down,1723124820000,2024-08-08T13:47:00.000000000,57196.97,-1.607,1,2.96,-112.7,0.475,2.005,105.9286,3.1e-05,-0.361,-383.6,0.4411,0.421,-995.2,0.526,1.218,-1244.7,0.4847,2.68,-528.0,0.5051,-0.869,30,-1,whipsaw,-4.807
up,1723153560000,2024-08-08T21:46:00.000000000,60758.04,1.806,2,2.7,-1413.9,0.5139,1.57,81.5545,1.1e-05,-0.135,-316.7,0.4923,0.124,-384.6,0.4938,-0.119,-286.6,0.4883,0.781,187.5,0.5121,3.271,-1,61,trend,-1.018
up,1723212240000,2024-08-09T14:04:00.000000000,61085.96,1.712,2,4.26,-560.0,0.5018,1.591,122.4252,2.2e-05,-0.836,-145.3,0.4195,-0.881,-220.7,0.5088,-2.178,-626.9,0.4884,-0.858,-737.5,0.5206,0.048,5,-1,whipsaw,-1.057
down,1723213980000,2024-08-09T14:33:00.000000000,59671.02,-2.179,1,3.96,-626.9,0.4921,1.641,136.61,2.2e-05,-0.075,-256.3,0.506,0.847,203.1,0.5556,1.26,-110.6,0.5411,1.115,-180.0,0.537,-0.228,19,-1,whipsaw,-1.53
down,1723407120000,2024-08-11T20:12:00.000000000,58837.15,-1.532,1,10.65,-346.8,0.4075,1.791,79.1531,1.2e-05,0.229,163.5,0.4892,-0.39,431.4,0.4721,-0.105,443.1,0.4803,-0.491,1042.1,0.4923,-0.935,-1,-1,partial,-0.634
up,1723448760000,2024-08-12T07:46:00.000000000,58784.1,1.542,1,6.76,708.7,0.519,1.506,130.7614,1.1e-05,-0.05,44.7,0.509,0.017,356.1,0.5763,-0.007,571.0,0.5661,-0.283,624.3,0.5379,1.833,102,202,whipsaw,0.837
down,1723470060000,2024-08-12T13:41:00.000000000,58908.85,-1.501,2,2.3,-701.9,0.4294,1.472,73.1214,8.8e-05,-0.294,-256.4,0.4957,-1.227,-511.5,0.4694,-0.443,317.9,0.5002,2.553,-374.6,0.5262,-1.882,33,7,trend,-0.41
up,1723472340000,2024-08-12T14:19:00.000000000,59286.15,1.505,2,7.65,187.1,0.5185,1.76,135.2793,8.8e-05,0.537,-134.4,0.5831,1.04,-329.1,0.5549,1.595,-714.0,0.5299,1.791,-457.7,0.5205,2.403,-1,15,trend,0.468
up,1723567260000,2024-08-13T16:41:00.000000000,60585.62,1.555,1,4.8,131.8,0.515,2.072,55.5493,-3.9e-05,0.268,542.6,0.5242,0.8,340.8,0.5312,1.297,598.4,0.5077,1.467,1264.2,0.4697,1.638,-1,19,trend,-2.601
down,1723643340000,2024-08-14T13:49:00.000000000,59943.99,-1.519,1,4.76,-512.8,0.4252,1.817,65.5114,-1.3e-05,-0.214,324.5,0.4387,-0.704,468.8,0.4324,-1.234,-253.8,0.4386,-0.96,-355.5,0.49,-2.217,-1,13,trend,1.168
down,1723744920000,2024-08-15T18:02:00.000000000,58239.22,-1.815,2,4.52,-923.1,0.3984,1.717,45.7552,-6.2e-05,0.115,-706.3,0.4457,-0.598,-1110.8,0.4396,-1.114,-933.9,0.4533,-0.497,-164.5,0.4762,-3.71,-1,17,trend,-1.958
up,1723775940000,2024-08-16T02:39:00.000000000,58247.88,1.514,1,2.79,-557.3,0.5447,1.71,68.6414,-0.000112,-0.193,-1.9,0.4612,-0.2,169.9,0.4666,-0.098,506.4,0.5158,-0.549,599.6,0.5012,0.341,-1,-1,partial,1.602
up,1723814160000,2024-08-16T13:16:00.000000000,58864.0,1.732,1,2.72,403.2,0.5566,1.345,92.0379,-7.4e-05,-0.409,-725.0,0.4892,-0.711,-402.9,0.4521,-0.644,-117.1,0.43,-1.114,-297.8,0.4489,0.087,0,-1,whipsaw,0.834
up,1724113800000,2024-08-20T00:30:00.000000000,60410.0,1.632,1,6.52,-1365.9,0.5446,1.648,62.0986,-2.7e-05,0.2,-76.5,0.6081,-0.328,127.0,0.422,0.187,-40.8,0.5197,0.3,203.1,0.5285,0.977,-1,-1,partial,-2.043
down,1724163900000,2024-08-20T14:25:00.000000000,59921.99,-1.551,1,6.48,-95.9,0.4115,1.44,133.4066,1.3e-05,-0.108,320.4,0.5147,-0.273,461.1,0.5427,-0.551,914.2,0.5023,-1.313,-770.9,0.5014,-2.293,-1,35,trend,0.576
up,1724249400000,2024-08-21T14:10:00.000000000,60133.94,1.563,1,11.21,-578.4,0.5236,1.922,116.8452,-6e-06,-0.984,-183.9,0.4369,-0.926,-203.0,0.489,-0.537,-184.2,0.5143,-1.121,321.1,0.5057,0.113,4,-1,whipsaw,0.597
down,1724295120000,2024-08-22T02:52:00.000000000,59776.07,-1.636,1,4.17,-444.4,0.3852,1.468,61.3321,-2.2e-05,0.672,-976.8,0.549,0.763,-799.8,0.5335,0.897,-580.3,0.4918,1.176,-539.3,0.4856,-0.086,21,-1,whipsaw,-1.538
up,1724422380000,2024-08-23T14:13:00.000000000,62007.87,1.664,1,12.64,412.6,0.5751,1.764,59.9831,2.4e-05,-0.845,-215.1,0.5577,-0.08,-317.4,0.5717,-0.602,-102.8,0.5294,-1.315,-407.3,0.502,2.029,34,214,whipsaw,3.415
down,1724424780000,2024-08-23T14:53:00.000000000,60881.47,-1.515,1,12.74,-79.3,0.4812,1.8,118.329,2.4e-05,0.165,547.1,0.5025,0.612,498.9,0.539,0.798,641.0,0.5411,1.069,1836.7,0.5263,-0.128,40,-1,whipsaw,-5.373
up,1724435280000,2024-08-23T17:48:00.000000000,62800.01,1.59,1,8.42,-313.6,0.5531,1.813,45.0176,-4.3e-05,0.041,-1093.6,0.5389,0.594,-1265.7,0.5772,0.478,-642.2,0.5489,0.873,400.0,0.5396,3.148,-1,84,trend,2.11
up,1724448000000,2024-08-23T21:20:00.000000000,64537.17,1.504,1,4.08,-294.1,0.5146,1.521,48.0921,-4.3e-05,-0.198,-3110.4,0.5242,-0.174,-2663.2,0.5325,-0.317,-2589.1,0.5251,-0.391,-2391.3,0.5076,0.647,98,-1,whipsaw,-0.623
down,1724794680000,2024-08-27T21:38:00.000000000,60805.0,-1.715,2,5.34,-2664.9,0.3984,1.334,125.7938,7.8e-05,0.61,-854.0,0.4973,-0.712,-2099.7,0.427,-1.383,-1791.2,0.4449,-2.873,-5852.4,0.4542,-4.557,-1,10,trend,2.313
up,1724798700000,2024-08-27T22:45:00.000000000,59151.01,1.604,1,10.57,-1243.2,0.4876,1.919,131.1231,7.8e-05,0.489,771.8,0.5189,0.429,908.1,0.498,0.079,1197.9,0.4538,0.771,1609.3,0.4927,1.063,-1,43,trend,-0.379
down,1724862120000,2024-08-28T16:22:00.000000000,57886.9,-1.637,1,4.45,-577.2,0.4325,1.571,84.7793,1.1e-05,0.559,173.5,0.4886,0.824,104.1,0.4888,1.84,30.2,0.5346,1.557,-146.1,0.519,-0.046,18,-1,whipsaw,-4.887
up,1724863860000,2024-08-28T16:51:00.000000000,58974.0,1.525,1,4.87,30.2,0.5369,1.603,97.8186,1.1e-05,0.247,-164.1,0.5316,0.17,-60.0,0.5354,-0.356,-176.4,0.4963,-0.016,-532.9,0.4842,1.485,-1,129,trend,2.248
down,1724956080000,2024-08-29T18:28:00.000000000,59581.39,-1.518,1,4.16,-334.6,0.4379,1.557,74.9628,6e-06,0.122,8.7,0.5635,-0.511,-318.3,0.4983,-0.625,99.3,0.5042,-0.15,282.3,0.5134,-1.457,-1,23,trend,1.024
down,1725030060000,2024-08-30T15:01:00.000000000,58298.01,-1.673,1,5.53,-439.9,0.4567,1.873,77.6221,3.6e-05,0.34,60.5,0.4392,0.292,349.9,0.5107,-0.359,748.3,0.4829,-0.331,1154.7,0.4916,-1.024,202,86,trend,-1.446
down,1725229560000,2024-09-01T22:26:00.000000000,57358.0,-1.697,1,4.6,-719.0,0.4096,1.334,82.7831,-4e-06,0.101,-498.2,0.478,0.138,-37.4,0.5071,0.405,545.4,0.5503,-0.051,124.0,0.5134,-0.401,-1,-1,partial,-3.197
down,1725371400000,2024-09-03T13:50:00.000000000,58317.0,-1.568,1,7.25,162.5,0.4554,1.721,65.4683,5.1e-05,-0.089,-53.0,0.4368,-0.304,192.2,0.4898,-0.698,584.4,0.4646,-0.964,655.7,0.4949,-1.284,-1,56,trend,3.213
down,1725411600000,2024-09-04T01:00:00.000000000,56725.01,-1.887,1,6.47,-341.5,0.4367,1.444,54.399,2.2e-05,-1.292,-2900.6,0.3709,-1.19,-2666.9,0.4445,-0.621,-2944.7,0.4691,0.081,-3009.6,0.4822,-1.973,-1,3,trend,-2.264
up,1725413640000,2024-09-04T01:34:00.000000000,56539.12,1.585,1,11.88,-2944.7,0.5012,1.574,111.7614,2.2e-05,0.256,-73.8,0.5248,0.607,-211.6,0.5083,0.074,-64.9,0.4479,0.27,-595.2,0.4937,0.68,-1,-1,partial,2.884
up,1725461340000,2024-09-04T14:49:00.000000000,57274.13,1.573,2,5.1,-739.0,0.5365,1.591,87.82,1e-05,0.242,443.2,0.6182,0.705,440.3,0.5187,0.309,627.1,0.4819,1.147,683.3,0.5085,2.174,-1,56,trend,-0.878
down,1725607440000,2024-09-06T07:24:00.000000000,55391.1,-1.846,1,6.79,182.8,0.4162,1.305,82.2266,2.3e-05,0.319,-988.4,0.4983,0.13,81.7,0.5102,0.678,104.5,0.5581,0.684,172.6,0.5486,-0.201,158,-1,whipsaw,2.064
up,1725627000000,2024-09-06T12:50:00.000000000,56794.0,1.641,1,11.3,94.4,0.5349,1.597,158.0776,-0.0,0.049,334.7,0.3831,0.035,447.2,0.4494,0.262,600.2,0.4741,-1.395,-588.8,0.4628,0.377,50,-1,whipsaw,-3.86
down,1725630060000,2024-09-06T13:41:00.000000000,55862.96,-1.544,2,5.84,-129.1,0.4632,1.404,99.9341,-0.0,0.562,-1266.7,0.5549,0.22,-583.4,0.4881,-0.96,-795.2,0.4648,-1.471,-440.7,0.4753,-3.992,-1,31,trend,2.425
down,1725655800000,2024-09-06T20:50:00.000000000,52836.0,-1.507,1,5.81,-584.8,0.46,1.546,100.3821,1.4e-05,-0.042,-1274.9,0.4138,0.545,-1386.5,0.4775,0.918,-1129.9,0.4969,1.569,-1398.3,0.4929,-0.541,28,-1,whipsaw,-2.594
up,1725658260000,2024-09-06T21:31:00.000000000,53502.25,1.698,1,3.31,59.1,0.5073,1.977,63.5641,1.4e-05,0.097,-278.3,0.5083,0.073,-303.8,0.4801,0.457,19.4,0.5037,0.577,20.5,0.5183,1.109,-1,151,trend,1.162
up,1725834480000,2024-09-08T22:28:00.000000000,55267.02,1.502,1,8.88,-785.8,0.6036,1.563,54.661,-5.2e-05,-0.646,-150.2,0.4703,-0.931,-46.1,0.4383,-1.28,-59.5,0.418,-0.704,-23.4,0.4671,0.187,3,-1,whipsaw,3.874
down,1725892800000,2024-09-09T14:40:00.000000000,54872.59,-1.503,1,5.05,-299.1,0.4257,1.884,72.1814,-7.1e-05,0.172,-69.5,0.5215,0.218,2.8,0.5184,0.538,32.8,0.5281,0.834,269.6,0.5434,-0.081,68,-1,whipsaw,-3.775
up,1725898920000,2024-09-09T16:22:00.000000000,56235.08,1.57,1,5.71,225.2,0.5913,1.49,76.1652,-3.9e-05,-0.161,-29.5,0.3973,-0.311,2.0,0.4079,0.436,515.8,0.4872,0.402,755.2,0.4638,1.675,-1,171,trend,0.827
up,1725916500000,2024-09-09T21:15:00.000000000,57912.03,1.652,1,4.18,-585.6,0.5732,1.536,36.6779,-3.9e-05,-0.312,-818.7,0.5227,-0.535,-637.9,0.4896,-1.116,-633.2,0.4376,-0.982,-732.5,0.4393,0.304,29,-1,whipsaw,-0.426
down,1726062540000,2024-09-11T13:49:00.000000000,56248.81,-1.51,1,4.65,652.4,0.4418,1.709,102.4369,-2.2e-05,-0.663,-59.6,0.3861,-0.56,-546.7,0.4495,-0.869,768.2,0.4755,-1.185,839.8,0.4917,-1.251,114,11,trend,-2.046
up,1726241520000,2024-09-13T15:32:00.000000000,59324.37,1.559,1,9.06,-5.5,0.5712,1.612,59.2369,-9e-06,-0.093,96.1,0.6035,0.252,43.3,0.6022,0.643,99.6,0.5775,0.461,987.9,0.5353,1.137,-1,134,trend,0.937
up,1726582500000,2024-09-17T14:15:00.000000000,59969.72,1.637,2,5.51,-958.1,0.5637,1.654,59.8238,1.9e-05,-0.031,-121.8,0.5753,0.211,-39.6,0.5918,0.364,-290.1,0.5519,2.055,1102.9,0.5361,2.252,-1,48,trend,-0.797
up,1726682520000,2024-09-18T18:02:00.000000000,60734.99,1.52,1,9.6,53.8,0.5733,1.864,110.051,4.6e-05,-0.519,101.7,0.494,-0.407,856.2,0.5039,0.167,1480.7,0.5181,-0.391,2086.8,0.5112,0.961,2,-1,whipsaw,4.817
up,1726704120000,2024-09-19T00:02:00.000000000,62121.99,1.59,1,5.72,1040.5,0.5436,1.494,71.1552,3.5e-05,-0.361,-353.9,0.4987,-0.212,-11.6,0.5051,0.167,382.6,0.4956,0.196,888.2,0.5212,0.753,-1,-1,partial,1.365
up,1727044800000,2024-09-22T22:40:00.000000000,63483.99,1.535,1,7.94,142.9,0.5383,1.543,65.2276,5.5e-05,0.224,-538.5,0.5298,0.551,-700.2,0.5779,0.288,436.6,0.5161,0.189,47.6,0.4836,0.813,95,-1,whipsaw,-0.379
down,1727050560000,2024-09-23T00:16:00.000000000,62607.47,-1.511,1,8.34,234.1,0.4205,1.59,41.8738,6.5e-05,0.493,336.9,0.5504,0.886,468.9,0.5654,1.254,547.5,0.5514,1.691,449.4,0.535,-0.11,16,-1,whipsaw,-1.052
down,1727790060000,2024-10-01T13:41:00.000000000,62541.28,-1.677,1,6.38,264.6,0.4524,1.505,47.6355,0.0001,0.24,-613.1,0.4863,0.372,693.5,0.499,0.157,1211.0,0.5051,0.535,1794.9,0.5048,-2.317,-1,85,trend,3.13
down,1727803320000,2024-10-01T17:22:00.000000000,61100.0,-1.686,1,10.75,-696.9,0.4178,1.666,95.5438,0.0001,0.54,-989.6,0.4758,0.954,-718.8,0.488,1.614,-661.0,0.4983,1.865,797.5,0.4851,-1.532,9,193,whipsaw,-0.992
up,1727805120000,2024-10-01T17:52:00.000000000,62086.01,1.614,1,7.81,-661.0,0.4983,1.656,82.1272,0.0001,0.197,-32.0,0.5616,0.151,830.4,0.5226,0.248,1458.4,0.4855,-0.267,1408.5,0.4761,0.57,135,-1,whipsaw,-0.773
down,1727814240000,2024-10-01T20:24:00.000000000,60888.01,-1.524,1,4.77,-1017.3,0.4259,1.767,108.2862,0.0001,-0.238,175.1,0.4378,-0.857,-313.4,0.4779,-0.221,78.3,0.4809,-0.056,1354.2,0.4879,-1.189,-1,16,trend,1.012
up,1727878080000,2024-10-02T14:08:00.000000000,61580.0,1.55,1,3.29,179.1,0.5193,1.842,78.2417,8.4e-05,-0.335,-343.0,0.4851,-0.485,-187.6,0.4282,-0.362,-70.9,0.4747,-0.379,-2.9,0.5026,1.316,-1,117,trend,-1.374
up,1728262680000,2024-10-07T00:58:00.000000000,63693.97,1.524,1,12.61,-968.2,0.5635,1.695,57.2569,4.6e-05,0.057,392.4,0.4711,0.324,635.8,0.5273,0.292,895.7,0.4706,0.176,1051.3,0.4676,0.434,-1,-1,partial,-1.799
up,1728310980000,2024-10-07T14:23:00.000000000,64386.73,1.646,1,8.73,-878.7,0.5514,1.487,70.5855,-1e-05,-0.33,-184.5,0.4457,-0.367,372.8,0.4355,-0.663,719.5,0.4657,-1.082,107.6,0.4793,0.142,39,-1,whipsaw,-2.704
down,1728342000000,2024-10-07T23:00:00.000000000,62169.11,-1.687,1,3.64,-1002.8,0.3854,1.341,75.999,2.2e-05,0.095,372.1,0.4896,0.712,302.5,0.5427,0.587,277.7,0.5187,0.14,197.7,0.4628,-0.066,-1,-1,partial,-0.0
down,1728583440000,2024-10-10T18:04:00.000000000,59279.01,-1.53,1,7.12,254.4,0.4144,1.773,53.8559,0.0001,-0.557,-315.1,0.3898,-0.257,-465.9,0.4452,0.088,-113.8,0.4878,0.412,37.0,0.5123,-0.562,124,-1,whipsaw,-6.068
up,1728876960000,2024-10-14T03:36:00.000000000,63652.8,1.581,1,8.68,-1540.7,0.63,1.439,53.7245,5.4e-05,0.444,1488.4,0.5719,0.638,1284.9,0.5845,1.186,2058.5,0.5903,1.106,2714.7,0.5208,1.331,-1,20,trend,2.696
up,1729000260000,2024-10-15T13:51:00.000000000,67053.76,1.626,2,6.85,49.5,0.5966,1.537,75.0048,0.0001,0.472,74.4,0.6545,0.686,152.6,0.6041,0.148,-1008.9,0.5337,-2.13,-1928.6,0.4976,1.337,45,8,trend,0.38
down,1729002600000,2024-10-15T14:30:00.000000000,66764.0,-1.628,1,9.5,-1216.2,0.4609,1.587,168.941,0.0001,-0.237,12.2,0.4573,-1.987,-905.6,0.4527,-2.052,-1111.7,0.4887,-1.161,-544.4,0.5006,-2.942,-1,7,trend,-1.595
down,1729879560000,2024-10-25T18:06:00.000000000,66407.92,-1.543,1,10.02,-1364.9,0.4813,1.48,83.7141,0.0001,0.033,-275.5,0.4188,1.243,-955.6,0.5174,1.726,-377.4,0.5079,0.982,-1166.2,0.4681,-0.604,9,-1,whipsaw,-0.964
up,1729881360000,2024-10-25T18:36:00.000000000,67554.01,1.726,1,12.66,-377.4,0.5079,1.726,122.4252,0.0001,-0.136,-91.1,0.4664,-0.302,-338.0,0.4142,-0.731,-788.8,0.4279,-0.763,-981.1,0.4896,0.047,29,-1,whipsaw,-0.693
down,1729897680000,2024-10-25T23:08:00.000000000,66115.0,-1.656,1,3.02,-455.4,0.4163,1.377,106.0662,0.0001,-0.321,-758.1,0.2998,-0.637,-946.1,0.4091,0.47,-746.9,0.4582,0.924,-596.9,0.4769,-0.785,48,-1,whipsaw,-1.511
up,1730168400000,2024-10-29T02:20:00.000000000,71212.01,1.647,1,8.52,-1390.3,0.6415,1.928,88.3586,0.0001,0.271,489.0,0.6489,0.186,340.5,0.5874,0.084,706.0,0.5777,0.177,1125.2,0.5594,0.528,-1,-1,partial,1.848
down,1730427180000,2024-11-01T02:13:00.000000000,68900.0,-1.52,1,6.36,-729.5,0.4366,1.5,122.9734,0.0001,0.474,233.2,0.6301,0.673,438.1,0.5686,0.668,504.5,0.5371,0.943,868.8,0.5376,-0.032,44,-1,whipsaw,-1.211
down,1730475660000,2024-11-01T15:41:00.000000000,69793.04,-1.625,1,3.93,-973.3,0.442,1.446,97.6469,0.0001,-0.125,199.5,0.4152,-0.254,-1008.8,0.4194,-0.016,-198.1,0.4615,0.422,-892.8,0.4741,-1.394,38,10,trend,0.641
up,1730477940000,2024-11-01T16:19:00.000000000,70455.92,1.568,1,5.32,-789.9,0.5124,1.668,123.0345,0.0001,-0.446,112.1,0.4209,-0.162,-319.3,0.4734,-0.465,-362.2,0.4422,-0.465,-304.3,0.4516,0.084,49,-1,whipsaw,-1.578
up,1730817840000,2024-11-05T14:44:00.000000000,69980.27,1.559,1,6.93,-667.0,0.5713,1.812,82.3152,0.0001,0.267,496.9,0.5477,-0.023,1407.4,0.497,-0.049,467.0,0.5089,-0.379,-324.3,0.4947,0.854,47,-1,whipsaw,6.281
down,1730836620000,2024-11-05T19:57:00.000000000,68746.04,-1.875,1,4.32,102.1,0.48,1.401,93.9728,0.0001,0.719,724.5,0.5101,0.951,686.6,0.5307,0.913,-321.5,0.5264,1.079,-408.1,0.5373,-0.019,11,-1,whipsaw,-10.115
up,1730853000000,2024-11-06T00:30:00.000000000,70487.99,1.515,2,3.8,766.8,0.5415,1.617,70.3962,0.0001,0.621,280.7,0.6155,1.118,256.5,0.5852,1.163,496.8,0.5079,0.945,109.1,0.4732,6.401,-1,14,trend,6.825
down,1730869380000,2024-11-06T05:03:00.000000000,73788.01,-1.548,3,5.23,-237.4,0.4245,1.844,93.6141,0.0001,0.161,442.8,0.4,0.439,103.7,0.4306,0.92,53.7,0.4614,1.548,837.2,0.5112,-1.534,29,159,whipsaw,-1.344
up,1731214380000,2024-11-10T04:53:00.000000000,78990.53,2.2,1,12.64,676.7,0.5857,1.488,104.8593,0.0001,0.141,-837.5,0.5765,0.248,-1363.7,0.5535,0.404,-1571.2,0.5476,0.245,-1749.4,0.5293,1.011,-1,36,trend,3.025
up,1731277020000,2024-11-10T22:17:00.000000000,80842.0,1.509,1,2.49,241.7,0.6167,1.42,126.139,0.000141,0.679,397.6,0.6117,-0.112,-1029.3,0.5245,-0.753,-1192.7,0.5097,-0.44,-1060.8,0.5222,1.098,83,216,whipsaw,7.079
up,1731338940000,2024-11-11T15:29:00.000000000,83745.0,1.528,1,5.19,-996.8,0.5705,1.979,139.6879,0.0001,0.121,263.5,0.6008,0.094,823.8,0.5561,0.376,905.2,0.5348,0.722,1608.9,0.5289,3.469,-1,34,trend,3.691
up,1731351240000,2024-11-11T18:54:00.000000000,85728.0,1.556,1,3.25,-224.6,0.5505,1.686,105.5207,0.0001,0.121,-311.6,0.5771,0.439,-319.8,0.5606,0.263,-1712.2,0.5289,0.529,-1444.9,0.5048,3.091,-1,13,trend,3.495
up,1731360420000,2024-11-11T21:27:00.000000000,88349.44,1.731,3,3.46,-177.5,0.56,1.88,121.019,0.0001,-0.425,-109.4,0.4705,-0.348,654.0,0.4969,-0.645,1268.5,0.4483,-2.058,458.3,0.4417,1.337,46,106,whipsaw,0.578
down,1731363780000,2024-11-11T22:23:00.000000000,86594.66,-1.559,2,2.63,-458.8,0.4276,1.558,110.5545,0.0001,0.152,13.6,0.4511,0.661,-225.7,0.4981,0.954,85.5,0.4714,3.344,-615.7,0.5185,-0.257,28,-1,whipsaw,-1.928
up,1731393900000,2024-11-12T06:45:00.000000000,89780.0,1.616,1,1.5,255.4,0.6065,1.518,77.9741,0.000491,-0.101,-119.9,0.5343,-0.307,-345.4,0.507,0.078,-788.5,0.5459,-0.574,-642.7,0.4931,0.178,79,-1,whipsaw,-3.578
down,1731405960000,2024-11-12T10:06:00.000000000,87071.97,-1.657,1,1.75,-406.5,0.3816,1.681,97.3366,0.000437,1.004,529.9,0.4666,0.701,749.3,0.5097,-0.418,824.2,0.4738,0.397,1252.0,0.5015,-2.297,5,39,whipsaw,-0.267
up,1731410340000,2024-11-12T11:19:00.000000000,87440.01,2.293,1,3.02,537.8,0.5379,1.893,162.5224,0.000437,0.247,761.5,0.6029,0.215,906.9,0.5333,-0.032,588.8,0.521,0.024,639.0,0.5245,0.481,87,-1,whipsaw,0.586
up,1731423600000,2024-11-12T15:00:00.000000000,87134.26,1.578,3,1.44,-171.3,0.5448,1.937,173.8831,0.000437,-0.09,334.0,0.5225,0.211,250.6,0.517,-0.586,-209.9,0.5016,-0.489,-206.1,0.4895,2.0,45,204,whipsaw,4.597
down,1731473460000,2024-11-13T04:51:00.000000000,86232.17,-1.631,1,1.36,-932.2,0.3916,1.753,106.0445,0.0001,0.884,-516.0,0.4603,0.981,-324.5,0.4603,1.324,467.3,0.4923,0.422,115.7,0.4669,-0.121,6,-1,whipsaw,-4.369
up,1731505380000,2024-11-13T13:43:00.000000000,88999.14,1.575,3,2.2,573.2,0.5985,1.744,99.6007,0.000131,0.693,114.2,0.6482,0.1,392.4,0.5376,0.539,1834.5,0.5401,2.018,3470.1,0.552,4.794,-1,48,trend,2.293
down,1731516120000,2024-11-13T16:42:00.000000000,91668.0,-1.627,1,4.41,-744.8,0.4799,2.025,162.7876,0.000219,0.592,-372.8,0.5441,0.634,-409.7,0.5216,1.017,-100.1,0.5207,0.23,-83.9,0.503,-2.592,21,156,whipsaw,3.19
down,1731525120000,2024-11-13T19:12:00.000000000,91171.99,-1.56,2,2.49,-694.9,0.5042,1.649,188.2731,0.000219,-0.293,-806.8,0.5161,-0.821,-2250.1,0.4871,-1.229,-1982.1,0.4605,-0.525,-2427.1,0.4714,-3.511,-1,7,trend,1.882
up,1731529980000,2024-11-13T20:33:00.000000000,90877.42,1.707,1,2.57,-732.9,0.5667,2.039,161.9703,0.000219,0.135,-170.8,0.5857,-0.392,121.3,0.5444,-1.574,417.3,0.5201,-1.916,-2053.3,0.514,0.337,22,-1,whipsaw,-3.017
up,1731571440000,2024-11-14T08:04:00.000000000,91132.99,1.567,1,1.32,371.4,0.5622,1.58,77.721,0.0001,0.073,330.7,0.5267,-0.065,521.5,0.4822,-0.059,1165.5,0.4645,-0.624,1526.2,0.4555,0.576,-1,-1,partial,-3.792
down,1731595380000,2024-11-14T14:43:00.000000000,89569.8,-1.507,1,2.93,-120.7,0.5461,1.799,176.3428,0.0001,-0.389,1.1,0.4282,-0.614,-315.6,0.4352,-0.225,387.3,0.4537,-0.924,-1125.4,0.4531,-2.281,-1,16,trend,0.461
down,1731615000000,2024-11-14T20:10:00.000000000,88071.99,-1.501,1,1.52,-127.3,0.469,1.479,121.1659,0.0001,0.202,-36.2,0.461,0.503,189.9,0.5683,-0.014,146.3,0.5383,-1.117,478.7,0.5162,-1.594,-1,59,trend,-3.01
down,1731683880000,2024-11-15T15:18:00.000000000,88292.4,-1.666,1,2.35,-145.1,0.4639,1.77,184.1607,0.0001,-0.433,-136.2,0.3237,-0.235,-573.8,0.4407,0.336,-572.6,0.4976,0.777,-1118.7,0.5177,-0.609,54,-1,whipsaw,-2.654
up,1731687960000,2024-11-15T16:26:00.000000000,89632.33,1.68,1,2.09,-300.2,0.5707,1.92,101.7248,0.00011,-0.23,80.8,0.4322,-0.51,249.5,0.4249,-0.29,280.4,0.4371,-0.129,143.7,0.4861,1.785,-1,197,trend,1.058
up,1731700140000,2024-11-15T19:49:00.000000000,90779.31,1.509,1,2.08,-455.9,0.51,1.664,99.311,0.00011,-0.554,-297.1,0.4941,-0.163,-1427.1,0.4931,0.477,-1780.2,0.5149,0.393,-2397.4,0.5004,1.179,-1,122,trend,0.3
up,1731944520000,2024-11-18T15:42:00.000000000,92155.99,1.518,1,5.69,-670.7,0.5925,1.486,116.8724,0.000365,-0.38,493.0,0.4785,0.013,1115.3,0.5365,-0.149,1311.7,0.5308,-0.414,835.0,0.512,0.475,66,-1,whipsaw,-0.096
down,1732546740000,2024-11-25T14:59:00.000000000,95385.49,-1.911,1,6.83,1633.5,0.4004,1.737,127.7766,0.0001,0.179,-223.9,0.4293,-0.139,425.5,0.4385,0.759,1010.8,0.4944,0.645,463.7,0.4817,-0.902,50,-1,whipsaw,2.213
up,1732633200000,2024-11-26T15:00:00.000000000,93132.79,1.507,2,2.89,-131.7,0.5035,1.62,160.3941,0.000179,0.308,55.4,0.4484,-0.076,-316.4,0.43,-0.12,-741.3,0.4589,-0.259,-649.8,0.5111,1.667,211,88,trend,1.807
up,1733238060000,2024-12-03T15:01:00.000000000,95433.78,1.633,1,6.88,-1247.0,0.5201,1.695,168.5262,0.000249,0.294,105.1,0.5547,0.539,-51.3,0.5456,0.567,1128.2,0.5476,0.333,296.7,0.4741,0.855,-1,-1,partial,0.183
up,1733343300000,2024-12-04T20:15:00.000000000,98199.99,1.549,1,6.81,651.5,0.5528,1.581,93.6152,0.000232,0.293,262.3,0.6745,0.095,-127.6,0.5481,0.688,-106.7,0.5428,0.151,1722.9,0.5075,0.815,-1,-1,partial,0.326
up,1733365980000,2024-12-05T02:33:00.000000000,99989.99,1.707,1,5.47,-250.1,0.5809,1.395,87.5069,0.000276,0.078,-654.7,0.6361,1.216,149.4,0.5883,1.974,1485.7,0.5643,2.863,2251.3,0.5147,4.098,-1,8,trend,-2.146
down,1733412480000,2024-12-05T15:28:00.000000000,101652.77,-1.712,1,3.48,-331.9,0.5608,1.751,125.6124,0.000724,0.503,223.7,0.467,-0.313,-54.7,0.4334,-0.237,174.7,0.4562,-0.19,69.8,0.4737,-1.572,-1,71,trend,2.572
down,1733428380000,2024-12-05T19:53:00.000000000,99172.01,-1.641,1,1.74,4.2,0.4564,1.452,172.9466,0.000471,-0.23,450.5,0.4451,0.157,-75.8,0.4785,-0.648,208.3,0.4739,-0.048,146.6,0.5039,-8.744,-1,24,trend,-2.622
down,1733437560000,2024-12-05T22:26:00.000000000,97138.98,-1.967,1,1.81,-122.0,0.4395,1.555,128.6793,0.000471,-1.09,-3241.7,0.4199,-1.394,-2731.7,0.4777,-0.805,-2861.5,0.5154,0.178,-4889.5,0.5356,-6.835,189,2,trend,-3.431
up,1733439480000,2024-12-05T22:58:00.000000000,96368.84,4.007,1,9.53,-2861.5,0.5263,1.723,403.9797,0.000471,-0.744,-392.3,0.4942,-0.08,-987.8,0.5485,0.929,-2028.0,0.5652,0.618,-2492.5,0.5479,2.553,9,28,whipsaw,4.278
up,1733507280000,2024-12-06T17:48:00.000000000,100788.75,1.56,1,2.26,688.8,0.5154,1.487,104.0366,0.0001,0.229,762.2,0.6284,0.122,1034.2,0.5097,0.618,1057.8,0.5196,0.348,1484.1,0.4975,1.102,-1,125,trend,-1.16
down,1733757660000,2024-12-09T15:21:00.000000000,98690.16,-1.526,1,5.58,103.6,0.4314,1.607,160.3366,0.00021,-0.27,282.5,0.4518,-0.849,727.0,0.4408,-1.125,903.6,0.4638,-0.436,676.5,0.5003,-1.358,-1,20,trend,1.374
down,1733778180000,2024-12-09T21:03:00.000000000,95407.71,-1.532,1,5.03,446.0,0.4695,1.598,171.5897,0.000111,0.554,-1195.8,0.4254,1.702,-1517.1,0.5003,1.933,-1042.9,0.508,1.698,-1167.1,0.5052,-1.318,6,2,trend,-1.209
up,1733779980000,2024-12-09T21:33:00.000000000,97252.01,1.933,1,9.59,-1042.9,0.508,1.697,245.9448,0.000111,0.069,235.1,0.584,-0.421,-81.7,0.5144,-0.231,-124.2,0.5094,0.064,-811.2,0.4811,0.911,47,-1,whipsaw,-0.159
down,1733845200000,2024-12-10T15:40:00.000000000,96385.67,-1.579,2,3.15,-549.1,0.4178,1.795,117.9114,0.0001,0.119,-73.3,0.457,-0.517,-59.6,0.4373,-0.96,-247.4,0.4349,-1.59,-994.3,0.4155,-2.209,-1,21,trend,-4.124
up,1734305160000,2024-12-15T23:26:00.000000000,104920.01,1.548,2,13.67,514.1,0.5558,1.566,164.6259,0.0001,-0.13,-29.6,0.5424,-0.191,221.6,0.5395,-0.565,651.2,0.5063,0.207,1594.4,0.5118,1.647,-1,67,trend,0.669
up,1734360420000,2024-12-16T14:47:00.000000000,105859.4,1.519,1,4.77,921.4,0.561,1.601,105.2079,0.0001,-0.145,232.2,0.4804,-0.363,-268.7,0.4968,0.294,351.0,0.5057,0.371,1287.8,0.4773,1.827,-1,106,trend,1.852
down,1734448860000,2024-12-17T15:21:00.000000000,106349.98,-1.56,1,6.04,-229.9,0.4616,1.749,186.5103,0.0001,-0.093,-218.6,0.5277,-0.307,-845.0,0.4812,-0.063,-1177.8,0.5003,0.323,-1455.2,0.5012,-0.587,121,-1,whipsaw,2.043
down,1734552180000,2024-12-18T20:03:00.000000000,102420.01,-1.558,1,6.62,-119.0,0.4374,1.784,157.9403,0.0001,-1.324,-880.6,0.3259,-1.065,-1922.1,0.4175,-1.025,-1474.7,0.4413,-1.57,-1017.1,0.4709,-2.363,-1,5,trend,5.585
up,1734577020000,2024-12-19T02:57:00.000000000,100440.0,1.511,1,3.06,-382.2,0.5783,1.722,112.8128,0.0001,0.215,-140.9,0.6088,0.544,774.0,0.5904,0.436,749.0,0.5331,0.83,663.6,0.5304,0.971,-1,-1,partial,-2.732
down,1734620460000,2024-12-19T15:01:00.000000000,100787.99,-1.749,1,4.38,-578.4,0.4405,1.766,175.8169,0.0001,-0.174,-257.5,0.3664,-0.332,-35.5,0.4771,-1.048,511.7,0.4511,-0.278,1045.7,0.479,-3.858,-1,23,trend,4.782
down,1734630180000,2024-12-19T17:43:00.000000000,98863.62,-1.512,2,3.44,-278.8,0.4457,1.8,111.0231,0.0001,0.087,-194.0,0.4742,-0.032,-1647.2,0.4428,-1.099,-2018.3,0.4336,-0.49,-2313.7,0.4597,-3.2,-1,11,trend,1.685
up,1734634320000,2024-12-19T18:52:00.000000000,98680.21,1.672,1,3.18,-222.7,0.5357,1.582,178.1566,0.0001,0.021,-0.8,0.6215,0.384,137.3,0.5868,-0.46,162.8,0.5053,-2.382,-263.1,0.484,0.389,42,-1,whipsaw,-1.585
up,1734643920000,2024-12-19T21:32:00.000000000,97713.4,1.682,1,2.04,-62.1,0.554,1.62,142.1976,0.0001,0.182,68.0,0.5597,-0.121,99.5,0.5349,-0.278,-198.9,0.5959,-0.306,-28.1,0.6043,0.805,179,-1,whipsaw,-1.492
up,1734662220000,2024-12-20T02:37:00.000000000,97496.41,1.519,1,1.93,-202.9,0.5172,1.436,159.8676,0.0001,0.014,61.2,0.4867,-0.053,237.8,0.4876,-0.03,314.2,0.4663,-0.261,245.9,0.4653,0.351,-1,-1,partial,-0.077
up,1734678420000,2024-12-20T07:07:00.000000000,98141.04,1.706,1,1.95,-172.8,0.4664,1.561,113.2224,0.0001,0.002,34.2,0.4378,-0.107,146.5,0.4468,-0.039,49.5,0.4748,-0.803,74.5,0.5019,0.094,61,-1,whipsaw,0.407
down,1734684720000,2024-12-20T08:52:00.000000000,95372.4,-1.7,1,2.54,442.8,0.4049,2.165,120.389,0.0001,0.02,6.0,0.376,-0.151,183.1,0.4347,-0.009,-46.2,0.4681,-0.345,-130.3,0.4706,-3.292,-1,79,trend,-3.401
up,1734698280000,2024-12-20T12:38:00.000000000,93824.01,1.502,3,2.71,-647.7,0.5093,1.813,213.5521,0.0001,-0.018,-260.4,0.5412,0.239,-543.8,0.5543,0.006,-436.8,0.5188,1.411,-306.7,0.4947,4.131,-1,52,trend,3.982
down,1734965160000,2024-12-23T14:46:00.000000000,94090.61,-1.54,1,3.69,178.4,0.4539,1.498,165.7855,0.0001,-0.29,228.0,0.3079,0.027,404.4,0.3126,-0.316,337.5,0.4039,-0.826,518.1,0.4741,-1.235,-1,67,trend,-2.973
down,1735201080000,2024-12-26T08:18:00.000000000,96530.0,-1.591,1,6.92,-330.5,0.4383,1.819,124.7572,7.5e-05,-0.27,440.3,0.3316,-0.648,1645.8,0.4183,-0.569,2804.6,0.4785,-0.842,3528.2,0.4877,-1.379,-1,71,trend,0.454
down,1735285260000,2024-12-27T07:41:00.000000000,94751.71,-1.53,1,5.25,483.2,0.4419,1.709,56.5162,0.0001,0.589,-145.1,0.5894,0.351,70.5,0.5401,1.153,108.2,0.5528,1.465,-252.6,0.5232,-0.112,29,-1,whipsaw,0.356
down,1735313940000,2024-12-27T15:39:00.000000000,94116.24,-1.573,1,7.49,101.0,0.4524,1.757,87.5121,0.0001,0.163,228.3,0.4792,0.493,520.7,0.5043,0.225,720.5,0.477,0.511,751.9,0.4981,-0.655,-1,-1,partial,-0.552
up,1735580580000,2024-12-30T17:43:00.000000000,93798.56,1.793,1,3.68,126.0,0.5396,1.56,107.7541,0.0001,0.266,-1067.7,0.5764,-0.104,-1332.5,0.5217,0.806,-1487.6,0.5423,0.527,-1760.3,0.5303,1.307,237,150,trend,0.043
down,1735594800000,2024-12-30T21:40:00.000000000,92608.38,-1.591,1,2.79,-732.1,0.3993,1.646,85.9948,0.0001,-0.239,-996.5,0.4844,-0.594,-381.6,0.4755,-0.023,-441.3,0.5303,0.337,-498.5,0.5198,-0.763,-1,-1,partial,-1.44
up,1735633860000,2024-12-31T08:31:00.000000000,94540.01,1.771,1,3.29,-250.4,0.537,1.399,77.7966,0.0001,-0.181,-119.5,0.4656,-0.303,250.4,0.5015,-0.677,609.9,0.4826,-0.564,388.1,0.4692,0.374,-1,-1,partial,-1.085
up,1735651680000,2024-12-31T13:28:00.000000000,95996.02,1.522,1,2.49,-854.9,0.5848,1.453,75.2345,0.0001,-0.319,299.2,0.4787,-0.497,98.6,0.4274,-0.438,-260.5,0.5153,-0.197,49.2,0.4721,0.265,100,-1,whipsaw,-2.31
down,1735666740000,2024-12-31T17:39:00.000000000,93376.94,-1.614,1,2.5,-405.4,0.4295,1.453,126.6548,0.0001,0.366,-658.6,0.5211,0.562,-576.7,0.552,0.996,-701.5,0.5662,0.725,-730.5,0.4895,-0.201,28,-1,whipsaw,-0.734
up,1736174940000,2025-01-06T14:49:00.000000000,100489.99,1.762,1,9.04,59.2,0.4984,1.536,139.2159,0.0001,0.528,-189.2,0.564,0.482,779.9,0.4903,0.989,1112.3,0.5161,1.466,907.9,0.509,1.98,-1,29,trend,0.004
down,1736262600000,2025-01-07T15:10:00.000000000,98661.57,-1.777,1,13.37,45.0,0.4997,1.682,236.4548,8.9e-05,-0.487,8.5,0.3794,-0.119,-29.1,0.4693,-0.773,-245.0,0.4629,-0.776,1724.3,0.481,-2.113,-1,29,trend,3.015
down,1736357220000,2025-01-08T17:27:00.000000000,93123.72,-1.749,1,5.36,-863.3,0.4267,1.963,122.7203,0.0001,0.206,-402.3,0.3517,0.645,-64.6,0.4395,0.899,-209.3,0.4903,1.966,-1470.5,0.5154,-0.669,31,-1,whipsaw,-0.718
down,1736388720000,2025-01-09T02:12:00.000000000,93639.18,-1.625,1,3.58,1375.9,0.3954,1.618,103.7641,0.0001,0.693,-1328.4,0.5003,0.772,-1640.0,0.4583,1.188,-1650.8,0.4788,0.747,-2030.3,0.4971,-0.231,4,-1,whipsaw,0.563
down,1736515800000,2025-01-10T13:30:00.000000000,93267.23,-1.834,2,2.8,148.8,0.4343,1.228,103.3217,-1.1e-05,0.367,-707.3,0.4546,0.53,-702.2,0.5167,0.248,-509.0,0.488,1.01,287.6,0.5187,-1.138,0,103,whipsaw,-1.295
up,1736523600000,2025-01-10T15:40:00.000000000,94226.22,1.503,1,5.91,262.2,0.5247,1.535,233.4379,-1.1e-05,-0.086,41.3,0.5058,-0.33,201.0,0.4847,-0.652,-82.7,0.4956,-0.842,190.2,0.4732,1.708,50,136,whipsaw,0.238
up,1736531820000,2025-01-10T17:57:00.000000000,95715.36,1.517,1,4.21,-9.3,0.4318,1.641,127.7321,8.1e-05,-0.082,-847.8,0.5611,-0.117,-524.9,0.5038,-0.796,-1253.6,0.4447,-0.824,-1323.7,0.4609,0.126,33,-1,whipsaw,-1.667
up,1736728560000,2025-01-13T00:36:00.000000000,95896.42,1.516,1,7.97,-1285.7,0.5502,1.551,100.611,5.3e-05,-0.155,49.6,0.49,-0.298,68.8,0.4864,-0.714,186.6,0.474,-0.861,-26.0,0.4965,0.023,40,-1,whipsaw,-1.474
up,1736780580000,2025-01-13T15:03:00.000000000,91635.64,1.585,1,19.59,-143.5,0.4824,1.69,315.0852,7e-05,0.777,-23.2,0.5272,1.265,138.6,0.5464,0.946,-402.1,0.486,0.577,-645.9,0.4709,1.598,-1,15,trend,5.278
up,1736801580000,2025-01-13T20:53:00.000000000,93547.49,1.59,1,2.35,-92.1,0.5009,1.645,104.7507,9e-06,0.156,-318.2,0.3468,0.301,-643.5,0.4329,0.15,-497.4,0.4199,0.717,-968.9,0.4352,1.424,-1,74,trend,3.154
up,1736947980000,2025-01-15T13:33:00.000000000,98586.6,1.596,1,7.13,71.6,0.555,1.587,146.9997,8.8e-05,-0.159,42.6,0.5064,0.447,321.5,0.608,0.567,113.9,0.567,0.477,672.3,0.5395,1.231,-1,87,trend,0.399
down,1737038940000,2025-01-16T14:49:00.000000000,97589.99,-1.589,1,5.11,-46.0,0.4559,1.595,160.9172,7.6e-05,0.179,192.5,0.57,-0.019,259.9,0.5161,0.558,60.2,0.5529,0.927,-406.6,0.5417,-0.261,61,-1,whipsaw,-5.202
up,1737043560000,2025-01-16T16:06:00.000000000,99722.0,1.648,1,3.24,-217.7,0.5529,1.548,108.7341,4.6e-05,-0.12,-47.6,0.4845,-0.391,-392.6,0.4925,-0.062,-269.1,0.4947,-0.455,-414.9,0.4808,0.879,-1,-1,partial,4.306
up,1737078240000,2025-01-17T01:44:00.000000000,101635.49,1.553,1,5.83,-489.7,0.5778,1.42,80.1666,4.6e-05,-0.314,-155.0,0.3975,0.024,-21.5,0.4236,0.174,198.0,0.5179,-0.07,317.0,0.5109,0.504,-1,-1,partial,2.604
up,1737126660000,2025-01-17T15:11:00.000000000,104148.0,1.553,1,6.46,822.4,0.5601,1.839,133.1924,9.4e-05,0.038,366.1,0.519,-0.55,420.6,0.4447,-0.243,568.0,0.4922,0.068,1001.7,0.5032,1.077,-1,135,trend,-0.119
up,1737280260000,2025-01-19T09:51:00.000000000,105068.9,1.5,1,3.96,139.0,0.5514,1.445,123.8783,0.0001,0.246,-33.9,0.5892,-0.212,46.6,0.4824,-0.035,137.2,0.5357,0.062,-70.9,0.5091,0.407,-1,-1,partial,2.737
down,1737322080000,2025-01-19T21:28:00.000000000,104662.56,-1.541,3,2.51,-161.0,0.449,1.662,93.3759,0.0001,-0.099,-632.7,0.4646,-0.232,-477.5,0.4478,-0.926,-103.1,0.4608,-0.513,-360.6,0.4725,-4.885,-1,32,trend,0.938
up,1737331740000,2025-01-20T00:09:00.000000000,101235.29,1.573,1,6.3,227.5,0.5035,1.571,283.3586,0.0001,0.171,-31.3,0.4934,0.151,150.8,0.4834,-1.361,289.3,0.4499,-0.987,1025.1,0.4763,1.073,29,146,whipsaw,0.703
up,1737355380000,2025-01-20T06:43:00.000000000,104392.56,1.795,1,1.72,85.1,0.5904,1.351,117.8583,0.0001,1.536,99.7,0.6441,2.675,226.0,0.603,4.42,1812.8,0.5577,3.374,1502.4,0.5078,4.977,-1,2,trend,-2.801
down,1737359880000,2025-01-20T07:58:00.000000000,107159.09,-1.616,1,3.18,451.0,0.4436,1.667,146.7631,0.0001,0.439,153.8,0.4966,0.729,41.5,0.5354,0.847,-147.0,0.533,1.077,-310.1,0.5197,-0.22,24,-1,whipsaw,4.856
down,1737375420000,2025-01-20T12:17:00.000000000,106363.64,-1.744,1,2.26,138.0,0.4636,1.378,181.7217,0.0001,-0.609,-401.7,0.4372,0.542,-452.9,0.5101,0.692,-250.3,0.5034,0.708,-242.5,0.5019,-2.497,68,216,whipsaw,1.851
down,1737388560000,2025-01-20T15:56:00.000000000,104891.75,-1.792,2,2.59,469.6,0.4773,1.536,241.9017,0.0001,0.197,711.4,0.4616,-0.16,205.3,0.5266,0.084,-10.2,0.5176,1.822,469.2,0.5557,-4.346,42,17,trend,0.965
up,1737391260000,2025-01-20T16:41:00.000000000,106659.84,1.849,2,3.05,-375.7,0.5502,1.516,301.9907,0.0001,0.058,620.5,0.5675,0.134,639.6,0.6024,-1.1,1216.6,0.5419,-5.179,1475.6,0.5098,0.366,23,-1,whipsaw,-1.502
down,1737410580000,2025-01-20T22:03:00.000000000,102008.01,-1.787,1,0.95,202.0,0.3872,1.563,155.9938,0.0001,0.882,69.0,0.5207,1.053,-13.0,0.4944,1.326,181.0,0.5098,1.367,425.9,0.547,-1.852,14,206,whipsaw,-4.506
down,1737471300000,2025-01-21T14:55:00.000000000,103614.0,-1.543,1,3.01,156.3,0.5048,1.62,216.0245,0.0001,-0.25,87.3,0.4244,-0.237,0.2,0.4711,-0.107,151.8,0.4561,0.191,-162.4,0.4994,-0.782,73,-1,whipsaw,-0.891
up,1737475800000,2025-01-21T16:10:00.000000000,105807.63,1.969,1,1.99,-1324.5,0.5502,1.661,149.4448,0.0001,0.351,504.7,0.5637,0.297,390.2,0.4994,-0.71,291.4,0.4784,-0.499,7.9,0.4961,1.355,-1,144,trend,-1.929
up,1737642840000,2025-01-23T14:34:00.000000000,104087.95,1.704,2,4.02,122.2,0.5086,1.357,152.6276,0.0001,0.592,1228.7,0.5218,1.766,1253.6,0.5503,1.568,1425.6,0.5242,0.611,795.7,0.5001,2.654,34,11,trend,0.729
down,1737645060000,2025-01-23T15:11:00.000000000,102704.73,-1.831,1,19.09,-115.3,0.502,1.869,420.9552,0.0001,0.797,-899.7,0.4882,1.25,-407.9,0.4722,2.005,-536.0,0.4928,3.497,-1951.5,0.5245,-0.06,9,-1,whipsaw,-2.877
down,1737652500000,2025-01-23T17:15:00.000000000,104751.42,-1.509,1,4.27,-62.0,0.4767,1.924,173.4603,8.6e-05,0.254,-25.6,0.5836,0.569,-263.2,0.5883,0.916,-356.7,0.5127,0.606,-690.7,0.4681,-2.093,32,158,whipsaw,-1.177
down,1737663060000,2025-01-23T20:11:00.000000000,103294.8,-1.534,2,3.59,-88.7,0.5169,1.464,204.0362,8.6e-05,1.631,65.8,0.5252,2.474,641.4,0.5259,1.625,-206.5,0.5248,-0.27,1089.9,0.5279,-1.064,1,67,whipsaw,-2.313
up,1737663600000,2025-01-23T20:20:00.000000000,105544.0,1.584,1,9.34,-273.6,0.5404,1.717,430.3176,8.6e-05,0.559,1007.2,0.546,-0.658,289.8,0.543,-1.608,1529.4,0.5274,-2.798,1282.7,0.5202,0.831,10,-1,whipsaw,-0.091
down,1737933300000,2025-01-26T23:15:00.000000000,103108.53,-1.53,1,13.53,138.7,0.3938,1.377,99.9414,8.4e-05,-0.18,355.2,0.4061,-0.177,441.6,0.4668,-0.22,628.1,0.4765,-0.157,1183.3,0.4956,-2.316,-1,92,trend,1.16
up,1737982500000,2025-01-27T12:55:00.000000000,100625.96,1.508,2,3.24,188.7,0.5559,1.42,141.8121,3.7e-05,-0.158,7.7,0.521,0.776,-13.2,0.5027,0.15,-433.2,0.5024,-0.154,-905.0,0.4641,1.681,223,19,trend,1.974
up,1738011420000,2025-01-27T20:57:00.000000000,101740.62,1.509,1,1.31,-807.4,0.5169,1.691,132.6155,1e-06,-0.01,-22.6,0.5094,0.394,-639.4,0.5392,0.085,-1025.0,0.4986,-0.264,-1069.5,0.4736,1.132,-1,191,trend,-0.444
up,1738179600000,2025-01-29T19:40:00.000000000,103781.82,1.885,1,9.98,-357.5,0.5237,1.582,171.0962,9.9e-05,-0.079,-796.5,0.557,-0.353,-579.7,0.5353,-0.337,-771.5,0.499,0.213,-522.6,0.5086,0.964,-1,-1,partial,1.569
down,1738349040000,2025-01-31T18:44:00.000000000,103096.27,-1.6,1,6.52,-127.7,0.3998,1.583,132.9472,0.0001,-0.066,-132.3,0.4178,-0.455,-167.2,0.4141,-0.413,2.4,0.4496,-0.724,598.5,0.463,-1.49,-1,89,trend,0.964
up,1738525620000,2025-02-02T19:47:00.000000000,98665.0,1.507,1,2.54,-655.7,0.5525,1.532,110.3572,-9e-06,-0.364,-132.1,0.5223,-0.269,-240.1,0.5018,-0.207,-72.1,0.5191,-0.912,-249.4,0.4845,0.035,61,-1,whipsaw,2.823
down,1738543440000,2025-02-03T00:44:00.000000000,95694.54,-1.664,2,5.29,903.6,0.4498,1.591,249.3086,0.0001,0.942,-246.9,0.4489,0.854,-243.0,0.4898,0.091,-515.2,0.4833,-1.61,-693.4,0.4649,-4.664,5,52,whipsaw,-6.045
up,1738549140000,2025-02-03T02:19:00.000000000,94774.38,1.515,1,16.67,-883.0,0.4538,1.901,463.2434,0.0001,-0.724,327.9,0.4528,-1.361,-372.8,0.4783,-1.125,77.9,0.5128,-0.335,1006.4,0.5456,0.217,7,-1,whipsaw,6.706
up,1738593180000,2025-02-03T14:33:00.000000000,96058.01,1.98,2,1.99,-660.8,0.5021,1.605,182.299,0.0001,0.252,-673.8,0.5475,-0.162,125.6,0.4952,0.29,201.8,0.4971,2.271,-977.6,0.5005,3.708,-1,44,trend,4.195
down,1738646220000,2025-02-04T05:17:00.000000000,98576.67,-1.592,1,1.62,-1263.6,0.4172,1.443,153.0107,2.6e-05,0.099,-425.3,0.456,0.108,-423.0,0.4474,0.592,-52.0,0.4991,0.845,-195.5,0.4895,-0.727,62,-1,whipsaw,0.654
up,1738680180000,2025-02-04T14:43:00.000000000,100093.65,1.517,1,3.45,256.8,0.4404,1.931,134.1959,6.8e-05,-0.403,138.2,0.4398,-0.069,211.3,0.4621,-0.931,317.1,0.4355,-1.082,257.1,0.4403,0.178,33,-1,whipsaw,-1.176
down,1738698720000,2025-02-04T19:52:00.000000000,98975.62,-1.595,2,3.02,-228.3,0.4797,1.449,183.29,4.1e-05,0.197,228.9,0.4471,-0.367,416.4,0.4244,-0.636,680.2,0.4426,-0.027,679.2,0.4606,-2.855,-1,33,trend,1.683
up,1738936920000,2025-02-07T14:02:00.000000000,98739.14,1.539,2,5.73,91.9,0.5463,1.609,136.9917,7e-05,0.607,466.7,0.6147,1.053,817.3,0.5951,0.99,698.6,0.5265,0.187,1545.7,0.5021,1.417,78,13,trend,-2.577
down,1738941240000,2025-02-07T15:14:00.000000000,98412.5,-1.513,1,8.88,-118.5,0.4464,1.845,161.4372,7e-05,-0.463,56.7,0.415,0.094,-414.4,0.4782,0.252,-321.6,0.441,-0.526,-51.9,0.429,-1.287,-1,124,trend,2.32
down,1739367420000,2025-02-12T13:37:00.000000000,94368.4,-1.608,1,16.81,-918.2,0.543,1.454,205.3131,4.9e-05,0.218,52.6,0.4776,0.381,411.1,0.5004,0.763,969.3,0.5131,1.215,867.3,0.5022,-0.297,59,-1,whipsaw,-1.906
up,1739379300000,2025-02-12T16:55:00.000000000,96900.0,1.622,1,4.73,-567.5,0.6165,1.333,91.7597,5e-05,0.279,-619.1,0.5591,0.105,-583.2,0.4797,0.288,-773.8,0.4553,0.376,-1784.5,0.4345,0.826,-1,-1,partial,-1.613
down,1740152220000,2025-02-21T15:37:00.000000000,97428.89,-1.508,1,10.22,-1409.4,0.4453,1.473,214.5217,2.3e-05,-0.122,-1067.4,0.3991,0.667,-1795.7,0.457,0.496,-2440.4,0.4801,0.876,-2987.9,0.497,-1.606,37,203,whipsaw,0.933
down,1740467580000,2025-02-25T07:13:00.000000000,90231.98,-1.51,1,4.2,-105.6,0.4501,1.606,150.861,0.0001,0.257,-500.8,0.4599,-0.82,-873.9,0.3921,-1.388,-2339.9,0.4467,-0.511,-1871.2,0.4775,-3.706,-1,12,trend,1.23
up,1740470700000,2025-02-25T08:05:00.000000000,89947.71,1.723,1,8.69,-575.4,0.506,1.583,226.981,5.2e-05,-0.055,36.7,0.5258,-0.053,212.7,0.555,0.003,100.2,0.5312,-0.476,-107.1,0.4644,0.058,76,-1,whipsaw,-1.449
down,1740478560000,2025-02-25T10:16:00.000000000,87712.01,-1.557,1,4.92,-616.4,0.3682,1.507,203.1893,5.2e-05,-0.369,92.5,0.4138,0.438,-334.3,0.4601,0.201,-309.9,0.4692,0.315,728.8,0.5023,-0.939,83,-1,whipsaw,-1.431
up,1740484500000,2025-02-25T11:55:00.000000000,89210.0,1.662,1,2.67,-186.1,0.5031,2.075,93.6607,5.2e-05,-0.028,-40.5,0.5045,-0.014,51.0,0.4826,0.26,-140.7,0.5057,-0.155,-183.3,0.4937,0.375,165,-1,whipsaw,-0.55
down,1740494700000,2025-02-25T14:45:00.000000000,87910.44,-1.583,1,2.84,314.4,0.4134,1.614,182.8669,5.2e-05,-0.587,402.5,0.3651,-1.519,-107.6,0.4242,-1.024,3.8,0.4631,-0.773,18.9,0.4759,-2.115,-1,15,trend,1.418
up,1740502560000,2025-02-25T16:56:00.000000000,87690.01,1.526,1,2.63,451.9,0.515,1.68,134.6821,1.4e-05,-0.173,114.9,0.5365,-0.139,332.4,0.5091,-0.419,142.3,0.5142,-0.553,290.0,0.4895,1.509,138,207,whipsaw,-0.868
up,1740521220000,2025-02-25T22:07:00.000000000,89422.88,1.509,1,0.87,795.2,0.5985,1.484,94.2969,1.4e-05,-0.29,-87.3,0.5078,-0.573,-413.9,0.5095,-0.615,-440.9,0.5008,-0.467,-527.9,0.5278,0.042,39,-1,whipsaw,-4.649
down,1740578760000,2025-02-26T14:06:00.000000000,86545.46,-1.524,1,2.19,-1130.6,0.4442,1.765,81.4193,6e-05,-0.159,674.9,0.4591,-0.805,861.3,0.4514,-0.515,345.6,0.4707,1.212,654.5,0.5154,-1.302,43,16,trend,0.529
up,1740581460000,2025-02-26T14:51:00.000000000,87307.99,1.699,1,7.17,-357.4,0.5277,1.73,214.1379,6e-05,0.257,209.4,0.5836,0.328,150.6,0.542,0.843,209.8,0.5334,0.426,128.9,0.5433,1.4,86,19,trend,-1.994
down,1740586560000,2025-02-26T16:16:00.000000000,86459.26,-1.52,1,2.77,-667.9,0.4734,1.59,120.8052,0.0001,0.355,-177.4,0.4574,0.491,-59.7,0.4738,0.723,-52.3,0.5252,0.66,-9.5,0.5036,-3.957,24,132,whipsaw,0.952
down,1740594960000,2025-02-26T18:36:00.000000000,84754.85,-1.785,2,4.15,-523.7,0.4642,1.781,140.7572,0.0001,-0.253,-1055.9,0.385,-0.743,-1455.2,0.4497,-0.777,-1308.0,0.4717,-0.509,-1341.2,0.5524,-2.948,-1,2,trend,0.108
up,1740602820000,2025-02-26T20:47:00.000000000,84289.94,1.821,2,6.15,722.9,0.4993,1.505,256.6979,0.0001,-0.006,-71.4,0.5315,-0.205,20.9,0.5018,-0.078,-192.4,0.5231,-0.458,194.5,0.505,1.317,-1,76,trend,-1.47
down,1740668280000,2025-02-27T14:58:00.000000000,85057.99,-1.553,1,4.67,84.0,0.3237,1.692,174.8069,-6e-06,-0.254,-150.4,0.3397,0.44,-187.3,0.3863,0.776,-957.2,0.3774,0.608,-525.6,0.4029,-0.826,40,-1,whipsaw,3.674
down,1740706200000,2025-02-28T01:30:00.000000000,82547.54,-2.002,2,2.69,28.7,0.4882,1.482,102.2914,9.4e-05,-0.437,-1682.8,0.4073,0.194,-1491.1,0.4777,-1.081,-1533.7,0.4734,-1.091,-1185.1,0.479,-3.813,-1,3,trend,-1.67
up,1740712020000,2025-02-28T03:07:00.000000000,81472.18,1.639,1,12.0,-448.1,0.4995,2.569,154.0759,9.4e-05,-0.403,-75.2,0.421,-0.731,524.0,0.4641,-0.979,578.9,0.4671,-1.898,571.4,0.465,0.009,32,-1,whipsaw,4.442
up,1740734880000,2025-02-28T09:28:00.000000000,80355.78,1.672,1,1.94,163.1,0.5403,1.725,117.7966,9.5e-05,0.356,-71.3,0.5109,-0.222,46.1,0.4665,-0.001,281.8,0.5099,-0.574,360.9,0.4936,1.306,53,219,whipsaw,6.379
up,1740755040000,2025-02-28T15:04:00.000000000,82401.81,1.58,2,2.24,1944.1,0.5395,1.786,195.9848,9.5e-05,0.621,365.3,0.594,1.218,-148.2,0.5884,1.782,-6.3,0.5552,1.745,-168.0,0.5177,3.299,-1,10,trend,2.763
up,1740768600000,2025-02-28T18:50:00.000000000,84662.73,1.561,1,1.13,-963.2,0.5132,1.81,153.9828,-4e-06,-0.004,570.0,0.5431,-0.166,1258.3,0.4502,-0.139,1470.4,0.4801,-0.159,1266.2,0.5101,0.54,91,-1,whipsaw,0.619
up,1740929280000,2025-03-02T15:28:00.000000000,87141.87,2.407,3,8.12,88.4,0.5822,1.402,122.6183,-2.8e-05,0.126,-1267.4,0.5681,1.14,1044.2,0.5906,0.49,1871.5,0.5092,2.156,1609.5,0.5281,9.018,-1,9,trend,4.404
down,1740939360000,2025-03-02T18:16:00.000000000,93165.99,-1.856,1,19.59,-815.0,0.4591,1.71,212.4131,-2.9e-05,0.644,233.2,0.6464,0.212,101.4,0.5676,-0.612,-283.8,0.4995,-0.036,-347.7,0.4604,-0.86,9,-1,whipsaw,4.059
down,1740984900000,2025-03-03T06:55:00.000000000,91415.09,-1.504,1,3.02,-6.1,0.4207,1.603,83.1945,-5.5e-05,0.085,-131.6,0.4585,0.419,-219.2,0.4362,0.281,-274.4,0.4436,1.179,-87.1,0.5177,-0.299,50,-1,whipsaw,8.487
down,1741012680000,2025-03-03T14:38:00.000000000,91914.87,-1.763,1,2.31,612.1,0.4463,1.849,161.5728,8e-06,-1.001,-377.9,0.4302,-1.829,-82.1,0.451,-2.329,1445.8,0.469,-1.417,1468.9,0.4801,-5.085,-1,5,trend,8.052
up,1741015620000,2025-03-03T15:27:00.000000000,91076.0,1.85,1,6.38,968.6,0.5274,1.834,267.1183,8e-06,-0.507,73.1,0.4378,-0.492,149.1,0.4596,-0.834,375.1,0.4852,-0.74,1986.5,0.4855,0.189,31,-1,whipsaw,-9.5
down,1741025520000,2025-03-03T18:12:00.000000000,89444.01,-1.571,2,1.61,-788.6,0.4174,1.716,147.6924,5.3e-05,-0.195,104.6,0.4819,-1.705,-967.6,0.4394,-2.073,-3260.0,0.4607,-2.397,-3098.6,0.4767,-4.838,-1,14,trend,3.925
up,1741040880000,2025-03-03T22:28:00.000000000,86408.01,1.504,1,1.39,150.1,0.5299,1.472,130.4759,5.3e-05,-0.164,35.9,0.5332,-0.033,129.0,0.5072,0.475,66.0,0.5652,0.118,-69.9,0.5097,0.73,171,-1,whipsaw,1.567
down,1741052340000,2025-03-04T01:39:00.000000000,84352.0,-1.559,1,2.43,-169.4,0.4419,1.887,107.7193,-1.5e-05,-0.926,-652.2,0.437,-0.803,-1206.0,0.4822,-1.294,-1169.0,0.4739,-0.638,-812.4,0.4723,-2.237,-1,5,trend,-3.637
up,1741056840000,2025-03-04T02:54:00.000000000,84258.13,1.539,1,2.2,232.2,0.5006,1.783,123.09,-1.5e-05,-0.382,-151.0,0.4897,-0.148,-296.8,0.5039,-0.181,26.4,0.493,-0.033,10.0,0.4679,0.384,125,-1,whipsaw,4.137
up,1741098960000,2025-03-04T14:36:00.000000000,84452.84,1.527,1,2.55,335.4,0.4841,1.408,205.9631,-3e-06,-0.021,-280.6,0.5114,-0.434,-517.6,0.4884,-1.833,-343.4,0.4923,-1.967,-377.0,0.4994,1.832,0,182,whipsaw,5.2
down,1741100760000,2025-03-04T15:06:00.000000000,82904.53,-1.833,1,7.07,-343.4,0.4923,1.985,288.1352,-3e-06,-0.033,85.7,0.4909,-1.415,131.1,0.4725,-0.136,-33.6,0.5071,-0.128,-39.6,0.5075,-1.694,110,14,trend,-7.246
up,1741107480000,2025-03-04T16:58:00.000000000,83750.44,1.556,2,2.05,-511.6,0.5566,1.954,159.7662,1.3e-05,-0.02,-178.3,0.5491,0.057,-31.3,0.5754,1.113,-218.1,0.5894,1.86,375.8,0.5606,6.077,-1,23,trend,6.317
down,1741121520000,2025-03-04T20:52:00.000000000,87315.84,-1.592,2,1.66,-117.3,0.4561,1.735,111.329,1.3e-05,-0.287,1.7,0.4157,-0.352,192.3,0.4898,0.411,51.3,0.5049,0.474,160.1,0.4735,-1.124,33,230,whipsaw,-3.533
up,1741123620000,2025-03-04T21:27:00.000000000,88529.93,1.683,1,2.21,221.3,0.5322,1.572,164.3641,1.3e-05,-0.167,151.0,0.5179,-0.779,-396.6,0.3986,-1.318,-72.0,0.3918,-0.912,-308.6,0.4458,0.494,26,-1,whipsaw,1.841
up,1741170780000,2025-03-05T10:33:00.000000000,89988.0,1.578,1,2.67,464.1,0.588,1.412,115.1969,2.7e-05,0.367,-359.1,0.6377,-0.278,-569.5,0.5209,-0.208,-161.0,0.5246,-0.406,352.0,0.5034,1.051,-1,128,trend,1.625
down,1741186620000,2025-03-05T14:57:00.000000000,88230.8,-1.649,1,3.99,385.1,0.4794,1.692,181.811,2.7e-05,0.814,-310.5,0.5367,0.736,-109.0,0.4966,-0.087,-36.9,0.4725,0.326,-353.8,0.4729,-0.715,3,-1,whipsaw,-1.697
up,1741193820000,2025-03-05T16:57:00.000000000,88951.11,1.523,1,1.32,-47.6,0.5145,1.615,128.3921,5e-05,0.112,-372.4,0.5446,0.192,-248.9,0.5274,0.913,-313.2,0.5361,0.743,-136.9,0.5248,1.739,-1,28,trend,0.499
up,1741225740000,2025-03-06T01:49:00.000000000,91847.37,1.681,1,2.83,37.2,0.5133,1.684,79.2745,3.5e-05,-0.6,-109.6,0.4652,-0.367,-158.6,0.4814,-0.414,17.7,0.4721,-0.221,279.6,0.4761,0.88,-1,-1,partial,-3.745
up,1741273860000,2025-03-06T15:11:00.000000000,90894.1,1.7,1,4.35,507.6,0.5406,1.833,181.8617,6.4e-05,0.067,-136.2,0.6045,-0.378,-357.6,0.5158,0.45,-328.6,0.5396,-0.047,-669.1,0.5096,0.619,78,-1,whipsaw,-0.699
down,1741280460000,2025-03-06T17:01:00.000000000,88746.73,-1.557,1,2.95,246.8,0.4662,2.023,137.7634,6.8e-05,-0.161,-379.0,0.4274,-0.027,-499.4,0.4765,0.201,-528.4,0.5135,-0.065,-624.2,0.5105,-1.026,-1,150,trend,1.632
up,1741298520000,2025-03-06T22:02:00.000000000,90775.3,1.634,1,2.26,23.3,0.4982,1.57,79.1676,6.8e-05,-0.322,518.0,0.4916,-0.828,613.9,0.4467,-1.197,210.4,0.4411,-0.585,386.6,0.4774,0.559,14,-1,whipsaw,-4.963
down,1741306560000,2025-03-07T00:16:00.000000000,88277.98,-2.097,1,4.89,537.0,0.461,1.458,120.5817,-6e-06,-1.255,-353.4,0.4677,-1.586,-769.2,0.4694,-3.187,-823.0,0.4678,-1.748,-761.1,0.4915,-4.09,0,4,whipsaw,1.949
up,1741310280000,2025-03-07T01:18:00.000000000,87154.41,1.892,1,6.83,61.9,0.513,1.962,215.9538,-6e-06,0.007,58.6,0.4845,-0.2,172.1,0.468,1.343,-1.5,0.5154,0.815,-343.3,0.4915,2.099,-1,23,trend,-1.188
up,1741359060000,2025-03-07T14:51:00.000000000,90897.03,1.645,1,4.49,274.6,0.4886,1.759,241.361,-1.5e-05,-0.154,426.1,0.508,-0.263,569.8,0.4781,-1.398,586.3,0.4644,-2.548,95.8,0.4804,0.223,22,-1,whipsaw,-5.151
down,1741360620000,2025-03-07T15:17:00.000000000,89445.99,-1.588,2,4.68,629.1,0.4736,1.823,203.4517,-1.5e-05,0.02,60.2,0.4521,-0.694,397.4,0.4676,-1.32,-246.7,0.4972,-1.139,-477.4,0.4958,-3.232,-1,17,trend,3.421
up,1741369560000,2025-03-07T17:46:00.000000000,88234.19,1.535,1,3.19,-150.9,0.6063,1.739,130.0217,2e-05,0.075,-10.5,0.5546,-0.492,-492.4,0.5347,0.094,-655.8,0.5276,0.086,-483.3,0.5275,0.894,13,-1,whipsaw,-2.552
down,1741381500000,2025-03-07T21:05:00.000000000,86202.81,-1.716,1,4.18,113.5,0.4808,1.579,309.7817,2e-05,-0.031,10.8,0.4538,0.31,23.7,0.4981,0.86,-240.4,0.5038,-0.036,243.7,0.4962,-0.731,19,-1,whipsaw,-0.125
down,1741397580000,2025-03-08T01:33:00.000000000,85310.02,-1.609,1,1.46,-66.1,0.4546,1.564,85.7569,5.3e-05,0.279,-188.8,0.418,0.528,-143.8,0.5322,1.178,-277.1,0.5706,0.909,-278.7,0.5248,-0.107,27,-1,whipsaw,-1.145
up,1741568520000,2025-03-10T01:02:00.000000000,81668.36,1.818,1,3.61,-451.3,0.5501,2.006,118.251,4e-05,0.058,-168.6,0.5721,-0.887,95.9,0.5045,-0.052,71.4,0.5829,0.251,61.2,0.5664,1.317,15,75,whipsaw,-5.395
up,1741598220000,2025-03-10T09:17:00.000000000,82935.48,1.591,1,1.85,-51.5,0.5437,1.568,81.0879,1.3e-05,0.683,-665.1,0.6699,0.002,-1597.2,0.5466,0.014,-1605.0,0.5112,-0.787,-1350.1,0.4785,1.432,64,7,trend,-1.905
down,1741600440000,2025-03-10T09:54:00.000000000,82352.01,-1.578,1,2.92,-993.0,0.4444,2.083,164.1428,1.3e-05,0.197,79.0,0.4862,0.135,71.7,0.4987,-0.27,324.8,0.4557,-0.055,697.4,0.4983,-0.876,120,-1,whipsaw,0.973
down,1741615200000,2025-03-10T14:00:00.000000000,81496.43,-1.59,1,3.07,-164.6,0.4602,1.834,201.0621,1.3e-05,-1.159,251.0,0.3457,-1.73,1190.8,0.4235,-1.673,714.7,0.4628,-2.192,314.1,0.4836,-4.042,-1,3,trend,0.297
down,1741622820000,2025-03-10T16:07:00.000000000,79672.01,-1.72,1,2.1,156.1,0.4466,1.763,98.2752,4e-05,0.192,130.9,0.4964,-0.246,-72.7,0.5029,-0.371,20.3,0.509,-1.487,-302.9,0.4662,-2.777,-1,55,trend,-1.693
up,1741634880000,2025-03-10T19:28:00.000000000,78842.79,1.591,1,3.55,455.3,0.5216,2.204,140.6772,4e-05,0.473,36.7,0.5252,0.009,12.2,0.4807,0.158,-50.4,0.4962,0.272,-120.4,0.471,1.323,-1,88,trend,5.551
down,1741652940000,2025-03-11T00:29:00.000000000,77309.01,-1.637,1,3.15,83.8,0.4302,1.629,149.9993,4.7e-05,-0.318,-36.7,0.3227,-0.639,-218.3,0.415,0.472,-121.4,0.4569,0.563,102.3,0.4648,-0.909,62,-1,whipsaw,-7.184
up,1741656900000,2025-03-11T01:35:00.000000000,78400.0,1.597,1,2.68,-640.7,0.5034,1.604,238.3728,4.7e-05,0.171,48.9,0.619,0.687,295.5,0.5662,0.798,33.9,0.5585,0.893,82.0,0.5205,2.471,-1,25,trend,6.016
down,1741703400000,2025-03-11T14:30:00.000000000,79972.25,-1.578,1,4.68,457.1,0.4629,1.833,178.0228,3.3e-05,-0.139,122.4,0.5207,-0.551,-103.7,0.4669,-0.142,193.0,0.4932,1.299,-202.2,0.5201,-1.143,37,11,trend,-3.083
up,1741705680000,2025-03-11T15:08:00.000000000,80700.27,1.655,1,4.07,-11.0,0.5247,2.0,162.7521,3.3e-05,0.654,-411.2,0.5862,0.184,-360.6,0.5194,0.622,-251.8,0.5418,0.485,333.5,0.5154,3.551,-1,7,trend,0.183
up,1741717380000,2025-03-11T18:23:00.000000000,82705.99,1.58,1,1.9,-413.4,0.4931,1.573,151.9759,8.7e-05,-0.152,-119.1,0.5199,-0.209,-341.5,0.5031,0.858,-661.9,0.5346,0.42,-887.8,0.4868,1.102,-1,44,trend,-0.279
down,1741788900000,2025-03-12T14:15:00.000000000,82362.17,-1.581,1,3.12,187.2,0.4476,1.891,121.1297,5.8e-05,0.414,-19.6,0.4605,0.092,-174.0,0.4413,-0.768,-280.7,0.4478,-1.754,-2513.9,0.4297,-2.13,-1,37,trend,0.27
down,1741874220000,2025-03-13T13:57:00.000000000,81671.05,-1.511,1,3.89,-167.7,0.3779,1.728,164.941,2.1e-05,0.091,-103.8,0.4266,0.411,-195.2,0.4789,0.562,-354.9,0.5171,0.409,-99.1,0.4787,-2.12,22,131,whipsaw,-2.366
up,1741964700000,2025-03-14T15:05:00.000000000,84095.37,1.52,1,5.35,-417.8,0.5533,1.808,97.2769,5.3e-05,0.081,-88.7,0.5431,0.855,28.4,0.5762,1.266,-181.0,0.5712,0.655,696.2,0.5422,1.444,-1,19,trend,0.275
up,1742141280000,2025-03-16T16:08:00.000000000,84696.67,1.758,1,7.19,148.0,0.5669,1.348,81.8855,1.2e-05,-0.596,-1987.9,0.4909,-0.46,-1579.8,0.461,-0.812,-1582.3,0.466,-0.786,-1399.8,0.4934,0.496,0,-1,whipsaw,-0.971
up,1742410560000,2025-03-19T18:56:00.000000000,85637.9,1.605,1,6.9,114.1,0.5058,1.641,148.1928,5e-05,-0.245,199.2,0.4985,-0.096,122.4,0.4499,-0.598,-241.8,0.426,-0.377,412.4,0.4569,1.007,-1,229,trend,-1.748
up,1743430320000,2025-03-31T14:12:00.000000000,83347.27,1.522,1,5.89,43.4,0.5668,1.504,156.3362,6e-05,-0.122,-61.7,0.4986,-0.525,-205.6,0.4526,-0.201,78.1,0.5022,0.22,515.3,0.5052,0.715,-1,-1,partial,-0.763
up,1743519060000,2025-04-01T14:51:00.000000000,83966.2,1.534,1,3.79,36.9,0.5917,1.62,92.4686,2.9e-05,0.237,-359.1,0.5899,0.445,-167.2,0.5056,1.032,-883.9,0.5285,1.629,-581.4,0.5128,1.826,-1,23,trend,2.057
up,1743624840000,2025-04-02T20:14:00.000000000,87776.2,1.586,1,9.13,-218.1,0.5027,1.457,128.1883,7e-06,0.166,-786.3,0.5718,-2.146,-696.3,0.5582,-2.741,-1820.8,0.5292,-3.676,-1293.4,0.5023,0.825,12,-1,whipsaw,-6.544
down,1743626160000,2025-04-02T20:36:00.000000000,85316.53,-1.822,2,23.9,-1429.6,0.5307,1.788,385.9172,7e-06,0.039,-213.3,0.419,0.274,4.4,0.5167,-0.594,171.0,0.4903,-0.899,-257.0,0.4889,-3.681,-1,42,trend,4.023
down,1743762060000,2025-04-04T10:21:00.000000000,83192.32,-1.624,1,4.89,-909.1,0.4534,1.683,74.7141,4.7e-05,-0.25,-406.0,0.4209,-0.27,-416.8,0.393,-0.746,31.8,0.321,-1.397,-433.4,0.3222,-1.843,-1,47,trend,-0.62
up,1743779640000,2025-04-04T15:14:00.000000000,83530.64,1.519,1,5.45,-207.8,0.4858,1.607,165.4338,4.7e-05,-0.201,-41.1,0.4182,-0.381,90.9,0.4712,-0.771,-111.0,0.4626,-0.123,-93.9,0.4915,1.304,23,147,whipsaw,-0.97
up,1743788520000,2025-04-04T17:42:00.000000000,84417.99,1.54,1,2.32,-232.2,0.535,1.739,94.9828,8e-05,-0.062,11.1,0.4434,-0.04,651.9,0.483,-0.403,1449.0,0.4671,-0.529,1298.1,0.4626,0.239,156,-1,whipsaw,-1.823
down,1743962880000,2025-04-06T18:08:00.000000000,80175.96,-1.599,1,15.81,203.0,0.4362,1.736,116.2741,-6e-06,0.31,-569.6,0.5665,0.222,-193.8,0.4716,-0.476,-186.0,0.4873,-1.434,-121.6,0.4814,-2.463,-1,36,trend,1.434
down,1743981000000,2025-04-06T23:10:00.000000000,77475.99,-1.642,1,12.8,-625.7,0.4179,1.926,129.7459,-6e-06,0.348,-220.5,0.5333,-0.325,63.4,0.4902,1.037,-245.9,0.5245,0.542,-471.3,0.5214,-0.416,30,-1,whipsaw,-3.358
up,1743983220000,2025-04-06T23:47:00.000000000,78602.45,1.651,2,9.6,83.4,0.5334,1.67,136.4507,-6e-06,-0.508,-386.9,0.5053,-0.425,-366.0,0.5151,-0.827,-160.2,0.4932,-1.068,-176.5,0.5077,0.948,17,-1,whipsaw,0.811
down,1744007280000,2025-04-07T06:28:00.000000000,75709.37,-1.523,1,4.87,-624.0,0.4808,1.537,139.3579,4.9e-05,-0.152,-427.5,0.3618,-0.858,-591.4,0.4091,-1.043,-2152.5,0.4477,-0.858,-2221.5,0.5011,-1.587,116,18,trend,-4.838
up,1744014060000,2025-04-07T08:21:00.000000000,76258.6,1.505,1,3.01,-107.2,0.5805,1.729,93.7666,6.9e-05,-0.064,-225.4,0.5365,0.341,63.6,0.5838,0.317,248.0,0.5685,-0.451,295.8,0.5144,1.73,-1,114,trend,3.842
down,1744033380000,2025-04-07T13:43:00.000000000,75961.06,-1.51,2,1.8,341.7,0.4566,1.677,160.7117,6.9e-05,0.834,-206.4,0.4663,3.158,328.1,0.5282,5.285,290.4,0.5302,3.414,-2311.6,0.5183,-0.226,6,-1,whipsaw,-5.148
up,1744034220000,2025-04-07T13:57:00.000000000,78158.0,1.674,1,3.86,901.1,0.4846,1.627,267.84,6.9e-05,-0.231,106.6,0.523,1.857,-37.6,0.5299,0.558,-2020.2,0.5131,1.12,-2701.3,0.5164,3.948,181,13,trend,2.185
up,1744076220000,2025-04-08T01:37:00.000000000,80370.0,1.775,1,0.77,-320.7,0.589,1.405,77.7941,4.1e-05,0.045,-23.0,0.6257,0.314,278.3,0.5833,0.148,380.4,0.5453,-0.179,790.2,0.4958,0.62,226,-1,whipsaw,-5.993
down,1744161240000,2025-04-09T01:14:00.000000000,75316.03,-1.734,1,2.42,-339.5,0.341,1.611,106.9403,9.6e-05,-0.145,-422.8,0.3975,-0.83,96.7,0.3831,0.237,-905.4,0.4353,1.194,-791.5,0.477,-0.924,35,-1,whipsaw,-9.522
up,1744163700000,2025-04-09T01:55:00.000000000,76030.09,1.517,1,5.03,-882.6,0.5013,1.811,133.3021,9.6e-05,0.441,63.4,0.5164,0.1,-5.5,0.4547,0.101,108.3,0.4543,-0.32,-64.3,0.4605,1.165,107,172,whipsaw,8.282
up,1744219260000,2025-04-09T17:21:00.000000000,79565.99,1.942,2,6.16,-114.8,0.4768,1.556,205.7572,6.9e-05,1.811,113.4,0.5775,2.204,-905.5,0.557,2.368,-924.3,0.5248,3.676,214.5,0.5242,5.028,-1,2,trend,-0.943
up,1744232400000,2025-04-09T21:00:00.000000000,83288.45,1.574,1,3.16,-604.6,0.6108,1.792,84.2607,6.9e-05,-0.331,-293.5,0.574,0.151,-616.8,0.6128,-0.061,-858.0,0.6696,0.169,-1065.5,0.6759,0.36,197,-1,whipsaw,-4.028
down,1744299360000,2025-04-10T15:36:00.000000000,79685.33,-1.714,1,3.17,797.4,0.4116,1.585,111.9324,1e-06,-0.348,-290.2,0.3965,-1.189,-533.0,0.3831,-1.063,-211.1,0.4587,-0.506,-56.4,0.5106,-1.532,-1,13,trend,-3.55
up,1744379280000,2025-04-11T13:48:00.000000000,83133.07,1.543,1,4.32,455.3,0.5398,1.598,112.1014,-4.3e-05,-0.194,235.2,0.4764,-0.826,198.0,0.4383,-0.994,82.6,0.4399,-1.12,-498.7,0.4707,1.078,31,236,whipsaw,1.466
down,1744381380000,2025-04-11T14:23:00.000000000,81712.0,-1.518,1,3.97,-232.9,0.4026,1.737,134.411,-4.3e-05,-0.446,-536.7,0.4071,0.237,-538.3,0.531,0.269,-547.5,0.5153,0.387,-359.5,0.5128,-0.454,74,-1,whipsaw,-3.843
down,1744573260000,2025-04-13T19:41:00.000000000,83179.29,-1.531,1,3.21,-469.7,0.4056,1.647,71.2721,9.6e-05,0.397,-713.5,0.5079,0.956,-815.6,0.5073,1.25,-860.5,0.5068,0.243,-1036.9,0.4403,-0.174,9,-1,whipsaw,-2.355
up,1744597980000,2025-04-14T02:33:00.000000000,85452.3,1.571,1,2.54,-433.6,0.6234,1.624,65.0979,8.1e-05,-0.457,-137.5,0.4605,0.025,-459.6,0.6279,-0.606,809.0,0.6021,-0.839,742.0,0.5103,0.108,43,-1,whipsaw,-0.674
down,1744825620000,2025-04-16T17:47:00.000000000,83925.21,-1.552,1,5.54,-610.7,0.4489,1.601,116.7831,2e-05,-0.032,101.6,0.5302,-0.292,-260.2,0.4832,-0.015,-604.0,0.4983,-0.169,-1379.8,0.5001,-0.775,-1,-1,partial,-1.463
up,1745195400000,2025-04-21T00:30:00.000000000,86516.96,1.531,1,21.79,-1197.5,0.557,1.635,72.6445,5.2e-05,0.066,-287.2,0.4676,0.493,-307.5,0.4973,0.506,-325.4,0.4792,0.696,1036.5,0.5323,1.298,-1,68,trend,1.205
up,1745245740000,2025-04-21T14:29:00.000000000,88366.04,1.537,1,10.85,986.6,0.593,1.616,87.7759,5.4e-05,-0.082,-350.5,0.6114,-0.274,59.2,0.5592,-0.178,93.0,0.5617,-0.159,457.0,0.5361,0.113,136,-1,whipsaw,2.128
down,1745255160000,2025-04-21T17:06:00.000000000,86411.01,-1.661,1,4.43,-961.1,0.4109,1.529,63.5028,1.6e-05,0.436,-846.3,0.6935,0.718,-730.3,0.6279,0.74,-643.6,0.5713,0.652,-833.1,0.5411,-0.025,21,-1,whipsaw,-5.2
up,1745284860000,2025-04-22T01:21:00.000000000,88845.56,1.59,1,4.45,277.2,0.6261,1.521,92.7614,7.7e-05,-0.435,660.0,0.3833,-0.545,1071.3,0.4231,-0.431,924.2,0.461,-0.716,1299.8,0.4521,0.035,81,-1,whipsaw,4.846
up,1745358540000,2025-04-22T21:49:00.000000000,93417.73,2.074,1,11.03,-836.7,0.6006,1.392,214.0466,-7e-05,-0.337,-3319.6,0.6575,-0.64,-3554.6,0.6093,-0.464,-3277.9,0.5567,-0.801,-3088.9,0.4741,0.526,0,-1,whipsaw,0.115
down,1746021360000,2025-04-30T13:56:00.000000000,93167.4,-1.554,1,11.05,-153.7,0.4134,1.402,105.6324,2.9e-05,0.23,-397.2,0.4462,0.007,57.6,0.5574,0.837,12.7,0.605,0.652,-73.3,0.5504,-0.276,33,-1,whipsaw,-2.954
up,1746718800000,2025-05-08T15:40:00.000000000,101229.78,1.573,1,10.67,-651.3,0.5869,1.579,169.6286,4.6e-05,-0.059,156.8,0.5616,-0.386,-353.3,0.5278,-0.256,-466.7,0.5178,-0.089,-291.7,0.5074,0.471,-1,-1,partial,1.546
up,1747839540000,2025-05-21T14:59:00.000000000,108999.99,1.544,1,9.11,-722.8,0.6558,1.587,91.5148,7.1e-05,0.0,556.3,0.5865,-0.16,1532.9,0.5131,-0.078,2321.4,0.4666,-0.024,2098.7,0.4957,0.775,146,-1,whipsaw,1.741
down,1747848300000,2025-05-21T17:25:00.000000000,107626.07,-1.775,1,5.39,-1121.7,0.4335,1.558,157.1641,5.1e-05,-0.699,-1081.8,0.4231,-0.443,-2320.1,0.438,-1.295,-1195.5,0.4007,-0.962,-1549.8,0.381,-1.402,153,19,trend,-3.84
up,1747856340000,2025-05-21T19:39:00.000000000,108346.01,1.612,1,2.96,-776.2,0.5439,1.404,108.6559,5.1e-05,-0.214,-79.7,0.4883,0.023,71.9,0.4519,0.064,14.8,0.4213,-0.281,-223.4,0.3758,2.263,-1,216,trend,2.823
up,1747870020000,2025-05-21T23:27:00.000000000,110433.35,1.536,1,7.16,-304.9,0.5901,1.911,84.2772,5.1e-05,-0.509,154.0,0.5286,-0.664,46.8,0.5066,-0.74,454.3,0.4971,-0.579,296.1,0.5122,0.497,73,-1,whipsaw,0.727
down,1748001480000,2025-05-23T11:58:00.000000000,109032.34,-1.639,1,6.95,-4.7,0.5074,1.625,130.2938,7.3e-05,-0.38,-75.8,0.434,-0.927,-808.5,0.4322,-0.848,-1055.9,0.4115,-0.552,-677.6,0.4314,-1.574,-1,17,trend,-0.126
up,1749504540000,2025-06-09T21:29:00.000000000,110471.04,1.623,1,10.47,-791.5,0.5789,1.471,112.1514,3.1e-05,-0.401,-1220.7,0.5832,-0.524,-1971.9,0.436,-0.45,-2218.2,0.4809,-0.245,-2221.3,0.5069,0.054,-1,-1,partial,-0.614
down,1749773400000,2025-06-13T00:10:00.000000000,104437.18,-1.514,1,9.08,-97.5,0.4377,1.67,112.8452,-1.8e-05,-0.133,-427.6,0.4518,-0.621,-744.8,0.3917,-0.719,-1298.8,0.4601,-1.568,-788.1,0.4471,-1.698,-1,23,trend,-1.478
up,1750550640000,2025-06-22T00:04:00.000000000,102544.47,1.516,1,13.21,459.9,0.5485,1.596,157.7886,2.9e-05,-0.486,465.8,0.4556,-0.148,-15.5,0.5459,0.55,-75.7,0.5893,0.392,-278.5,0.5419,0.834,-1,-1,partial,-1.779
down,1750598880000,2025-06-22T13:28:00.000000000,101184.88,-1.515,1,5.05,285.0,0.328,1.672,57.3593,0.0001,-0.316,-430.3,0.443,-0.675,-612.2,0.401,-0.321,-1088.9,0.4619,-1.587,-593.7,0.4416,-2.482,-1,51,trend,0.079
up,1750699680000,2025-06-23T17:28:00.000000000,102179.4,1.558,1,4.38,-21.8,0.5131,1.676,136.831,4.9e-05,0.226,-335.5,0.4208,0.07,325.4,0.3884,0.234,197.2,0.4394,0.539,-476.7,0.469,1.991,-1,68,trend,3.382
up,1750716660000,2025-06-23T22:11:00.000000000,105488.45,1.749,1,4.26,-940.9,0.5818,1.469,86.4424,4.9e-05,-0.333,-123.9,0.4193,0.485,-336.5,0.5343,-0.265,-385.9,0.5123,-0.026,-27.4,0.4524,0.555,-1,-1,partial,0.398
up,1752090060000,2025-07-09T19:41:00.000000000,111379.99,1.643,1,32.29,-268.3,0.5936,1.415,103.1059,4.3e-05,-0.052,204.9,0.3295,0.489,135.8,0.4806,-0.093,208.6,0.4628,-0.393,245.9,0.4165,0.556,-1,-1,partial,1.602
up,1752182280000,2025-07-10T21:18:00.000000000,115277.25,1.529,1,11.27,-73.6,0.4826,1.308,95.0134,1.9e-05,0.821,-3471.0,0.5274,0.694,-4373.8,0.4966,0.939,-4822.2,0.5047,0.785,-4928.6,0.5181,1.38,-1,1,trend,2.096
down,1752591360000,2025-07-15T14:56:00.000000000,115750.61,-1.603,1,4.21,-18.7,0.4724,1.428,163.1241,0.0001,0.052,198.2,0.4712,0.374,-4.8,0.5411,0.249,43.6,0.5135,0.688,393.6,0.5084,-0.012,73,-1,whipsaw,-2.99
down,1753902300000,2025-07-30T19:05:00.000000000,115914.51,-1.582,1,11.41,1943.2,0.4099,1.796,84.0,0.0001,-0.004,569.7,0.5444,0.295,1579.1,0.5318,0.402,2002.3,0.5614,1.077,2476.4,0.5935,-0.102,45,-1,whipsaw,-1.477
up,1754879040000,2025-08-11T02:24:00.000000000,121615.47,1.583,1,15.25,2566.1,0.5811,1.958,115.0055,0.0001,-0.104,-1868.0,0.5391,0.02,-1973.6,0.4646,0.184,-1440.4,0.4593,0.14,-1033.1,0.448,0.592,-1,-1,partial,-2.102
up,1755094200000,2025-08-13T14:10:00.000000000,122199.99,1.584,1,9.63,-830.3,0.5549,1.45,171.4214,0.0001,-0.225,79.9,0.5083,-0.531,-406.3,0.4386,-0.489,-380.9,0.4227,-0.952,-2051.5,0.4411,0.0,42,-1,whipsaw,-3.342
down,1755174840000,2025-08-14T12:34:00.000000000,118715.99,-1.863,1,6.29,-590.7,0.6034,1.377,141.6797,0.0001,0.243,-2164.8,0.4901,0.498,-2445.9,0.5328,-0.421,-2319.3,0.5141,-0.264,-318.1,0.4956,-1.103,0,221,whipsaw,-0.159
up,1755871320000,2025-08-22T14:02:00.000000000,113984.37,1.614,1,8.38,77.2,0.5439,1.611,176.8,0.0001,0.751,-906.2,0.5617,1.246,-440.9,0.5584,1.233,-1342.4,0.5288,2.153,-2057.6,0.5351,2.905,-1,12,trend,0.759
down,1756064160000,2025-08-24T19:36:00.000000000,112555.01,-1.776,1,9.51,-1913.4,0.5001,1.225,54.6079,0.0001,-0.103,-1579.4,0.4646,-0.124,-1113.0,0.4598,-0.273,-859.4,0.4673,0.202,-547.6,0.4747,-1.666,235,1,trend,1.059
up,1756820760000,2025-09-02T13:46:00.000000000,110914.02,1.505,1,7.19,-286.4,0.482,1.681,150.1017,8.8e-05,0.168,-235.1,0.5573,0.216,-563.7,0.5127,0.066,-646.3,0.4771,0.548,89.2,0.4902,0.773,-1,-1,partial,0.843
down,1757081880000,2025-09-05T14:18:00.000000000,111289.49,-1.549,1,10.71,-306.1,0.4582,1.515,131.709,0.0001,-0.077,-1374.1,0.4525,-0.344,-1485.7,0.4474,-0.605,-1200.0,0.4869,-0.539,-1141.3,0.5432,-0.973,-1,-1,partial,0.356
down,1758520920000,2025-09-22T06:02:00.000000000,112065.41,-2.06,1,27.26,-1385.0,0.4013,1.224,74.9603,6.7e-05,0.685,-1279.5,0.4615,0.851,-552.7,0.4909,0.595,-1276.6,0.4176,0.597,-1646.5,0.4324,-0.237,-1,-1,partial,-0.551
down,1759510920000,2025-10-03T17:02:00.000000000,121933.94,-1.508,1,8.02,1005.1,0.4302,1.5,166.2248,0.0001,0.268,-965.2,0.5726,0.554,-720.3,0.5459,0.588,-396.3,0.499,0.045,-119.4,0.4721,-0.384,-1,-1,partial,0.122
up,1759631700000,2025-10-05T02:35:00.000000000,124209.66,1.518,1,16.55,-1305.9,0.6499,1.568,47.5666,8.6e-05,-0.484,191.0,0.4719,-0.313,1238.8,0.4829,-0.24,1671.7,0.5125,-0.178,1576.9,0.5246,1.207,-1,133,trend,-0.532
down,1760109780000,2025-10-10T15:23:00.000000000,119429.42,-1.565,1,9.69,-577.7,0.4418,1.814,162.95,3.9e-05,0.013,-105.3,0.399,-0.137,-1911.8,0.4091,-0.209,-1988.8,0.4883,-0.27,-360.4,0.5116,-2.911,-1,95,trend,5.918
down,1760129580000,2025-10-10T20:53:00.000000000,115172.29,-1.524,1,6.32,882.9,0.5249,1.473,118.8331,1e-05,-0.716,-1385.6,0.4675,-0.629,-4088.2,0.492,-6.68,-15894.6,0.4593,-1.962,-20778.7,0.4869,-11.437,-1,3,trend,4.268
up,1760132760000,2025-10-10T21:46:00.000000000,113169.4,3.825,2,50.49,-11259.7,0.4972,2.701,1221.2093,1e-05,-0.49,-540.3,0.5055,-0.05,-1125.6,0.5323,0.148,-1340.8,0.5139,0.259,-1404.4,0.5233,1.447,0,113,whipsaw,-1.923
down,1760141400000,2025-10-11T00:10:00.000000000,112471.42,-1.803,1,7.5,36.0,0.4467,1.966,155.4803,0.0001,-0.242,164.7,0.468,-0.208,-243.1,0.434,-0.01,-411.8,0.4659,-0.332,-403.9,0.4745,-1.291,-1,74,trend,1.918
up,1760281500000,2025-10-12T15:05:00.000000000,113293.03,1.681,2,10.2,1007.5,0.4961,1.673,228.779,2.9e-05,-0.366,1028.7,0.4864,0.125,697.0,0.5203,-0.708,974.9,0.5056,0.633,1957.6,0.5624,1.242,-1,100,trend,0.805
down,1760629740000,2025-10-16T15:49:00.000000000,108762.75,-1.516,1,6.05,109.7,0.4977,1.927,140.1517,-2.2e-05,0.071,-354.3,0.4409,-0.404,-463.1,0.4274,-0.634,-193.0,0.4384,-0.392,748.5,0.4395,-1.09,-1,45,trend,2.236
up,1760699700000,2025-10-17T11:15:00.000000000,106010.4,1.574,1,3.98,974.7,0.5168,1.619,146.4855,-6e-06,-0.036,-889.6,0.5412,0.215,-345.5,0.5859,-0.195,-479.8,0.5339,-0.331,-273.5,0.5045,0.604,118,-1,whipsaw,0.864
up,1760933160000,2025-10-20T04:06:00.000000000,110423.03,1.548,1,6.36,-167.0,0.609,1.889,91.9497,-2.2e-05,-0.148,-29.6,0.4787,-0.332,2.6,0.4482,-0.21,-137.3,0.4794,-0.089,-88.5,0.4973,0.926,-1,-1,partial,-1.823
up,1761056280000,2025-10-21T14:18:00.000000000,110132.79,1.685,2,3.81,-380.6,0.5637,1.59,120.4145,2.2e-05,0.216,225.7,0.5916,-0.17,85.7,0.5079,0.294,728.3,0.4906,2.054,1479.8,0.4996,3.511,-1,35,trend,-1.878
down,1761085860000,2025-10-21T22:31:00.000000000,108335.4,-2.199,1,3.18,-568.9,0.4278,1.358,165.7986,-2.5e-05,0.476,-780.2,0.5757,0.844,-957.2,0.5638,0.577,-705.9,0.4764,0.473,-537.5,0.4126,-0.456,0,-1,whipsaw,1.119
up,1761516180000,2025-10-26T22:03:00.000000000,115453.51,1.975,1,11.75,-286.4,0.4973,1.215,116.4831,6.9e-05,-0.641,-565.6,0.4358,-0.913,-1011.4,0.4271,-0.917,-738.0,0.433,-0.572,-705.0,0.4777,0.012,0,-1,whipsaw,-0.976
down,1761763140000,2025-10-29T18:39:00.000000000,109427.1,-1.881,1,9.26,59.2,0.549,1.432,224.1272,5e-05,0.301,-649.6,0.4792,1.503,-482.3,0.5458,1.654,916.7,0.5547,0.92,1290.3,0.5018,-0.208,11,-1,whipsaw,2.231
up,1761764940000,2025-10-29T19:09:00.000000000,111236.88,1.654,1,11.28,916.7,0.5547,1.566,285.7514,5e-05,0.057,61.5,0.4662,-0.261,120.0,0.4326,-0.722,373.5,0.4476,-0.562,-222.4,0.4787,0.506,-1,-1,partial,-3.745
down,1761798420000,2025-10-30T04:27:00.000000000,108511.0,-1.963,1,6.19,-678.8,0.4325,1.608,110.5176,1.1e-05,-0.429,-248.1,0.4263,0.538,1218.6,0.5045,0.297,1062.6,0.5024,0.488,1781.6,0.5149,-0.54,73,-1,whipsaw,-1.211
down,1762183620000,2025-11-03T15:27:00.000000000,106134.35,-1.757,1,5.45,-427.2,0.42,1.559,143.6279,6.9e-05,-0.433,36.7,0.416,-0.07,469.9,0.4519,-0.293,643.7,0.423,0.174,677.7,0.4261,-0.78,113,-1,whipsaw,1.531
down,1762235040000,2025-11-04T05:44:00.000000000,104944.32,-1.544,1,4.99,376.6,0.3365,1.893,118.6848,0.0001,-0.333,-29.9,0.3787,-0.694,-10.0,0.4183,-0.055,-27.1,0.4878,-0.384,179.4,0.4848,-1.218,-1,150,trend,2.997
down,1762276620000,2025-11-04T17:17:00.000000000,101042.31,-1.61,1,6.32,293.1,0.36,1.869,164.8503,6.3e-05,0.472,-445.0,0.4996,0.354,298.7,0.5447,0.383,496.5,0.536,-0.448,572.4,0.4785,-1.427,-1,78,trend,-2.577
down,1762292040000,2025-11-04T21:34:00.000000000,99119.75,-1.659,1,3.12,249.1,0.4413,1.725,169.0348,6.3e-05,0.15,-245.1,0.473,0.424,-128.5,0.4855,1.52,-492.3,0.5086,2.5,-905.7,0.5229,-0.177,22,-1,whipsaw,-4.595
up,1762293840000,2025-11-04T22:04:00.000000000,100626.24,1.52,1,3.41,-492.3,0.5086,1.514,235.0934,6.3e-05,0.36,-166.9,0.6389,0.669,-78.7,0.5382,0.965,-413.4,0.5349,0.715,-362.9,0.5366,1.259,197,31,trend,2.808
down,1762306080000,2025-11-05T01:28:00.000000000,99120.0,-1.504,1,1.64,-473.1,0.3912,1.709,126.2076,7.1e-05,-0.088,53.6,0.4553,0.246,320.1,0.4662,1.847,105.8,0.5047,2.214,24.9,0.4565,-0.155,24,-1,whipsaw,-3.665
up,1762307820000,2025-11-05T01:57:00.000000000,100991.73,1.832,1,2.4,105.8,0.4942,1.574,209.4059,7.1e-05,0.286,6.7,0.5697,-0.002,24.3,0.4153,0.141,-80.9,0.4112,0.531,62.2,0.525,1.365,-1,88,trend,2.41
up,1762536840000,2025-11-07T17:34:00.000000000,102658.97,1.561,1,2.82,-260.1,0.5703,1.505,113.2314,8.6e-05,-0.396,-135.9,0.4709,-0.647,44.7,0.5176,-0.12,119.2,0.5822,0.032,302.1,0.5832,1.209,-1,187,trend,-0.739
up,1762823940000,2025-11-11T01:19:00.000000000,107357.87,1.519,1,2.93,2.7,0.5781,1.329,70.2559,2.8e-05,-0.363,-607.4,0.4676,-0.65,-981.0,0.4705,-0.706,-1042.5,0.5031,-1.245,-1030.3,0.5155,0.132,18,-1,whipsaw,-3.833
down,1762962780000,2025-11-12T15:53:00.000000000,101996.14,-1.595,1,7.69,17.0,0.5006,1.713,132.2414,7e-06,0.115,-2.5,0.577,-0.159,535.6,0.4907,-0.379,-6.8,0.4675,-0.491,-95.3,0.4529,-1.159,-1,215,trend,0.544
down,1763095080000,2025-11-14T04:38:00.000000000,97344.46,-1.507,1,3.93,336.0,0.436,1.559,141.7524,8.6e-05,0.378,-700.8,0.4385,0.308,-43.5,0.4457,0.407,-48.9,0.472,-0.015,117.4,0.437,-1.449,-1,129,trend,1.284
up,1763390160000,2025-11-17T14:36:00.000000000,95742.04,1.994,1,4.56,630.2,0.5307,1.761,149.189,9.6e-05,-0.486,-175.6,0.4808,-0.306,279.2,0.5143,-0.758,-55.0,0.5246,-1.635,22.7,0.5155,0.314,18,-1,whipsaw,-3.691
down,1763392620000,2025-11-17T15:17:00.000000000,94071.12,-1.511,1,2.73,-115.9,0.5347,1.814,176.3569,9.6e-05,0.182,-7.0,0.4617,0.311,88.1,0.5035,0.242,386.5,0.511,-0.869,1685.8,0.505,-1.961,-1,58,trend,2.09
up,1763479740000,2025-11-18T15:29:00.000000000,92801.62,1.579,1,2.56,-1108.3,0.5755,1.823,148.511,0.0001,-0.323,-178.6,0.5148,-0.062,-641.5,0.4836,0.117,-859.9,0.5372,1.004,-891.0,0.5538,1.115,-1,60,trend,-1.688
down,1763566680000,2025-11-19T15:38:00.000000000,90694.5,-1.646,1,5.06,629.2,0.5088,1.695,168.0941,5e-05,-0.001,-225.6,0.4053,-0.655,-279.4,0.416,-0.618,-152.6,0.4601,-1.338,-291.6,0.4296,-2.098,-1,41,trend,0.061
down,1763647740000,2025-11-20T14:09:00.000000000,90632.47,-1.572,3,2.3,-203.7,0.3781,1.583,117.2117,0.0001,0.08,939.6,0.4449,0.764,1549.4,0.491,0.599,1418.2,0.4732,0.077,1358.4,0.425,-4.675,21,114,whipsaw,7.086
down,1763710380000,2025-11-21T07:33:00.000000000,83400.0,-2.608,1,6.13,181.8,0.4437,1.486,109.1838,4.3e-05,0.734,-1470.6,0.4065,0.692,-1283.2,0.4511,0.53,-1169.9,0.4625,1.013,-1451.2,0.4854,-2.101,0,1,whipsaw,-1.431
down,1763718060000,2025-11-21T09:41:00.000000000,82539.79,-1.551,1,3.43,-1136.4,0.4578,1.915,137.3621,4.5e-05,0.152,168.4,0.5499,-0.056,82.9,0.473,-0.2,355.4,0.4567,0.125,710.1,0.4982,-2.35,184,35,trend,-1.779
down,1763728020000,2025-11-21T12:27:00.000000000,81025.06,-1.619,1,4.86,-237.5,0.4694,1.729,182.4,4.5e-05,0.697,470.0,0.4085,2.134,454.1,0.5005,2.845,560.1,0.5301,3.132,440.2,0.5116,-0.525,4,-1,whipsaw,-3.257
up,1763729220000,2025-11-21T12:47:00.000000000,83271.8,1.507,1,8.01,-99.6,0.5004,1.758,251.279,4.5e-05,0.158,215.7,0.5989,0.122,92.3,0.5028,1.143,225.4,0.5125,1.101,74.4,0.5223,2.671,198,30,trend,0.603
up,1763736720000,2025-11-21T14:52:00.000000000,85143.24,1.643,3,4.1,720.1,0.4401,1.789,210.329,4.5e-05,-0.077,315.7,0.6048,-0.717,157.2,0.5623,-1.42,-425.7,0.5326,-2.702,-366.7,0.4851,0.505,21,-1,whipsaw,-0.79
down,1763738640000,2025-11-21T15:24:00.000000000,84065.85,-1.574,1,2.38,-425.7,0.5216,2.022,158.9807,4.5e-05,-0.526,70.3,0.4141,-1.346,199.5,0.3914,-1.161,59.0,0.4403,-1.161,-109.6,0.4733,-2.061,95,12,trend,-0.417
down,1763748300000,2025-11-21T18:05:00.000000000,84031.14,-1.603,1,1.05,108.2,0.3981,1.637,117.5372,2.6e-05,-0.081,75.4,0.4462,-0.815,-473.4,0.4609,0.372,-558.4,0.4919,0.765,-920.0,0.4829,-0.864,43,-1,whipsaw,-0.625
up,1763949960000,2025-11-24T02:06:00.000000000,87902.68,1.516,1,2.61,240.3,0.561,1.445,107.1131,-0.0,-0.096,-49.4,0.5638,-0.008,-222.0,0.5559,-0.585,-240.2,0.5123,-0.501,-184.2,0.5077,0.178,130,-1,whipsaw,-0.181
up,1764178920000,2025-11-26T17:42:00.000000000,89415.45,1.616,1,5.93,-1454.7,0.52,1.518,84.1034,-4e-06,0.444,-59.5,0.6732,0.528,-630.5,0.5418,0.698,-796.0,0.5355,0.609,-1005.7,0.5017,1.203,-1,34,trend,2.227
down,1764547680000,2025-12-01T00:08:00.000000000,89112.0,-1.674,1,17.24,-614.3,0.4476,1.679,93.0566,3.6e-05,-0.141,-245.2,0.5049,-0.762,20.1,0.474,-1.568,401.6,0.4661,-1.647,334.1,0.4739,-3.311,-1,23,trend,2.97
down,1764603240000,2025-12-01T15:34:00.000000000,84428.34,-1.559,1,4.69,-11.0,0.3836,2.029,78.4152,3.2e-05,-0.05,-96.6,0.4075,-0.135,6.9,0.4108,0.096,33.9,0.4417,0.435,285.1,0.4766,-0.717,64,-1,whipsaw,-6.722
up,1764687780000,2025-12-02T15:03:00.000000000,90165.96,1.697,1,5.01,-319.7,0.4961,1.73,104.1934,2.6e-05,-0.06,-184.3,0.5714,0.382,-365.7,0.5244,-0.241,-21.7,0.4724,0.966,813.7,0.4875,2.297,-1,48,trend,2.963
up,1764772980000,2025-12-03T14:43:00.000000000,93580.39,1.589,1,3.18,-54.8,0.507,1.536,188.2052,4.2e-05,-0.762,-67.8,0.4527,-1.063,-459.9,0.4402,-1.322,-413.8,0.4175,-1.325,-88.7,0.3979,0.128,9,-1,whipsaw,-0.949
down,1764950820000,2025-12-05T16:07:00.000000000,89557.0,-1.942,1,5.7,-55.9,0.4393,1.484,124.5017,4e-06,-0.272,-277.9,0.3616,-0.318,-469.5,0.4646,-0.923,-576.0,0.5139,-0.944,-149.0,0.5318,-1.676,-1,32,trend,-0.454
up,1765128900000,2025-12-07T17:35:00.000000000,91271.28,1.776,1,15.35,69.6,0.5,1.564,110.8217,5.2e-05,-0.542,45.8,0.3594,-0.209,243.2,0.4266,-0.015,695.3,0.4668,0.395,561.5,0.5047,0.535,-1,-1,partial,-1.356
down,1765145160000,2025-12-07T22:06:00.000000000,89266.47,-1.72,1,9.29,-345.0,0.3743,1.339,128.7883,5.2e-05,0.455,348.6,0.5454,0.153,181.2,0.4908,0.64,78.4,0.5312,0.286,136.6,0.4984,-0.304,28,-1,whipsaw,-2.2
down,1765207380000,2025-12-08T15:23:00.000000000,89932.0,-1.67,1,7.01,666.9,0.4265,1.719,105.0517,6.5e-05,0.054,83.6,0.5008,-0.124,322.9,0.4866,0.112,560.7,0.5167,0.496,938.7,0.5182,-0.356,-1,-1,partial,-0.902
up,1765295040000,2025-12-09T15:44:00.000000000,92050.91,1.601,1,7.33,33.1,0.5044,1.91,93.5779,6.4e-05,-0.109,-77.4,0.5049,0.713,-658.3,0.4611,1.512,-1060.2,0.5016,2.366,-1311.4,0.5138,2.757,-1,17,trend,-0.194
up,1765397520000,2025-12-10T20:12:00.000000000,93989.83,1.567,1,6.74,572.2,0.5072,1.806,108.5131,3.2e-05,0.385,87.4,0.6456,-0.406,109.5,0.5522,-0.299,237.5,0.5413,-1.944,-21.5,0.524,0.517,39,-1,whipsaw,-2.81
down,1765400400000,2025-12-10T21:00:00.000000000,92394.63,-1.508,1,5.49,133.3,0.5066,1.761,180.48,3.2e-05,-0.337,-54.3,0.4222,-0.147,-228.6,0.5429,-0.104,-335.0,0.5516,0.014,-39.7,0.5315,-1.454,-1,214,trend,0.693
up,1765487760000,2025-12-11T21:16:00.000000000,92940.2,1.533,1,4.73,-528.5,0.5321,1.769,79.3214,6.1e-05,-0.126,125.0,0.4706,0.528,500.2,0.4995,0.201,300.3,0.4341,-0.059,327.1,0.4252,0.662,218,-1,whipsaw,-2.895
down,1765553280000,2025-12-12T15:28:00.000000000,90972.52,-1.708,1,6.3,-103.1,0.466,1.658,125.0662,4.7e-05,-0.092,-226.0,0.4367,-0.608,-205.5,0.5227,-1.265,122.1,0.5675,-0.692,559.0,0.5587,-1.641,-1,28,trend,0.941
down,1765810560000,2025-12-15T14:56:00.000000000,87939.28,-1.622,1,9.58,201.9,0.3956,1.56,115.1497,-9e-06,-0.074,-32.2,0.5012,-0.291,727.6,0.501,-1.38,1393.8,0.4784,-1.172,2321.2,0.5194,-3.176,-1,23,trend,0.99
down,1765893660000,2025-12-16T14:01:00.000000000,86159.33,-1.561,1,5.02,-1644.4,0.3799,1.655,152.7755,1.3e-05,0.741,-317.9,0.4386,0.838,-231.6,0.4869,1.233,-129.5,0.4699,1.412,-240.2,0.481,-0.06,21,-1,whipsaw,-1.678
up,1765983240000,2025-12-17T14:54:00.000000000,89282.71,1.716,1,9.19,-572.9,0.4702,1.632,158.1607,9e-05,0.44,-1110.5,0.5176,0.57,-1463.7,0.4821,0.518,-1301.6,0.4399,-1.834,-842.6,0.4328,1.213,51,12,trend,-0.953
down,1765986180000,2025-12-17T15:43:00.000000000,88711.88,-1.534,1,8.99,511.4,0.3847,1.61,166.0138,9e-05,-0.313,77.0,0.4536,-1.623,-307.2,0.4766,-1.596,-315.2,0.5167,-2.523,-613.8,0.504,-3.83,-1,7,trend,-0.635
up,1766065680000,2025-12-18T13:48:00.000000000,89026.83,1.512,1,8.98,436.1,0.476,2.11,123.6024,-9e-06,-0.032,126.9,0.4717,0.086,101.4,0.459,-0.493,-6.0,0.4367,-1.178,1280.0,0.4125,0.506,24,-1,whipsaw,-1.136
down,1766077680000,2025-12-18T17:08:00.000000000,86850.01,-1.573,1,4.34,383.1,0.4396,1.669,96.871,8.4e-05,-0.505,-599.0,0.3499,-1.305,-1112.7,0.3671,-0.721,-1799.3,0.4857,-0.352,-2328.2,0.5218,-2.763,-1,9,trend,-1.533
up,1766114820000,2025-12-19T03:27:00.000000000,87086.64,1.568,1,4.57,-116.4,0.5606,1.468,116.2103,5.5e-05,0.525,-62.8,0.5015,0.06,-621.7,0.4585,-0.421,-698.5,0.4927,0.052,-615.0,0.5192,1.564,-1,219,trend,1.391
up,1766128260000,2025-12-19T07:11:00.000000000,88396.78,1.551,1,4.55,-261.8,0.5973,1.733,78.7072,5.5e-05,-0.3,-3.8,0.4915,-0.541,179.1,0.5146,-0.642,201.7,0.5209,-0.357,455.4,0.5834,0.059,-1,-1,partial,-0.15
down,1766159220000,2025-12-19T15:47:00.000000000,87797.33,-1.773,2,4.93,2.2,0.4006,1.711,155.9352,0.0001,0.018,506.8,0.4105,0.485,611.5,0.4506,0.638,98.3,0.4993,0.632,73.4,0.4961,-1.083,46,106,whipsaw,-0.419
up,1766715600000,2025-12-26T02:20:00.000000000,88973.21,1.755,1,12.94,-551.7,0.4871,1.384,63.4138,4.4e-05,0.166,411.1,0.469,0.34,621.2,0.4579,0.145,656.8,0.5391,-0.159,1170.6,0.5918,0.525,-1,-1,partial,-1.732
down,1766760600000,2025-12-26T14:50:00.000000000,87656.59,-1.5,1,7.53,-925.2,0.4287,1.857,99.1538,5.4e-05,-0.277,18.8,0.3732,-0.67,95.0,0.3873,-0.841,631.0,0.3832,-0.651,1722.4,0.4048,-1.143,-1,24,trend,0.137
down,1767001500000,2025-12-29T09:45:00.000000000,87975.99,-1.714,1,11.76,-942.5,0.4599,1.417,76.7414,0.0001,-0.121,-114.9,0.5184,0.13,-356.5,0.5721,0.043,-446.2,0.6116,-0.089,-520.1,0.5897,-1.329,-1,142,trend,0.168
up,1767371580000,2026-01-02T16:33:00.000000000,90711.71,1.597,1,10.36,454.7,0.5656,1.559,104.7162,4.8e-05,-0.189,-477.1,0.5009,-0.536,-988.6,0.456,-0.122,-265.6,0.5272,-0.203,-389.3,0.5274,0.276,137,-1,whipsaw,-0.679
up,1767972480000,2026-01-09T15:28:00.000000000,91653.14,1.588,1,10.39,1132.7,0.5755,1.491,106.1497,7.3e-05,0.237,63.7,0.7098,-0.409,-700.9,0.541,-0.64,-1574.4,0.5205,-0.346,-2038.3,0.4815,0.469,179,-1,whipsaw,-1.154
up,1768342200000,2026-01-13T22:10:00.000000000,95862.62,1.775,1,7.63,-230.9,0.5121,1.415,67.7234,3.4e-05,-0.571,-2698.2,0.5844,-0.422,-2495.1,0.5468,-0.378,-2252.5,0.4788,-0.191,-1970.2,0.4847,0.66,0,-1,whipsaw,1.634
down,1768780860000,2026-01-19T00:01:00.000000000,92792.2,-2.126,1,37.24,-302.8,0.4815,1.571,92.1148,3.5e-05,-0.046,-1989.2,0.4576,-0.378,-1476.5,0.4811,-0.38,9.1,0.5162,-0.204,561.2,0.5397,-0.951,-1,-1,partial,0.186
down,1768948440000,2026-01-20T22:34:00.000000000,88238.58,-1.504,1,5.35,253.4,0.5079,1.411,120.1614,5.7e-05,0.363,-1124.4,0.4852,0.24,-887.7,0.4988,-0.095,-637.3,0.4377,0.175,-371.6,0.4867,-0.388,161,-1,whipsaw,-2.01
down,1769013600000,2026-01-21T16:40:00.000000000,88475.83,-1.551,1,3.17,-499.2,0.4275,1.497,121.7534,2.4e-05,-0.139,-58.3,0.4438,-0.441,275.4,0.4566,-0.751,501.1,0.4521,-0.606,872.3,0.4599,-1.37,168,19,trend,-0.452
up,1769023800000,2026-01-21T19:30:00.000000000,89817.99,1.513,1,2.75,210.5,0.4881,1.533,96.9766,2.4e-05,0.105,107.8,0.4844,0.353,126.2,0.5038,0.425,279.2,0.5263,-0.046,-422.2,0.4976,0.704,-1,-1,partial,-0.343
down,1769442360000,2026-01-26T15:46:00.000000000,87429.99,-1.519,1,2.89,-256.4,0.4352,1.99,94.2076,2.8e-05,0.214,30.9,0.4408,0.161,282.8,0.4212,-0.201,325.7,0.4393,0.24,-43.0,0.4842,-0.451,167,-1,whipsaw,-0.419
down,1769699160000,2026-01-29T15:06:00.000000000,86308.91,-1.531,1,9.79,-330.9,0.4622,1.649,83.8893,5.9e-05,-0.348,469.0,0.3972,-0.77,870.9,0.3695,-1.238,2411.8,0.3147,-1.895,3619.8,0.3617,-3.39,-1,8,trend,3.197
down,1769737200000,2026-01-30T01:40:00.000000000,82819.98,-1.617,1,9.39,-1377.8,0.2991,1.819,133.7348,4.5e-05,-1.062,-1101.7,0.4301,-0.367,-854.6,0.4456,-0.857,-1216.8,0.3917,-0.908,-877.8,0.3888,-2.055,-1,2,trend,-1.408
up,1769798880000,2026-01-30T18:48:00.000000000,83530.34,1.501,1,3.27,-799.4,0.5197,1.785,172.7107,3e-06,0.299,43.7,0.542,0.806,-128.4,0.5269,0.885,114.1,0.4939,0.856,-97.8,0.4974,1.306,-1,16,trend,-6.62
down,1769869800000,2026-01-31T14:30:00.000000000,81443.35,-1.634,1,9.12,-390.7,0.4099,2.164,118.1207,3.5e-05,0.109,-150.9,0.4723,-0.502,82.3,0.4222,-0.029,391.0,0.4748,-0.176,975.9,0.4662,-4.228,-1,107,trend,4.318
down,1769878200000,2026-01-31T16:50:00.000000000,80395.55,-1.67,2,9.28,-1057.1,0.4136,1.968,133.2438,6.6e-05,-0.274,75.3,0.4737,-0.351,58.0,0.485,-1.841,173.4,0.4508,-2.032,267.6,0.4823,-5.816,-1,18,trend,3.875
up,1769886780000,2026-01-31T19:13:00.000000000,78213.8,3.215,1,23.22,205.6,0.4851,1.763,195.5062,6.6e-05,-0.081,-322.4,0.5791,-0.313,-540.4,0.5481,-0.967,-978.0,0.5212,-0.748,-357.7,0.5265,0.366,23,-1,whipsaw,-0.576
down,1769959560000,2026-02-01T15:26:00.000000000,77050.01,-1.607,1,2.05,121.4,0.4519,1.725,122.8117,3.4e-05,0.105,88.3,0.4938,0.167,179.0,0.4404,0.687,121.2,0.4329,0.91,220.7,0.4473,-0.374,31,-1,whipsaw,-2.055
down,1769980140000,2026-02-01T21:09:00.000000000,76461.4,-1.528,2,2.22,-170.2,0.416,1.945,55.4559,1.7e-05,0.368,-25.3,0.5107,0.332,170.1,0.5092,0.845,203.7,0.5228,0.944,299.6,0.5111,-0.996,61,-1,whipsaw,-2.415
up,1769988960000,2026-02-01T23:36:00.000000000,77439.59,1.61,1,12.45,266.8,0.5155,1.921,188.9866,1.7e-05,-0.347,-38.0,0.4082,-0.63,40.7,0.4225,-0.334,-222.0,0.4578,0.731,-173.2,0.5242,1.022,27,62,whipsaw,1.881
down,1770002280000,2026-02-02T03:18:00.000000000,75450.77,-1.848,1,4.54,190.5,0.4615,2.072,89.3352,1e-06,-0.419,-10.3,0.4163,-0.445,157.5,0.425,-0.17,181.9,0.4664,0.334,-188.9,0.4641,-1.122,37,20,trend,-3.298
up,1770004560000,2026-02-02T03:56:00.000000000,76283.26,1.505,1,12.37,691.6,0.5021,1.584,247.819,1e-06,-0.333,-194.1,0.4363,-1.027,-493.6,0.4155,0.048,-393.6,0.4412,-0.633,-628.8,0.4162,0.885,15,-1,whipsaw,3.386
up,1770015840000,2026-02-02T07:04:00.000000000,76610.97,1.639,1,4.4,115.5,0.4846,1.49,252.1114,1e-06,0.274,-33.0,0.6197,0.003,-80.6,0.4896,-0.117,-18.5,0.5489,0.279,251.9,0.6084,1.652,-1,147,trend,2.524
down,1770130740000,2026-02-03T14:59:00.000000000,77201.22,-1.561,2,4.54,107.6,0.4472,1.593,186.7248,2.2e-05,0.283,-271.7,0.4934,-0.036,-82.9,0.4466,0.693,101.1,0.4827,1.206,-261.5,0.4827,-5.264,27,95,whipsaw,3.681
down,1770143760000,2026-02-03T18:36:00.000000000,73984.92,-1.654,1,17.17,854.1,0.4097,2.281,174.1155,-5e-06,0.185,-3.4,0.4669,-1.084,-809.9,0.4291,-0.641,-106.9,0.4482,1.202,925.9,0.4853,-1.405,37,13,trend,0.652
up,1770146280000,2026-02-03T19:18:00.000000000,74668.6,1.856,2,7.9,787.8,0.4945,1.718,170.6738,-5e-06,0.35,30.4,0.5423,0.551,362.1,0.531,-0.23,666.5,0.5015,0.658,370.5,0.4965,3.069,-1,66,trend,-1.303
down,1770226020000,2026-02-04T17:27:00.000000000,72617.78,-1.565,1,5.84,1779.9,0.4702,1.609,160.3955,4.6e-05,-0.132,-431.4,0.3024,-0.031,-131.8,0.3599,0.137,655.8,0.4431,0.699,1602.7,0.4486,-0.618,62,-1,whipsaw,7.13
up,1770229860000,2026-02-04T18:31:00.000000000,73752.32,1.863,1,5.06,1011.0,0.472,1.576,217.2855,4.6e-05,-0.339,489.8,0.544,0.145,368.2,0.5426,-0.154,645.6,0.5276,-0.768,980.0,0.5257,0.531,192,-1,whipsaw,-10.753
down,1770242700000,2026-02-04T22:05:00.000000000,72093.76,-1.544,1,2.56,624.9,0.4567,1.449,113.5886,4.6e-05,0.175,387.9,0.374,0.877,553.7,0.5054,1.429,224.7,0.4711,0.647,286.4,0.4494,-0.285,16,-1,whipsaw,12.307
up,1770244560000,2026-02-04T22:36:00.000000000,73133.81,1.686,1,3.56,224.7,0.4743,1.719,111.0738,4.6e-05,-0.154,-12.0,0.3924,-0.368,20.1,0.3977,-0.675,61.6,0.4303,0.334,220.4,0.4468,0.529,164,-1,whipsaw,-12.769
down,1770260700000,2026-02-05T03:05:00.000000000,71609.35,-1.591,1,4.07,536.5,0.4534,1.787,122.53,9.2e-05,0.36,-97.3,0.4947,0.127,-291.8,0.4581,-0.179,-278.9,0.454,-0.741,159.5,0.4434,-2.052,-1,61,trend,9.203
down,1770294240000,2026-02-05T12:24:00.000000000,69188.52,-1.514,1,3.22,-557.4,0.4584,1.692,124.4597,3e-06,0.654,321.1,0.462,0.444,960.2,0.4463,0.267,1230.4,0.4504,0.418,1044.5,0.4741,-3.568,96,166,whipsaw,3.92
down,1770303720000,2026-02-05T15:02:00.000000000,69117.29,-1.637,1,2.24,257.1,0.502,2.153,166.7393,3e-06,-0.787,-40.6,0.3892,-0.667,-169.0,0.4515,-3.277,-438.0,0.4522,-2.166,933.7,0.5009,-5.4,-1,8,trend,1.793
up,1770309540000,2026-02-05T16:39:00.000000000,68008.19,1.57,1,3.52,-97.1,0.5329,1.819,187.071,-5e-05,-0.198,-87.2,0.5564,0.776,-96.8,0.5403,-0.902,154.2,0.5064,-1.645,240.7,0.5042,0.99,32,-1,whipsaw,2.297
down,1770311940000,2026-02-05T17:19:00.000000000,66875.88,-1.64,3,2.96,706.6,0.4962,2.0,137.3241,-5e-05,1.072,-133.4,0.5461,-0.152,-294.3,0.5012,-0.057,-409.9,0.5246,-1.56,-383.3,0.5014,-6.775,5,38,whipsaw,-5.615
up,1770319020000,2026-02-05T19:17:00.000000000,66488.42,1.605,1,2.12,-317.1,0.5017,2.151,123.989,-5e-05,-0.619,54.2,0.468,-1.185,-48.3,0.4606,-1.425,1330.7,0.4755,-3.055,1596.3,0.4766,0.099,8,-1,whipsaw,4.887
up,1770326580000,2026-02-05T21:23:00.000000000,63941.12,1.967,4,4.11,-795.2,0.4722,1.772,294.3514,-5e-05,-0.334,-218.9,0.39,-0.287,256.2,0.4391,-1.2,389.0,0.4416,-1.62,898.0,0.4488,1.552,13,67,whipsaw,10.012
down,1770329880000,2026-02-05T22:18:00.000000000,62903.34,-1.581,2,1.88,808.6,0.448,2.188,160.3566,-5e-05,0.003,37.2,0.5168,1.274,178.7,0.5203,1.676,196.9,0.4847,2.685,362.1,0.5082,-4.616,10,105,whipsaw,-12.182
down,1770344640000,2026-02-06T02:24:00.000000000,64382.71,-1.524,1,1.63,-434.9,0.4512,1.61,168.7586,-1.6e-05,0.357,182.9,0.4654,1.049,142.9,0.5069,0.775,-121.4,0.5066,0.292,-125.3,0.488,-0.951,15,-1,whipsaw,-9.446
up,1770351720000,2026-02-06T04:22:00.000000000,64874.5,1.509,2,1.12,553.0,0.4191,2.003,69.9834,-1.6e-05,0.172,2.7,0.6344,-0.238,185.8,0.5408,0.062,72.5,0.5065,1.065,355.1,0.5473,3.009,-1,50,trend,10.47
down,1770359040000,2026-02-06T06:24:00.000000000,65798.55,-1.538,1,1.27,-352.9,0.4875,1.569,134.49,-1.6e-05,0.065,26.3,0.5569,-0.784,-288.5,0.5131,-0.924,-176.8,0.5174,-1.112,110.3,0.5208,-1.974,-1,20,trend,-6.593
up,1770370320000,2026-02-06T09:32:00.000000000,65931.75,1.539,1,0.82,54.6,0.6273,1.935,95.2076,-0.000137,-0.263,18.3,0.476,-0.245,-311.1,0.5171,-0.224,-495.2,0.5359,0.234,-753.9,0.5149,2.379,-1,144,trend,3.343
up,1770384000000,2026-02-06T13:20:00.000000000,67383.34,1.545,4,1.37,-317.4,0.5305,1.842,88.8397,-0.000137,-0.201,108.8,0.4511,-0.521,57.1,0.4197,0.175,189.2,0.4636,-0.831,157.1,0.4295,4.905,61,74,whipsaw,2.607
down,1770401280000,2026-02-06T18:08:00.000000000,69882.23,-1.624,1,1.21,-325.3,0.4733,1.765,106.78,-0.000135,0.055,-808.0,0.5425,-0.641,-318.5,0.5123,0.382,-462.7,0.5482,0.441,-758.8,0.5474,-0.775,100,-1,whipsaw,1.144
down,1770443460000,2026-02-07T05:51:00.000000000,70045.97,-1.535,2,1.28,-1009.0,0.4154,1.713,67.0893,-0.000152,-0.065,30.1,0.3233,0.311,14.6,0.4367,0.073,54.0,0.4372,-0.595,-305.3,0.4571,-3.92,-1,63,trend,1.236
up,1770466320000,2026-02-07T12:12:00.000000000,68836.5,1.528,1,1.35,387.3,0.4196,1.752,93.02,-8.3e-05,0.431,-106.6,0.5725,0.679,-857.9,0.5051,0.725,-753.1,0.4818,0.267,-993.9,0.4478,1.69,-1,6,trend,2.96
up,1770591900000,2026-02-08T23:05:00.000000000,71956.63,1.622,1,3.49,-112.0,0.564,1.553,87.7066,-4.9e-05,-0.563,-484.1,0.4664,-0.808,-773.0,0.503,-2.373,-380.5,0.4866,-1.842,-743.2,0.5171,0.437,7,-1,whipsaw,-1.959
down,1770593640000,2026-02-08T23:34:00.000000000,70154.79,-1.75,1,7.73,-373.9,0.4824,1.658,214.66,-4.9e-05,0.005,-165.0,0.4512,0.805,-347.7,0.5641,0.386,-551.5,0.5393,0.644,-477.6,0.5407,-0.221,108,-1,whipsaw,-0.247
down,1770625980000,2026-02-09T08:33:00.000000000,69398.27,-1.547,1,2.83,10.5,0.4469,1.764,61.6814,1.8e-05,0.547,-286.4,0.548,0.649,-114.4,0.5561,0.771,-9.2,0.5322,0.559,599.7,0.4881,-1.409,36,119,whipsaw,0.419
down,1770633660000,2026-02-09T10:41:00.000000000,68500.0,-1.707,1,3.72,226.6,0.4071,1.699,109.1176,1.8e-05,0.372,109.7,0.4272,0.449,20.9,0.5053,0.338,-105.1,0.4903,0.688,-44.2,0.5005,-0.28,88,-1,whipsaw,-0.732
up,1770649500000,2026-02-09T15:05:00.000000000,69781.48,1.504,1,4.1,-310.3,0.5192,2.073,179.8645,1.8e-05,-0.374,-28.4,0.5458,-0.598,-16.9,0.5129,-0.815,-102.4,0.5033,-0.486,406.2,0.5061,1.763,18,150,whipsaw,-1.766
down,1770734400000,2026-02-10T14:40:00.000000000,68112.01,-1.506,1,3.64,340.6,0.509,1.544,134.8879,-4.8e-05,-0.06,-391.1,0.4894,0.608,-3.0,0.5393,1.326,-184.7,0.5528,1.938,-169.2,0.5485,-0.458,26,-1,whipsaw,1.314
up,1770819000000,2026-02-11T14:10:00.000000000,68573.82,1.879,1,4.69,71.8,0.5698,1.557,103.7617,-8.4e-05,-0.109,-710.0,0.5629,-0.732,-95.0,0.4356,-1.979,-273.8,0.4706,-3.659,2121.2,0.4701,0.38,23,-1,whipsaw,-0.696
down,1770820800000,2026-02-11T14:40:00.000000000,67217.0,-1.979,1,5.2,-273.8,0.4706,1.79,125.3903,-8.4e-05,0.113,172.5,0.5132,-0.492,420.0,0.4795,-1.714,2395.0,0.4698,-0.981,614.7,0.4764,-2.174,-1,17,trend,-1.022
down,1770828240000,2026-02-11T16:44:00.000000000,66127.5,-1.523,1,2.55,440.7,0.4719,1.669,114.5503,-1.2e-05,-0.141,-74.0,0.3791,-0.134,-426.7,0.4983,0.206,-692.9,0.468,0.725,-216.2,0.4649,-0.38,47,-1,whipsaw,-0.218
down,1770913260000,2026-02-12T16:21:00.000000000,66324.05,-1.716,1,4.94,610.1,0.4892,2.011,97.3052,-1.7e-05,-0.169,-159.3,0.4152,0.291,-188.6,0.4842,-0.41,-121.7,0.507,-0.489,730.3,0.5062,-1.818,-1,32,trend,-3.94
up,1770995400000,2026-02-13T15:10:00.000000000,68330.0,1.78,1,5.41,239.9,0.4951,1.644,176.5431,7e-06,0.31,-315.9,0.5487,0.26,-205.2,0.5049,0.918,-116.8,0.5323,0.896,-542.8,0.513,1.687,-1,21,trend,2.05
up,1771128420000,2026-02-15T04:07:00.000000000,70350.11,1.517,1,9.69,476.8,0.4842,2.496,61.4172,-1.1e-05,-0.005,-48.8,0.4486,-0.223,67.7,0.4304,-0.11,-60.8,0.4813,-0.094,-37.9,0.4999,0.875,-1,-1,partial,-2.519
down,1771160340000,2026-02-15T12:59:00.000000000,69314.21,-1.501,1,3.16,-513.4,0.3454,1.368,75.4883,4.7e-05,0.164,-187.4,0.3412,0.284,-249.6,0.3311,-0.371,-14.9,0.3434,-0.554,68.1,0.3659,-0.947,-1,-1,partial,-0.648
down,1771248480000,2026-02-16T13:28:00.000000000,68607.18,-1.687,1,4.37,93.6,0.4742,1.53,100.3969,-3.3e-05,0.267,-335.6,0.5747,-0.301,-510.8,0.5004,-0.299,-633.3,0.5261,-0.417,-478.7,0.5584,-1.914,-1,123,trend,0.69
down,1771255920000,2026-02-16T15:32:00.000000000,67445.61,-1.572,1,5.51,144.5,0.6004,1.585,71.489,-3.3e-05,0.051,-1329.3,0.3597,0.168,-1335.6,0.4797,0.254,-1181.1,0.4986,0.399,-983.7,0.4823,-0.225,158,-1,whipsaw,0.906
down,1771339380000,2026-02-17T14:43:00.000000000,67002.01,-1.65,1,6.75,-66.7,0.3243,1.615,119.9955,2.7e-05,-0.003,-500.9,0.4036,-0.042,-296.2,0.4929,-0.086,284.6,0.4769,-0.066,925.7,0.417,-0.569,78,-1,whipsaw,-0.276
up,1771344240000,2026-02-17T16:04:00.000000000,67754.77,1.546,1,5.65,-4.9,0.4702,1.827,100.7134,5.1e-05,-0.013,-68.2,0.4236,0.252,-387.4,0.4574,0.144,-92.7,0.4559,-0.266,23.4,0.4519,0.709,68,-1,whipsaw,-0.532
up,1771429260000,2026-02-18T15:41:00.000000000,68333.5,1.509,1,5.42,176.9,0.4913,1.664,67.3579,-1e-06,-0.47,-205.8,0.4644,-0.773,-584.8,0.4985,-1.768,-880.9,0.5047,-1.563,-385.2,0.5345,0.021,17,-1,whipsaw,-2.736
down,1771431000000,2026-02-18T16:10:00.000000000,67084.01,-1.721,1,7.46,-880.9,0.5036,1.407,131.0676,3.6e-05,0.007,63.6,0.5543,0.229,247.6,0.5962,0.185,495.7,0.561,0.343,414.1,0.5574,-1.81,-1,153,trend,1.391
down,1771808460000,2026-02-23T01:01:00.000000000,66289.29,-1.626,1,8.19,735.7,0.5152,1.425,45.8807,6.9e-05,-0.069,-1136.1,0.5631,-1.457,-1518.2,0.5633,-1.765,-587.6,0.5233,-2.784,59.9,0.5284,-3.015,-1,8,trend,2.23
down,1771868160000,2026-02-23T17:36:00.000000000,64448.77,-1.508,1,4.26,-768.0,0.4674,2.029,71.8045,2.3e-05,0.276,-29.4,0.5672,-0.33,448.3,0.5802,0.313,686.5,0.595,1.091,988.1,0.5897,-0.869,60,-1,whipsaw,0.464
down,1771895760000,2026-02-24T01:16:00.000000000,63660.71,-1.958,1,2.61,267.0,0.4293,1.455,70.6241,5.7e-05,0.485,-1018.7,0.5325,1.281,-805.2,0.5412,0.853,-956.7,0.5029,0.801,-679.2,0.4936,-1.244,8,178,whipsaw,-3.174
up,1771981860000,2026-02-25T01:11:00.000000000,65331.91,1.859,1,2.83,-5.3,0.5955,1.363,62.0693,2.4e-05,0.535,-1312.4,0.4828,1.243,-2042.4,0.5194,1.085,-1901.9,0.4861,1.219,-1921.2,0.4898,1.497,-1,6,trend,4.883
down,1772260080000,2026-02-28T06:28:00.000000000,64471.68,-1.616,1,5.53,-1167.9,0.4518,1.55,69.8314,4e-05,-0.572,-409.6,0.3544,-0.824,-229.9,0.4348,-2.034,31.3,0.4639,-1.434,85.7,0.5104,-2.236,-1,8,trend,-4.145
up,1772287080000,2026-02-28T13:58:00.000000000,65022.54,1.55,1,5.63,-885.3,0.5606,1.646,97.8362,-3.7e-05,-0.224,97.2,0.5117,-0.342,-255.5,0.5487,-0.365,-376.1,0.5334,-0.824,-1035.9,0.5104,0.52,58,-1,whipsaw,2.99
up,1772329740000,2026-03-01T01:49:00.000000000,67340.16,1.726,1,2.51,-426.8,0.6469,1.402,71.4769,-7e-06,0.036,-124.2,0.5652,1.007,-182.1,0.5682,0.653,-161.4,0.5109,0.617,174.4,0.5168,1.277,-1,14,trend,-1.259
down,1772383800000,2026-03-01T16:50:00.000000000,65930.24,-1.535,1,3.92,-534.1,0.5181,1.753,55.7776,2.9e-05,0.405,325.2,0.5231,0.387,405.5,0.5061,-0.096,92.4,0.4769,0.124,375.6,0.5017,-1.284,78,220,whipsaw,-5.718
down,1772405280000,2026-03-01T22:48:00.000000000,65089.28,-1.634,1,3.66,-336.4,0.4216,1.457,131.5107,2.9e-05,0.324,210.0,0.6282,0.745,286.5,0.5931,1.046,-64.6,0.5491,1.045,201.9,0.5102,-0.051,17,-1,whipsaw,-6.457
up,1772462640000,2026-03-02T14:44:00.000000000,66626.06,1.643,2,4.26,352.8,0.561,1.769,119.12,-2e-05,0.563,226.2,0.6226,0.827,221.4,0.5691,2.7,1664.6,0.5953,4.338,3825.4,0.5472,5.208,-1,17,trend,-0.243
up,1772552400000,2026-03-03T15:40:00.000000000,67652.45,1.53,1,2.27,758.4,0.5318,1.823,107.151,1.4e-05,-0.036,-77.9,0.5576,-0.218,-33.1,0.473,1.134,209.6,0.5267,0.257,-834.9,0.5005,1.99,-1,28,trend,7.508
up,1772610420000,2026-03-04T07:47:00.000000000,69437.8,1.506,2,3.76,407.8,0.5661,1.399,78.6276,-5.4e-05,-0.069,-12.4,0.4832,0.043,226.6,0.5093,-0.165,355.5,0.4472,1.444,357.2,0.4877,3.536,-1,59,trend,4.003
up,1772638020000,2026-03-04T15:27:00.000000000,72770.94,1.645,1,4.01,239.7,0.5807,1.713,153.9138,2.5e-05,0.106,-395.1,0.623,0.0,72.5,0.5569,0.714,146.4,0.5778,0.326,-538.1,0.5404,1.758,-1,36,trend,-1.987
down,1772724420000,2026-03-05T15:27:00.000000000,71325.31,-1.617,1,3.09,-296.8,0.439,1.913,116.5728,5e-05,-0.034,132.1,0.3961,0.207,931.8,0.4715,0.325,377.4,0.4528,-0.358,-211.6,0.4635,-0.953,-1,-1,partial,3.435
down,1772805900000,2026-03-06T14:05:00.000000000,69046.49,-1.745,1,6.54,-461.3,0.4781,1.504,135.8631,-3.1e-05,-0.401,58.0,0.4072,-0.128,356.6,0.4827,-0.55,453.4,0.4752,-0.628,2727.0,0.5064,-1.885,-1,45,trend,1.817
down,1773007440000,2026-03-08T22:04:00.000000000,65775.36,-1.721,1,10.23,-5.7,0.5478,1.265,85.5821,-2.9e-05,0.391,-642.1,0.5325,-0.002,-595.8,0.5426,0.434,-302.8,0.5263,0.936,347.3,0.5188,-0.238,61,-1,whipsaw,-4.593
up,1773026340000,2026-03-09T03:19:00.000000000,67639.7,1.544,1,4.4,-197.4,0.5712,1.984,84.1262,-5.8e-05,-0.73,-178.7,0.3975,-0.498,-174.6,0.4894,-0.745,-256.5,0.4892,-0.57,-413.1,0.5261,0.635,239,-1,whipsaw,3.774
up,1773110520000,2026-03-10T02:42:00.000000000,70398.37,1.766,1,3.42,-707.8,0.5527,1.632,80.9972,-2.4e-05,-0.012,-945.1,0.4531,-0.159,-831.1,0.4524,-0.388,-834.8,0.4148,-0.566,-811.9,0.4174,0.256,64,-1,whipsaw,-0.947
down,1773151260000,2026-03-10T14:01:00.000000000,69630.0,-1.538,1,4.12,-493.4,0.4378,1.583,130.6879,1.2e-05,0.457,-3.3,0.5345,-0.42,-190.7,0.4398,0.296,17.6,0.5066,2.642,-251.3,0.5242,-0.523,39,-1,whipsaw,-0.871
up,1773153900000,2026-03-10T14:45:00.000000000,70414.17,1.524,1,2.65,176.2,0.5474,1.746,93.2024,1.2e-05,0.548,370.2,0.5273,1.524,-236.8,0.5442,0.864,-33.3,0.5093,1.057,669.3,0.522,1.935,-1,8,trend,0.743
up,1773235860000,2026-03-11T13:31:00.000000000,70510.15,1.676,1,3.66,-290.2,0.4944,1.707,48.5741,-5.3e-05,0.302,227.3,0.5542,-0.257,462.9,0.4844,-0.388,137.5,0.4917,0.107,969.7,0.4789,1.148,24,234,whipsaw,-0.71
up,1773361320000,2026-03-13T00:22:00.000000000,71607.47,1.514,1,6.76,13.3,0.5403,1.521,92.4717,-2.8e-05,-0.23,339.0,0.4188,0.212,591.3,0.4636,-0.387,314.7,0.4441,-0.135,258.4,0.4591,0.548,-1,-1,partial,-0.939
down,1773413520000,2026-03-13T14:52:00.000000000,72555.08,-1.553,1,8.99,-569.5,0.6073,1.84,99.1659,4.3e-05,-0.209,-346.2,0.3799,0.085,-446.3,0.4023,0.168,-672.2,0.4202,-0.563,-1303.1,0.4147,-2.362,-1,63,trend,2.627
up,1773632040000,2026-03-16T03:34:00.000000000,73728.64,1.586,1,7.98,35.8,0.5914,1.378,80.8307,2.5e-05,0.364,-494.6,0.5865,-0.114,-651.4,0.4693,-0.01,-747.4,0.4812,-0.055,-788.0,0.5163,0.98,-1,-1,partial,1.172
down,1773671880000,2026-03-16T14:38:00.000000000,73162.33,-1.72,1,4.37,-385.7,0.4224,1.457,112.5045,7.1e-05,-0.087,-29.1,0.3698,0.228,-144.3,0.4754,0.483,-290.9,0.496,0.683,57.2,0.5557,-0.235,46,-1,whipsaw,-1.346
down,1773904980000,2026-03-19T07:23:00.000000000,69489.46,-1.585,1,6.6,-317.2,0.3386,1.578,74.7986,-1e-05,0.472,-149.3,0.4563,0.962,-245.8,0.5676,1.107,-314.3,0.5832,0.924,-251.9,0.5268,-0.016,16,-1,whipsaw,-1.496
down,1774137300000,2026-03-21T23:55:00.000000000,69084.53,-1.513,1,23.53,283.2,0.406,1.678,67.771,1.1e-05,-0.435,553.0,0.4731,-0.36,92.7,0.5293,-0.412,-76.0,0.5442,-0.346,-204.1,0.5531,-1.239,-1,6,trend,1.738
up,1774263900000,2026-03-23T11:05:00.000000000,69975.78,2.186,1,5.11,54.9,0.5639,1.205,98.5793,-2.9e-05,1.31,-2321.0,0.5545,1.238,-2557.3,0.5109,1.331,-3107.1,0.502,-0.228,-2551.0,0.4914,2.631,0,1,whipsaw,1.513
down,1774267320000,2026-03-23T12:02:00.000000000,69724.14,-1.748,1,9.96,579.8,0.4819,1.619,127.8379,-2.9e-05,0.139,-205.5,0.539,0.711,47.0,0.5751,0.742,363.9,0.5496,1.428,253.9,0.5551,-0.075,19,-1,whipsaw,-1.928
down,1774608840000,2026-03-27T10:54:00.000000000,66639.68,-1.622,1,8.46,375.6,0.5456,1.684,72.6276,-6.3e-05,-0.206,-101.0,0.5122,-0.354,556.7,0.4543,0.005,1189.8,0.4812,0.155,1533.3,0.5009,-1.365,-1,207,trend,0.648
down,1774824300000,2026-03-29T22:45:00.000000000,65258.73,-1.558,1,15.34,-313.3,0.4474,1.456,87.4076,2.7e-05,-0.237,-272.7,0.4139,1.43,-557.1,0.578,1.273,-403.1,0.5472,1.302,63.0,0.5403,-0.396,11,-1,whipsaw,-2.414
up,1774826280000,2026-03-29T23:18:00.000000000,66196.42,1.592,2,13.13,-403.1,0.5719,1.74,100.0597,2.7e-05,-0.055,42.2,0.5586,-0.297,156.8,0.5393,-0.154,466.1,0.5373,0.02,600.4,0.5221,1.894,-1,61,trend,0.652
up,1774920840000,2026-03-31T01:34:00.000000000,68338.18,1.781,1,4.08,-536.8,0.6126,1.528,60.3421,1e-06,-0.217,-50.4,0.5025,-0.632,-482.6,0.4944,-0.67,-392.6,0.4804,-0.593,-316.8,0.4796,0.103,125,-1,whipsaw,-0.583
down,1774968660000,2026-03-31T14:51:00.000000000,66566.7,-1.642,1,3.3,42.8,0.3899,1.585,85.9521,-1.9e-05,-0.03,-79.6,0.3702,0.703,177.5,0.4974,0.849,-667.4,0.4908,0.707,-890.0,0.4492,-0.209,23,-1,whipsaw,-2.944
up,1774975260000,2026-03-31T16:41:00.000000000,67988.36,1.642,1,2.43,-157.9,0.5527,1.346,52.641,-2.8e-05,-0.497,39.0,0.5625,-0.551,105.3,0.5268,0.088,497.4,0.5813,-0.45,106.1,0.5157,0.884,-1,-1,partial,1.321
down,1775092920000,2026-04-02T01:22:00.000000000,67322.17,-1.679,1,5.35,-230.0,0.4868,1.56,142.1014,3.5e-05,0.365,172.0,0.4904,0.066,150.4,0.4968,-0.053,127.6,0.4983,-0.618,-392.9,0.5082,-1.642,-1,82,trend,0.783
up,1775592360000,2026-04-07T20:06:00.000000000,69516.87,1.502,1,7.61,849.6,0.533,1.702,69.7714,7.4e-05,-0.124,214.5,0.3433,-0.342,-72.8,0.3225,-0.386,38.5,0.3988,0.512,325.0,0.5117,4.667,-1,67,trend,2.715
up,1775602740000,2026-04-07T22:59:00.000000000,71514.09,1.555,1,10.34,16.6,0.529,1.826,105.5452,7.4e-05,-0.217,423.8,0.4755,-0.037,356.2,0.4763,1.733,2037.3,0.5256,0.573,1474.5,0.509,1.744,-1,27,trend,-0.628
up,1775748840000,2026-04-09T15:34:00.000000000,72201.28,1.608,1,5.93,195.9,0.5163,1.431,75.2303,5.2e-05,-0.443,-264.2,0.4821,-0.124,659.3,0.55,0.144,917.4,0.5237,-0.365,1938.8,0.49,0.483,-1,-1,partial,0.709
down,1775958060000,2026-04-12T01:41:00.000000000,71941.02,-1.6,1,12.75,-102.6,0.4033,1.441,67.8717,-8.1e-05,-0.487,-381.7,0.4472,-0.555,-1045.3,0.4966,-0.223,-1032.0,0.5262,-0.052,-2461.0,0.5129,-0.877,-1,-1,partial,1.178
up,1776118560000,2026-04-13T22:16:00.000000000,74420.14,1.654,1,6.02,-169.3,0.5314,1.445,74.2438,-5.4e-05,-0.411,-343.1,0.4775,-0.136,-112.2,0.4447,-0.281,33.9,0.4712,0.323,15.7,0.4942,0.645,-1,-1,partial,-0.214
down,1776347580000,2026-04-16T13:53:00.000000000,73724.79,-1.533,1,6.4,11.4,0.4087,1.544,94.7455,-2.8e-05,-0.015,-100.1,0.4563,0.24,-319.8,0.4852,-0.288,-693.6,0.4627,0.361,-721.4,0.4991,-0.563,103,-1,whipsaw,-4.878
up,1776431640000,2026-04-17T13:14:00.000000000,76909.99,1.526,1,9.23,580.1,0.5736,1.852,106.8883,2.8e-05,-0.117,-265.6,0.5543,-0.421,-418.1,0.5391,-0.023,212.3,0.5903,0.234,747.9,0.5658,1.85,17,69,whipsaw,-0.981
down,1777303080000,2026-04-27T15:18:00.000000000,77025.03,-1.547,1,6.05,185.8,0.4008,1.579,77.6121,-8.7e-05,-0.452,-872.1,0.3741,-0.147,-953.7,0.4942,-0.143,-858.2,0.5139,-0.23,-591.1,0.4803,-0.622,-1,-1,partial,1.345
up,1777859700000,2026-05-04T01:55:00.000000000,79721.94,1.616,1,8.93,292.9,0.5251,1.376,81.9166,4.3e-05,0.114,823.5,0.6196,0.118,995.4,0.5594,-0.095,1122.0,0.4897,0.824,2572.3,0.5346,1.146,-1,143,trend,0.742
down,1777889820000,2026-05-04T10:17:00.000000000,78572.48,-1.545,1,9.74,-1574.1,0.4826,1.573,73.0128,-2e-06,-0.098,-135.0,0.5259,0.399,18.2,0.5994,0.424,168.8,0.4936,0.67,521.8,0.5224,-0.472,-1,-1,partial,-2.699
up,1777906260000,2026-05-04T14:51:00.000000000,80340.0,1.597,1,7.04,151.6,0.5983,1.463,101.6107,-2e-06,-0.136,38.6,0.4887,-0.184,856.2,0.46,-1.105,882.4,0.4336,-0.955,970.6,0.4576,0.544,28,-1,whipsaw,1.076
down,1778853060000,2026-05-15T13:51:00.000000000,78756.2,-1.747,1,8.31,-105.6,0.5081,1.642,72.4486,-1.9e-05,0.081,-63.3,0.4984,0.199,339.5,0.4632,0.533,1096.8,0.5,0.373,1322.7,0.4706,-0.123,-1,-1,partial,1.051
