direction,anchor_ts,anchor_dt,trigger_price,move_pct,n_triggers,vol_spike,oi_delta_win,taker_win,wick_ratio,accel,funding_at_anchor,move_t5,oi_delta_t5,taker_t5,move_t15,oi_delta_t15,taker_t15,move_t30,oi_delta_t30,taker_t30,move_t60,oi_delta_t60,taker_t60,fwd_extreme_pct,bars_to_return,bars_to_continue,outcome,move_24h_signed
up,1715776200000,2024-05-15T12:30:00.000000000,2942.01,1.531,1,4.97,288.1,0.4932,1.362,3.7814,8.2e-05,0.172,-3047.0,0.5192,0.246,-910.1,0.5161,0.144,4738.0,0.5175,0.865,-60.4,0.5089,1.733,0,59,whipsaw,1.617
up,1715930040000,2024-05-17T07:14:00.000000000,3003.26,1.735,1,5.1,-2283.5,0.5338,1.367,2.8103,5.3e-05,0.152,-2230.7,0.4997,0.861,-1194.4,0.5202,0.839,120.6,0.5146,1.453,9853.1,0.4987,1.874,-1,56,trend,3.147
up,1715949960000,2024-05-17T12:46:00.000000000,3068.21,1.566,1,3.55,12064.6,0.5981,1.333,2.9724,8.5e-05,0.223,2442.6,0.5851,0.331,16416.9,0.5438,0.414,19009.0,0.4756,-0.237,15218.8,0.4607,1.688,-1,156,trend,1.893
up,1716232920000,2024-05-20T19:22:00.000000000,3213.05,1.937,4,6.19,-940.3,0.4183,1.262,3.9721,4.6e-05,3.357,41231.6,0.5785,7.172,70209.7,0.5661,5.999,71605.4,0.5247,6.921,95108.3,0.5207,14.637,-1,1,trend,16.094
up,1716291000000,2024-05-21T11:30:00.000000000,3771.12,1.581,1,3.02,9546.9,0.5121,1.529,6.6169,0.000194,0.471,2399.0,0.5057,0.531,4220.9,0.4849,0.146,8690.0,0.4707,0.401,12645.5,0.4812,1.72,-1,18,trend,-1.021
down,1716294060000,2024-05-21T12:21:00.000000000,3750.95,-1.67,1,2.86,2661.3,0.4613,1.564,5.4172,0.000194,0.889,4924.7,0.4945,0.251,2896.7,0.4833,0.844,3014.1,0.4924,0.961,6248.5,0.4752,-0.063,3,-1,whipsaw,1.007
up,1716309060000,2024-05-21T16:31:00.000000000,3828.39,1.613,1,1.92,8504.2,0.537,1.815,6.0217,0.0001,-0.735,14779.4,0.4748,-1.284,4259.9,0.4694,-1.382,-4718.0,0.4962,-1.748,-23937.9,0.4896,0.343,5,-1,whipsaw,-1.838
down,1716353100000,2024-05-22T04:45:00.000000000,3723.61,-1.712,1,2.13,-11257.5,0.4724,1.759,2.9469,0.000125,0.308,-1915.4,0.4911,0.716,296.7,0.4547,0.752,3040.8,0.4257,1.021,3767.8,0.4577,-0.097,46,-1,whipsaw,-1.911
down,1716382200000,2024-05-22T12:50:00.000000000,3661.64,-1.537,1,3.31,-3026.8,0.4441,2.053,5.7248,0.000152,0.151,91.6,0.4751,0.571,-4020.5,0.4884,0.986,-6307.0,0.5022,0.758,-5199.1,0.4814,-0.232,27,-1,whipsaw,-7.46
up,1716466080000,2024-05-23T12:08:00.000000000,3941.0,1.859,1,4.43,-153.5,0.5211,1.634,4.9531,0.0001,-0.359,1434.5,0.4824,-0.155,2363.6,0.4882,-0.033,5299.9,0.4849,-2.186,-19109.2,0.4817,0.21,48,-1,whipsaw,-5.809
down,1716468960000,2024-05-23T12:56:00.000000000,3830.15,-2.776,2,3.72,-76.8,0.4571,2.03,6.2455,0.0001,0.334,-25391.5,0.5144,0.773,-19601.1,0.4992,0.57,-24061.4,0.4893,-1.628,-33979.1,0.4843,-2.798,0,0,whipsaw,2.99
up,1716478020000,2024-05-23T15:27:00.000000000,3819.56,1.629,1,2.43,5334.7,0.551,1.829,6.8724,0.0001,0.407,447.4,0.6015,0.065,8219.3,0.4982,0.012,4374.7,0.4946,-0.575,-5163.6,0.4748,0.535,81,-1,whipsaw,-2.593
down,1716487500000,2024-05-23T18:05:00.000000000,3757.89,-1.585,3,1.96,-4103.8,0.4686,1.732,6.2021,0.0001,-1.417,-6345.4,0.4388,-0.992,-9495.6,0.4989,-0.84,-5628.2,0.4971,0.258,5812.4,0.5033,-6.916,88,5,trend,0.894
up,1716490260000,2024-05-23T18:51:00.000000000,3782.71,1.727,3,3.6,8457.8,0.523,1.808,8.6538,0.0001,-0.088,2755.5,0.4745,-0.453,6850.2,0.4673,-0.336,8053.9,0.4703,0.184,8791.2,0.4853,3.127,69,45,trend,-1.336
up,1716511320000,2024-05-24T00:42:00.000000000,3808.45,1.623,1,1.1,2731.5,0.5564,1.665,5.8621,0.0001,0.359,1444.5,0.6038,0.251,3565.0,0.5845,-0.299,-785.2,0.5184,0.067,786.2,0.5173,0.556,-1,-1,partial,-2.215
down,1716529200000,2024-05-24T05:40:00.000000000,3749.73,-1.557,2,1.53,-3450.5,0.4202,1.836,5.3162,0.0001,0.046,1016.5,0.4711,-0.414,-1589.5,0.4781,-0.403,-3374.9,0.5353,-1.629,-3312.0,0.5313,-3.297,-1,45,trend,-0.194
up,1716561420000,2024-05-24T14:37:00.000000000,3731.86,1.566,1,1.49,3919.7,0.5611,1.739,5.1362,0.0001,-0.264,3950.8,0.4688,-0.514,2892.7,0.4738,-0.279,1833.7,0.5346,-0.436,5750.2,0.496,0.727,79,-1,whipsaw,0.186
up,1716735600000,2024-05-26T15:00:00.000000000,3868.4,1.582,1,12.95,461.1,0.5065,1.697,3.7659,0.0001,-0.047,2524.9,0.4382,-0.447,3077.0,0.41,-0.062,4796.5,0.4737,-0.753,1191.0,0.4617,0.408,48,-1,whipsaw,2.097
down,1716861960000,2024-05-28T02:06:00.000000000,3841.5,-1.64,1,4.6,4406.0,0.451,1.458,6.8593,0.0001,-0.075,1163.2,0.5218,0.6,2683.0,0.5787,0.772,6340.8,0.5402,0.411,5548.0,0.5047,-0.517,-1,-1,partial,0.117
down,1716921720000,2024-05-28T18:42:00.000000000,3776.59,-1.549,1,3.99,-10275.7,0.4771,1.495,4.1424,0.000122,0.204,-356.8,0.4602,0.535,462.6,0.51,0.942,5917.3,0.5002,1.494,10508.2,0.5066,-0.071,24,-1,whipsaw,0.515
down,1717783200000,2024-06-07T18:00:00.000000000,3703.79,-1.819,1,7.39,-280.0,0.4371,1.343,3.7472,0.00017,-1.872,-2803.5,0.3906,-1.412,-7555.7,0.446,-0.886,1840.2,0.4651,-0.797,11458.8,0.4313,-2.802,-1,1,trend,0.443
up,1717785240000,2024-06-07T18:34:00.000000000,3670.1,1.593,1,32.95,1840.2,0.4683,1.937,8.7641,0.00017,-0.019,1639.4,0.3781,0.168,4810.9,0.3928,-0.155,9618.6,0.3914,0.689,6711.6,0.4458,0.943,-1,-1,partial,0.529
down,1718072100000,2024-06-11T02:15:00.000000000,3608.49,-1.528,1,17.81,-8619.5,0.4592,1.394,11.0852,0.0001,-0.313,-2346.7,0.4948,-0.446,-2783.2,0.5206,-0.297,-1630.9,0.4976,-0.08,1637.0,0.4938,-2.079,-1,3,trend,3.189
down,1718080380000,2024-06-11T04:33:00.000000000,3537.67,-1.532,1,13.86,-15325.9,0.4564,2.2,3.9931,0.0001,0.626,641.3,0.5097,0.773,1375.6,0.5307,0.793,4167.6,0.5089,0.674,4451.4,0.5083,-0.969,-1,-1,partial,0.392
down,1718120400000,2024-06-11T15:40:00.000000000,3458.69,-1.703,1,5.55,-3974.7,0.4933,1.874,5.2421,0.0001,0.329,-4112.1,0.4237,-0.08,2319.9,0.4536,0.631,11381.5,0.474,0.064,8622.9,0.4666,-0.772,180,-1,whipsaw,-4.702
up,1718195400000,2024-06-12T12:30:00.000000000,3597.2,1.83,1,4.66,-2676.3,0.5344,1.254,3.7245,0.0001,0.539,-1845.2,0.5053,1.12,-6997.4,0.4811,1.136,-2725.4,0.4959,0.35,-1265.9,0.4662,1.718,0,1,whipsaw,-2.218
down,1718221620000,2024-06-12T19:47:00.000000000,3530.13,-1.619,1,4.85,-1984.4,0.5004,1.69,6.4748,0.0001,-0.227,-2245.2,0.4889,-0.157,2473.2,0.4846,0.531,-11.1,0.5176,0.755,-2047.4,0.5258,-0.476,101,-1,whipsaw,1.114
down,1718293200000,2024-06-13T15:40:00.000000000,3452.82,-1.548,1,4.73,-2003.7,0.4541,1.816,3.7359,0.0001,-0.386,-1436.3,0.4671,-0.26,-933.7,0.5015,-0.052,-1911.8,0.4942,0.163,-6078.6,0.5137,-0.719,-1,-1,partial,-0.816
down,1718381280000,2024-06-14T16:08:00.000000000,3420.4,-1.901,1,5.88,-784.4,0.3679,1.591,3.9383,0.0001,-0.063,-6218.8,0.4526,-0.047,-3129.6,0.4688,-0.425,-1844.0,0.4651,-0.897,-1010.8,0.4576,-1.7,-1,55,trend,-4.385
up,1718400420000,2024-06-14T21:27:00.000000000,3470.61,1.658,1,3.46,9776.8,0.4929,1.336,4.4855,0.0001,0.795,13852.5,0.5937,0.749,10297.0,0.5108,1.032,16942.3,0.4975,0.046,10884.7,0.4683,1.68,-1,8,trend,2.633
up,1718575740000,2024-06-16T22:09:00.000000000,3650.66,1.581,1,8.93,1162.6,0.5652,1.269,3.5166,0.0001,-0.141,-3085.9,0.4949,-0.467,-2988.9,0.4387,-0.403,-990.2,0.4421,-0.574,-3329.9,0.4855,0.086,173,-1,whipsaw,-3.345
up,1718642880000,2024-06-17T16:48:00.000000000,3531.01,1.533,1,7.36,-3765.1,0.5172,1.642,5.7228,9.1e-05,-0.125,1109.4,0.5397,0.18,232.6,0.5292,-0.052,-1298.8,0.4849,0.227,633.6,0.5415,1.324,-1,80,trend,-3.421
down,1718674980000,2024-06-18T01:43:00.000000000,3379.58,-2.389,1,7.98,-3071.0,0.4861,1.714,7.9631,6.6e-05,0.335,-4068.0,0.4508,0.88,-2298.9,0.4634,0.579,7345.2,0.4594,1.32,7787.8,0.4945,-0.727,17,-1,whipsaw,-4.185
up,1718721240000,2024-06-18T14:34:00.000000000,3435.78,1.65,1,4.94,2910.8,0.517,1.859,5.5221,7.8e-05,-0.004,3534.4,0.4732,0.047,3923.6,0.4826,-0.957,-3885.5,0.446,-0.623,824.0,0.4765,0.117,24,-1,whipsaw,2.393
up,1718759940000,2024-06-19T01:19:00.000000000,3544.84,1.659,1,4.64,1953.0,0.6014,1.851,3.7431,0.0001,-0.436,3934.6,0.444,-0.366,6249.8,0.447,-1.045,14267.3,0.4091,-0.367,17237.9,0.4752,1.133,27,170,whipsaw,0.67
down,1718889960000,2024-06-20T13:26:00.000000000,3534.15,-1.577,1,6.01,-14300.8,0.4379,1.791,3.1183,6.4e-05,0.097,-5112.8,0.517,0.281,-2854.6,0.483,-0.044,-2735.3,0.4881,-0.652,-11093.2,0.482,-1.362,-1,54,trend,1.596
up,1718962620000,2024-06-21T09:37:00.000000000,3520.58,1.792,1,4.19,13943.7,0.5665,1.461,5.2983,2.1e-05,-0.141,-2132.8,0.49,0.097,-9831.8,0.512,-0.076,5497.3,0.5298,-0.778,211.8,0.4889,0.348,157,-1,whipsaw,-0.852
down,1719221400000,2024-06-24T09:30:00.000000000,3335.79,-1.553,1,9.4,969.5,0.4953,1.799,3.6738,0.0001,-1.414,-28782.8,0.4286,-1.415,-27504.0,0.4855,-0.758,-12666.1,0.497,-0.606,-9438.7,0.4941,-2.872,-1,3,trend,-0.773
up,1719796800000,2024-07-01T01:20:00.000000000,3497.47,1.643,1,10.94,-1747.3,0.6062,1.371,4.6166,0.0001,0.032,1339.1,0.7114,0.242,-2596.7,0.5752,0.318,-3951.7,0.5792,0.236,-2955.6,0.5898,0.785,-1,-1,partial,-1.507
down,1720002780000,2024-07-03T10:33:00.000000000,3289.33,-1.582,1,11.45,-8151.9,0.4647,1.612,5.949,0.0001,0.43,-2349.4,0.5297,0.763,-930.6,0.5168,0.545,2127.7,0.5212,0.155,1889.0,0.4677,-0.421,207,-1,whipsaw,4.431
down,1720057680000,2024-07-04T01:48:00.000000000,3228.31,-1.832,1,7.19,2387.4,0.4306,1.596,10.1583,0.0001,-0.006,-4002.2,0.4279,-1.064,-7071.9,0.4267,-0.505,-5198.8,0.4992,-0.035,-5722.0,0.5202,-2.271,-1,12,trend,4.194
up,1720060200000,2024-07-04T02:30:00.000000000,3225.3,2.133,1,9.0,267.6,0.5715,1.487,5.0352,0.0001,0.028,-561.4,0.5034,0.022,1082.3,0.513,0.106,-458.4,0.4958,0.158,-4013.0,0.4786,0.65,239,-1,whipsaw,-4.374
down,1720099920000,2024-07-04T13:32:00.000000000,3090.69,-1.533,1,6.92,-7371.9,0.4619,1.661,7.391,0.0001,0.151,-3738.8,0.4594,0.688,-3556.2,0.5014,1.075,238.9,0.4768,0.258,167.8,0.4187,-0.079,17,-1,whipsaw,3.898
down,1720136460000,2024-07-04T23:41:00.000000000,3060.83,-1.88,1,3.87,-57.1,0.4441,1.772,3.9952,0.0001,0.483,-2964.2,0.5034,0.082,1308.2,0.5117,-0.188,-3218.0,0.5027,0.9,-6760.0,0.5081,-5.581,66,192,whipsaw,2.249
up,1720141620000,2024-07-05T01:07:00.000000000,3105.31,1.533,1,3.8,464.9,0.4897,1.585,8.581,0.0001,-0.469,-53.4,0.2975,-0.657,-2445.9,0.3973,-1.034,-5183.2,0.4335,-0.781,-4261.0,0.4424,0.042,17,-1,whipsaw,-4.148
down,1720148040000,2024-07-05T02:54:00.000000000,3023.71,-1.704,2,6.38,-825.5,0.451,1.707,9.0221,0.0001,-3.097,-3338.0,0.3923,-3.484,-39408.4,0.4414,-3.524,-25513.6,0.4617,-3.705,-23498.1,0.4404,-7.068,-1,4,trend,1.419
up,1720154940000,2024-07-05T04:49:00.000000000,2889.45,1.572,1,8.91,299.9,0.4687,1.735,7.5679,0.0001,-0.146,2342.3,0.4563,-0.498,-1485.3,0.4218,0.182,13075.0,0.4435,0.378,13126.2,0.4374,0.538,10,-1,whipsaw,2.65
up,1720172340000,2024-07-05T09:39:00.000000000,2870.27,1.537,1,3.76,1131.8,0.5299,1.561,6.1469,9.6e-05,0.373,1162.8,0.5776,0.226,1841.3,0.5014,0.866,-2967.4,0.5232,1.83,6691.7,0.5397,4.267,-1,31,trend,4.057
up,1720186380000,2024-07-05T13:33:00.000000000,2973.4,1.523,2,1.11,5400.2,0.5002,1.674,4.2079,9.6e-05,-0.03,2484.1,0.5538,-0.443,3441.6,0.4937,-0.449,1682.6,0.508,-1.049,-2802.8,0.5047,1.077,42,117,whipsaw,1.021
up,1720226280000,2024-07-06T00:38:00.000000000,3024.41,1.721,1,0.87,-2481.8,0.4578,1.716,2.7083,9e-05,-0.243,-607.7,0.4417,-1.056,-910.0,0.3911,-1.64,-2206.9,0.3695,-1.739,-208.9,0.4271,0.067,12,-1,whipsaw,1.083
down,1720228080000,2024-07-06T01:08:00.000000000,2974.81,-1.64,1,1.37,-2206.9,0.3695,1.672,3.9931,9e-05,0.238,976.7,0.457,0.02,1969.3,0.4826,-0.1,1998.0,0.4853,-0.453,837.3,0.4952,-0.664,-1,-1,partial,-2.421
down,1720387380000,2024-07-07T21:23:00.000000000,2946.39,-1.689,1,6.15,-1130.4,0.4295,1.646,3.4917,5.4e-05,-0.157,363.5,0.5223,-0.071,3532.1,0.5288,0.395,5500.3,0.536,0.453,8100.7,0.5289,-4.195,-1,195,trend,-1.902
down,1720399500000,2024-07-08T00:45:00.000000000,2893.25,-1.516,1,6.87,-1807.8,0.5117,2.033,3.7734,0.0001,0.012,1255.6,0.4759,-0.251,854.6,0.5203,-1.937,-4384.6,0.4762,-1.773,-8709.1,0.5132,-2.435,-1,20,trend,-4.768
up,1720404180000,2024-07-08T02:03:00.000000000,2875.87,1.621,1,5.35,1036.5,0.5458,1.495,5.08,0.0001,-0.656,-35.7,0.4874,-0.99,1629.4,0.4458,0.602,7315.2,0.4877,0.561,5843.1,0.4764,1.587,12,151,whipsaw,4.789
up,1720426500000,2024-07-08T08:15:00.000000000,2973.98,1.842,1,3.22,-2046.6,0.5552,1.533,3.6417,3.4e-05,0.545,1085.1,0.5704,0.996,1436.7,0.5625,1.601,4360.4,0.5131,2.915,8732.5,0.4823,4.139,-1,10,trend,3.201
down,1720448820000,2024-07-08T14:27:00.000000000,2991.07,-1.525,1,3.31,1304.0,0.4269,1.574,5.4417,3.4e-05,-2.088,-10483.3,0.4912,-0.4,-24275.5,0.5276,-0.543,-24006.6,0.4834,0.531,-19291.0,0.4961,-3.379,45,2,trend,-2.632
up,1720450860000,2024-07-08T15:01:00.000000000,2989.72,2.232,1,12.53,-13346.8,0.5106,1.769,9.11,3.4e-05,-0.198,-1176.4,0.5054,0.374,2042.8,0.4761,0.417,4910.3,0.4788,-0.345,-1757.8,0.4673,1.554,88,11,trend,1.929
down,1720668060000,2024-07-11T03:21:00.000000000,3057.94,-1.522,1,2.7,-3713.5,0.5405,1.865,2.0738,4.3e-05,0.465,1734.0,0.5741,0.376,1585.4,0.5736,0.525,2827.2,0.5854,0.708,2607.9,0.605,-0.104,84,-1,whipsaw,-1.071
up,1720701120000,2024-07-11T12:32:00.000000000,3194.12,1.567,1,13.51,-4978.6,0.4937,1.565,7.1717,8.7e-05,-0.129,-381.1,0.455,0.071,924.6,0.4537,-0.169,5802.7,0.4788,-0.499,10722.3,0.4774,0.724,37,-1,whipsaw,-4.008
down,1720713060000,2024-07-11T15:51:00.000000000,3108.13,-1.552,1,4.1,1356.4,0.5185,1.848,4.6424,8.7e-05,0.022,1967.8,0.5108,0.093,448.4,0.4828,0.473,2789.1,0.5039,0.386,2244.4,0.4934,-0.348,95,-1,whipsaw,-0.704
down,1720747140000,2024-07-12T01:19:00.000000000,3066.94,-1.521,1,2.08,-1130.8,0.4077,1.54,3.4941,0.0001,-0.18,-1309.1,0.3931,0.153,-8007.2,0.5177,0.658,-7479.9,0.5533,0.943,-9059.9,0.5361,-0.386,59,-1,whipsaw,-2.247
up,1721010720000,2024-07-15T02:32:00.000000000,3319.82,1.553,1,5.53,-3928.5,0.5605,1.543,2.7134,9.7e-05,0.287,-3177.9,0.5443,0.298,-3758.8,0.4756,0.306,-5705.3,0.496,0.186,-6808.2,0.5414,0.957,-1,-1,partial,4.232
up,1721143140000,2024-07-16T15:19:00.000000000,3450.15,1.554,1,2.23,7629.2,0.6518,1.845,2.8159,9.8e-05,-0.482,5005.0,0.4528,0.148,7134.9,0.5326,0.367,14275.3,0.5346,0.309,17713.3,0.5215,1.282,-1,38,trend,0.41
up,1721179020000,2024-07-17T01:17:00.000000000,3516.6,1.573,1,3.3,1928.8,0.6411,1.583,2.749,5.8e-05,-0.341,-53.0,0.5249,-0.432,-1033.1,0.4707,-0.523,397.9,0.5063,-1.039,328.6,0.5086,0.011,60,-1,whipsaw,-2.823
up,1721404920000,2024-07-19T16:02:00.000000000,3493.8,1.544,1,5.52,158.3,0.6002,1.548,3.6548,0.0001,-0.445,-3462.1,0.4601,-0.202,-2352.7,0.5468,-0.156,-6047.2,0.562,-0.226,-3729.3,0.5218,1.33,-1,198,trend,0.223
down,1721584380000,2024-07-21T17:53:00.000000000,3453.45,-1.549,1,11.21,-2702.4,0.4256,1.513,2.4766,6.7e-05,0.5,-3742.7,0.559,-0.922,-3912.9,0.4695,0.241,2783.5,0.5028,0.178,-9441.0,0.4624,-1.218,97,17,trend,-0.424
up,1721587260000,2024-07-21T18:41:00.000000000,3470.96,1.582,1,16.12,-6314.4,0.5019,2.132,5.53,6.7e-05,-0.39,-1239.1,0.4169,-0.25,-2208.5,0.3921,-0.315,-3231.7,0.4137,0.409,-5085.5,0.4534,2.191,-1,99,trend,0.013
up,1721723460000,2024-07-23T08:31:00.000000000,3508.05,1.518,1,5.68,8865.7,0.5605,1.588,2.7407,0.0001,0.204,2374.5,0.6236,0.151,8484.2,0.5631,0.455,20550.4,0.5966,0.636,26881.4,0.5961,0.939,-1,-1,partial,-1.626
down,1721742300000,2024-07-23T13:45:00.000000000,3442.42,-1.592,1,8.09,-369.1,0.495,1.586,8.8162,0.0001,-0.284,5000.6,0.4623,-0.008,14103.6,0.4774,0.666,16710.5,0.5057,1.422,19197.9,0.5193,-1.552,36,188,whipsaw,-0.556
down,1721753580000,2024-07-23T16:53:00.000000000,3406.6,-1.736,1,5.07,-22051.8,0.494,1.488,6.5231,9e-05,0.22,-3411.9,0.4893,0.04,1251.2,0.4968,0.274,3575.2,0.5243,0.5,11459.8,0.5369,-0.517,103,-1,whipsaw,-0.458
up,1721762760000,2024-07-23T19:26:00.000000000,3495.83,1.516,1,2.74,3782.8,0.5859,1.449,2.9279,9e-05,-0.33,2295.0,0.5575,-0.546,3392.6,0.5292,-0.711,3828.3,0.5011,-0.476,16376.1,0.5583,0.119,28,-1,whipsaw,-2.977
down,1721856660000,2024-07-24T21:31:00.000000000,3313.26,-1.844,1,8.63,-10700.8,0.4353,1.606,6.8421,6.7e-05,0.609,3073.5,0.5232,0.706,1818.2,0.4421,0.56,5937.6,0.4679,0.532,6828.6,0.4707,-3.804,-1,215,trend,4.155
down,1721869620000,2024-07-25T01:07:00.000000000,3264.74,-1.965,2,6.29,-2111.6,0.4293,1.646,2.5234,9.5e-05,-0.243,-10715.2,0.4662,-1.38,-18512.2,0.4723,-1.456,-18993.0,0.4799,-1.713,-18755.3,0.5163,-4.127,-1,2,trend,1.848
up,1721918280000,2024-07-25T14:38:00.000000000,3175.39,1.754,1,3.55,-5341.2,0.5414,1.704,5.0017,2e-06,-0.15,-8254.6,0.5861,-0.089,-3229.1,0.5377,-0.636,-3936.2,0.5068,-1.032,-7034.2,0.5219,0.088,49,-1,whipsaw,1.813
up,1721941440000,2024-07-25T21:04:00.000000000,3158.71,1.521,1,1.64,-3625.8,0.572,1.75,3.3503,3.7e-05,0.028,862.9,0.4521,0.344,-2652.4,0.4692,0.294,-11262.6,0.4731,0.765,-16687.8,0.4956,1.26,-1,20,trend,2.993
up,1721961000000,2024-07-26T02:30:00.000000000,3236.02,1.528,1,1.99,-113.3,0.6225,1.408,3.4276,3.9e-05,-0.396,339.3,0.5362,-0.153,2668.8,0.5538,0.153,2813.3,0.553,0.239,5403.8,0.5082,1.168,-1,204,trend,0.435
down,1722111840000,2024-07-27T20:24:00.000000000,3205.57,-1.567,1,7.79,-5543.7,0.457,1.691,6.2797,1.8e-05,0.746,-3781.2,0.447,0.445,-4379.8,0.4386,1.379,-305.8,0.497,2.407,8327.8,0.5146,-0.454,21,-1,whipsaw,-1.971
up,1722113700000,2024-07-27T20:55:00.000000000,3249.06,1.564,1,12.16,3209.5,0.5011,1.695,9.5634,1.8e-05,-0.433,-223.3,0.427,0.849,5912.9,0.5687,0.965,4860.8,0.5296,0.974,-7145.4,0.5005,1.399,-1,16,trend,0.364
up,1722545760000,2024-08-01T20:56:00.000000000,3171.81,1.503,1,2.91,-6753.6,0.5186,1.6,3.931,0.0001,0.111,-795.4,0.5195,-0.209,-5580.0,0.4448,-0.149,-7115.4,0.458,0.172,-9207.6,0.4896,1.499,-1,90,trend,-5.0
down,1722607920000,2024-08-02T14:12:00.000000000,3125.0,-1.553,2,2.48,4231.1,0.4362,1.512,4.4959,7.8e-05,0.527,561.0,0.511,0.311,2327.5,0.4591,-0.769,10477.9,0.458,-3.571,1925.1,0.4407,-4.476,-1,33,trend,3.813
up,1722613440000,2024-08-02T15:44:00.000000000,3036.09,1.521,1,8.85,4566.6,0.5213,1.587,7.9079,7.8e-05,0.036,129.6,0.4662,0.096,406.2,0.4785,-0.076,-394.4,0.4819,0.078,-798.0,0.4891,0.412,234,-1,whipsaw,-2.234
down,1722634200000,2024-08-02T21:30:00.000000000,2967.76,-1.639,1,4.59,-973.8,0.4487,1.562,5.2955,3.8e-05,0.995,960.1,0.5797,1.52,979.0,0.5896,1.187,1453.8,0.558,1.248,3174.2,0.5239,-1.826,5,215,whipsaw,2.283
down,1722646500000,2024-08-03T00:55:00.000000000,2950.7,-1.561,1,2.94,322.8,0.454,1.747,3.4148,8.5e-05,0.462,-9357.5,0.4511,-0.824,-10780.6,0.4204,-0.3,-15931.6,0.4431,0.131,-13756.7,0.4868,-1.259,168,15,trend,1.194
down,1722700620000,2024-08-03T15:57:00.000000000,2938.89,-1.577,1,3.7,-1038.8,0.4114,1.713,4.9883,2.9e-05,0.01,825.3,0.4362,-0.051,415.2,0.4513,-0.602,4668.1,0.3999,0.174,5979.3,0.437,-2.072,-1,49,trend,3.834
down,1722719220000,2024-08-03T21:07:00.000000000,2866.6,-1.771,1,3.19,-1498.5,0.377,1.684,2.9803,4.8e-05,0.119,1255.0,0.4121,1.211,-1590.3,0.55,1.463,-4234.8,0.5498,1.813,-9056.3,0.5361,-0.265,12,-1,whipsaw,4.239
up,1722721140000,2024-08-03T21:39:00.000000000,2911.09,1.687,1,3.21,-4234.8,0.5563,1.567,3.7238,4.8e-05,0.165,-1135.1,0.5661,0.012,-4904.8,0.5297,0.234,-4821.5,0.5292,0.068,-5080.1,0.5323,0.389,237,-1,whipsaw,-6.104
down,1722782160000,2024-08-04T14:36:00.000000000,2867.11,-1.586,1,4.02,2249.5,0.4153,2.069,2.3797,1.6e-05,0.107,-2268.2,0.4053,-0.04,734.8,0.4692,-0.439,-1217.0,0.465,-1.147,-666.8,0.4643,-8.27,-1,50,trend,16.739
down,1722791400000,2024-08-04T17:10:00.000000000,2731.99,-3.368,1,11.95,-12166.5,0.4438,1.555,5.8072,6.8e-05,0.647,-4252.2,0.4872,0.313,-466.0,0.4833,-0.668,5333.4,0.4512,-0.936,12745.3,0.4805,-3.733,0,31,whipsaw,10.57
up,1722795240000,2024-08-04T18:14:00.000000000,2694.71,1.593,1,17.44,7411.9,0.5258,1.717,5.5893,6.8e-05,-0.062,-1904.5,0.4547,0.092,-3278.2,0.5135,0.349,-3093.5,0.5208,1.409,-10661.3,0.5257,2.896,-1,36,trend,-8.805
down,1722816720000,2024-08-05T00:12:00.000000000,2661.4,-1.54,3,3.67,-6728.0,0.4076,1.475,5.2238,-1.7e-05,1.089,-4367.1,0.4364,-0.148,-8049.8,0.438,-1.914,-9042.3,0.4245,-14.696,-25390.0,0.4386,-20.681,5,24,whipsaw,7.657
up,1722821880000,2024-08-05T01:38:00.000000000,2361.4,1.862,6,60.3,-45863.5,0.4675,1.592,49.7083,-1.7e-05,-1.099,-5222.5,0.4535,-0.787,-7897.8,0.4825,-2.289,-12081.6,0.4813,-3.464,1384.9,0.4912,1.06,5,159,whipsaw,5.963
down,1722833340000,2024-08-05T04:49:00.000000000,2344.5,-1.682,2,5.77,-5142.5,0.4704,1.716,6.5376,-1.7e-05,-0.277,247.9,0.4864,-1.83,-3079.6,0.4757,-1.983,-14051.1,0.4838,-0.253,-11934.0,0.5046,-7.869,173,13,trend,-6.301
down,1722845460000,2024-08-05T08:11:00.000000000,2320.0,-1.844,5,2.99,-6271.3,0.4682,2.163,5.429,-5e-06,0.923,2808.9,0.5499,0.764,1157.9,0.5133,-0.305,1363.2,0.4866,-0.565,-1379.2,0.5124,-4.128,5,32,whipsaw,-8.3
up,1722858960000,2024-08-05T11:56:00.000000000,2293.2,1.798,4,1.8,4469.3,0.5038,2.442,6.581,-5e-06,-0.27,-3351.8,0.5192,-0.626,-6233.8,0.488,-2.601,-8530.5,0.4699,-3.032,-13792.5,0.4802,7.4,16,101,whipsaw,7.275
down,1722876960000,2024-08-05T16:56:00.000000000,2465.08,-1.686,2,1.15,-4610.4,0.4804,1.763,8.5683,-5.8e-05,-0.297,-4727.1,0.4803,-0.752,-3969.6,0.4904,0.066,-5549.8,0.5365,0.392,-4294.7,0.5166,-4.095,53,10,trend,-2.954
up,1722888600000,2024-08-05T20:10:00.000000000,2431.0,1.583,2,0.54,-10712.6,0.5137,2.282,5.0697,-5.8e-05,-0.385,4634.4,0.3716,-0.32,-350.6,0.4132,-0.347,4516.4,0.4314,0.035,2855.4,0.4365,1.8,-1,52,trend,2.849
down,1722894540000,2024-08-05T21:49:00.000000000,2422.44,-1.655,2,0.19,114.2,0.3807,1.712,3.7672,-5.8e-05,0.11,428.2,0.4403,0.741,671.8,0.5535,0.715,2421.0,0.509,1.17,6126.5,0.5024,-0.484,16,-1,whipsaw,-2.766
up,1722903240000,2024-08-06T00:14:00.000000000,2474.25,1.531,1,0.45,5063.8,0.5012,1.711,4.9759,-2.3e-05,0.855,1862.9,0.6191,1.619,4284.6,0.5789,1.761,-1996.7,0.557,2.703,-10291.8,0.5465,2.958,-1,5,trend,-1.233
down,1722932820000,2024-08-06T08:27:00.000000000,2484.19,-1.616,1,0.89,2809.5,0.4708,1.965,3.1659,-0.000107,-0.193,-312.9,0.4779,-1.003,-11842.3,0.4652,-0.703,-16383.2,0.4886,-1.29,-12399.1,0.4947,-1.766,-1,7,trend,-1.297
up,1722953100000,2024-08-06T14:05:00.000000000,2490.08,1.736,1,2.34,2358.9,0.5322,1.942,7.5948,-0.000107,1.131,-63.2,0.5597,2.142,3089.7,0.5391,1.746,2658.4,0.5189,1.487,6760.0,0.5213,2.657,0,5,whipsaw,-2.126
down,1722967140000,2024-08-06T17:59:00.000000000,2483.38,-1.686,1,1.41,-2246.2,0.4374,2.029,3.2193,-1.1e-05,0.117,-2426.4,0.4864,0.797,1051.4,0.5415,0.865,-2.2,0.516,0.685,1192.0,0.4985,-0.382,17,-1,whipsaw,4.661
down,1722983640000,2024-08-06T22:34:00.000000000,2465.8,-1.526,1,1.75,-8657.5,0.5208,1.873,3.4472,-1.1e-05,0.131,576.1,0.5171,0.13,2937.1,0.4945,0.331,2556.1,0.5292,-0.397,490.2,0.5027,-1.633,195,103,trend,5.018
up,1722994800000,2024-08-07T01:40:00.000000000,2476.7,1.596,1,1.49,-648.2,0.5461,1.786,5.2845,-4.3e-05,0.046,-775.6,0.526,0.722,337.6,0.5592,0.679,-117.7,0.5577,1.038,-6266.5,0.5304,2.338,-1,17,trend,-3.415
down,1723028580000,2024-08-07T11:03:00.000000000,2500.3,-1.504,1,2.45,-3946.9,0.4588,1.632,3.89,-6e-06,-0.321,1402.8,0.4352,-0.364,1422.8,0.484,-0.812,5393.4,0.4785,-1.063,4511.7,0.455,-5.421,-1,30,trend,2.187
down,1723039380000,2024-08-07T14:03:00.000000000,2440.51,-1.537,1,3.09,5037.6,0.4945,1.762,6.5917,-6e-06,-0.193,651.7,0.4373,-1.184,1103.9,0.4185,-2.289,1752.7,0.4333,-1.946,-6272.5,0.4542,-3.492,-1,14,trend,0.009
down,1723055520000,2024-08-07T18:32:00.000000000,2327.62,-1.75,1,2.39,-1088.4,0.4997,2.028,4.6486,-4.5e-05,0.464,-8010.7,0.4657,0.641,3368.1,0.5216,1.123,3441.6,0.5435,0.925,2286.6,0.5419,-0.798,8,-1,whipsaw,-11.088
down,1723063860000,2024-08-07T20:51:00.000000000,2320.2,-1.647,2,2.04,-70.9,0.5267,1.765,4.5424,-4.5e-05,0.759,-1729.6,0.5225,1.595,-1785.4,0.5089,1.167,-766.6,0.4887,1.993,291.1,0.5217,-0.481,8,-1,whipsaw,-10.734
up,1723065720000,2024-08-07T21:22:00.000000000,2349.82,1.644,2,1.45,-766.6,0.4969,1.809,3.2134,-4.5e-05,0.01,610.2,0.5923,-0.005,1693.4,0.5338,0.549,1057.6,0.5448,-1.414,598.3,0.498,1.965,59,230,whipsaw,9.686
up,1723079040000,2024-08-08T01:04:00.000000000,2361.37,1.58,2,1.16,4969.0,0.5218,1.912,3.7103,-4.4e-05,0.013,-127.1,0.556,1.168,-2120.9,0.5304,0.884,-3822.3,0.5312,3.745,-14033.8,0.521,4.399,-1,8,trend,12.079
up,1723120200000,2024-08-08T12:30:00.000000000,2491.97,1.741,3,1.71,-4171.5,0.3933,1.492,3.7997,-1.1e-05,0.605,-1281.8,0.5884,-0.057,-2685.1,0.4878,-0.28,-6119.6,0.4733,-0.962,-3199.2,0.461,3.732,0,4,whipsaw,5.38
down,1723122240000,2024-08-08T13:04:00.000000000,2479.51,-1.716,1,4.27,-6119.6,0.4339,1.872,6.1641,-1.1e-05,-0.363,2747.0,0.3983,-0.085,1532.8,0.4576,-0.905,2920.4,0.455,-1.57,4070.9,0.4847,-2.762,103,28,trend,-6.073
up,1723153560000,2024-08-08T21:46:00.000000000,2622.76,1.684,2,1.66,-5061.3,0.5247,1.639,3.571,-3.4e-05,-0.1,-2357.1,0.4613,0.112,-7934.8,0.5012,-0.06,-8150.9,0.4851,0.981,-9274.2,0.4854,3.864,-1,13,trend,-1.929
down,1723165440000,2024-08-09T01:04:00.000000000,2646.6,-1.723,1,2.73,9768.1,0.4982,1.632,6.8455,1.1e-05,0.423,-408.8,0.471,0.576,-1042.1,0.4533,0.741,-426.6,0.4913,0.71,-545.4,0.4768,-0.008,34,-1,whipsaw,2.173
down,1723198920000,2024-08-09T10:22:00.000000000,2619.4,-1.88,1,2.3,889.8,0.4304,1.758,3.1186,4.2e-05,0.633,-6416.1,0.4763,0.643,-8169.8,0.4893,0.435,-8276.6,0.4864,0.665,-8878.6,0.4965,-1.535,116,193,whipsaw,-0.533
down,1723210500000,2024-08-09T13:35:00.000000000,2589.87,-1.58,2,2.12,-3669.1,0.4659,1.749,3.94,4.2e-05,-0.16,-8653.5,0.4491,0.515,-4394.6,0.5211,2.33,-6032.6,0.5199,-1.142,-9435.8,0.4544,-1.439,20,60,whipsaw,-1.159
up,1723212180000,2024-08-09T14:03:00.000000000,2654.01,1.702,2,3.87,-5723.5,0.5172,1.594,6.0893,4.2e-05,-0.866,-2564.4,0.4446,-1.29,-4971.8,0.4373,-3.136,-5761.6,0.3993,-2.035,-5238.5,0.4389,0.375,6,-1,whipsaw,-1.688
up,1723249380000,2024-08-10T00:23:00.000000000,2643.1,1.802,1,1.82,-8318.1,0.5294,1.524,2.8179,-4.2e-05,-1.212,-1710.8,0.4733,-2.137,-3700.7,0.419,-2.289,7786.8,0.4185,-1.654,-3555.8,0.5069,0.061,3,-1,whipsaw,-0.946
down,1723251120000,2024-08-10T00:52:00.000000000,2580.17,-1.614,1,3.04,7786.8,0.4252,1.697,5.0566,-4.2e-05,0.104,23.3,0.4968,0.544,-161.7,0.537,0.66,-11342.6,0.5799,0.704,-12188.7,0.5446,-0.007,21,-1,whipsaw,-1.768
up,1723347060000,2024-08-11T03:31:00.000000000,2666.43,1.501,1,5.52,82.9,0.5622,1.456,3.7931,-9e-06,-0.467,-534.5,0.5108,-0.653,-159.6,0.4674,-0.706,-571.3,0.4934,-0.679,-4796.8,0.5049,0.134,43,-1,whipsaw,-4.536
down,1723388640000,2024-08-11T15:04:00.000000000,2599.4,-1.645,1,4.71,-472.1,0.4236,1.736,3.6534,1e-05,-0.057,-845.9,0.3546,0.49,130.7,0.48,0.761,2615.2,0.5083,0.692,1752.9,0.4651,-0.19,107,-1,whipsaw,-4.269
down,1723404780000,2024-08-11T19:33:00.000000000,2597.05,-1.567,4,6.1,-2354.8,0.4581,1.939,3.0055,3e-06,0.196,479.1,0.3967,0.319,-2974.7,0.4838,0.022,-2170.8,0.4842,-1.488,878.1,0.4941,-2.197,-1,34,trend,-2.53
up,1723448400000,2024-08-12T07:40:00.000000000,2579.6,1.556,1,3.63,3633.0,0.5322,1.581,6.4179,1e-05,-0.377,-706.4,0.5179,-0.502,-507.0,0.519,0.401,-1647.1,0.5089,0.112,1118.5,0.5076,4.016,-1,159,trend,2.876
up,1723458180000,2024-08-12T10:23:00.000000000,2625.8,1.577,1,3.93,5151.9,0.5455,1.587,3.8252,6.8e-05,-0.081,-1798.7,0.5033,0.192,-3500.4,0.5147,0.4,1529.0,0.5014,1.745,-366.6,0.5244,2.978,218,39,trend,-0.445
down,1723470300000,2024-08-12T13:45:00.000000000,2642.59,-1.523,2,3.97,-5679.9,0.4359,1.555,5.9041,6.8e-05,-0.439,-4655.1,0.4411,-1.334,-9926.2,0.4689,0.818,-10809.1,0.509,1.826,-10186.0,0.4984,-1.892,29,12,trend,-0.638
up,1723472280000,2024-08-12T14:18:00.000000000,2665.77,1.518,1,8.19,-10809.1,0.5157,1.881,7.8617,6.8e-05,0.436,112.5,0.4371,0.667,1971.9,0.4665,0.99,623.1,0.4821,1.461,10516.1,0.492,2.173,-1,18,trend,0.038
up,1723504740000,2024-08-12T23:19:00.000000000,2748.99,2.079,1,3.2,3862.5,0.6395,1.601,2.9869,6.4e-05,-0.597,4407.8,0.4465,-0.557,2297.9,0.4861,-0.654,7401.0,0.4995,-1.397,10401.9,0.4733,0.037,8,-1,whipsaw,-1.432
down,1723518660000,2024-08-13T03:11:00.000000000,2658.31,-1.924,1,2.84,8046.7,0.5085,1.579,2.5472,7.9e-05,0.258,-387.6,0.4888,0.409,-3506.9,0.5343,0.319,-2009.2,0.5308,-0.537,-7291.0,0.4908,-0.872,8,-1,whipsaw,-1.918
up,1723568160000,2024-08-13T16:56:00.000000000,2713.99,1.557,1,4.04,8809.2,0.5368,2.15,2.3366,-4.5e-05,0.091,-638.4,0.4998,0.057,-338.6,0.4776,-0.013,6893.0,0.4935,0.045,14213.7,0.492,0.6,140,-1,whipsaw,-1.738
down,1723641180000,2024-08-14T13:13:00.000000000,2711.98,-1.568,2,4.57,-374.4,0.4505,1.596,5.5276,3.2e-05,0.476,-3122.2,0.5143,0.203,-3752.9,0.4802,-0.685,-9333.6,0.4739,-2.674,-32288.3,0.4652,-2.942,-1,31,trend,2.241
down,1723744800000,2024-08-15T18:00:00.000000000,2601.81,-1.868,1,4.95,-8202.3,0.4584,1.753,2.9552,7e-06,-0.874,-11658.3,0.4648,-1.421,-14413.9,0.4676,-1.753,-14250.6,0.4793,-2.053,-9002.3,0.474,-3.309,-1,2,trend,-0.261
down,1723811400000,2024-08-16T12:30:00.000000000,2565.48,-1.855,2,3.15,-527.5,0.4145,1.606,3.349,2.1e-05,0.417,-3865.3,0.3793,0.23,-5243.4,0.4124,0.174,-6076.1,0.4697,1.476,-2420.9,0.4959,-0.602,0,-1,whipsaw,-1.394
up,1723814220000,2024-08-16T13:17:00.000000000,2611.94,1.525,1,3.49,-881.8,0.5515,1.487,4.931,2.1e-05,-0.044,5218.6,0.4938,-0.273,3704.3,0.4583,-0.427,4855.8,0.4817,-0.823,3198.9,0.49,0.304,35,-1,whipsaw,-0.108
up,1723825860000,2024-08-16T16:31:00.000000000,2608.71,1.594,1,2.24,-3751.0,0.596,1.654,2.7283,3.4e-05,-0.117,5197.1,0.3852,-0.654,6933.0,0.3033,-0.778,7082.2,0.342,-0.839,9852.8,0.33,0.853,35,-1,whipsaw,0.138
down,1724060820000,2024-08-19T09:47:00.000000000,2577.4,-1.521,1,5.41,2013.0,0.5109,1.462,2.0076,9e-06,0.22,-13735.9,0.4537,0.101,-16389.1,0.4178,-0.016,-8753.8,0.4426,0.14,-5740.2,0.4864,-0.449,0,-1,whipsaw,-3.179
up,1724088840000,2024-08-19T17:34:00.000000000,2627.99,1.523,1,4.7,-4222.8,0.5654,1.541,2.5045,-1.5e-05,-0.239,-2030.9,0.5135,-0.661,-4419.1,0.4912,-0.94,-606.9,0.4745,-0.989,-2103.1,0.4831,0.075,17,-1,whipsaw,-1.943
down,1724164020000,2024-08-20T14:27:00.000000000,2607.89,-1.595,1,5.77,-6109.7,0.4999,1.516,5.8941,2e-05,-0.088,-65.5,0.486,-0.428,2784.1,0.4544,-0.781,3950.4,0.4407,-1.345,-12305.5,0.472,-2.028,-1,33,trend,0.322
up,1724249100000,2024-08-21T14:05:00.000000000,2606.28,1.614,1,9.68,-3113.5,0.5724,1.977,6.2314,2.3e-05,0.174,6319.1,0.5779,-0.432,606.1,0.5275,-0.295,3304.6,0.5412,-0.536,11820.1,0.5164,0.948,11,-1,whipsaw,0.3
up,1724422500000,2024-08-23T14:15:00.000000000,2696.0,1.659,1,8.11,10520.0,0.517,1.732,3.0572,6.1e-05,-1.061,-6303.8,0.4736,-0.668,-5852.5,0.4865,-1.003,-5324.5,0.4646,-1.253,-11112.7,0.4995,1.642,3,212,whipsaw,2.133
down,1724424780000,2024-08-23T14:53:00.000000000,2637.88,-1.575,1,10.08,-3623.2,0.4501,1.892,5.2224,6.1e-05,0.375,283.8,0.6114,0.765,105.8,0.5951,0.869,-771.5,0.583,1.347,8455.4,0.5521,-0.063,12,-1,whipsaw,-4.535
up,1724435460000,2024-08-23T17:51:00.000000000,2726.91,1.505,1,10.45,-22114.3,0.4934,1.675,4.2759,-2e-06,-0.093,1578.6,0.5886,0.011,4609.0,0.5184,0.093,2768.1,0.4953,0.07,2695.4,0.4995,2.02,-1,133,trend,2.519
up,1724516820000,2024-08-24T16:27:00.000000000,2803.98,1.572,1,4.74,-1783.4,0.5842,1.359,1.7859,6e-06,0.025,-116.6,0.5404,0.18,-309.2,0.5223,0.349,3698.5,0.5102,-0.474,3183.7,0.497,0.571,97,-1,whipsaw,-1.488
down,1724794680000,2024-08-27T21:38:00.000000000,2526.35,-2.011,1,7.22,-17740.5,0.4521,1.571,5.5341,7.4e-05,0.723,-4063.3,0.5954,-1.664,-31977.4,0.51,-2.017,-27262.1,0.4733,-3.283,-39447.4,0.4816,-5.28,-1,9,trend,-0.91
up,1724838780000,2024-08-28T09:53:00.000000000,2516.89,1.816,1,3.17,-201.0,0.5579,1.444,1.9772,-8e-06,0.919,-2357.3,0.5579,0.104,-3074.5,0.4678,0.401,587.9,0.5156,0.322,1952.3,0.5168,1.328,-1,5,trend,1.189
up,1724863800000,2024-08-28T16:50:00.000000000,2506.19,1.695,1,3.4,-7413.0,0.4813,1.565,5.5907,1.5e-05,0.385,521.2,0.5799,0.23,1946.0,0.5429,0.496,9315.1,0.5362,0.376,7043.3,0.5032,1.908,-1,122,trend,2.388
down,1725029880000,2024-08-30T14:58:00.000000000,2466.0,-1.625,1,5.38,3949.1,0.4809,2.14,2.8748,3.5e-05,-0.446,-4634.1,0.4307,0.087,-2181.8,0.5439,-0.583,645.3,0.5183,-0.806,2372.3,0.5198,-1.414,201,39,trend,-2.276
up,1725042420000,2024-08-30T18:27:00.000000000,2503.63,1.567,1,10.37,3051.1,0.5115,1.783,3.9672,1e-05,0.629,-5743.0,0.5558,1.173,-8649.5,0.5172,1.211,-4489.3,0.461,0.351,-8106.5,0.4941,1.54,-1,3,trend,0.109
down,1725229440000,2024-09-01T22:24:00.000000000,2442.73,-1.619,1,5.73,-2052.9,0.4217,1.439,3.2138,4.2e-05,-0.29,-8147.1,0.4614,-0.984,-17570.3,0.466,-0.529,-21647.2,0.4994,-0.922,-18657.5,0.499,-1.749,-1,11,trend,-4.163
up,1725270600000,2024-09-02T09:50:00.000000000,2498.91,1.512,1,5.94,989.5,0.5443,1.66,2.439,3.9e-05,0.404,922.4,0.5401,0.615,-970.2,0.532,1.052,720.6,0.5242,0.894,5044.8,0.5183,1.626,-1,26,trend,0.276
down,1725370620000,2024-09-03T13:37:00.000000000,2479.92,-1.505,1,4.2,-2286.1,0.3972,1.459,2.7231,4.9e-05,-0.073,8246.1,0.5258,-0.465,6496.2,0.4228,-0.859,9549.9,0.4258,-0.895,2755.7,0.4298,-1.779,-1,23,trend,3.243
down,1725411540000,2024-09-04T00:59:00.000000000,2396.28,-1.877,1,6.62,112.3,0.4163,1.851,2.7093,8.1e-05,-3.425,-5631.5,0.4041,-2.223,-20768.6,0.4882,-1.82,-19404.9,0.5124,-1.259,-19557.5,0.5219,-3.74,-1,2,trend,-2.44
up,1725413640000,2024-09-04T01:34:00.000000000,2363.35,2.123,1,18.32,-15072.8,0.5454,1.901,5.4397,8.1e-05,0.486,2272.3,0.5943,0.656,1290.7,0.5574,-0.201,2075.7,0.4938,0.047,4218.3,0.5181,0.809,-1,-1,partial,4.148
up,1725461400000,2024-09-04T14:50:00.000000000,2437.85,1.509,2,4.33,2930.3,0.5712,1.929,3.8014,-1.1e-05,0.105,786.2,0.5806,0.071,734.3,0.5117,-0.014,10429.3,0.5107,0.048,7330.0,0.5061,2.139,-1,72,trend,-2.69
down,1725547860000,2024-09-05T14:51:00.000000000,2366.41,-1.539,1,4.88,-1406.7,0.4873,1.672,2.9972,2.4e-05,0.412,-510.3,0.4614,0.66,2494.1,0.5028,0.511,2533.8,0.4978,0.388,10056.0,0.4942,-0.448,176,-1,whipsaw,1.785
down,1725607260000,2024-09-06T07:21:00.000000000,2336.0,-1.866,1,3.74,-467.1,0.4804,1.365,2.6072,3.7e-05,-0.235,-2225.9,0.4556,-0.302,2263.7,0.497,0.448,6523.1,0.5406,0.65,5051.6,0.5473,-0.633,157,-1,whipsaw,2.303
up,1725627000000,2024-09-06T12:50:00.000000000,2404.01,1.529,1,9.0,3367.3,0.5434,1.758,6.1614,4.9e-05,-0.145,3996.3,0.5051,-0.36,4998.4,0.4972,-0.243,6302.0,0.4927,-1.482,3094.6,0.4773,0.045,49,-1,whipsaw,-4.709
down,1725630060000,2024-09-06T13:41:00.000000000,2355.6,-1.583,2,4.01,-2982.0,0.4539,1.469,3.209,4.9e-05,0.848,-689.6,0.5377,0.467,-947.2,0.5142,-0.548,-13056.6,0.4795,-0.634,-18643.0,0.4913,-5.502,-1,32,trend,2.784
down,1725644880000,2024-09-06T17:48:00.000000000,2234.46,-1.677,1,7.19,-5669.1,0.5186,1.934,3.5276,4e-05,0.257,-7053.9,0.4922,0.392,-852.6,0.451,0.469,698.5,0.4726,-0.343,706.1,0.462,-3.755,-1,71,trend,-2.298
down,1725654960000,2024-09-06T20:36:00.000000000,2192.07,-1.518,1,6.29,141.1,0.4717,1.838,4.6003,4e-05,0.663,-13214.3,0.5116,-0.336,-10917.3,0.4782,-0.674,-4440.2,0.4647,0.316,-9885.6,0.4902,-1.894,71,17,trend,-3.911
up,1725658200000,2024-09-06T21:30:00.000000000,2195.37,1.542,1,8.15,-2776.4,0.4957,1.995,5.1552,4e-05,0.216,-547.9,0.58,0.385,-389.4,0.6027,0.859,367.5,0.6113,1.15,-315.2,0.5779,2.17,-1,29,trend,3.372
up,1725834180000,2024-09-08T22:23:00.000000000,2318.2,1.615,1,5.1,-1986.2,0.5431,1.479,2.4438,1.8e-05,0.569,2552.4,0.5283,-0.371,26004.2,0.4489,-0.692,27015.1,0.4794,-0.638,27116.0,0.508,0.663,33,-1,whipsaw,2.007
down,1725836280000,2024-09-08T22:58:00.000000000,2294.7,-1.574,1,7.32,25008.5,0.4601,1.736,4.4079,1.8e-05,0.082,-1518.1,0.5178,0.313,-1094.9,0.5879,0.313,-696.3,0.5481,0.148,-977.2,0.5406,-0.265,124,-1,whipsaw,-2.73
down,1725892200000,2024-09-09T14:30:00.000000000,2283.85,-1.534,1,6.18,-6567.8,0.4007,1.958,3.1555,3.1e-05,0.049,-542.5,0.4212,-0.042,427.9,0.4509,-0.24,-598.8,0.4165,0.133,-3991.0,0.4574,-0.484,100,-1,whipsaw,-2.655
up,1725898320000,2024-09-09T16:12:00.000000000,2335.26,1.951,1,4.27,-2791.2,0.5139,1.645,2.43,-1.2e-05,-0.382,5080.7,0.4366,-0.251,4732.9,0.4091,-0.508,-94.1,0.4203,0.453,4306.2,0.4932,0.755,-1,-1,partial,-0.347
up,1725916500000,2024-09-09T21:15:00.000000000,2376.58,1.571,1,3.32,-1133.5,0.5233,1.602,1.7024,-1.2e-05,-0.384,-4119.5,0.4622,-0.445,-3217.6,0.4675,-0.659,-4603.1,0.4901,-0.593,1701.1,0.472,0.203,177,-1,whipsaw,0.159
up,1725993660000,2024-09-10T18:41:00.000000000,2390.59,1.528,1,3.94,-4812.6,0.5818,1.7,2.7341,2e-06,-0.35,-3548.6,0.4926,-0.929,-3811.6,0.4665,-1.039,-3163.4,0.4699,-0.499,-2345.0,0.479,0.209,17,-1,whipsaw,-1.938
down,1726061700000,2024-09-11T13:35:00.000000000,2315.92,-1.542,1,4.24,5328.8,0.4752,1.614,3.6259,1.8e-05,-0.047,12400.0,0.4757,-0.533,16372.0,0.4965,-0.902,8616.3,0.5026,-1.094,15758.3,0.494,-1.651,150,18,trend,-1.441
up,1726241460000,2024-09-13T15:31:00.000000000,2401.61,1.514,1,9.02,4674.6,0.5585,1.631,2.34,5e-05,0.378,-2851.7,0.5736,-0.163,-15907.0,0.4877,0.38,-14566.0,0.4883,0.387,-11062.1,0.445,1.115,-1,135,trend,0.703
down,1726441800000,2024-09-15T23:10:00.000000000,2303.21,-1.829,1,9.71,-5317.8,0.4605,1.388,2.5276,2.1e-05,0.16,-14693.2,0.488,1.037,-6880.9,0.5466,0.642,-8019.5,0.497,0.521,-1901.2,0.5137,-2.206,9,124,whipsaw,0.62
down,1726450620000,2024-09-16T01:37:00.000000000,2265.59,-1.51,1,11.01,-5426.3,0.4792,1.654,3.1645,3.2e-05,0.693,-737.0,0.5397,0.212,-4399.8,0.5477,0.35,-2378.1,0.5277,0.531,-2581.9,0.4961,-0.583,211,-1,whipsaw,-0.256
up,1726582800000,2024-09-17T14:20:00.000000000,2344.7,1.622,2,5.13,-5104.4,0.541,1.765,2.5738,2.4e-05,0.532,1183.3,0.5688,-0.295,1876.7,0.4773,0.309,3245.9,0.4902,2.043,3862.2,0.5123,2.087,-1,47,trend,-2.236
down,1726654560000,2024-09-18T10:16:00.000000000,2278.82,-1.582,1,4.57,-10053.0,0.4223,1.556,3.3317,3.1e-05,0.352,-541.1,0.562,0.833,996.4,0.6005,0.947,932.5,0.5856,1.243,934.8,0.5931,-0.065,22,-1,whipsaw,-6.562
up,1726682520000,2024-09-18T18:02:00.000000000,2340.11,1.671,1,8.91,21.0,0.4662,1.809,3.8383,2.3e-05,-0.679,-2817.9,0.4529,-0.24,992.1,0.4846,0.132,579.4,0.4752,-0.41,-1418.1,0.4752,1.039,2,33,whipsaw,5.85
up,1726764180000,2024-09-19T16:43:00.000000000,2472.52,1.506,1,3.37,6485.3,0.5223,1.851,2.6431,2.4e-05,0.147,1072.8,0.4581,-0.095,1100.6,0.5041,-0.262,3844.4,0.5069,-0.159,-2914.2,0.5495,0.907,-1,-1,partial,3.109
up,1726804380000,2024-09-20T03:53:00.000000000,2500.49,1.552,1,3.04,-1266.9,0.5768,1.401,3.12,0.0001,0.32,-1393.8,0.5426,1.591,-506.9,0.5431,1.678,5416.3,0.5278,1.585,7558.5,0.5196,2.857,-1,8,trend,1.761
up,1726843080000,2024-09-20T14:38:00.000000000,2568.99,1.701,1,4.23,-1310.8,0.4881,1.603,5.1938,9.7e-05,-0.545,181.2,0.5842,-0.721,4204.4,0.5132,-1.269,2993.9,0.471,-1.011,2637.3,0.4778,0.039,24,-1,whipsaw,-0.039
up,1726962360000,2024-09-21T23:46:00.000000000,2618.29,1.595,1,9.21,-7446.3,0.5807,1.585,3.2183,4.5e-05,0.042,-2081.5,0.5879,-0.067,-3326.7,0.4688,0.28,-3808.5,0.5091,-0.169,7660.5,0.4981,0.545,146,-1,whipsaw,-1.294
down,1727042520000,2024-09-22T22:02:00.000000000,2533.6,-1.585,1,3.61,-5547.6,0.3929,1.488,1.601,0.0001,-0.202,-3199.2,0.4321,0.086,-4754.9,0.493,0.735,-6018.6,0.5399,2.277,-478.5,0.5414,-0.356,32,-1,whipsaw,-4.755
up,1727044680000,2024-09-22T22:38:00.000000000,2572.58,1.606,1,3.39,-2950.8,0.5746,1.524,3.4969,0.0001,0.168,5875.9,0.5268,0.381,6977.1,0.5592,0.354,6118.9,0.4931,0.354,3934.7,0.4971,2.3,98,134,whipsaw,2.92
down,1727050560000,2024-09-23T00:16:00.000000000,2540.22,-1.71,1,3.26,-345.7,0.3986,1.515,1.7817,2.5e-05,0.666,-2907.1,0.5416,1.056,-4.4,0.5194,1.566,-244.5,0.5542,2.299,-1369.1,0.5128,-0.029,7,-1,whipsaw,-4.225
up,1727052360000,2024-09-23T00:46:00.000000000,2580.0,1.566,1,3.6,-244.5,0.5542,1.491,3.5572,2.5e-05,0.424,-2249.0,0.6118,0.595,-2870.9,0.4678,0.721,-1124.5,0.4857,1.224,694.3,0.467,4.157,-1,20,trend,2.055
up,1727061240000,2024-09-23T03:14:00.000000000,2665.79,1.525,1,8.0,8664.3,0.5267,1.651,3.2366,2.5e-05,0.151,-5118.1,0.5531,0.552,-3769.8,0.5293,0.555,-585.2,0.4906,0.459,380.0,0.4638,0.805,-1,-1,partial,-1.448
down,1727187780000,2024-09-24T14:23:00.000000000,2603.74,-1.578,1,7.62,-1246.3,0.4249,1.691,4.5855,4.8e-05,-0.356,-2289.5,0.3548,0.011,-1014.4,0.4324,0.302,-5271.9,0.4839,0.379,-6430.1,0.4907,-0.468,150,-1,whipsaw,-0.886
down,1727790000000,2024-10-01T13:40:00.000000000,2580.2,-1.558,2,5.33,-3289.9,0.4363,1.629,2.7379,0.0001,-0.16,-4747.6,0.4599,-0.221,-2499.5,0.5097,-0.248,3027.0,0.5279,-0.419,5337.6,0.508,-5.886,-1,56,trend,5.931
up,1727797200000,2024-10-01T15:40:00.000000000,2534.51,1.694,1,10.23,4378.8,0.5176,2.056,4.0872,0.0001,-0.082,-2581.6,0.4417,-0.408,-1703.3,0.4551,-0.267,930.4,0.5302,-1.244,11938.6,0.5231,0.169,47,-1,whipsaw,-3.076
down,1727803200000,2024-10-01T17:20:00.000000000,2449.11,-1.848,1,9.82,-28051.3,0.4925,1.934,5.261,8.4e-05,0.517,-4367.0,0.471,1.513,3293.3,0.523,2.16,8645.2,0.5116,2.374,-102.2,0.5013,-1.434,9,201,whipsaw,-0.141
up,1727804880000,2024-10-01T17:48:00.000000000,2501.43,1.557,1,14.29,-9950.0,0.5114,1.865,7.2959,8.4e-05,0.044,4577.7,0.5555,0.327,1550.0,0.5038,0.301,-3557.0,0.4896,-0.155,-9238.6,0.4892,0.731,139,-1,whipsaw,-2.312
down,1727814300000,2024-10-01T20:25:00.000000000,2453.49,-1.546,1,3.61,-1700.4,0.4157,1.91,4.2428,8.4e-05,0.284,-2967.2,0.433,-1.142,-12265.1,0.4429,0.139,-14546.2,0.4754,0.265,-11538.5,0.5133,-1.61,-1,14,trend,3.701
down,1727892960000,2024-10-02T18:16:00.000000000,2402.87,-1.689,1,2.15,-5453.7,0.4344,1.618,3.1641,0.0001,0.242,-4662.7,0.38,0.032,-3416.0,0.4655,0.477,1321.2,0.5109,-0.55,5181.9,0.484,-2.117,-1,50,trend,2.302
down,1727943600000,2024-10-03T08:20:00.000000000,2332.03,-1.502,1,5.45,5742.1,0.4691,1.629,4.7907,4.1e-05,0.393,-955.4,0.4359,0.286,492.6,0.4685,0.225,-910.4,0.4937,0.355,-1305.4,0.4775,-0.571,102,-1,whipsaw,-2.47
up,1728005280000,2024-10-04T01:28:00.000000000,2376.6,1.542,1,2.45,6369.5,0.539,1.5,3.2183,5.1e-05,-0.137,-1297.8,0.457,-0.365,-2323.1,0.4443,0.067,-5184.4,0.5218,-0.252,-8009.4,0.5043,0.202,-1,-1,partial,1.669
up,1728058680000,2024-10-04T16:18:00.000000000,2427.62,1.523,1,6.9,-2817.2,0.5914,1.65,2.8038,3.9e-05,0.296,-2209.6,0.548,0.445,-1652.8,0.5031,0.172,-2760.1,0.509,-0.001,11978.7,0.4982,0.578,-1,-1,partial,-0.687
up,1728261600000,2024-10-07T00:40:00.000000000,2479.32,1.642,1,10.24,-17542.8,0.5514,1.604,3.2555,3.4e-05,-0.127,2139.2,0.5906,0.305,-2593.3,0.5568,0.655,-5861.3,0.5628,0.64,-10240.2,0.5199,1.355,-1,81,trend,-1.674
up,1728310980000,2024-10-07T14:23:00.000000000,2517.2,1.71,1,5.71,65.1,0.576,1.535,3.5297,9.3e-05,-0.453,-7796.2,0.4364,-0.317,-10647.9,0.4725,-0.748,-9530.7,0.4668,-1.2,-12622.2,0.4527,0.151,39,-1,whipsaw,-3.33
down,1728327300000,2024-10-07T18:55:00.000000000,2422.21,-1.519,1,5.04,1305.0,0.4569,1.705,3.3583,2.6e-05,0.1,919.3,0.4191,0.775,2877.1,0.5544,0.695,2749.2,0.5298,0.921,2881.0,0.5218,-0.066,57,-1,whipsaw,-0.49
down,1728341760000,2024-10-07T22:56:00.000000000,2414.86,-1.568,1,2.4,1948.7,0.4119,1.371,2.7524,2.6e-05,-0.129,1598.2,0.4473,0.545,1382.1,0.5019,0.689,-1431.5,0.5449,0.355,-6090.6,0.5091,-0.491,97,-1,whipsaw,-1.163
up,1728487500000,2024-10-09T15:25:00.000000000,2469.7,1.526,1,5.22,-2265.1,0.5445,1.639,3.06,3.6e-05,0.02,2044.6,0.4698,-0.298,1124.5,0.4248,-0.373,3074.1,0.4045,-1.444,3559.9,0.4191,0.096,51,-1,whipsaw,-3.367
down,1728507120000,2024-10-09T20:52:00.000000000,2371.81,-1.64,1,7.24,7591.2,0.3827,1.634,2.6321,0.0001,-0.64,7977.0,0.4108,-0.498,3355.1,0.4882,0.043,2426.5,0.5441,0.338,7977.6,0.5516,-0.86,-1,-1,partial,0.301
down,1728583740000,2024-10-10T18:09:00.000000000,2343.92,-1.882,1,6.71,-1891.1,0.4404,1.714,3.3666,0.0001,0.312,1113.2,0.4712,-0.224,-2730.0,0.4531,0.233,5352.1,0.4947,0.379,8267.8,0.5185,-0.566,105,-1,whipsaw,-4.364
up,1728876900000,2024-10-14T03:35:00.000000000,2492.45,1.597,1,6.24,86.7,0.6256,1.522,1.9159,6.6e-05,0.463,1205.6,0.5994,0.982,7504.0,0.5178,1.61,14780.0,0.5173,1.947,15978.3,0.5016,2.246,-1,8,trend,4.944
up,1728916140000,2024-10-14T14:29:00.000000000,2612.46,1.692,1,8.98,5486.2,0.5868,1.734,3.9355,0.0001,-0.108,-1740.0,0.4988,0.549,-128.8,0.5261,0.388,4305.1,0.495,0.916,19169.0,0.5202,1.164,-1,56,trend,0.253
up,1729000440000,2024-10-15T13:54:00.000000000,2650.0,1.64,2,5.23,3938.4,0.5722,1.666,2.9986,0.0001,0.799,631.5,0.5439,0.394,1057.3,0.4842,-0.815,-2419.6,0.4808,-2.756,-13241.8,0.4724,1.457,33,6,trend,-1.603
down,1729002480000,2024-10-15T14:28:00.000000000,2629.84,-1.576,1,10.47,-2018.9,0.4645,1.846,7.9103,0.0001,-0.302,-4797.5,0.5068,-2.02,-8038.6,0.4552,-2.359,-15074.3,0.4665,-2.251,-20485.9,0.5016,-3.517,-1,6,trend,0.062
down,1729012200000,2024-10-15T17:10:00.000000000,2577.51,-1.528,1,3.45,-3462.4,0.4502,1.54,3.4628,0.0001,0.317,-3387.0,0.4155,0.175,-5431.0,0.4238,0.438,-4364.7,0.4944,0.438,-2047.6,0.5145,-0.54,70,-1,whipsaw,-1.451
up,1729216560000,2024-10-18T01:56:00.000000000,2649.55,1.505,1,5.56,-2463.2,0.569,1.557,2.2786,0.0001,-0.191,875.1,0.5361,-0.502,2699.8,0.5214,-0.662,3608.6,0.6039,-0.587,5201.5,0.5878,0.08,78,-1,whipsaw,-0.49
up,1729433460000,2024-10-20T14:11:00.000000000,2692.43,1.509,1,15.39,2523.7,0.5821,1.556,2.5272,0.0001,0.11,1283.6,0.5639,0.189,3489.7,0.5242,0.853,11274.8,0.5408,0.351,9331.4,0.4925,1.061,-1,22,trend,-0.401
down,1729557060000,2024-10-22T00:31:00.000000000,2620.68,-1.833,1,6.57,379.1,0.4593,1.477,3.3928,0.0001,0.172,-12011.0,0.4975,0.615,-11640.7,0.4871,0.367,-18120.7,0.4812,0.896,-11378.1,0.4946,-0.274,51,-1,whipsaw,0.158
up,1729732320000,2024-10-24T01:12:00.000000000,2559.31,1.506,1,3.44,-1032.9,0.5918,1.66,2.4128,0.0001,-0.247,458.5,0.5203,-0.606,953.4,0.5089,-0.794,-1437.4,0.4883,-0.754,-1709.0,0.4968,0.056,-1,-1,partial,-1.466
down,1729871640000,2024-10-25T15:54:00.000000000,2509.66,-1.553,1,3.83,-8897.8,0.378,1.85,2.2759,0.0001,0.606,-2425.8,0.5781,0.67,-2797.5,0.5062,0.982,-4788.5,0.4876,1.047,-6911.1,0.502,-2.154,17,123,whipsaw,2.074
down,1729879260000,2024-10-25T18:01:00.000000000,2478.6,-1.611,1,4.7,-17618.2,0.4819,1.451,3.809,0.0001,-0.131,-3928.6,0.4068,0.372,465.1,0.4453,0.891,5938.1,0.4731,0.339,-816.4,0.4552,-0.928,23,-1,whipsaw,-0.115
up,1729881480000,2024-10-25T18:38:00.000000000,2508.75,1.7,1,7.12,9540.3,0.5072,1.891,4.7421,0.0001,-0.425,1506.5,0.4101,-0.708,-2667.6,0.3747,-1.074,-7610.1,0.4301,-1.006,-5611.4,0.4826,0.061,20,-1,whipsaw,-1.097
down,1729897500000,2024-10-25T23:05:00.000000000,2442.1,-1.861,1,4.44,4287.7,0.4195,1.514,4.1948,0.0001,-0.262,-9635.9,0.3748,-1.204,-19726.6,0.4244,-1.242,-9481.7,0.432,-0.311,-17464.1,0.4654,-2.437,-1,8,trend,-1.859
up,1729900620000,2024-10-25T23:57:00.000000000,2437.17,1.59,1,6.23,5646.0,0.4983,1.575,6.0703,0.0001,-0.048,-5996.0,0.486,-0.144,-825.6,0.4443,0.252,-416.0,0.4595,0.28,-5547.1,0.4399,0.855,-1,-1,partial,1.883
up,1730153040000,2024-10-28T22:04:00.000000000,2563.79,1.556,1,6.72,4343.1,0.5317,1.589,2.5434,0.0001,0.874,1518.9,0.5897,0.212,4150.5,0.4725,0.117,1186.8,0.4711,0.405,1900.7,0.4832,1.272,-1,6,trend,2.276
up,1730168520000,2024-10-29T02:22:00.000000000,2620.21,1.543,1,8.02,-6328.6,0.512,1.925,3.6269,0.0001,-0.024,2108.3,0.5001,0.082,-7842.7,0.4701,-0.214,-9851.4,0.4421,-0.147,-10022.6,0.4715,0.437,-1,-1,partial,0.488
down,1730230740000,2024-10-29T19:39:00.000000000,2629.52,-1.56,1,3.67,-19611.0,0.4574,1.936,2.8393,0.0001,-0.102,1512.8,0.4813,0.094,3141.4,0.5139,-0.499,3720.2,0.4955,-0.442,2535.7,0.5021,-0.863,-1,-1,partial,-1.258
up,1730268720000,2024-10-30T06:12:00.000000000,2683.35,1.552,1,1.73,1720.3,0.6239,1.408,1.7748,0.0001,-0.013,2264.6,0.4823,-0.549,4221.3,0.4113,-0.818,6881.2,0.401,-0.673,7523.5,0.4606,0.433,-1,-1,partial,-1.396
up,1730297100000,2024-10-30T14:05:00.000000000,2718.9,1.556,1,5.0,4499.7,0.5718,1.721,3.7852,0.0001,0.015,3490.4,0.4951,-0.283,-1687.1,0.4876,-0.107,4762.6,0.5007,-0.295,3236.2,0.5353,0.125,68,-1,whipsaw,-5.136
down,1730383440000,2024-10-31T14:04:00.000000000,2572.96,-1.658,1,7.68,5810.7,0.5134,1.783,3.6066,0.0001,0.398,-2377.1,0.52,0.344,1300.2,0.5197,-0.17,2805.3,0.4898,-0.772,5347.5,0.4762,-1.936,-1,42,trend,0.312
down,1730427000000,2024-11-01T02:10:00.000000000,2471.0,-1.667,1,6.05,-15533.9,0.4984,1.598,5.4831,0.0001,0.478,-4557.0,0.5553,1.25,-5202.1,0.5666,1.554,-5614.9,0.5633,1.692,-7479.8,0.5326,-0.135,10,-1,whipsaw,-1.89
up,1730428800000,2024-11-01T02:40:00.000000000,2509.4,1.554,1,3.62,-5614.9,0.5633,1.768,3.2376,0.0001,-0.255,603.6,0.3994,-0.054,-1445.4,0.4844,0.135,-1864.9,0.5002,-0.097,-4128.8,0.4932,0.416,-1,-1,partial,0.351
down,1730475660000,2024-11-01T15:41:00.000000000,2504.65,-1.708,1,4.36,-6080.0,0.4552,1.572,4.0386,0.0001,-0.018,755.3,0.4479,0.109,-10576.3,0.453,0.382,1198.9,0.4864,0.387,-2836.1,0.4891,-0.917,36,-1,whipsaw,0.756
up,1730477940000,2024-11-01T16:19:00.000000000,2536.69,1.738,1,4.83,852.2,0.529,1.683,5.25,0.0001,-0.591,119.9,0.4174,-0.358,-1493.7,0.4895,-0.796,-3733.3,0.4619,-0.382,-2299.5,0.4834,0.075,24,-1,whipsaw,-2.07
down,1730602200000,2024-11-03T02:50:00.000000000,2433.44,-1.587,1,14.94,-3552.2,0.4622,1.81,3.8683,0.0001,0.163,1211.4,0.4042,-0.036,2710.4,0.4743,0.142,621.3,0.4759,0.611,2032.0,0.4963,-0.499,99,-1,whipsaw,-2.008
down,1730756160000,2024-11-04T21:36:00.000000000,2386.17,-1.768,1,9.66,-18511.8,0.4675,1.652,3.4466,0.0001,-0.196,1472.2,0.4733,-0.753,-3958.2,0.4778,-0.096,7954.7,0.4869,0.215,12133.3,0.4709,-1.198,80,16,trend,-1.529
down,1730820660000,2024-11-05T15:31:00.000000000,2430.2,-1.516,1,7.17,699.7,0.4196,2.209,3.0162,0.0001,0.431,1634.6,0.4705,0.724,1271.0,0.4858,0.37,3302.7,0.5147,1.074,489.3,0.5088,-0.115,60,-1,whipsaw,-9.168
down,1730836620000,2024-11-05T19:57:00.000000000,2402.68,-1.834,1,4.59,-2964.1,0.3916,1.607,3.1072,0.0001,0.547,-3076.8,0.5218,0.952,-1557.3,0.5768,0.956,-2074.1,0.5518,1.053,-1809.5,0.575,-0.057,11,-1,whipsaw,-11.68
up,1730853060000,2024-11-06T00:31:00.000000000,2465.83,1.763,2,3.12,1904.0,0.5443,1.564,2.6986,9.5e-05,0.176,1601.9,0.5028,0.477,4515.7,0.5225,1.475,7288.0,0.5117,0.933,4451.0,0.5141,6.982,-1,18,trend,9.748
up,1730878320000,2024-11-06T07:32:00.000000000,2628.61,1.561,2,5.91,24627.6,0.5344,1.851,3.2579,9.5e-05,-0.145,19669.1,0.5958,-1.18,11213.4,0.546,-1.21,19259.5,0.5129,-2.139,19110.4,0.5027,0.555,10,-1,whipsaw,7.1
down,1730880180000,2024-11-06T08:03:00.000000000,2586.0,-1.938,1,7.47,19259.5,0.498,1.526,6.9176,0.0001,0.256,-12117.9,0.5273,0.205,-3328.4,0.5034,-0.472,-149.1,0.4879,1.229,-5767.6,0.5293,-0.58,59,-1,whipsaw,-9.096
up,1730906340000,2024-11-06T15:19:00.000000000,2658.6,1.59,1,2.59,-5781.9,0.5163,1.708,5.7497,0.0001,-0.098,5295.8,0.5072,-0.53,8518.9,0.5039,-0.447,321.8,0.5134,-0.512,-903.6,0.4899,0.759,-1,-1,partial,6.045
up,1730933340000,2024-11-06T22:49:00.000000000,2733.3,1.572,1,1.39,-6379.3,0.541,1.374,3.8703,0.0001,0.134,7188.5,0.4857,-0.091,5773.1,0.4884,-0.176,9517.9,0.4827,-0.596,7288.0,0.5051,4.226,97,140,whipsaw,5.201
up,1730941440000,2024-11-07T01:04:00.000000000,2743.72,1.545,2,1.54,335.5,0.601,1.48,3.611,0.0001,0.749,4137.7,0.586,1.866,12535.0,0.5586,2.793,34132.0,0.5556,2.702,27635.5,0.5021,4.967,-1,8,trend,6.15
down,1730962080000,2024-11-07T06:48:00.000000000,2780.5,-1.533,1,1.8,-4944.9,0.3929,1.713,3.5624,0.0001,0.586,-883.7,0.5711,0.752,319.3,0.5698,1.105,2538.4,0.5453,1.361,2917.8,0.5178,-0.021,20,-1,whipsaw,-4.828
up,1731024540000,2024-11-08T00:09:00.000000000,2936.9,1.595,1,1.77,10446.1,0.5757,1.465,3.4872,0.0001,0.207,225.3,0.6449,0.219,4846.5,0.5672,-0.496,12344.6,0.491,-0.861,4963.8,0.5039,0.614,45,-1,whipsaw,0.958
up,1731091140000,2024-11-08T18:39:00.000000000,2961.13,1.555,1,1.79,1150.2,0.5974,1.619,2.0955,0.0001,-0.076,-3961.3,0.5502,-0.266,-9889.2,0.5415,0.064,-9231.5,0.5279,-0.132,-7330.7,0.5031,0.694,127,-1,whipsaw,2.805
up,1731130920000,2024-11-09T05:42:00.000000000,3021.4,1.59,1,3.27,8199.6,0.5222,1.388,2.8697,0.0001,0.192,277.3,0.5056,0.641,6915.1,0.5082,1.053,482.5,0.5181,0.497,4301.2,0.5131,1.237,-1,24,trend,6.441
up,1731180000000,2024-11-09T19:20:00.000000000,3091.52,1.591,1,4.88,6765.3,0.5172,1.741,5.5676,0.0001,-0.287,2284.6,0.4376,-0.603,1340.9,0.4335,-0.696,545.7,0.5039,-0.398,5470.9,0.5424,1.924,-1,213,trend,3.767
up,1731192840000,2024-11-09T22:54:00.000000000,3132.18,1.572,1,4.6,-382.6,0.5846,1.61,3.7445,0.0001,0.07,6548.0,0.6053,0.334,11708.6,0.5895,0.414,1641.1,0.5502,-0.288,-1130.0,0.5459,0.805,-1,-1,partial,1.391
down,1731268020000,2024-11-10T19:47:00.000000000,3155.59,-1.695,3,3.32,-7620.9,0.5669,1.54,6.4293,0.000267,0.203,-15752.2,0.4743,0.653,-11814.9,0.4665,-0.185,-11054.1,0.4905,-0.531,-16555.8,0.5308,-2.744,141,68,trend,-5.071
up,1731274800000,2024-11-10T21:40:00.000000000,3147.38,1.715,1,3.36,2738.4,0.5146,1.75,6.3731,0.000267,0.185,3106.2,0.5269,0.767,9777.2,0.5797,1.52,5889.9,0.5602,0.501,9101.3,0.5284,2.498,-1,14,trend,6.012
down,1731302820000,2024-11-11T05:27:00.000000000,3127.99,-1.65,1,1.3,-6204.9,0.4272,1.41,4.0531,0.00029,0.609,-11245.8,0.4955,0.007,-12966.0,0.4225,-0.287,-16930.2,0.4274,0.466,-17645.0,0.4681,-0.735,230,-1,whipsaw,-6.89
down,1731327660000,2024-11-11T12:21:00.000000000,3152.45,-1.516,1,2.79,-7502.5,0.5531,2.135,3.5734,0.000188,0.625,-6692.1,0.5405,0.855,629.0,0.5313,0.821,8759.2,0.5494,0.195,-5866.4,0.5259,-0.411,12,-1,whipsaw,-3.676
up,1731338700000,2024-11-11T15:25:00.000000000,3226.01,1.667,2,2.54,26063.7,0.5563,1.838,6.1593,0.000188,-0.25,-3912.5,0.4585,0.222,-11458.5,0.5293,0.316,-8158.8,0.4955,2.045,7708.8,0.5129,3.732,-1,55,trend,1.191
up,1731357480000,2024-11-11T20:38:00.000000000,3356.45,1.786,1,2.5,-1123.1,0.5673,1.873,5.5538,0.000173,-0.149,-348.3,0.5091,0.064,670.7,0.5033,-0.788,-3366.6,0.4798,-0.549,-2287.8,0.4902,0.928,68,-1,whipsaw,-2.203
up,1731366060000,2024-11-11T23:01:00.000000000,3357.0,1.756,2,1.99,-2253.6,0.5879,1.764,2.6228,0.000173,-0.276,-1453.7,0.5642,0.001,-5510.4,0.5583,0.155,-9024.6,0.5562,0.238,-16022.9,0.5118,0.912,76,-1,whipsaw,-2.458
down,1731370620000,2024-11-12T00:17:00.000000000,3307.47,-1.614,1,2.0,-2037.9,0.4581,1.671,4.8138,0.000177,-0.256,-5240.6,0.4071,-0.299,-8399.1,0.4517,0.385,-9875.0,0.4773,0.505,-28260.0,0.4722,-1.785,41,2,trend,2.252
up,1731394020000,2024-11-12T06:47:00.000000000,3378.17,1.511,1,1.21,4838.8,0.5539,1.473,4.4738,0.000177,0.23,7225.1,0.5475,-0.551,10711.6,0.4725,-0.008,8513.6,0.5165,-0.627,5318.8,0.5279,1.904,197,131,trend,-7.033
up,1731401940000,2024-11-12T08:59:00.000000000,3420.64,1.618,1,1.56,6633.5,0.6067,1.847,4.4197,0.000576,0.416,-3903.9,0.5403,-0.872,-1107.0,0.4805,-0.672,1263.7,0.4644,-1.816,-2956.1,0.4683,0.639,16,-1,whipsaw,-7.656
down,1731405840000,2024-11-12T10:04:00.000000000,3347.48,-1.593,1,1.97,-4146.6,0.4464,1.692,5.4538,0.000576,0.361,-6781.8,0.4339,0.289,-4903.6,0.4848,-1.062,-15442.5,0.4833,-1.596,-20486.8,0.4736,-4.177,-1,30,trend,5.589
up,1731410340000,2024-11-12T11:19:00.000000000,3289.02,1.782,1,3.29,-3921.7,0.4887,1.786,9.7293,0.000576,0.395,2440.7,0.5876,0.413,5201.8,0.5243,-0.05,10529.9,0.4963,-0.27,4913.2,0.4907,0.791,68,-1,whipsaw,-3.033
down,1731415500000,2024-11-12T12:45:00.000000000,3236.19,-1.65,1,1.1,-1448.3,0.4723,2.01,4.8638,0.000576,-0.123,-2814.6,0.4377,0.419,-2512.3,0.442,0.828,11701.2,0.4704,-0.21,7206.4,0.4611,-0.861,38,-1,whipsaw,1.953
up,1731423720000,2024-11-12T15:02:00.000000000,3285.79,1.621,3,1.36,236.7,0.5212,2.138,6.4417,0.000576,-0.364,-1135.5,0.4317,-0.522,-712.4,0.4884,-0.694,-1326.5,0.4993,-0.978,286.2,0.4836,0.204,19,-1,whipsaw,0.408
down,1731427980000,2024-11-12T16:13:00.000000000,3226.16,-1.548,1,1.11,-6621.3,0.4279,2.214,5.2341,0.00046,-0.176,-7197.4,0.4368,0.103,-10493.1,0.4835,1.045,-11183.8,0.5107,0.926,-8252.2,0.4862,-0.516,28,-1,whipsaw,-3.101
down,1731464280000,2024-11-13T02:18:00.000000000,3231.39,-1.602,1,1.02,1946.3,0.4831,1.746,2.7352,0.000136,-0.414,-272.4,0.3831,-0.525,4243.6,0.3529,0.11,-392.8,0.4599,0.613,4394.9,0.4541,-3.144,-1,133,trend,0.755
down,1731473160000,2024-11-13T04:46:00.000000000,3174.6,-1.616,1,2.07,-8832.5,0.4364,1.836,5.6948,0.000136,-0.756,-3110.7,0.3628,0.088,-9652.7,0.4223,-0.097,-9925.5,0.4233,-0.664,-10772.0,0.4311,-1.824,-1,63,trend,-1.694
up,1731505380000,2024-11-13T13:43:00.000000000,3214.21,1.86,2,3.1,6644.9,0.5193,1.746,6.2524,0.000336,0.545,2505.3,0.6087,-0.154,-1934.6,0.5641,0.514,401.7,0.536,2.349,-2361.6,0.5061,3.634,-1,48,trend,-0.796
down,1731516120000,2024-11-13T16:42:00.000000000,3268.78,-1.704,1,2.98,-6715.0,0.4671,1.878,6.8262,0.000129,0.398,-3469.7,0.4909,0.302,-1188.1,0.4985,0.97,-987.6,0.5337,-0.013,-1392.7,0.4978,-4.337,30,145,whipsaw,3.856
down,1731525180000,2024-11-13T19:13:00.000000000,3219.01,-1.569,2,1.79,-285.2,0.4309,1.573,7.5062,0.000129,-0.703,-2754.7,0.3823,-1.231,-7331.3,0.4109,-1.622,-8263.4,0.4208,-1.269,-4244.9,0.4523,-3.126,-1,5,trend,2.58
up,1731529980000,2024-11-13T20:33:00.000000000,3184.62,1.761,1,2.01,-2670.9,0.5064,2.077,4.929,0.000129,0.339,-1032.0,0.6181,0.157,1828.3,0.5138,-0.898,85.5,0.4695,-0.552,-5456.1,0.484,0.541,31,-1,whipsaw,-2.29
up,1731549960000,2024-11-14T02:06:00.000000000,3227.01,1.502,1,1.12,-1002.0,0.5268,1.595,4.4928,0.000106,-0.348,-189.8,0.5062,-0.834,37.9,0.4561,-1.144,440.6,0.4603,-1.008,311.8,0.4644,0.415,19,-1,whipsaw,-4.993
down,1731595320000,2024-11-14T14:42:00.000000000,3132.59,-1.515,2,2.99,-9850.1,0.471,1.708,6.1755,0.0001,-0.083,1947.8,0.4451,-0.371,2237.0,0.4743,-0.53,7586.4,0.4642,-1.926,6387.0,0.4473,-2.317,132,18,trend,2.312
up,1731602460000,2024-11-14T16:41:00.000000000,3146.19,1.957,1,2.68,8454.2,0.528,1.834,5.221,0.0001,-0.158,-1360.2,0.4873,0.891,-2844.4,0.5567,0.089,1518.5,0.4902,-0.219,-3869.1,0.4904,1.106,208,14,trend,-3.881
down,1731623580000,2024-11-14T22:33:00.000000000,3071.39,-1.584,1,1.42,805.1,0.4863,1.414,5.3783,0.0001,0.702,-1262.1,0.451,1.225,-198.0,0.4853,0.166,4647.8,0.455,-0.571,3502.3,0.4374,-1.394,9,67,whipsaw,-1.019
up,1731629400000,2024-11-15T00:10:00.000000000,3082.25,1.507,1,1.91,-10348.8,0.4869,1.74,5.8269,0.000131,0.193,-653.6,0.3785,-0.069,-1364.2,0.3999,0.148,-1058.4,0.456,-0.625,-4114.8,0.4372,0.334,61,-1,whipsaw,0.077
down,1731645420000,2024-11-15T04:37:00.000000000,3031.77,-1.546,1,1.22,27.5,0.473,1.619,2.1083,0.000131,-0.299,147.1,0.4632,-0.423,656.4,0.4709,-0.243,-3086.5,0.4844,0.763,-3515.0,0.5073,-0.56,86,-1,whipsaw,-3.461
down,1731681240000,2024-11-15T14:34:00.000000000,3055.78,-1.513,1,2.59,-1410.0,0.4289,2.115,3.621,0.000131,-0.374,-512.3,0.3881,0.832,471.9,0.534,-0.01,-731.4,0.4779,-0.967,3410.0,0.4787,-1.351,15,48,whipsaw,-3.701
up,1731757800000,2024-11-16T11:50:00.000000000,3183.5,1.608,1,3.51,14440.6,0.6276,1.582,3.97,0.0001,0.126,-1933.7,0.5778,1.004,-2941.6,0.5676,0.519,162.0,0.5087,-0.204,854.4,0.5051,1.146,197,14,trend,-2.346
down,1731807900000,2024-11-17T01:45:00.000000000,3088.51,-1.667,1,3.43,-5373.3,0.4141,1.762,3.7721,0.0001,-0.002,381.7,0.4605,-0.123,-218.2,0.4502,-1.545,412.2,0.4293,-0.975,6109.1,0.4714,-1.733,174,21,trend,-0.582
up,1731818580000,2024-11-17T04:43:00.000000000,3130.8,1.689,1,2.43,5214.0,0.5615,1.517,3.7993,0.0001,-0.527,-573.9,0.3971,-0.59,-5160.1,0.5129,-0.383,-3530.6,0.4893,-1.087,-4172.4,0.5048,0.82,54,-1,whipsaw,-0.959
up,1731890400000,2024-11-18T00:40:00.000000000,3119.29,1.525,1,2.03,3285.9,0.5442,1.855,3.1362,0.000199,-0.284,-1286.3,0.5236,-0.362,398.3,0.499,-0.554,891.1,0.5026,-0.264,3072.2,0.5236,0.157,-1,-1,partial,1.536
up,1731944400000,2024-11-18T15:40:00.000000000,3134.99,1.538,1,2.57,1984.9,0.5361,1.644,3.0762,0.000317,0.344,-5345.3,0.5908,0.532,-6059.8,0.5602,0.363,-13144.8,0.5326,1.493,-427.5,0.5559,2.042,224,36,trend,-1.157
down,1731957660000,2024-11-18T19:21:00.000000000,3110.03,-1.691,1,3.85,-17172.4,0.4884,1.583,6.0059,0.000198,0.097,-8308.2,0.4254,-0.291,-12111.6,0.4568,0.412,-10861.3,0.5085,1.352,-5800.1,0.5236,-0.634,57,-1,whipsaw,-0.799
up,1731961500000,2024-11-18T20:25:00.000000000,3178.83,1.696,1,2.21,11272.4,0.5428,1.624,3.3352,0.000198,-0.123,3953.5,0.496,-0.445,1755.3,0.5345,-1.075,-5932.9,0.5187,-0.528,-2055.4,0.5261,1.451,25,202,whipsaw,-2.033
up,1731973200000,2024-11-18T23:40:00.000000000,3194.1,1.534,1,2.56,-4930.0,0.6103,1.827,2.1962,0.000198,0.414,3084.6,0.5944,0.316,8952.3,0.5711,0.243,5103.4,0.5278,-0.842,2571.2,0.5104,0.966,78,-1,whipsaw,-2.621
up,1732111800000,2024-11-20T14:10:00.000000000,3158.84,1.948,1,3.46,8091.7,0.6181,1.614,2.8593,0.000195,-0.161,-3858.2,0.5437,-0.9,-6824.0,0.4858,-1.999,-5342.4,0.4726,-2.047,-186.9,0.5003,0.011,13,-1,whipsaw,6.447
down,1732113540000,2024-11-20T14:39:00.000000000,3098.18,-1.624,2,5.41,5054.5,0.4771,1.72,6.3848,0.000195,0.319,-637.9,0.5278,0.343,2025.9,0.5339,-0.077,1236.6,0.5213,0.366,4307.0,0.5331,-1.941,79,162,whipsaw,-7.039
up,1732163880000,2024-11-21T04:38:00.000000000,3137.21,1.512,1,4.31,-2148.4,0.6038,1.624,3.3552,0.0001,-0.294,1159.4,0.5118,-0.511,5318.4,0.4881,0.06,13331.6,0.5175,-0.714,14244.1,0.5181,0.347,73,-1,whipsaw,8.739
up,1732190880000,2024-11-21T12:08:00.000000000,3192.96,1.656,2,2.47,5089.0,0.5656,1.5,3.0359,0.0001,0.676,10761.5,0.6258,1.866,13197.8,0.596,2.788,28263.1,0.5738,4.329,63709.3,0.5454,5.626,-1,8,trend,4.537
down,1732202760000,2024-11-21T15:26:00.000000000,3288.81,-1.768,1,3.53,-3875.7,0.441,1.725,6.38,0.0001,-0.749,-4617.7,0.4301,-0.809,-8034.1,0.4687,-0.192,1985.8,0.4909,0.777,6186.7,0.4976,-1.579,67,6,trend,-0.398
up,1732249740000,2024-11-22T04:29:00.000000000,3419.49,1.595,1,2.17,17112.5,0.549,1.655,3.7972,0.000342,-0.208,9663.5,0.4584,-0.352,13077.8,0.4476,-0.862,13732.6,0.4274,-1.042,3908.7,0.4662,0.188,28,-1,whipsaw,-2.471
down,1732281900000,2024-11-22T13:25:00.000000000,3290.39,-1.762,1,3.08,-11444.0,0.4527,1.549,4.4893,0.000292,-0.084,-12538.6,0.4551,-0.066,-19797.6,0.4713,-0.007,-26486.4,0.4904,0.225,-29073.8,0.5059,-0.998,140,-1,whipsaw,-3.782
up,1732350360000,2024-11-23T08:26:00.000000000,3394.92,1.504,1,3.55,12519.6,0.5194,1.502,3.0714,0.000326,0.033,1838.5,0.548,-0.342,-6864.8,0.5319,-0.948,-5928.4,0.5295,-1.073,-6733.2,0.5336,0.237,42,-1,whipsaw,0.703
up,1732365660000,2024-11-23T12:41:00.000000000,3406.89,1.527,1,2.72,-647.5,0.6238,1.65,2.7207,0.000326,0.353,3376.0,0.5603,0.16,10490.3,0.5365,0.209,15300.8,0.5463,0.371,17181.9,0.5449,2.66,-1,69,trend,-2.694
down,1732378920000,2024-11-23T16:22:00.000000000,3403.89,-1.686,1,4.27,-12244.8,0.508,1.531,6.0886,0.00037,0.28,-6326.4,0.4967,-0.126,-9784.4,0.492,0.15,-8072.9,0.4692,0.297,-4468.1,0.4626,-0.79,-1,-1,partial,2.776
down,1732452120000,2024-11-24T12:42:00.000000000,3299.19,-1.546,1,3.95,2450.0,0.4622,1.569,6.6131,0.000237,-0.076,-1548.9,0.4518,0.281,-2367.0,0.4815,0.926,-2961.3,0.4955,0.764,-2757.9,0.4855,-0.539,29,-1,whipsaw,-5.571
down,1732497840000,2024-11-25T01:24:00.000000000,3304.0,-1.632,1,2.23,-7538.6,0.4371,1.939,3.6321,0.000173,0.374,-1631.5,0.4636,0.472,4599.0,0.4935,0.53,2861.0,0.4712,1.275,2775.4,0.4818,-0.121,38,-1,whipsaw,-4.395
up,1732527180000,2024-11-25T09:33:00.000000000,3467.99,1.522,1,3.49,10646.5,0.6029,1.674,3.65,0.000239,0.231,750.2,0.6099,0.283,903.9,0.542,-0.193,-4381.4,0.503,0.513,11698.1,0.5391,1.702,-1,63,trend,-2.642
down,1732546020000,2024-11-25T14:47:00.000000000,3459.12,-1.614,2,5.92,19477.4,0.483,1.769,7.0462,0.000239,-0.842,-6513.9,0.427,-1.239,-23654.4,0.4578,-1.397,-56464.4,0.4613,0.081,-26462.5,0.4812,-3.192,67,6,trend,2.923
up,1732549140000,2024-11-25T15:39:00.000000000,3448.84,1.815,1,10.39,-3710.2,0.4968,1.84,9.01,0.000239,0.525,103.1,0.5165,1.628,6538.6,0.535,1.645,28867.7,0.5152,0.922,15368.7,0.4911,2.836,-1,12,trend,-3.574
down,1732571100000,2024-11-25T21:45:00.000000000,3420.32,-1.65,1,1.58,-5492.3,0.4685,1.869,5.0379,0.000318,0.307,-3261.5,0.5149,0.627,-2704.0,0.5075,0.289,281.4,0.499,-0.302,-114.3,0.4596,-1.658,74,40,trend,3.056
up,1732575300000,2024-11-25T22:55:00.000000000,3445.06,1.55,1,4.11,19682.2,0.5168,1.409,8.2766,0.000318,0.166,-7808.9,0.5022,0.498,-12989.8,0.5609,0.268,-14593.7,0.5223,-0.945,-22213.1,0.4702,0.765,54,-1,whipsaw,-3.392
down,1732645740000,2024-11-26T18:29:00.000000000,3271.3,-1.661,1,1.83,858.2,0.3373,1.524,5.3641,0.000182,-0.238,-8552.7,0.3658,-0.057,-14471.8,0.4192,0.337,-17727.0,0.4755,0.406,-22220.8,0.4967,-0.59,91,-1,whipsaw,-9.39
up,1732681200000,2024-11-27T04:20:00.000000000,3409.81,1.583,1,2.23,11821.7,0.6498,1.458,3.1431,0.000211,0.164,470.7,0.6006,0.635,8941.7,0.6368,-0.119,19574.5,0.5288,-0.581,16629.9,0.4742,1.053,-1,151,trend,5.182
up,1732704120000,2024-11-27T10:42:00.000000000,3477.0,1.736,1,2.57,813.0,0.6755,1.471,2.5928,0.000209,0.012,-2963.6,0.4802,-0.524,-1453.0,0.4261,-0.755,-1340.6,0.4705,-0.302,2532.4,0.4953,0.887,34,-1,whipsaw,3.936
down,1733111760000,2024-12-02T03:56:00.000000000,3684.17,-1.614,1,3.01,-5958.6,0.4122,1.702,2.9852,0.000361,0.206,4115.8,0.4138,-0.423,3681.6,0.3918,-0.401,-950.1,0.4215,0.15,3112.0,0.4702,-0.927,-1,-1,partial,1.186
down,1733128020000,2024-12-02T08:27:00.000000000,3609.42,-1.582,1,8.21,-16358.4,0.5209,1.564,5.9434,0.000293,0.547,-2230.1,0.6116,-0.05,-11521.9,0.4916,-0.093,-15823.1,0.4663,0.222,-10446.1,0.4673,-1.104,-1,130,trend,-0.506
down,1733157660000,2024-12-02T16:41:00.000000000,3619.08,-1.548,2,1.92,-10379.8,0.4712,1.637,4.2641,0.000284,0.32,-4305.3,0.4883,0.23,-5572.0,0.5217,0.501,-7279.0,0.5436,-0.422,-10054.8,0.4817,-1.789,-1,70,trend,1.516
up,1733164080000,2024-12-02T18:28:00.000000000,3617.63,1.687,1,1.9,4931.2,0.5696,1.559,3.2559,0.000284,0.055,624.7,0.6302,0.287,-691.5,0.5892,0.165,-6996.9,0.5396,-0.532,-10356.8,0.5223,0.422,-1,-1,partial,-1.289
down,1733234100000,2024-12-03T13:55:00.000000000,3542.0,-1.509,1,4.42,9012.5,0.4678,1.812,6.7352,0.000347,0.207,2459.8,0.4559,0.599,10511.5,0.5313,0.4,13733.7,0.5025,0.994,11042.8,0.529,-1.186,55,39,trend,-4.475
up,1733238240000,2024-12-03T15:04:00.000000000,3588.1,2.47,1,7.57,-1111.6,0.5782,1.768,6.4848,0.000347,0.034,135.9,0.4787,0.111,7704.5,0.509,-0.797,1020.1,0.5055,-0.27,-17081.0,0.5365,0.254,103,-1,whipsaw,6.006
up,1733273940000,2024-12-04T00:59:00.000000000,3691.87,1.643,1,3.61,298.5,0.6063,1.524,4.9466,0.000187,-0.248,1449.3,0.596,0.156,5584.3,0.5524,-0.067,9383.0,0.5273,-0.158,12582.8,0.5221,0.425,69,-1,whipsaw,2.832
down,1733279100000,2024-12-04T02:25:00.000000000,3638.73,-1.581,1,4.14,-1376.0,0.536,1.797,4.301,0.000187,0.062,-520.6,0.5592,0.157,-1152.6,0.4965,0.214,-1114.8,0.4918,0.777,5511.7,0.5141,-0.148,63,-1,whipsaw,-4.874
up,1733323680000,2024-12-04T14:48:00.000000000,3766.0,1.638,1,2.6,11017.6,0.5486,1.629,5.6514,0.000159,0.372,2182.6,0.5532,0.903,6462.3,0.5306,1.05,15317.8,0.5269,1.862,11435.7,0.5298,2.32,-1,16,trend,4.705
up,1733366580000,2024-12-05T02:43:00.000000000,3874.19,1.657,1,2.71,-1326.5,0.4777,1.577,6.8579,0.000237,-0.429,2280.6,0.4849,-0.444,-6013.1,0.5038,-0.153,-1069.6,0.5348,-0.661,-9506.4,0.535,0.795,58,-1,whipsaw,-0.082
up,1733387580000,2024-12-05T08:33:00.000000000,3921.4,1.77,1,1.76,13654.4,0.5886,1.748,3.3941,0.000495,-0.092,2099.6,0.5471,-0.794,-612.7,0.4653,-0.418,-1439.2,0.5143,0.015,1303.9,0.5559,0.558,-1,-1,partial,-0.571
down,1733412480000,2024-12-05T15:28:00.000000000,3864.61,-1.588,1,2.23,-6084.4,0.3969,1.813,4.3362,0.000495,0.725,2022.9,0.5172,0.346,5326.8,0.4574,0.727,9984.7,0.4893,0.744,5975.4,0.4885,-0.127,34,-1,whipsaw,-4.062
down,1733428860000,2024-12-05T20:01:00.000000000,3819.01,-1.572,1,1.79,-7734.7,0.4352,1.603,7.3872,0.000312,0.466,75.4,0.5065,-0.341,-1374.8,0.4928,-0.86,-814.0,0.4636,0.089,-4194.6,0.4837,-3.719,117,146,whipsaw,-6.436
down,1733437560000,2024-12-05T22:26:00.000000000,3791.97,-1.6,1,1.19,-10424.8,0.4907,1.499,4.6962,0.000312,0.512,-32928.8,0.4375,-0.257,-17779.9,0.4355,0.174,-14176.0,0.4802,0.449,1617.7,0.4975,-3.032,24,2,trend,-6.403
up,1733439480000,2024-12-05T22:58:00.000000000,3805.61,2.411,2,5.47,-14176.0,0.4911,1.619,10.7928,0.000312,-0.746,-1700.9,0.4819,-0.438,1391.1,0.466,0.01,15793.7,0.5126,-0.46,11545.3,0.5212,2.17,9,103,whipsaw,5.678
up,1733496720000,2024-12-06T14:52:00.000000000,3950.58,1.594,1,3.26,5357.3,0.5239,1.618,7.0186,0.000255,0.785,1488.9,0.6476,1.13,10138.3,0.5665,1.378,27245.8,0.5656,0.947,39878.9,0.5025,2.719,-1,11,trend,1.17
up,1733755980000,2024-12-09T14:53:00.000000000,3940.24,1.5,1,4.42,10480.7,0.5382,1.735,4.3076,0.0001,-0.077,-756.9,0.492,-0.727,-8471.1,0.4526,-1.998,-16794.9,0.467,-3.399,-16389.8,0.481,0.146,20,-1,whipsaw,-6.292
down,1733757480000,2024-12-09T15:18:00.000000000,3868.59,-1.604,1,4.87,-14719.6,0.4517,1.612,5.6121,0.0001,-0.183,-1107.0,0.5601,-0.437,-2397.0,0.5225,-1.565,-1909.4,0.5043,-0.826,-4097.3,0.5146,-1.661,-1,17,trend,5.407
down,1733778060000,2024-12-09T21:01:00.000000000,3721.94,-1.645,2,6.4,2675.1,0.4432,1.565,12.1383,0.000134,-2.497,-65428.3,0.3189,-0.364,-88247.4,0.456,-0.199,-75348.1,0.4864,-0.369,-77897.8,0.5006,-5.721,211,2,trend,2.052
up,1733779980000,2024-12-09T21:33:00.000000000,3714.5,1.734,3,14.23,-75348.1,0.5103,1.883,16.0614,0.000134,0.587,-2045.3,0.6239,-0.256,1522.8,0.5325,-0.374,-2549.7,0.5076,0.275,-24195.0,0.4843,1.784,32,178,whipsaw,-1.355
down,1733800260000,2024-12-10T03:11:00.000000000,3664.74,-1.729,1,2.11,-3060.3,0.4338,1.851,4.4003,0.0001,-0.006,-6636.5,0.4236,-1.09,-7740.6,0.4493,-0.089,-11314.0,0.4931,-0.169,-7531.7,0.4771,-1.354,91,15,trend,0.131
up,1733802900000,2024-12-10T03:55:00.000000000,3690.69,1.543,1,3.26,1084.3,0.5164,1.858,6.2921,0.0001,-0.457,-456.9,0.4052,-0.723,-875.5,0.4206,-0.68,4167.7,0.4378,0.317,3050.2,0.4608,1.435,18,151,whipsaw,-0.628
down,1733842560000,2024-12-10T14:56:00.000000000,3661.13,-1.577,3,2.8,-10254.4,0.4981,1.743,7.0979,0.0001,0.297,-1633.5,0.4656,0.447,-1969.8,0.5009,-1.078,-1353.5,0.4534,-2.319,-2645.9,0.4797,-3.967,-1,30,trend,-2.777
up,1733855940000,2024-12-10T18:39:00.000000000,3582.31,1.727,1,1.56,-4650.3,0.5591,1.808,5.3962,0.0001,0.215,-1523.7,0.5523,0.04,1913.7,0.5776,0.449,-1676.3,0.5544,1.041,849.2,0.5589,2.537,-1,42,trend,5.959
up,1733884380000,2024-12-11T02:33:00.000000000,3624.5,1.582,1,0.95,-2843.2,0.5291,1.78,3.851,0.0001,0.164,-85.1,0.5693,0.717,1079.6,0.6146,0.818,1774.2,0.5656,0.978,1325.8,0.5599,1.573,-1,29,trend,5.499
up,1733972280000,2024-12-12T02:58:00.000000000,3881.43,1.603,1,2.38,2749.9,0.5885,1.363,3.3531,0.0001,-0.657,5203.5,0.5004,-0.086,-1859.5,0.5411,0.844,5355.5,0.5605,1.256,15407.2,0.5242,1.71,-1,41,trend,0.636
down,1734032160000,2024-12-12T19:36:00.000000000,3863.5,-1.693,1,2.9,-24726.4,0.4276,1.925,4.4697,0.0001,0.027,-5010.3,0.4381,0.556,-10163.4,0.4806,0.645,-5688.0,0.4873,0.566,-5290.8,0.4773,-0.71,-1,-1,partial,-1.431
down,1734105060000,2024-12-13T15:51:00.000000000,3895.39,-1.554,1,2.65,-8617.7,0.4817,1.764,5.0245,0.0001,-0.327,-16885.1,0.3976,-0.051,-29083.4,0.4557,-0.101,-25087.0,0.4478,0.932,-15677.1,0.477,-0.421,60,-1,whipsaw,0.164
up,1734371100000,2024-12-16T17:45:00.000000000,4039.2,1.508,1,6.58,11313.2,0.6348,1.686,3.929,0.0001,-0.48,7598.7,0.5063,-0.03,13555.5,0.4956,0.084,23160.8,0.4568,0.975,41564.6,0.4727,1.698,-1,58,trend,-1.498
down,1734376920000,2024-12-16T19:22:00.000000000,4036.79,-1.644,1,5.48,-533.1,0.4154,1.68,7.56,0.0001,0.112,3786.2,0.4861,0.374,3150.1,0.4434,0.557,4428.8,0.4308,0.711,3707.2,0.4374,-0.599,-1,-1,partial,2.414
down,1734448740000,2024-12-17T15:19:00.000000000,3953.39,-1.579,1,3.5,4082.9,0.499,1.636,7.6148,0.0001,-0.281,1749.0,0.3729,-0.31,-5526.6,0.4189,-0.26,-3189.4,0.4469,-0.212,19001.2,0.4611,-0.931,-1,-1,partial,2.531
down,1734475380000,2024-12-17T22:43:00.000000000,3867.1,-1.503,1,3.34,-20693.4,0.4385,1.502,5.9679,0.0001,0.37,-9765.2,0.3764,0.486,-10996.5,0.4519,-0.212,-17777.6,0.4233,0.469,-20619.8,0.4678,-0.839,-1,-1,partial,4.885
down,1734551820000,2024-12-18T19:57:00.000000000,3782.39,-1.708,1,6.08,6360.8,0.4144,1.497,7.8786,0.0001,-0.391,-11776.7,0.3413,-1.612,-3392.6,0.3816,-2.015,-10635.3,0.4418,-1.955,475.0,0.4731,-4.362,-1,10,trend,9.291
down,1734574260000,2024-12-19T02:11:00.000000000,3557.36,-1.768,1,5.26,-2009.2,0.4544,1.764,5.2176,6.1e-05,0.277,-6112.6,0.4159,0.726,-12909.7,0.4388,0.688,-12623.0,0.4735,2.921,-7273.6,0.4967,-0.426,7,-1,whipsaw,4.699
up,1734576900000,2024-12-19T02:55:00.000000000,3640.78,1.607,1,4.28,3048.3,0.5062,1.968,6.0462,6.1e-05,0.176,419.0,0.4962,0.607,2587.7,0.5477,0.308,4402.9,0.514,0.839,8837.1,0.5388,1.418,-1,174,trend,-5.254
down,1734620460000,2024-12-19T15:01:00.000000000,3627.0,-1.915,1,3.4,-9100.8,0.4255,1.867,6.3876,7.4e-05,-0.304,-3377.2,0.4425,-0.615,-2548.3,0.4744,-1.257,-7771.2,0.4609,-0.498,-1175.8,0.493,-6.397,-1,19,trend,7.951
down,1734629160000,2024-12-19T17:26:00.000000000,3554.05,-1.794,1,2.69,-2503.0,0.4473,1.841,4.2166,7.4e-05,-0.945,-2535.1,0.337,-0.789,-1112.9,0.3905,-2.506,-23112.4,0.3975,-2.481,-20105.7,0.4404,-6.394,-1,5,trend,3.688
up,1734634080000,2024-12-19T18:48:00.000000000,3492.09,1.632,3,4.81,1813.2,0.5153,1.682,10.8252,7.4e-05,0.25,1254.2,0.5602,0.501,7288.1,0.5592,0.184,6790.3,0.5287,-2.03,4160.7,0.5013,1.048,47,19,trend,-1.456
down,1734636840000,2024-12-19T19:34:00.000000000,3463.98,-1.501,2,2.27,-943.0,0.5039,1.868,5.9514,7.4e-05,-0.742,-463.0,0.4033,-1.18,-2184.4,0.4317,-1.732,-1364.5,0.4418,-3.009,-21303.7,0.4643,-3.96,-1,6,trend,-0.523
down,1734653880000,2024-12-20T00:18:00.000000000,3389.0,-1.593,1,1.45,-1600.1,0.4383,1.793,6.3303,0.0001,0.041,-1122.5,0.4078,0.719,-848.8,0.4464,1.192,-1736.8,0.4184,0.5,-2129.0,0.4186,-0.547,13,-1,whipsaw,-1.809
up,1734661680000,2024-12-20T02:28:00.000000000,3431.38,1.584,1,1.94,33.4,0.4068,1.801,4.911,0.0001,0.162,1574.3,0.4614,0.682,3618.5,0.4835,0.748,3122.3,0.4628,0.146,5483.7,0.4096,0.997,147,-1,whipsaw,1.249
up,1734678420000,2024-12-20T07:07:00.000000000,3397.69,1.525,1,2.07,2936.6,0.4471,1.616,6.1169,0.0001,0.142,-732.6,0.416,0.355,8930.4,0.4146,0.373,10890.2,0.4548,-1.156,4105.3,0.4876,0.614,59,-1,whipsaw,3.917
down,1734682020000,2024-12-20T08:07:00.000000000,3358.4,-1.524,3,1.6,-6785.0,0.5248,1.721,4.8834,0.0001,-0.5,-1065.2,0.4571,-0.488,4568.2,0.489,-1.372,9000.3,0.4609,-2.185,-4174.4,0.4602,-7.638,-1,22,trend,-4.703
up,1734691440000,2024-12-20T10:44:00.000000000,3214.71,2.084,5,5.14,-28403.1,0.4839,1.618,11.93,0.0001,-0.513,1786.2,0.4628,-0.87,2936.2,0.4736,-0.871,5238.3,0.5022,-2.994,-6934.9,0.4956,4.422,16,116,whipsaw,7.673
down,1734787380000,2024-12-21T13:23:00.000000000,3364.4,-1.52,1,2.83,-489.8,0.4397,1.825,4.1397,0.0001,-0.178,953.6,0.4218,0.712,6095.0,0.4735,0.718,3627.4,0.4637,1.088,4711.4,0.4876,-0.517,22,-1,whipsaw,-0.463
up,1734789660000,2024-12-21T14:01:00.000000000,3403.98,1.513,1,3.24,1336.9,0.4615,1.782,6.2631,0.0001,0.012,1575.2,0.546,0.273,263.7,0.5428,0.196,-1023.8,0.5327,-0.846,-3734.0,0.4866,0.438,124,-1,whipsaw,-0.795
down,1734877620000,2024-12-22T14:27:00.000000000,3323.03,-1.505,1,1.79,-3331.5,0.4656,1.698,4.8514,0.0001,-0.126,117.1,0.4533,-0.404,3597.0,0.4866,-1.039,3337.9,0.4649,-0.289,1014.9,0.4937,-1.445,-1,28,trend,-0.766
down,1734897480000,2024-12-22T19:58:00.000000000,3239.99,-1.525,1,3.78,-4277.6,0.4607,1.895,4.8162,5.4e-05,-0.147,-9.8,0.4277,-0.206,3936.3,0.4388,0.735,4836.2,0.5078,1.499,2693.4,0.5216,-0.583,45,-1,whipsaw,-2.976
down,1734905220000,2024-12-22T22:07:00.000000000,3239.53,-1.906,1,1.79,-6690.5,0.4314,1.471,5.2145,5.4e-05,0.474,5416.2,0.4619,0.732,1579.1,0.5012,1.139,-1213.5,0.4977,2.013,77.0,0.542,-0.696,9,-1,whipsaw,-5.776
up,1734918060000,2024-12-23T01:41:00.000000000,3293.61,1.63,2,3.31,-3218.8,0.5165,1.915,4.2638,5.7e-05,-0.418,-257.6,0.5038,-0.601,-356.9,0.5405,-1.618,-1574.6,0.5034,-0.802,47.1,0.5142,2.11,17,95,whipsaw,2.883
down,1734919800000,2024-12-23T02:10:00.000000000,3246.8,-1.501,1,1.64,-1574.6,0.517,1.728,5.5238,5.7e-05,-0.221,151.7,0.4102,-0.286,-263.9,0.4882,0.669,1621.7,0.5134,1.503,11626.5,0.5056,-0.517,37,-1,whipsaw,-4.235
down,1734965160000,2024-12-23T14:46:00.000000000,3292.02,-1.79,1,2.61,-1893.1,0.4986,1.547,6.1931,5.4e-05,-0.232,-1414.2,0.433,0.358,-2340.7,0.5208,0.126,1341.8,0.5195,-0.178,2065.5,0.5338,-0.689,120,-1,whipsaw,-4.931
up,1734972420000,2024-12-23T16:47:00.000000000,3349.61,2.086,1,2.45,5285.2,0.5571,1.595,5.7014,8.7e-05,0.696,8741.3,0.6104,0.704,16598.1,0.5467,0.523,10629.3,0.5437,-0.342,3209.9,0.5068,1.203,117,8,trend,3.897
up,1734981660000,2024-12-23T19:21:00.000000000,3351.01,1.528,2,1.57,2078.9,0.5372,1.791,3.9097,8.7e-05,-0.179,1606.1,0.459,-0.356,-3418.3,0.4612,-0.597,-4848.7,0.4638,-0.179,-772.3,0.5141,3.461,-1,76,trend,4.286
up,1735054740000,2024-12-24T15:39:00.000000000,3496.03,1.51,1,2.41,2158.9,0.5385,1.731,4.0914,8.1e-05,0.13,575.8,0.536,-0.074,-1041.2,0.467,-0.07,3668.1,0.4685,-0.352,1618.3,0.4724,1.248,-1,156,trend,-0.666
up,1735122060000,2024-12-25T10:21:00.000000000,3546.0,1.5,1,2.84,11611.6,0.5745,1.598,3.6179,6.6e-05,-0.479,1291.8,0.5262,-0.559,-154.5,0.5108,-0.768,-761.2,0.4968,-1.014,-10030.4,0.5139,0.055,33,-1,whipsaw,-5.02
down,1735128300000,2024-12-25T12:05:00.000000000,3459.85,-1.567,1,3.56,-5173.5,0.3872,1.645,5.5679,6.6e-05,0.342,-922.4,0.4295,0.571,-1576.8,0.434,0.647,-950.5,0.4664,0.732,910.0,0.4298,-0.062,132,-1,whipsaw,2.734
down,1735201080000,2024-12-26T08:18:00.000000000,3377.59,-1.574,1,6.59,932.7,0.5244,1.768,5.6024,0.0001,-0.246,817.1,0.4701,-0.372,1429.7,0.4737,-0.312,11037.1,0.5245,-0.269,12876.3,0.5494,-0.91,-1,-1,partial,0.581
down,1735285080000,2024-12-27T07:38:00.000000000,3337.27,-1.511,1,2.63,-6321.5,0.5307,1.943,2.4062,0.0001,-0.315,-2277.2,0.4521,-0.205,-2463.5,0.4639,0.298,-2191.5,0.5316,0.779,8833.9,0.5295,-0.6,56,-1,whipsaw,-0.2
up,1735290300000,2024-12-27T09:05:00.000000000,3426.36,1.667,1,2.55,6228.0,0.5564,1.451,3.9376,8.4e-05,0.018,1326.2,0.5564,0.065,-1387.6,0.5531,-0.226,-5560.7,0.5069,0.028,-9426.8,0.4929,0.52,0,-1,whipsaw,-2.256
down,1735565640000,2024-12-30T13:34:00.000000000,3357.41,-1.552,1,3.32,-1686.6,0.4214,1.882,3.6903,0.0001,-0.22,-16.2,0.3855,-0.203,1945.1,0.4154,-0.474,2290.6,0.4273,-0.959,4698.7,0.4702,-1.561,-1,59,trend,-1.942
up,1735580220000,2024-12-30T17:37:00.000000000,3383.74,1.502,1,2.08,-3407.9,0.5343,1.641,3.8238,0.0001,-0.072,1318.3,0.4987,0.35,-247.4,0.5229,0.311,-3646.4,0.5053,0.334,-3276.4,0.5352,1.042,-1,163,trend,-1.275
down,1735594800000,2024-12-30T21:40:00.000000000,3327.33,-1.902,1,3.29,-1642.9,0.4181,1.69,2.9952,0.0001,-0.16,-3100.6,0.5001,-0.334,2688.0,0.4875,0.588,-528.3,0.4914,1.092,-2519.5,0.4946,-0.555,58,-1,whipsaw,-0.645
up,1735633920000,2024-12-31T08:32:00.000000000,3405.79,1.511,1,2.33,-2374.3,0.5767,1.651,3.219,8.5e-05,-0.405,-4905.7,0.3872,-0.528,-4911.5,0.4029,-0.733,-3248.8,0.4396,-0.568,173.2,0.4867,0.182,-1,-1,partial,-1.938
down,1735666500000,2024-12-31T17:35:00.000000000,3349.96,-1.672,1,2.71,561.4,0.382,1.539,3.8166,0.0001,-0.435,-7008.6,0.4655,-0.071,-7366.5,0.5189,0.458,-6133.4,0.5242,0.179,-4935.0,0.4929,-0.596,-1,-1,partial,0.423
down,1736005680000,2025-01-04T15:48:00.000000000,3597.98,-1.558,1,5.61,-405.9,0.4078,1.574,7.1776,0.0001,0.269,2292.1,0.5714,0.488,-163.3,0.5551,0.632,646.2,0.5367,0.651,10.1,0.5106,-0.165,129,-1,whipsaw,-0.973
up,1736129280000,2025-01-06T02:08:00.000000000,3679.77,1.508,1,5.81,514.9,0.5217,1.847,3.78,0.0001,-0.256,-2252.3,0.4676,-0.406,-3042.5,0.478,0.055,259.2,0.4783,-0.396,-4204.2,0.4643,0.496,-1,-1,partial,0.305
up,1736175240000,2025-01-06T14:54:00.000000000,3683.2,1.631,1,7.54,-1640.6,0.5265,1.601,6.8369,0.0001,0.062,-2088.4,0.5039,0.327,-2565.0,0.495,0.147,347.7,0.4783,0.715,-1049.1,0.5079,1.673,-1,74,trend,-1.735
down,1736261940000,2025-01-07T14:59:00.000000000,3568.75,-1.891,2,11.22,2202.9,0.4737,1.899,7.4938,0.0001,-0.245,-12866.2,0.4356,-1.062,-17986.8,0.4502,-1.202,-6741.9,0.4794,-2.973,-8402.3,0.4873,-4.361,0,0,whipsaw,5.582
down,1736356020000,2025-01-08T17:07:00.000000000,3274.43,-2.01,2,4.52,-9833.6,0.4144,1.79,5.2355,0.0001,-0.129,-295.1,0.3629,-0.918,2136.6,0.417,-1.117,2373.5,0.4464,0.518,3674.1,0.5036,-2.023,69,16,trend,-0.679
up,1736359440000,2025-01-08T18:04:00.000000000,3291.84,1.987,1,4.63,1181.6,0.5523,1.831,7.451,0.0001,0.094,-3530.8,0.5059,0.629,-1483.4,0.5355,0.43,1646.8,0.519,-0.196,-6845.2,0.5035,1.189,-1,22,trend,-1.024
down,1736430780000,2025-01-09T13:53:00.000000000,3233.51,-1.504,1,4.73,-6524.9,0.4513,1.946,4.591,0.0001,-0.522,162.2,0.3843,-0.126,-2193.8,0.4565,0.005,4499.2,0.5083,0.118,4996.8,0.4927,-0.718,82,-1,whipsaw,-0.55
up,1736436660000,2025-01-09T15:31:00.000000000,3296.44,1.501,1,2.37,-848.9,0.5689,2.101,3.0372,0.0001,0.135,1752.8,0.4624,0.368,2699.1,0.5047,0.775,-817.6,0.5141,-0.124,-2408.2,0.5048,1.23,135,22,trend,-1.93
down,1736452740000,2025-01-09T19:59:00.000000000,3195.63,-1.512,1,5.79,-514.3,0.4496,1.903,3.241,0.0001,0.1,-710.3,0.4849,-0.504,-5101.1,0.4559,-0.5,-3430.9,0.4546,-0.003,-2582.2,0.4632,-1.178,152,20,trend,-3.13
down,1736515800000,2025-01-10T13:30:00.000000000,3248.14,-1.857,2,2.89,-1713.7,0.4463,1.362,4.4483,6.2e-05,0.173,-13830.4,0.4457,0.15,-13260.8,0.4764,-0.157,-15756.3,0.5077,0.426,-16950.9,0.5224,-1.668,0,100,whipsaw,-0.735
up,1736523600000,2025-01-10T15:40:00.000000000,3266.0,1.634,1,5.13,7884.2,0.557,1.697,6.9083,6.2e-05,-0.103,-521.8,0.5424,-0.576,661.8,0.5014,-0.75,-2047.7,0.5249,-0.842,-3208.6,0.5293,1.73,24,129,whipsaw,0.202
up,1736728320000,2025-01-13T00:32:00.000000000,3322.8,1.55,1,6.13,2469.2,0.5479,1.494,3.6976,0.0001,0.338,227.2,0.6001,-0.308,-3273.8,0.5163,-0.714,-5344.9,0.4708,-0.603,-7645.7,0.488,0.488,44,-1,whipsaw,-5.818
down,1736769480000,2025-01-13T11:58:00.000000000,3057.29,-1.601,1,13.15,-9737.8,0.4567,2.201,4.7431,9.4e-05,-0.269,-5002.1,0.4511,0.754,-4000.6,0.5369,0.318,-1455.0,0.5385,-0.147,-9481.1,0.5343,-4.491,80,155,whipsaw,-5.259
down,1736778780000,2025-01-13T14:33:00.000000000,2996.0,-1.525,1,8.03,-12694.6,0.4609,1.428,8.4066,9.4e-05,-0.2,-37352.1,0.4215,1.285,-49621.7,0.4987,1.461,-47778.2,0.5029,2.186,-51070.8,0.4879,-2.537,0,1,whipsaw,-7.247
up,1736780640000,2025-01-13T15:04:00.000000000,3043.51,2.909,1,24.68,-47778.2,0.5119,1.714,16.4214,9.4e-05,0.419,536.7,0.4879,0.527,4018.6,0.4846,0.307,-3292.6,0.4693,0.29,3949.4,0.4849,1.135,114,18,trend,4.998
up,1736800920000,2025-01-13T20:42:00.000000000,3058.58,1.513,1,1.32,-1792.5,0.5579,1.573,4.3976,3.4e-05,0.343,548.4,0.6379,1.27,-2511.1,0.608,1.636,3234.2,0.5516,1.753,-1136.0,0.5008,2.941,-1,9,trend,5.032
up,1736846700000,2025-01-14T09:25:00.000000000,3232.37,1.503,1,1.86,7005.8,0.5855,1.438,3.1648,7.5e-05,0.067,2509.8,0.5229,0.261,3151.6,0.5369,0.44,4724.6,0.5033,0.044,4104.0,0.4852,0.752,173,-1,whipsaw,-0.269
up,1736947800000,2025-01-15T13:30:00.000000000,3256.4,1.648,2,3.65,-2610.6,0.6032,1.484,4.2838,5.9e-05,0.276,-1989.1,0.549,0.525,-5261.7,0.5453,1.524,2641.3,0.5671,0.916,6986.2,0.5205,3.382,0,19,whipsaw,2.358
up,1736970480000,2025-01-15T19:48:00.000000000,3434.17,1.681,1,5.29,1863.6,0.5715,1.401,5.2552,5.4e-05,0.228,12.2,0.5645,0.249,1850.5,0.4837,0.921,-135.2,0.4878,0.04,-4392.3,0.4972,1.153,-1,31,trend,-2.765
down,1736987760000,2025-01-16T00:36:00.000000000,3396.75,-1.525,1,2.89,-4274.9,0.4288,1.545,4.2569,0.0001,-0.032,589.6,0.4947,0.226,1837.3,0.4965,0.308,-232.8,0.4771,0.22,-33.1,0.4806,-1.494,-1,173,trend,2.524
down,1737017280000,2025-01-16T08:48:00.000000000,3317.04,-1.567,1,2.94,-910.5,0.4236,1.47,3.7507,8.3e-05,-0.128,-941.8,0.3665,-0.283,-1468.5,0.3351,-0.204,-3924.4,0.4213,0.447,-7969.0,0.4701,-0.507,184,-1,whipsaw,-2.137
down,1737038700000,2025-01-16T14:45:00.000000000,3276.6,-1.786,1,4.04,-1069.1,0.5168,1.591,5.669,8.3e-05,0.097,-2826.1,0.4143,-0.046,-1015.8,0.4719,0.343,-5140.6,0.4848,0.826,-5000.9,0.5076,-0.341,39,-1,whipsaw,-4.282
up,1737043560000,2025-01-16T16:06:00.000000000,3352.74,1.539,1,2.27,4843.7,0.5367,1.639,3.7034,5.3e-05,-0.016,4259.0,0.6336,-0.33,7153.3,0.5682,-0.184,9401.6,0.5464,-0.435,6825.8,0.5277,0.394,143,-1,whipsaw,1.992
up,1737077760000,2025-01-17T01:36:00.000000000,3372.46,1.542,1,2.29,6352.4,0.5461,1.549,2.9048,0.0001,0.216,4007.3,0.5358,0.049,7686.9,0.5366,0.436,5431.3,0.621,0.224,9647.1,0.5627,0.747,-1,-1,partial,2.546
up,1737145740000,2025-01-17T20:29:00.000000000,3491.4,1.728,1,4.1,1802.1,0.5463,1.53,5.5555,0.0001,0.407,889.0,0.618,0.579,9564.8,0.5381,0.671,25037.2,0.5419,0.197,23638.7,0.5113,0.983,-1,-1,partial,-6.478
down,1737171600000,2025-01-18T03:40:00.000000000,3397.32,-1.554,1,2.69,-9576.7,0.4502,1.562,3.5797,0.0001,-0.112,-9185.9,0.4633,-0.467,-10102.5,0.477,-0.308,-9622.1,0.5006,-0.684,-20274.6,0.5234,-3.342,-1,38,trend,1.796
down,1737179700000,2025-01-18T05:55:00.000000000,3293.5,-1.666,1,3.57,-3705.9,0.4476,1.837,5.0376,0.0001,0.261,-1502.2,0.4852,0.784,-2919.4,0.5253,0.735,-190.5,0.5144,0.677,434.6,0.5189,-1.271,22,133,whipsaw,-0.123
up,1737200580000,2025-01-18T11:43:00.000000000,3314.58,1.643,1,2.19,9783.9,0.6218,1.509,4.509,0.0001,0.063,3962.2,0.5836,0.005,981.4,0.6004,-0.018,4068.1,0.5411,-0.758,-3452.8,0.5067,0.988,51,-1,whipsaw,-5.134
up,1737214620000,2025-01-18T15:37:00.000000000,3340.63,1.58,1,3.16,11089.9,0.527,1.545,5.5917,0.0001,-0.384,4112.0,0.5894,-0.645,-4796.4,0.4972,-1.193,-20924.6,0.4714,-1.556,-22457.7,0.4765,0.045,22,-1,whipsaw,1.402
down,1737216960000,2025-01-18T16:16:00.000000000,3271.89,-2.031,1,3.59,-22294.5,0.4432,1.749,5.2562,0.0001,0.548,-2379.9,0.5119,0.784,1610.6,0.5057,0.3,4007.6,0.4709,0.281,2188.4,0.4537,-0.669,-1,-1,partial,-3.626
down,1737260220000,2025-01-19T04:17:00.000000000,3289.8,-1.673,1,1.87,-2623.3,0.4504,1.543,2.8007,0.0001,0.129,-6966.3,0.4564,-0.091,-7320.4,0.4493,0.431,-10306.9,0.462,-0.871,-9137.1,0.4396,-1.139,-1,239,trend,1.076
down,1737277620000,2025-01-19T09:07:00.000000000,3180.55,-1.901,1,4.65,92.9,0.4601,1.534,6.4666,0.0001,-0.018,-5526.8,0.4328,-0.6,589.3,0.4467,0.411,2869.2,0.4935,0.687,11111.6,0.5034,-1.574,40,9,trend,-7.174
up,1737279960000,2025-01-19T09:46:00.000000000,3204.86,1.706,1,5.76,4378.0,0.523,1.871,7.2583,0.0001,0.563,1645.4,0.5823,0.457,3780.6,0.5485,-0.189,6913.2,0.4925,-0.326,8896.7,0.4848,0.902,79,-1,whipsaw,5.197
down,1737287460000,2025-01-19T11:51:00.000000000,3135.75,-1.566,1,3.06,2796.9,0.4881,1.581,7.469,0.0001,0.068,2241.5,0.4472,1.287,11943.5,0.5488,1.258,14290.4,0.5218,1.818,9493.9,0.5359,-0.12,11,-1,whipsaw,-7.575
up,1737295080000,2025-01-19T13:58:00.000000000,3274.59,1.821,2,2.89,-5606.8,0.4935,1.497,6.2034,0.0001,0.806,9014.8,0.566,2.606,17848.5,0.5429,2.452,7267.5,0.5312,3.341,11030.5,0.5229,5.286,0,6,whipsaw,1.987
down,1737320520000,2025-01-19T21:02:00.000000000,3359.36,-1.785,4,1.62,-9979.1,0.4336,1.697,4.6714,0.0001,-0.04,-2966.2,0.3823,0.367,-3596.6,0.4135,-2.471,-18021.2,0.411,-3.329,-17925.1,0.4253,-6.447,-1,24,trend,1.046
up,1737324960000,2025-01-19T22:16:00.000000000,3309.58,1.693,1,7.12,-11136.2,0.4694,1.44,22.3093,0.0001,-1.452,7893.7,0.4951,-1.067,7049.1,0.4971,-2.322,5936.7,0.4854,-2.602,4845.7,0.4778,0.098,0,-1,whipsaw,-0.445
up,1737335820000,2025-01-20T01:17:00.000000000,3197.23,1.576,2,3.11,12502.1,0.4997,1.772,9.8362,0.0001,-0.241,283.2,0.4206,-0.058,5896.7,0.4766,-0.018,5582.2,0.4777,1.503,12237.9,0.4939,3.84,-1,51,trend,1.512
up,1737355440000,2025-01-20T06:44:00.000000000,3351.89,1.508,1,1.24,115.3,0.5771,1.64,5.3741,0.0001,1.4,5914.3,0.6122,1.913,4424.6,0.5855,2.23,3595.9,0.5556,0.72,-113.9,0.5243,3.037,-1,4,trend,-3.961
down,1737358500000,2025-01-20T07:35:00.000000000,3362.01,-1.808,1,2.34,-4576.8,0.4804,2.072,5.8841,0.0001,0.089,-45.6,0.5369,0.862,2011.0,0.5505,0.75,7030.0,0.5462,1.234,22629.4,0.548,-0.824,36,-1,whipsaw,3.093
down,1737365940000,2025-01-20T09:39:00.000000000,3353.52,-1.583,1,1.01,-6859.9,0.503,1.562,5.3814,0.0001,0.536,-5446.0,0.498,0.384,-5849.8,0.5383,0.558,-4415.8,0.5414,0.491,-558.6,0.5141,-2.872,47,157,whipsaw,2.56
down,1737375360000,2025-01-20T12:16:00.000000000,3321.2,-1.57,1,0.97,-9225.6,0.4912,1.638,6.0103,0.0001,-0.926,-8586.2,0.4306,-0.469,-11641.8,0.4764,-0.733,-19512.1,0.492,-0.022,-19885.8,0.5132,-1.927,80,2,trend,0.423
down,1737389460000,2025-01-20T16:11:00.000000000,3305.05,-1.714,2,1.74,-6952.2,0.474,1.832,9.031,0.0001,0.286,-6719.2,0.423,1.28,-5512.7,0.4565,2.323,1101.6,0.5266,1.232,2615.9,0.5043,-3.014,11,55,whipsaw,-0.943
up,1737391200000,2025-01-20T16:40:00.000000000,3381.69,1.652,2,1.97,1101.6,0.5243,1.615,8.1541,0.0001,-0.254,8062.3,0.5581,-0.255,9081.9,0.5194,-1.344,1514.3,0.4838,-3.641,-5574.4,0.4786,0.266,24,-1,whipsaw,-2.111
down,1737410400000,2025-01-20T22:00:00.000000000,3279.36,-1.504,1,0.7,-8943.5,0.4001,1.899,5.4279,0.0001,-0.175,-6102.0,0.417,0.543,-6422.1,0.5058,0.647,-5789.6,0.513,0.965,-4868.1,0.5496,-2.28,33,146,whipsaw,-1.553
up,1737412380000,2025-01-20T22:33:00.000000000,3312.55,1.619,1,0.73,-5789.6,0.5474,1.631,7.0145,0.0001,0.049,852.8,0.6077,0.044,950.4,0.6051,-0.018,921.5,0.5703,-0.451,946.9,0.5437,0.36,74,-1,whipsaw,0.65
down,1737419460000,2025-01-21T00:31:00.000000000,3237.19,-1.506,1,1.52,-464.1,0.4436,1.72,7.4855,0.0001,0.785,-1959.1,0.4578,0.961,-718.2,0.5197,-0.042,1410.7,0.4965,-0.971,144.0,0.4796,-1.007,12,60,whipsaw,-2.8
up,1737476100000,2025-01-21T16:15:00.000000000,3343.55,1.705,1,1.97,339.1,0.5037,1.686,5.4941,0.0001,-0.047,3085.5,0.5418,-0.688,644.3,0.4799,-0.827,-1149.6,0.4944,-0.702,1718.9,0.4935,0.731,12,-1,whipsaw,-2.373
up,1737643560000,2025-01-23T14:46:00.000000000,3275.69,1.519,1,5.61,-9547.9,0.5438,1.677,6.2083,0.0001,0.176,538.7,0.5107,0.002,-4304.3,0.482,-1.028,-9527.0,0.4969,-0.487,-12929.3,0.5142,0.666,22,-1,whipsaw,4.168
down,1737645480000,2025-01-23T15:18:00.000000000,3230.02,-1.69,1,8.65,-9527.0,0.4833,1.966,7.7279,0.0001,0.086,-1468.3,0.5003,0.468,-5972.2,0.5045,1.117,-3402.3,0.5366,1.657,-641.7,0.5213,-0.502,27,-1,whipsaw,-5.001
up,1737663720000,2025-01-23T20:22:00.000000000,3264.52,1.995,1,6.49,1472.7,0.4663,1.863,7.7052,0.0001,0.668,5138.8,0.5578,0.352,5527.9,0.5466,-0.235,5709.5,0.5403,-0.874,-895.0,0.5155,2.606,34,123,whipsaw,2.752
down,1737666780000,2025-01-23T21:13:00.000000000,3231.77,-1.547,1,5.16,-5221.9,0.5093,1.762,8.0245,0.0001,-0.511,29.1,0.4628,0.277,1520.0,0.4582,0.491,3336.9,0.5404,1.059,2331.7,0.5489,-0.552,53,-1,whipsaw,-3.101
up,1737671040000,2025-01-23T22:24:00.000000000,3295.0,1.695,1,2.57,1158.5,0.5689,1.65,4.1,0.0001,-0.088,2518.4,0.4605,0.518,9352.7,0.4945,0.373,16700.7,0.4968,1.478,35841.9,0.5158,1.657,-1,36,trend,1.169
up,1737698400000,2025-01-24T06:00:00.000000000,3419.15,1.612,1,2.8,5260.3,0.5296,1.595,4.0434,0.0001,-0.496,-289.3,0.4441,-0.543,2336.2,0.4488,-0.68,5919.7,0.434,-0.853,6262.3,0.4333,0.054,39,-1,whipsaw,-3.542
down,1737933300000,2025-01-26T23:15:00.000000000,3252.56,-1.676,1,7.85,1768.6,0.333,1.547,3.7072,3.8e-05,-0.349,-1451.2,0.3993,-0.319,2088.6,0.4108,-0.527,2420.7,0.3818,-0.497,2521.9,0.3801,-2.824,-1,46,trend,2.485
down,1737959820000,2025-01-27T06:37:00.000000000,3100.13,-1.524,1,6.43,-4571.7,0.4445,1.523,5.0272,-3e-06,-0.194,243.2,0.4145,-0.262,-6167.3,0.4491,-0.59,-6957.8,0.4776,-1.242,-16101.3,0.4929,-2.584,-1,41,trend,-3.297
up,1737982500000,2025-01-27T12:55:00.000000000,3114.29,1.623,1,2.25,12241.6,0.53,1.652,4.11,3.9e-05,-0.477,1911.3,0.4429,0.399,-205.0,0.5033,0.122,-5671.9,0.496,-0.395,-9687.8,0.4528,1.211,227,123,trend,1.88
up,1738010700000,2025-01-27T20:45:00.000000000,3126.35,1.573,1,0.77,-2356.2,0.5272,1.5,4.2255,3.1e-05,0.271,3162.7,0.5091,0.615,4774.7,0.488,2.169,3370.4,0.5379,1.137,-2467.2,0.5249,3.603,-1,23,trend,-0.15
down,1738014360000,2025-01-27T21:46:00.000000000,3160.48,-1.511,1,2.54,-5837.6,0.5181,1.547,7.3883,3.1e-05,-0.19,346.7,0.461,0.256,793.9,0.5359,0.068,114.6,0.5079,0.348,-1664.9,0.5372,-0.441,137,-1,whipsaw,2.574
down,1738101480000,2025-01-28T21:58:00.000000000,3052.69,-1.518,1,4.35,2160.2,0.4558,1.613,4.7617,5.9e-05,-0.202,9518.9,0.4005,0.092,13727.6,0.4509,0.501,6431.2,0.4938,1.094,5292.0,0.5207,-0.415,18,-1,whipsaw,-2.889
down,1738178280000,2025-01-29T19:18:00.000000000,3066.55,-1.723,1,7.93,4836.6,0.4624,1.652,7.069,8.7e-05,-0.087,-186.2,0.4768,0.765,-1430.7,0.5308,2.436,4826.8,0.5283,1.46,12600.3,0.5084,-0.407,15,-1,whipsaw,-6.669
up,1738179600000,2025-01-29T19:40:00.000000000,3142.2,2.061,1,8.7,5834.8,0.5249,1.565,7.9697,8.7e-05,0.22,-170.9,0.5359,-0.655,3394.0,0.5107,-0.754,7905.8,0.4929,-0.318,-1453.6,0.5057,1.283,0,46,whipsaw,3.768
up,1738209660000,2025-01-30T04:01:00.000000000,3215.11,1.569,1,3.82,4963.6,0.5549,1.51,3.5814,2.3e-05,-0.475,2024.8,0.4333,-0.65,1258.4,0.4537,-0.527,2285.4,0.4562,-0.62,5243.1,0.4474,0.019,95,-1,whipsaw,0.41
up,1738322640000,2025-01-31T11:24:00.000000000,3320.04,1.559,1,6.63,21028.5,0.5989,1.685,3.2214,8e-05,0.28,7590.1,0.6475,0.198,13561.9,0.5283,0.217,22013.0,0.5144,0.878,23590.6,0.5248,2.137,-1,63,trend,-2.356
up,1738337700000,2025-01-31T15:35:00.000000000,3405.8,1.518,1,7.14,5178.0,0.5422,2.069,3.9366,8e-05,-0.218,-407.5,0.5089,-0.041,2407.0,0.5735,0.52,5588.6,0.5753,-0.191,7007.1,0.5359,0.925,135,-1,whipsaw,-4.387
down,1738348500000,2025-01-31T18:35:00.000000000,3318.08,-1.504,1,5.85,-412.1,0.5102,1.601,4.2386,0.0001,0.009,-23107.1,0.4962,-0.128,-17922.5,0.5371,0.099,-10708.3,0.5646,0.428,-10631.1,0.5417,-1.193,-1,166,trend,1.944
down,1738439160000,2025-02-01T19:46:00.000000000,3183.93,-1.506,1,5.34,-13533.3,0.4078,1.652,6.0741,3.6e-05,0.402,-298.5,0.547,0.186,-980.2,0.4603,-0.087,-425.2,0.4448,-0.774,-4710.0,0.4638,-2.583,-1,46,trend,6.5
down,1738496220000,2025-02-02T11:37:00.000000000,3061.4,-1.606,1,3.18,-8780.5,0.5152,1.617,4.1721,0.0001,0.336,133.2,0.4377,0.283,2273.6,0.485,0.363,5709.5,0.5534,0.281,5938.6,0.5591,-0.351,147,-1,whipsaw,15.268
down,1738514940000,2025-02-02T16:49:00.000000000,3018.79,-1.767,3,4.46,-7867.9,0.3961,1.652,4.7541,2.6e-05,0.139,708.1,0.4653,-0.062,-1943.0,0.4635,0.027,-5319.2,0.4758,-1.262,-3794.5,0.4624,-4.121,-1,46,trend,10.183
up,1738525320000,2025-02-02T19:42:00.000000000,2974.29,1.518,1,5.0,-1070.6,0.5491,1.65,5.2948,2.6e-05,0.27,1665.2,0.6252,-0.462,4300.0,0.5387,0.121,10525.2,0.5468,-0.632,300.2,0.5332,0.45,74,-1,whipsaw,-7.504
down,1738532520000,2025-02-02T21:42:00.000000000,2900.3,-1.646,5,2.9,-5264.9,0.4726,1.676,6.0555,2.6e-05,0.198,2495.8,0.4909,0.16,2793.3,0.4837,1.203,4223.8,0.526,-2.46,-1403.1,0.4916,-5.158,20,49,whipsaw,5.664
up,1738539600000,2025-02-02T23:40:00.000000000,2851.24,1.507,1,7.84,-1821.1,0.4746,1.742,10.4231,2.6e-05,0.024,261.2,0.4355,0.378,12944.2,0.4612,0.172,14691.5,0.4967,-1.139,16644.5,0.4859,0.754,38,-1,whipsaw,0.491
up,1738549500000,2025-02-03T02:25:00.000000000,2504.52,4.017,2,28.31,5352.8,0.4649,1.677,53.6848,3.2e-05,-0.635,-362.8,0.4817,-1.331,7548.9,0.492,-1.395,-2044.5,0.4897,0.722,-4947.2,0.5032,2.435,0,52,whipsaw,13.143
down,1738556820000,2025-02-03T04:27:00.000000000,2490.0,-1.553,1,3.07,-1976.8,0.4802,1.569,7.4759,3.2e-05,-0.436,-3327.1,0.4943,-0.79,-5955.0,0.5067,-0.835,-7157.9,0.5163,0.353,-10800.7,0.5169,-1.717,90,9,trend,-13.51
up,1738560540000,2025-02-03T05:29:00.000000000,2491.06,1.566,6,2.81,-3642.8,0.517,2.17,6.1141,3.2e-05,0.065,-5513.0,0.4857,-0.532,-7909.5,0.4805,0.961,-10527.8,0.5085,1.263,-21927.8,0.5191,5.69,-1,28,trend,8.412
down,1738571160000,2025-02-03T08:26:00.000000000,2565.81,-1.599,1,2.38,2271.2,0.4508,1.778,7.9183,-0.000167,-0.343,-1854.4,0.451,-0.792,-5441.7,0.4653,-0.051,-2122.7,0.4834,0.569,-18420.5,0.4626,-1.545,36,8,trend,-5.735
down,1738587420000,2025-02-03T12:57:00.000000000,2579.21,-1.613,1,0.89,794.6,0.4603,2.015,3.521,-0.000167,-0.015,-3174.7,0.3806,-0.314,-174.7,0.4313,-0.559,-2892.5,0.4624,-0.109,-9445.0,0.4886,-1.932,95,32,trend,-8.839
up,1738593120000,2025-02-03T14:32:00.000000000,2600.83,1.652,2,1.64,-13905.5,0.4989,1.756,8.9224,-0.000167,0.102,-2383.1,0.5151,0.586,-6895.9,0.4937,0.21,974.8,0.4904,2.731,5863.8,0.4991,5.116,-1,1,trend,8.469
up,1738605960000,2025-02-03T18:06:00.000000000,2720.09,1.792,1,1.06,-490.7,0.5514,1.89,7.6721,-0.000251,-0.573,3940.2,0.3942,-0.054,985.0,0.4795,0.041,1103.1,0.4882,0.647,4021.0,0.4614,4.595,-1,66,trend,3.232
down,1738613940000,2025-02-03T20:19:00.000000000,2722.27,-1.611,1,0.88,-1969.7,0.4701,1.98,4.8369,-0.000251,0.667,3769.4,0.5243,0.284,5493.8,0.4401,-0.315,2906.6,0.451,-0.548,3441.7,0.4915,-0.979,78,-1,whipsaw,-0.855
up,1738618620000,2025-02-03T21:37:00.000000000,2752.27,1.819,2,0.51,-1172.1,0.6025,1.691,3.8924,-0.000251,-0.59,-2631.3,0.5381,0.873,-5816.6,0.5598,3.545,24825.0,0.5696,4.698,36783.8,0.5371,6.131,-1,16,trend,-2.505
down,1738638180000,2025-02-04T03:03:00.000000000,2796.56,-1.641,1,0.8,-3208.0,0.4418,1.591,4.3214,-0.000107,0.301,1783.6,0.4022,0.448,3508.0,0.4316,0.04,-112.7,0.4067,0.805,3565.7,0.4293,-4.768,65,122,whipsaw,2.201
down,1738645440000,2025-02-04T05:04:00.000000000,2773.55,-1.722,1,0.66,404.4,0.4467,1.68,3.8324,-0.000107,-0.993,-2867.6,0.4508,-3.21,-9928.2,0.4262,-3.853,-14602.7,0.4529,-2.046,-14219.8,0.4628,-3.978,-1,3,trend,1.715
up,1738649040000,2025-02-04T06:04:00.000000000,2716.8,1.879,1,1.75,383.0,0.47,1.699,6.9552,-0.000107,-0.001,-3143.0,0.4123,0.372,9587.3,0.4977,-0.285,15688.2,0.4304,0.572,16450.2,0.4909,0.652,110,-1,whipsaw,1.905
up,1738667040000,2025-02-04T11:04:00.000000000,2775.85,1.685,2,1.03,536.1,0.4884,1.609,4.5697,1.1e-05,0.406,-135.0,0.6208,-0.001,11152.4,0.5131,-0.283,11760.8,0.5002,-0.366,737.2,0.506,2.538,-1,88,trend,0.203
down,1738678260000,2025-02-04T14:11:00.000000000,2778.56,-1.767,2,1.13,3036.6,0.4541,1.719,4.8041,1.1e-05,0.513,-1485.2,0.4044,0.558,210.6,0.4694,1.71,-3510.9,0.4998,1.332,-2185.4,0.4942,-1.741,17,66,whipsaw,-1.103
up,1738680000000,2025-02-04T14:40:00.000000000,2832.27,1.519,3,2.28,-3510.9,0.4962,1.873,7.1938,1.1e-05,-0.123,-668.7,0.5034,-0.111,1100.1,0.4988,-0.469,1325.5,0.4872,-1.573,6552.6,0.4957,0.371,22,-1,whipsaw,-0.918
down,1738698420000,2025-02-04T19:47:00.000000000,2802.96,-2.186,2,2.23,-5550.0,0.4482,1.588,5.5017,-8.2e-05,-0.548,3300.2,0.4725,-0.385,7893.3,0.4632,-1.887,12743.4,0.4649,-2.122,2918.0,0.489,-6.078,-1,12,trend,1.269
up,1738710540000,2025-02-04T23:09:00.000000000,2702.59,1.525,1,0.95,5166.8,0.5344,1.35,5.2576,-8.2e-05,0.707,-27.9,0.5706,0.186,1591.8,0.5084,0.659,2859.5,0.5024,0.741,8984.6,0.502,2.412,-1,3,trend,2.817
up,1738724040000,2025-02-05T02:54:00.000000000,2742.76,1.565,1,1.07,-10525.3,0.5132,1.929,4.3662,-8.3e-05,-0.118,-804.6,0.3669,-0.403,5006.9,0.4177,-0.458,7262.7,0.3998,-0.763,4687.7,0.3984,1.649,67,181,whipsaw,2.483
up,1738734780000,2025-02-05T05:53:00.000000000,2756.82,1.509,1,0.74,1318.4,0.5117,1.552,3.3817,-8.3e-05,1.04,-2392.7,0.5111,0.293,-8084.0,0.4905,-0.03,-5740.1,0.5136,-0.555,-3580.6,0.4823,1.315,-1,2,trend,2.759
down,1738767960000,2025-02-05T15:06:00.000000000,2760.03,-1.865,1,2.39,-4933.4,0.4875,1.799,5.0131,5.8e-05,0.335,-2473.4,0.4674,0.596,-2428.7,0.4726,0.643,-562.8,0.4391,0.043,3031.5,0.4137,-1.622,22,149,whipsaw,0.381
down,1738776840000,2025-02-05T17:34:00.000000000,2736.49,-1.522,1,1.44,529.6,0.4772,1.87,3.931,-2.4e-05,0.37,-487.2,0.4766,0.44,507.3,0.4875,0.084,-531.4,0.4851,0.388,3676.6,0.4861,-0.775,116,-1,whipsaw,1.336
up,1738783800000,2025-02-05T19:30:00.000000000,2772.08,1.905,1,1.31,-577.0,0.5385,1.795,3.6869,-2.4e-05,-0.516,-2078.0,0.5111,-0.273,-2282.3,0.5103,0.069,3757.2,0.5018,-0.017,486.4,0.4617,1.115,74,164,whipsaw,-2.594
down,1738795380000,2025-02-05T22:43:00.000000000,2755.13,-1.522,1,2.03,-1160.8,0.4794,1.572,6.9021,-2.4e-05,0.246,-303.1,0.4512,0.135,1023.4,0.4427,0.849,909.0,0.4804,1.128,-3950.8,0.4877,-0.186,26,-1,whipsaw,2.257
up,1738804860000,2025-02-06T01:21:00.000000000,2809.3,1.639,1,1.18,-2114.6,0.516,1.511,3.6334,4.9e-05,-0.378,-25.9,0.535,-0.974,-976.2,0.4857,-0.853,-999.4,0.4643,-0.017,472.6,0.5074,0.943,11,-1,whipsaw,-3.827
down,1738856580000,2025-02-06T15:43:00.000000000,2706.4,-1.704,1,4.61,1019.9,0.437,1.847,5.8952,-5e-06,-0.144,-7186.3,0.4665,-0.188,-2865.1,0.45,0.376,-4319.2,0.4715,-0.178,-3356.1,0.4835,-1.27,-1,139,trend,-1.152
down,1738880040000,2025-02-06T22:14:00.000000000,2662.22,-1.529,1,1.29,376.6,0.4767,1.531,5.4007,-7.7e-05,0.26,-6385.7,0.516,1.004,-3754.8,0.5474,1.069,-6122.6,0.5191,0.979,-7196.1,0.5065,-0.261,15,-1,whipsaw,2.863
up,1738912740000,2025-02-07T07:19:00.000000000,2724.43,1.529,1,1.45,-861.5,0.5657,2.036,2.3931,2.4e-05,-0.222,-2196.3,0.4307,-0.133,-1535.8,0.4846,-0.327,-3421.6,0.5179,-0.122,-6142.5,0.5515,1.151,-1,182,trend,-4.538
down,1738941120000,2025-02-07T15:12:00.000000000,2740.5,-1.704,1,4.09,-4694.9,0.4602,2.079,4.6448,2.9e-05,-0.401,-5942.9,0.4191,0.019,-5170.6,0.4967,0.072,-4442.6,0.4917,-1.0,-3281.8,0.4955,-2.864,-1,42,trend,4.47
down,1738961280000,2025-02-07T20:48:00.000000000,2604.03,-1.563,1,3.59,7675.2,0.4849,1.782,5.1034,-1.2e-05,-0.248,-3757.2,0.4072,0.196,3016.0,0.4389,0.075,2280.9,0.4466,-0.866,-1436.8,0.4372,-1.594,200,58,trend,-1.159
up,1738974420000,2025-02-08T00:27:00.000000000,2664.76,1.662,1,1.65,-7734.7,0.548,1.738,3.3666,-1.9e-05,-0.422,8014.4,0.5119,-0.082,6712.2,0.4808,-0.734,2968.6,0.398,-1.146,-8539.7,0.4006,0.095,34,-1,whipsaw,-1.28
up,1739072640000,2025-02-09T03:44:00.000000000,2682.96,1.586,1,3.97,370.4,0.5313,1.84,2.6379,-4e-06,-0.086,-7017.9,0.4851,-0.165,-11085.9,0.469,-0.638,-10245.2,0.4583,-0.51,-7368.7,0.4978,0.594,140,-1,whipsaw,-1.694
down,1739137080000,2025-02-09T21:38:00.000000000,2598.43,-1.556,1,4.91,-651.2,0.4273,1.75,3.1493,5e-05,-1.13,924.2,0.3467,-2.219,-7664.2,0.398,-1.8,-2394.9,0.4455,0.079,-12089.4,0.4749,-3.018,62,5,trend,-2.658
up,1739139660000,2025-02-09T22:21:00.000000000,2582.37,1.757,1,10.37,-591.6,0.4885,1.665,7.9548,5e-05,0.209,-2252.2,0.5274,0.644,-3833.6,0.5155,1.65,-10813.1,0.5022,1.286,-10889.2,0.4981,2.952,-1,18,trend,3.059
down,1739151720000,2025-02-10T01:42:00.000000000,2590.15,-1.572,1,3.23,1752.2,0.4021,1.717,3.0203,9e-06,-0.578,4492.7,0.4035,-0.693,3835.4,0.4622,-0.687,5221.8,0.4498,-0.443,1947.7,0.5066,-1.17,105,3,trend,-4.415
up,1739158260000,2025-02-10T03:31:00.000000000,2628.74,1.592,1,2.99,-1389.9,0.5874,1.727,3.0072,9e-06,0.634,-2111.8,0.5623,0.162,-4816.6,0.5114,-0.354,-6572.8,0.4781,0.34,-5383.0,0.499,1.189,-1,142,trend,1.688
up,1739234340000,2025-02-11T00:39:00.000000000,2709.1,1.598,1,3.19,-1671.3,0.5883,1.761,3.2452,-6e-06,-0.065,-2183.9,0.4853,-0.348,-2823.4,0.5126,-0.41,1297.8,0.5157,-0.195,5867.1,0.5338,0.588,99,-1,whipsaw,-4.235
down,1739282040000,2025-02-11T13:54:00.000000000,2638.05,-1.601,1,3.57,-10128.4,0.424,1.727,3.2597,4.3e-05,-0.136,-4960.2,0.4241,0.48,-4922.1,0.4967,0.581,-6976.0,0.5038,0.994,-11382.0,0.5255,-0.452,52,-1,whipsaw,1.697
down,1739314620000,2025-02-11T22:57:00.000000000,2564.26,-2.455,1,2.35,-4020.0,0.4467,1.414,3.6314,-1.2e-05,1.16,-1814.1,0.4726,1.434,1026.9,0.5046,1.751,2019.5,0.5408,1.523,3894.9,0.535,-0.235,0,-1,whipsaw,-6.958
up,1739316420000,2025-02-11T23:27:00.000000000,2609.15,1.751,1,3.97,2019.5,0.5408,1.505,3.6059,-1.2e-05,-0.063,60.4,0.4523,-0.145,886.3,0.5785,-0.224,1875.5,0.5307,-0.105,3719.5,0.5356,0.583,220,-1,whipsaw,4.766
down,1739329620000,2025-02-12T03:07:00.000000000,2575.13,-1.524,1,2.32,456.3,0.5132,1.423,3.0731,6.2e-05,0.165,-5861.5,0.5252,0.728,-5434.0,0.5803,0.84,-6922.9,0.5834,0.396,-7523.5,0.5307,-0.226,22,-1,whipsaw,-6.422
down,1739367120000,2025-02-12T13:32:00.000000000,2586.94,-1.623,1,9.34,-6730.2,0.5401,1.689,6.7148,3.4e-05,-0.742,-5028.6,0.4277,0.864,-1691.2,0.4866,0.168,4141.5,0.4866,-0.491,1338.5,0.4655,-1.547,15,6,trend,-2.917
up,1739372400000,2025-02-12T15:00:00.000000000,2599.27,1.789,2,5.29,6169.7,0.4722,1.741,5.2334,3.4e-05,-0.641,1458.5,0.3815,-0.587,1105.2,0.4205,0.144,1278.3,0.4666,0.194,3788.6,0.4578,3.246,11,112,whipsaw,1.266
up,1739398800000,2025-02-12T22:20:00.000000000,2751.58,2.385,1,4.88,4846.5,0.444,1.287,3.2048,8.4e-05,-0.675,3059.7,0.5125,0.844,6741.9,0.5246,0.022,9663.2,0.5053,-0.399,17899.4,0.51,1.594,0,13,whipsaw,-2.786
up,1739548560000,2025-02-14T15:56:00.000000000,2743.52,1.54,2,3.59,-467.4,0.5891,1.762,2.621,8.2e-05,-0.452,7609.0,0.5505,-0.708,14739.1,0.5385,-0.497,11372.1,0.5179,-0.23,13640.3,0.5388,1.759,21,112,whipsaw,-1.985
up,1739786880000,2025-02-17T10:08:00.000000000,2763.0,1.59,1,8.18,3296.8,0.6328,1.443,3.9562,5.6e-05,-0.252,2792.2,0.5122,0.066,8091.0,0.5372,-0.217,12308.5,0.4852,-0.406,26208.3,0.4939,0.97,-1,-1,partial,-2.313
down,1739806320000,2025-02-17T15:32:00.000000000,2801.8,-1.581,1,6.62,5157.2,0.4965,1.725,3.2538,5.6e-05,0.007,-7440.6,0.5257,-1.364,-6922.2,0.4858,-1.92,-16829.0,0.4646,-2.588,-29122.1,0.472,-4.101,-1,12,trend,4.308
down,1739890200000,2025-02-18T14:50:00.000000000,2679.06,-1.659,2,3.76,-2776.0,0.469,1.808,4.9738,-1.6e-05,0.576,7564.2,0.5871,0.331,10605.9,0.532,0.043,10350.5,0.5022,-0.536,3832.1,0.4809,-2.748,-1,105,trend,-0.876
up,1740129480000,2025-02-21T09:18:00.000000000,2814.26,2.258,1,5.94,14936.9,0.494,1.33,3.0586,6.6e-05,-0.154,-13289.2,0.4509,-0.625,-4826.9,0.4515,-1.196,-3640.3,0.4592,-0.635,-1903.9,0.5212,1.063,16,235,whipsaw,-3.805
down,1740131340000,2025-02-21T09:49:00.000000000,2779.81,-1.526,1,9.38,-3640.3,0.4587,1.797,5.1941,6.6e-05,-0.029,-1484.9,0.4806,0.258,-1910.0,0.5606,0.531,1736.3,0.5792,0.708,9287.9,0.5024,-0.109,46,-1,whipsaw,2.547
down,1740148620000,2025-02-21T14:37:00.000000000,2782.28,-1.578,3,5.92,2625.8,0.4342,1.909,3.4731,6.6e-05,0.306,-3199.9,0.4611,0.716,-4386.8,0.5382,1.202,-7210.9,0.5498,-1.872,-46279.6,0.5231,-4.626,25,56,whipsaw,1.563
up,1740150600000,2025-02-21T15:10:00.000000000,2826.21,1.713,2,4.85,-3526.0,0.5647,1.82,3.9362,6.6e-05,0.021,696.7,0.519,-1.978,-16278.8,0.5047,-3.846,-33141.5,0.4932,-4.241,-66885.4,0.4921,0.198,12,-1,whipsaw,-2.969
down,1740166680000,2025-02-21T19:38:00.000000000,2639.64,-1.523,1,6.17,-19600.5,0.4343,1.706,4.6979,4.2e-05,-0.024,-4017.2,0.3741,0.227,-11594.8,0.4688,0.458,-14800.6,0.5156,0.23,-16215.7,0.5299,-0.868,-1,-1,partial,-4.893
up,1740240060000,2025-02-22T16:01:00.000000000,2790.72,1.647,1,2.87,-2954.7,0.5783,1.775,4.07,3.4e-05,0.006,5133.4,0.5528,-0.168,9904.4,0.5048,-0.607,-11157.0,0.5106,-0.576,-10742.9,0.5048,0.263,173,-1,whipsaw,-0.142
down,1740367620000,2025-02-24T03:27:00.000000000,2737.59,-1.526,1,3.0,-6540.8,0.4205,1.939,3.4579,7.1e-05,-0.849,-10479.8,0.4627,-0.066,-17468.5,0.5169,-0.613,-19593.4,0.5119,-0.988,-24538.0,0.4653,-1.684,-1,33,trend,8.833
down,1740385680000,2025-02-24T08:28:00.000000000,2680.88,-1.544,1,2.31,-8852.6,0.4378,1.999,3.2617,9e-06,0.232,-6983.5,0.4724,0.378,-8029.9,0.4601,0.031,-7842.2,0.418,1.124,-8063.7,0.4451,-0.666,58,-1,whipsaw,10.294
down,1740434520000,2025-02-24T22:02:00.000000000,2584.36,-2.789,3,2.59,-1727.0,0.3928,1.433,3.701,3.1e-05,0.197,-6327.7,0.5042,-0.612,-11164.2,0.4885,0.269,-9568.2,0.5202,-2.836,-14876.7,0.5108,-4.879,0,8,whipsaw,2.704
up,1740447660000,2025-02-25T01:41:00.000000000,2512.54,1.507,2,2.71,13872.2,0.5195,1.958,4.4093,-3.6e-05,-0.451,-1174.6,0.3561,-0.802,-1396.6,0.4365,-0.71,-2965.6,0.486,-0.135,-4152.4,0.4909,0.47,11,-1,whipsaw,-1.082
down,1740467160000,2025-02-25T07:06:00.000000000,2430.57,-2.438,1,2.23,848.1,0.4247,1.921,4.149,-3.6e-05,-0.121,-5103.4,0.397,-0.036,-10068.7,0.454,-3.208,-23166.6,0.4788,-1.797,-31748.0,0.509,-4.817,0,18,whipsaw,-2.782
up,1740470160000,2025-02-25T07:56:00.000000000,2377.96,2.301,1,12.75,-15823.4,0.5372,1.671,11.8341,-3.6e-05,-0.222,-114.6,0.4802,0.502,-5942.7,0.518,0.99,6657.8,0.5235,0.91,5848.5,0.4981,2.447,-1,23,trend,4.499
up,1740480720000,2025-02-25T10:52:00.000000000,2402.31,1.685,2,2.92,-1409.8,0.5236,2.049,5.6145,5e-06,-0.05,1282.7,0.5354,-0.932,-466.1,0.453,-0.992,21594.3,0.486,0.928,25468.8,0.4946,1.941,14,56,whipsaw,3.638
down,1740494700000,2025-02-25T14:45:00.000000000,2387.51,-1.652,1,2.04,9601.2,0.4431,1.918,4.4448,5e-06,-0.377,-4517.2,0.4543,-1.055,-6385.6,0.4396,-0.191,-5418.4,0.4739,0.751,-5355.0,0.4923,-1.073,66,15,trend,-0.905
up,1740498600000,2025-02-25T15:50:00.000000000,2405.41,1.637,1,3.54,-1900.0,0.5286,2.297,5.1779,5e-06,0.449,721.5,0.6099,-0.112,-1194.2,0.5023,-0.204,8074.2,0.4842,0.953,6951.3,0.5198,2.392,-1,55,trend,1.333
up,1740512820000,2025-02-25T19:47:00.000000000,2455.21,1.585,1,0.83,-4554.8,0.4943,1.821,3.8841,2.9e-05,0.179,-1068.0,0.5386,0.156,1868.6,0.4851,0.505,2593.7,0.4589,1.58,-14958.0,0.4918,3.188,-1,32,trend,-6.385
up,1740521100000,2025-02-25T22:05:00.000000000,2529.79,1.611,1,0.67,14501.0,0.4928,1.574,2.5345,2.9e-05,-0.019,-2827.5,0.4039,-0.881,-6446.4,0.3842,-0.609,-5835.4,0.4455,-0.378,-4394.9,0.4705,0.146,16,-1,whipsaw,-6.144
down,1740578460000,2025-02-26T14:01:00.000000000,2397.74,-1.62,1,2.11,-139.8,0.436,1.534,3.7231,6.1e-05,-0.367,-1819.2,0.4188,-0.427,2182.1,0.4843,-0.251,-3180.6,0.4742,1.763,-1415.4,0.4985,-1.762,46,20,trend,2.269
up,1740581280000,2025-02-26T14:48:00.000000000,2429.14,1.883,1,3.97,-5330.6,0.4916,1.975,5.6362,6.1e-05,-0.055,-1593.3,0.4707,0.587,1733.1,0.5368,0.899,3407.1,0.537,0.464,14201.3,0.5314,1.351,84,24,trend,-4.522
down,1740586320000,2025-02-26T16:12:00.000000000,2401.71,-1.601,3,2.04,-4786.7,0.448,1.883,3.1476,3.4e-05,-0.43,-269.4,0.4778,-0.005,-2959.7,0.4754,0.057,-2579.1,0.4989,0.189,-5384.2,0.4744,-5.646,-1,87,trend,2.998
up,1740602640000,2025-02-26T20:44:00.000000000,2324.44,1.527,2,6.71,-16155.0,0.5151,1.693,9.6762,3.4e-05,0.163,-515.8,0.5239,0.66,113.7,0.5215,0.29,953.8,0.5234,-0.562,-7027.2,0.5039,2.535,-1,37,trend,-2.506
down,1740630960000,2025-02-27T04:36:00.000000000,2303.7,-1.567,1,1.42,-386.8,0.4488,1.556,2.9307,8.5e-05,0.253,-397.7,0.5298,0.496,1888.7,0.512,0.779,2550.3,0.4959,1.064,4818.7,0.4728,-0.021,35,-1,whipsaw,8.766
down,1740668340000,2025-02-27T14:59:00.000000000,2308.6,-1.561,1,2.36,-4306.9,0.4471,1.948,5.1055,0.0001,-0.277,392.5,0.454,0.446,2669.7,0.459,0.824,4933.9,0.5014,0.637,8366.8,0.4861,-0.772,24,-1,whipsaw,6.159
down,1740684720000,2025-02-27T19:32:00.000000000,2285.93,-1.71,2,1.44,-1231.0,0.452,1.718,3.5034,5e-05,0.13,2248.9,0.4495,0.252,4331.6,0.5026,-0.161,5686.7,0.5031,-0.732,4736.6,0.5105,-2.422,-1,40,trend,2.272
up,1740692100000,2025-02-27T21:35:00.000000000,2270.79,1.796,1,2.0,2257.4,0.5709,1.795,3.1617,5e-05,0.221,71.4,0.4794,0.401,-595.2,0.5248,0.114,-1620.1,0.485,-0.186,-3201.4,0.5111,1.911,235,102,trend,-2.44
down,1740706080000,2025-02-28T01:28:00.000000000,2260.0,-1.675,4,1.83,-1730.3,0.4239,1.779,2.8645,4.1e-05,-2.608,-1532.0,0.4163,-2.004,-5542.6,0.4452,-2.485,-4243.8,0.4366,-2.565,-12197.8,0.4538,-7.304,-1,2,trend,1.791
up,1740711780000,2025-02-28T03:03:00.000000000,2176.21,1.602,1,11.23,-15368.2,0.4812,2.329,6.5793,4.1e-05,0.5,-578.6,0.5103,0.238,1668.8,0.4536,-0.755,862.2,0.4554,-2.053,-3823.1,0.4684,0.875,36,-1,whipsaw,3.684
up,1740726960000,2025-02-28T07:16:00.000000000,2125.7,1.685,2,3.61,-2038.9,0.5088,2.072,4.6417,4.1e-05,-0.013,1334.7,0.5406,-0.371,-1978.8,0.4997,-0.983,-4934.7,0.5706,-1.966,-14365.8,0.5574,1.234,20,132,whipsaw,4.812
down,1740728820000,2025-02-28T07:47:00.000000000,2095.32,-1.61,1,2.67,-4934.7,0.5643,2.1,3.3983,4.1e-05,0.023,-3002.9,0.6004,0.793,-4927.8,0.5888,-0.88,-9431.1,0.541,0.209,-12190.7,0.5345,-0.91,16,-1,whipsaw,-6.37
up,1740748200000,2025-02-28T13:10:00.000000000,2144.88,1.519,2,1.9,6954.5,0.5617,1.982,3.2945,1.2e-05,-0.661,20.6,0.4499,-0.945,-1645.4,0.5156,0.56,-5662.6,0.5219,1.457,-7863.9,0.5189,4.728,16,54,whipsaw,1.413
up,1740768660000,2025-02-28T18:51:00.000000000,2237.21,1.77,1,1.15,-3119.8,0.5492,1.773,4.6928,1.2e-05,-0.113,1306.6,0.5531,-0.179,620.4,0.5149,-0.473,1134.2,0.5119,-0.313,2929.3,0.5129,0.801,88,-1,whipsaw,-1.256
down,1740774840000,2025-02-28T20:34:00.000000000,2200.21,-1.574,1,0.79,-5489.0,0.4851,1.706,3.7514,1.2e-05,0.254,240.5,0.5421,0.328,768.8,0.5955,0.723,1191.2,0.5491,0.791,1053.2,0.4783,-0.033,33,-1,whipsaw,-0.932
up,1740794160000,2025-03-01T01:56:00.000000000,2258.71,1.777,1,0.77,-529.9,0.4889,1.795,3.1379,4.9e-05,-0.66,-492.6,0.4484,-0.465,-948.8,0.4879,-0.151,1400.6,0.5181,-0.093,3173.4,0.5099,0.993,-1,-1,partial,-1.777
down,1740835500000,2025-03-01T13:25:00.000000000,2150.13,-1.572,1,2.28,5668.9,0.3777,2.031,1.8569,-1.1e-05,-0.077,-1037.4,0.4513,0.1,-811.2,0.4842,-0.061,382.3,0.4679,0.445,2933.8,0.4706,-0.344,103,-1,whipsaw,-3.129
up,1740907980000,2025-03-02T09:33:00.000000000,2251.91,1.751,1,2.62,2753.5,0.4035,1.538,2.4552,6.2e-05,-0.356,-1848.2,0.582,-0.331,-1430.5,0.5466,-0.43,2126.6,0.511,0.048,3708.7,0.5361,0.397,158,-1,whipsaw,4.209
down,1740925080000,2025-03-02T14:18:00.000000000,2178.64,-1.577,4,3.38,-3501.8,0.4459,1.814,2.2814,6.2e-05,0.384,-4060.2,0.5305,0.737,-1411.5,0.5313,0.264,4567.2,0.4614,1.183,10227.8,0.4648,-0.303,42,-1,whipsaw,-8.451
up,1740929100000,2025-03-02T15:25:00.000000000,2232.25,1.599,3,3.52,5161.6,0.4697,1.614,3.6134,6.2e-05,0.844,-6223.2,0.5644,1.642,-734.5,0.5369,-0.091,6590.6,0.5132,1.039,38098.6,0.5254,12.801,-1,3,trend,3.049
down,1740961380000,2025-03-03T00:23:00.000000000,2479.18,-1.519,1,2.84,-1462.4,0.432,2.428,3.2817,-8e-06,0.263,431.1,0.4541,-0.157,-1297.1,0.4254,-0.235,-639.6,0.4006,-0.527,-2466.4,0.3817,-2.441,-1,54,trend,13.086
down,1740968820000,2025-03-03T02:27:00.000000000,2422.27,-1.551,1,2.17,-2868.3,0.4126,2.058,3.2159,-8e-06,0.251,-313.9,0.4752,0.716,-943.9,0.4582,0.968,-1514.9,0.451,0.372,-3675.9,0.453,-0.149,20,-1,whipsaw,15.336
down,1740984000000,2025-03-03T06:40:00.000000000,2390.49,-1.813,1,2.38,-5029.8,0.4264,1.728,2.7841,-8e-06,-0.184,-1963.0,0.462,-1.129,-9525.1,0.4291,-0.815,-9908.8,0.4514,-0.602,-11402.6,0.418,-2.865,-1,12,trend,12.159
down,1741012680000,2025-03-03T14:38:00.000000000,2335.25,-1.813,1,2.29,4375.7,0.4412,1.893,4.1859,3.1e-05,-0.701,-4789.1,0.4394,-1.167,-7918.6,0.4669,-2.264,-10069.6,0.4668,-1.814,-9068.7,0.4928,-5.791,-1,15,trend,8.353
down,1741025520000,2025-03-03T18:12:00.000000000,2257.36,-1.645,3,1.58,1409.2,0.4111,1.784,4.1128,6e-06,-0.219,2731.9,0.4226,-1.951,212.5,0.4472,-2.562,1042.0,0.4647,-3.308,-600.2,0.4755,-7.064,-1,11,trend,5.332
up,1741036200000,2025-03-03T21:10:00.000000000,2135.47,1.568,2,3.11,-278.4,0.5641,2.09,4.3728,6e-06,0.391,748.1,0.6061,-0.054,35.8,0.5131,0.344,167.8,0.5916,-0.425,-1664.0,0.5482,1.771,46,97,whipsaw,0.331
down,1741049400000,2025-03-04T00:50:00.000000000,2126.29,-1.725,2,1.97,3428.2,0.3951,2.547,2.9031,-4.3e-05,0.307,-1226.2,0.4642,0.026,4376.6,0.3661,-0.437,2640.1,0.3976,-2.986,-3208.5,0.4186,-5.807,-1,34,trend,-1.511
up,1741055700000,2025-03-04T02:35:00.000000000,2062.24,1.581,1,6.22,-1676.8,0.5143,1.669,8.0931,-4.3e-05,0.011,-235.4,0.4842,0.039,1171.5,0.4806,0.435,4710.8,0.5096,0.431,9981.8,0.5339,2.904,-1,76,trend,5.158
up,1741064760000,2025-03-04T05:06:00.000000000,2120.89,1.617,1,1.41,4158.1,0.5471,1.744,3.3645,-4.3e-05,-0.812,-5758.8,0.4737,-1.231,-7042.3,0.4704,-1.01,-2322.5,0.5209,-0.701,9694.8,0.5312,0.058,4,-1,whipsaw,2.517
down,1741094400000,2025-03-04T13:20:00.000000000,2073.3,-1.649,3,1.09,-4394.7,0.4184,1.771,2.4772,-3.8e-05,0.04,-411.4,0.3637,-0.295,-2542.4,0.4114,-0.026,4171.7,0.4251,-0.385,6095.0,0.4405,-3.863,75,72,trend,-6.849
up,1741098960000,2025-03-04T14:36:00.000000000,2129.25,2.526,3,3.3,-1753.5,0.4989,1.42,6.4838,-3.8e-05,0.214,-14661.5,0.552,-0.883,-8389.4,0.5154,-2.72,-5435.2,0.4894,-3.107,-4978.0,0.4944,1.365,0,2,whipsaw,2.584
up,1741114980000,2025-03-04T19:03:00.000000000,2161.6,1.577,1,1.25,297.9,0.464,1.825,3.5455,2e-06,0.014,455.4,0.4829,0.067,-209.9,0.5128,-0.876,-5194.5,0.4811,0.305,8358.9,0.466,2.789,115,78,trend,2.356
down,1741121460000,2025-03-04T20:51:00.000000000,2149.3,-1.504,2,1.89,2779.0,0.4409,1.928,2.7217,2e-06,-0.1,-4357.0,0.3138,-0.279,-5030.0,0.366,0.546,-2217.4,0.4165,1.507,-3091.0,0.4355,-1.081,32,12,trend,-3.675
up,1741123380000,2025-03-04T21:23:00.000000000,2185.75,1.817,1,1.99,-2217.4,0.4398,1.503,5.0438,2e-06,1.64,3587.0,0.4984,0.281,2422.9,0.4486,-0.312,-873.6,0.4493,-0.312,-5194.6,0.4874,1.653,117,2,trend,1.809
up,1741166820000,2025-03-05T09:27:00.000000000,2247.47,1.529,1,3.42,5306.9,0.561,1.788,3.5745,7.1e-05,0.336,89.3,0.6052,0.084,235.7,0.4667,-0.368,-1419.3,0.4403,0.184,-3555.1,0.4881,1.159,121,67,trend,1.734
down,1741172580000,2025-03-05T11:03:00.000000000,2230.1,-1.613,1,2.37,1068.9,0.4701,1.84,4.5145,7.1e-05,0.104,-466.8,0.4833,0.291,2091.2,0.5356,-0.312,-1020.6,0.4657,-0.381,-1745.8,0.4825,-2.853,-1,131,trend,-2.48
up,1741225620000,2025-03-06T01:47:00.000000000,2284.93,1.726,1,2.15,969.7,0.5376,1.727,2.3376,-1e-05,-0.474,-1467.8,0.497,-0.594,-4994.5,0.4875,-0.315,-4430.2,0.503,-0.71,-2083.0,0.4749,1.469,8,213,whipsaw,-4.829
down,1741272060000,2025-03-06T14:41:00.000000000,2212.11,-1.523,1,4.86,1805.4,0.5162,1.787,4.4186,1.1e-05,0.267,-4209.9,0.5143,0.555,-6242.7,0.6053,1.892,-7850.1,0.5722,2.557,-13198.1,0.5788,-1.592,10,175,whipsaw,0.636
up,1741273860000,2025-03-06T15:11:00.000000000,2253.96,1.892,1,4.65,-7850.1,0.5722,1.984,4.689,1.1e-05,0.21,-3494.1,0.5878,-0.14,-6774.5,0.5533,0.653,-5348.0,0.5862,0.223,-6878.8,0.5425,0.956,102,-1,whipsaw,-1.147
down,1741280520000,2025-03-06T17:02:00.000000000,2214.15,-1.502,1,2.65,-1589.3,0.498,1.966,3.3469,2.7e-05,-0.196,109.4,0.4237,-0.129,-4811.5,0.5211,-0.063,-6058.3,0.5026,-0.927,-12380.5,0.505,-1.682,-1,34,trend,2.255
down,1741306560000,2025-03-07T00:16:00.000000000,2156.48,-2.121,1,5.32,1322.9,0.4871,1.533,2.6445,-2.5e-05,-1.181,-6168.0,0.4332,-1.265,-7788.6,0.4405,-2.011,-6031.4,0.4708,-0.574,-8561.5,0.5008,-2.535,0,4,whipsaw,1.152
up,1741310280000,2025-03-07T01:18:00.000000000,2152.26,1.68,1,4.31,-2530.1,0.5305,2.141,4.3355,-2.5e-05,0.732,-163.7,0.5447,0.265,-1702.4,0.4943,1.046,-3174.1,0.5139,0.966,-4176.1,0.4596,1.865,-1,2,trend,-0.672
up,1741354200000,2025-03-07T13:30:00.000000000,2215.48,1.67,2,3.46,600.0,0.5677,1.624,4.0179,2.9e-05,-0.41,-3783.2,0.5351,-0.039,-4477.6,0.5352,-1.01,-3466.9,0.4928,-1.351,-6196.8,0.5077,1.94,0,77,whipsaw,-1.072
down,1741360620000,2025-03-07T15:17:00.000000000,2210.0,-1.744,2,6.13,1406.4,0.4707,1.853,6.2655,2.9e-05,0.126,-3247.1,0.5147,-0.612,-2587.5,0.5214,-0.476,3248.8,0.548,-0.846,-89.6,0.526,-3.098,-1,18,trend,1.641
up,1741369920000,2025-03-07T17:52:00.000000000,2179.38,1.555,1,2.28,3316.0,0.5931,1.865,3.0959,5.6e-05,-0.264,-3807.5,0.4976,-0.296,-3129.4,0.4971,-0.398,-3260.7,0.514,0.748,-2196.3,0.522,1.064,7,68,whipsaw,1.083
down,1741379820000,2025-03-07T20:37:00.000000000,2147.43,-1.535,1,1.41,-4572.3,0.4705,1.548,4.1969,5.6e-05,0.699,363.8,0.5101,1.758,-1560.2,0.5888,-0.682,4071.1,0.5451,-0.094,9650.1,0.5379,-1.51,8,29,whipsaw,-3.361
down,1741397580000,2025-03-08T01:33:00.000000000,2109.03,-2.156,1,2.0,557.1,0.4105,1.461,3.179,3.1e-05,0.596,323.1,0.5303,0.667,1270.2,0.5409,1.34,2960.6,0.588,1.213,2663.9,0.5231,-0.188,21,-1,whipsaw,-4.403
up,1741454400000,2025-03-08T17:20:00.000000000,2217.15,1.732,1,4.93,5683.1,0.5579,1.738,3.66,6.8e-05,-0.497,-2484.4,0.5663,-0.276,-2399.4,0.5188,-0.647,-941.9,0.4971,-0.828,-1626.0,0.5201,0.802,62,-1,whipsaw,-8.009
down,1741528740000,2025-03-09T13:59:00.000000000,2104.48,-1.802,1,6.01,-2925.0,0.4523,1.899,2.4203,3.6e-05,0.379,-288.7,0.4527,0.262,-5567.8,0.5311,0.5,-1431.3,0.6004,0.619,-733.7,0.5418,-4.318,-1,129,trend,0.991
down,1741539120000,2025-03-09T16:52:00.000000000,2056.43,-1.973,1,10.32,3252.3,0.4504,2.103,3.8421,-0.0,-0.112,6768.1,0.5167,-1.063,3310.0,0.4787,-1.237,-399.4,0.49,-1.425,1024.1,0.505,-2.841,-1,15,trend,2.452
up,1741563360000,2025-03-09T23:36:00.000000000,2021.42,1.517,2,5.09,4979.5,0.5257,1.947,3.7148,-0.0,-0.443,67.2,0.4834,-0.546,-2197.6,0.5098,0.377,-4678.9,0.561,-0.84,-2313.8,0.5043,2.453,58,74,whipsaw,-6.518
down,1741566840000,2025-03-10T00:34:00.000000000,1999.36,-1.628,1,2.48,-761.9,0.4542,2.245,2.2028,-4.2e-05,0.448,1575.2,0.4819,1.756,-385.3,0.5659,2.623,-1265.9,0.5556,2.338,-4454.3,0.5282,-0.214,8,-1,whipsaw,9.035
up,1741598160000,2025-03-10T09:16:00.000000000,2102.8,1.884,1,2.42,-3098.9,0.5628,1.762,2.1234,2.6e-05,1.641,-3598.9,0.5865,0.822,-6659.6,0.5266,0.504,-10782.6,0.4462,-0.492,-3775.8,0.4564,2.359,70,1,trend,-8.86
down,1741600320000,2025-03-10T09:52:00.000000000,2106.5,-1.627,1,4.6,-6514.8,0.4163,2.182,4.0134,2.6e-05,-0.322,-424.9,0.4311,-0.125,-716.1,0.499,-0.853,6629.1,0.4611,-0.417,8188.3,0.5173,-1.424,120,29,trend,8.917
down,1741614840000,2025-03-10T13:54:00.000000000,2080.46,-1.591,5,2.66,11.3,0.4591,1.707,5.8986,2.6e-05,0.152,-236.2,0.4418,-1.27,6190.7,0.4521,-2.126,7607.3,0.4575,-3.741,19585.6,0.4597,-8.127,-1,9,trend,8.456
up,1741635120000,2025-03-10T19:32:00.000000000,1859.12,1.702,2,8.5,-8327.4,0.5713,2.184,6.7672,3.4e-05,0.648,5287.2,0.5087,0.193,7301.9,0.5101,0.742,7741.7,0.5216,0.314,13434.6,0.5485,2.414,-1,2,trend,5.218
down,1741652520000,2025-03-11T00:22:00.000000000,1854.79,-1.608,1,2.31,-6700.6,0.4887,1.525,4.791,-4e-05,-0.079,646.1,0.5194,-2.051,-10679.9,0.4517,-4.265,-10372.1,0.4568,-2.408,-10020.3,0.4638,-5.419,115,7,trend,-3.106
up,1741656060000,2025-03-11T01:21:00.000000000,1806.34,2.598,1,10.13,351.8,0.4661,1.545,8.2386,-4e-05,0.492,1576.1,0.5686,1.526,-714.7,0.5454,2.243,-3676.7,0.5721,3.619,-9814.6,0.5466,5.974,-1,10,trend,6.271
up,1741669920000,2025-03-11T05:12:00.000000000,1895.81,1.542,1,1.17,214.9,0.5133,1.687,2.1803,-4e-05,0.527,-2185.7,0.5641,-0.085,-3295.7,0.548,-0.483,2235.6,0.5117,0.137,4196.3,0.516,1.429,-1,175,trend,-1.38
down,1741695240000,2025-03-11T12:14:00.000000000,1892.26,-1.7,3,1.28,7420.5,0.3371,1.836,2.0345,2.2e-05,0.281,-753.9,0.4294,0.485,3971.8,0.5073,0.635,7908.4,0.4814,-1.048,-244.2,0.4639,-2.734,73,55,trend,-1.026
up,1741699620000,2025-03-11T13:27:00.000000000,1955.09,3.201,4,3.05,-9182.4,0.4924,1.508,6.4614,2.2e-05,-2.099,4673.3,0.5532,-2.468,8819.8,0.5072,-2.685,5655.9,0.4956,-4.09,-177.6,0.4846,0.404,0,-1,whipsaw,-2.326
up,1741763700000,2025-03-12T07:15:00.000000000,1896.61,1.681,2,3.54,7453.8,0.5621,1.99,3.4669,1.7e-05,0.628,1120.3,0.5121,0.747,6319.0,0.5259,0.431,5374.5,0.5038,1.346,8823.8,0.5487,3.342,61,18,trend,-1.29
down,1741771140000,2025-03-12T09:19:00.000000000,1898.91,-1.616,1,6.34,-5490.8,0.4779,1.807,4.9848,1.1e-05,-0.794,-664.9,0.4419,-0.05,-1912.8,0.4982,0.067,-4149.4,0.5028,-0.587,-1841.1,0.491,-1.119,157,10,trend,0.68
down,1741790040000,2025-03-12T14:34:00.000000000,1861.87,-1.61,1,3.41,2165.8,0.4433,2.225,2.5928,1.1e-05,-0.09,3167.6,0.4331,-0.017,9206.6,0.4987,-0.342,7834.0,0.5037,-0.422,12446.0,0.4855,-1.727,96,32,trend,-1.344
up,1741856400000,2025-03-13T09:00:00.000000000,1887.45,1.592,2,2.25,-297.3,0.5236,1.94,1.701,-0.0,-0.1,214.4,0.5686,-0.204,83.6,0.5174,-0.343,1006.4,0.5561,0.192,3090.6,0.5243,1.888,87,203,whipsaw,0.384
down,1741873980000,2025-03-13T13:53:00.000000000,1872.88,-1.74,1,3.25,3719.9,0.4214,1.713,5.2586,-0.0,-0.072,-490.1,0.4736,0.299,-1887.8,0.4944,0.647,-2239.2,0.5018,0.958,-4427.5,0.4506,-2.727,23,174,whipsaw,-1.732
down,1741887960000,2025-03-13T17:46:00.000000000,1824.39,-1.64,1,4.11,-6482.1,0.4358,1.826,3.0903,4.2e-05,0.352,2142.1,0.5084,0.318,3024.1,0.4616,0.75,1148.1,0.5198,1.49,-13277.8,0.5248,-0.141,28,-1,whipsaw,-5.888
up,1741890420000,2025-03-13T18:27:00.000000000,1852.34,1.534,1,2.11,-7418.7,0.5575,1.966,2.4728,4.2e-05,-0.027,-7812.2,0.5894,-0.176,-8454.8,0.5366,-0.226,-6576.2,0.4973,-0.416,-9546.6,0.4219,1.196,-1,237,trend,4.269
down,1742123820000,2025-03-16T11:17:00.000000000,1874.97,-1.773,1,7.72,-17089.0,0.4252,1.512,3.1559,-2.4e-05,0.207,1115.5,0.469,-0.047,1157.2,0.5312,-0.029,2181.6,0.4844,-0.009,4440.6,0.4931,-0.43,111,-1,whipsaw,-2.028
up,1742380380000,2025-03-19T10:33:00.000000000,1976.99,1.559,2,8.49,5516.2,0.5183,1.738,3.2241,9e-05,-0.465,-10007.7,0.3741,-0.176,-8101.2,0.4366,0.203,-2973.5,0.4476,1.792,5271.5,0.4835,3.272,-1,41,trend,0.306
down,1742465820000,2025-03-20T10:17:00.000000000,1979.31,-1.532,1,3.2,-9016.7,0.4221,1.818,2.1969,1.6e-05,-0.077,-3828.7,0.3787,0.14,-3541.6,0.4873,0.43,-2133.0,0.4897,0.53,-8088.3,0.4738,-0.349,-1,-1,partial,0.583
up,1742792520000,2025-03-24T05:02:00.000000000,2046.67,1.512,1,5.52,3019.0,0.545,1.733,2.0321,-1.3e-05,-0.21,2974.0,0.4586,-0.035,963.3,0.4949,-0.008,583.5,0.4889,0.148,3932.5,0.4811,2.426,-1,66,trend,-0.129
down,1742998920000,2025-03-26T14:22:00.000000000,2010.5,-1.508,1,8.85,25678.6,0.4312,2.049,2.8769,1.1e-05,0.126,-1891.5,0.5075,0.191,3855.1,0.4851,0.389,14410.4,0.4632,0.199,17566.2,0.4555,-0.41,-1,-1,partial,0.344
down,1743136800000,2025-03-28T04:40:00.000000000,1942.7,-3.061,1,6.85,-4460.5,0.5127,1.47,2.8676,6.6e-05,-0.497,-22023.0,0.4812,-0.638,-14671.4,0.4853,-0.815,-10494.2,0.4859,-1.243,-1877.2,0.4827,-2.198,0,1,whipsaw,2.371
down,1743247980000,2025-03-29T11:33:00.000000000,1840.9,-1.561,1,8.32,2044.7,0.5043,2.02,2.9283,4.5e-05,-0.203,359.5,0.534,-0.166,-1752.1,0.5269,0.143,2815.9,0.5027,0.605,6350.4,0.5173,-0.402,91,-1,whipsaw,0.35
down,1743268500000,2025-03-29T17:15:00.000000000,1809.61,-1.505,1,8.77,3713.1,0.4544,2.006,2.869,3.5e-05,-0.233,-297.6,0.479,0.813,-1458.0,0.5216,0.351,-749.7,0.5099,0.474,11411.6,0.5137,-0.686,15,-1,whipsaw,0.475
down,1743372420000,2025-03-30T22:07:00.000000000,1777.39,-1.961,1,5.45,4231.5,0.4448,1.634,2.359,1.2e-05,0.14,1366.6,0.4554,0.354,1792.9,0.4893,1.768,1094.9,0.5287,1.219,4409.7,0.4984,-0.546,24,-1,whipsaw,-2.558
up,1743374220000,2025-03-30T22:37:00.000000000,1808.81,1.768,1,8.98,1094.9,0.5287,1.544,3.6507,1.2e-05,0.171,590.0,0.5224,-0.014,1369.9,0.489,-0.539,3314.8,0.4736,-0.26,6002.0,0.4694,0.63,120,-1,whipsaw,0.712
down,1743381660000,2025-03-31T00:41:00.000000000,1782.18,-1.595,1,3.43,2388.9,0.4573,1.717,2.4241,-3e-06,0.095,-1018.9,0.4894,0.429,-888.6,0.5345,1.372,-3038.5,0.5256,1.82,-2008.4,0.5154,-0.305,22,-1,whipsaw,-2.335
up,1743383700000,2025-03-31T01:15:00.000000000,1807.19,1.53,1,4.24,-783.9,0.5177,1.606,3.6121,-3e-06,-0.232,1378.1,0.4327,0.46,-1229.5,0.5259,0.357,-394.9,0.5225,0.314,385.1,0.5082,0.903,-1,-1,partial,1.088
down,1743427980000,2025-03-31T13:33:00.000000000,1802.83,-1.559,1,3.64,952.0,0.4701,1.733,2.5903,2.7e-05,0.484,-6045.9,0.4718,0.143,-4128.0,0.4805,1.185,-3668.4,0.5164,1.785,-1973.8,0.5227,-0.22,22,-1,whipsaw,-3.894
up,1743430500000,2025-03-31T14:15:00.000000000,1834.98,1.912,1,3.99,3544.7,0.5503,1.888,2.9986,2.7e-05,-0.497,2237.9,0.4398,-0.383,-1390.5,0.4856,-0.049,2188.9,0.4714,0.263,6604.1,0.4827,1.049,-1,48,trend,0.903
up,1743496140000,2025-04-01T08:29:00.000000000,1884.39,1.625,1,4.12,-3415.0,0.603,1.57,2.9379,2.9e-05,0.089,-551.4,0.6171,-0.131,-2574.6,0.5297,-0.003,-7328.9,0.5174,-0.168,-7276.0,0.4926,0.433,159,-1,whipsaw,-0.817
down,1743517080000,2025-04-01T14:18:00.000000000,1847.08,-1.764,1,4.88,-15062.9,0.4228,1.862,2.9948,2.9e-05,0.249,1459.1,0.4435,0.851,2621.8,0.5183,1.3,11142.8,0.5021,3.888,16318.4,0.4934,-0.252,14,-1,whipsaw,-1.227
up,1743519060000,2025-04-01T14:51:00.000000000,1878.55,1.749,1,4.07,10122.5,0.5119,1.762,2.979,2.9e-05,0.159,235.4,0.5014,0.458,6927.9,0.4899,1.913,-6207.9,0.479,2.235,6229.1,0.4776,2.627,-1,23,trend,-0.329
up,1743607980000,2025-04-02T15:33:00.000000000,1913.48,1.712,1,6.38,-2789.9,0.5462,1.578,3.6041,-0.0,-0.122,-4130.5,0.5338,-0.417,-2121.2,0.5226,-0.521,-5327.1,0.5082,-0.327,1408.9,0.5107,0.288,20,-1,whipsaw,-7.091
up,1743624960000,2025-04-02T20:16:00.000000000,1950.4,2.127,1,10.59,-10458.0,0.4358,1.477,5.2676,4.3e-05,-1.035,3919.8,0.5474,-2.636,-23736.4,0.5117,-3.904,-13656.4,0.4882,-4.393,-25722.6,0.4832,0.338,0,-1,whipsaw,-8.476
down,1743626580000,2025-04-02T20:43:00.000000000,1868.91,-2.085,2,24.22,-24965.2,0.4958,1.743,10.8352,4.3e-05,0.426,964.8,0.4665,0.578,-7001.0,0.4929,-0.225,-9986.0,0.4674,0.024,-7800.5,0.4611,-4.675,-1,82,trend,4.178
up,1743640380000,2025-04-03T00:33:00.000000000,1820.08,1.694,1,3.18,2238.9,0.5199,1.622,2.8262,-6e-06,0.341,100.1,0.592,-0.235,-3570.7,0.4905,0.036,447.4,0.5372,0.299,2231.7,0.5415,0.813,-1,-1,partial,0.07
down,1743684240000,2025-04-03T12:44:00.000000000,1767.96,-1.7,1,4.24,1359.0,0.4263,1.718,2.6424,6.4e-05,-0.61,8310.6,0.4053,-0.47,9593.1,0.4479,-0.277,12871.4,0.4507,0.897,16589.9,0.5048,-1.016,49,4,trend,-0.748
up,1743687180000,2025-04-03T13:33:00.000000000,1788.29,1.781,1,2.99,-449.1,0.5213,1.81,2.7028,6.4e-05,-0.159,-1234.6,0.5462,-0.232,5434.1,0.5504,-0.658,7322.5,0.533,-0.761,8086.8,0.5153,0.199,32,-1,whipsaw,-0.639
up,1743706200000,2025-04-03T18:50:00.000000000,1798.12,1.52,1,1.36,-1939.3,0.5365,1.463,2.8666,-6e-06,-0.577,-3045.3,0.3639,-0.264,-2490.2,0.4575,-0.622,-2680.4,0.4838,-0.708,-1963.9,0.5023,1.14,100,188,whipsaw,0.765
down,1743731820000,2025-04-04T01:57:00.000000000,1784.15,-1.594,1,2.3,-1072.7,0.4259,1.485,1.7024,6.7e-05,0.485,-3308.6,0.4859,0.735,1756.4,0.5211,0.678,2216.8,0.5052,0.255,5555.7,0.4662,-0.731,0,-1,whipsaw,-2.01
down,1743762000000,2025-04-04T10:20:00.000000000,1803.21,-1.543,1,2.61,-3501.7,0.4947,1.793,1.9641,-2.1e-05,-0.373,-7832.8,0.4685,-0.385,-7787.9,0.4867,-0.755,-9800.4,0.4796,-1.243,-4964.6,0.4946,-2.467,-1,31,trend,-0.748
up,1743779580000,2025-04-04T15:13:00.000000000,1814.66,1.583,1,4.89,-4418.6,0.5358,1.702,4.1221,-2.1e-05,-0.035,945.8,0.6005,-0.53,-3177.9,0.5259,-1.03,-4511.7,0.4975,-0.746,-5296.5,0.5059,0.785,22,-1,whipsaw,-1.459
down,1743781500000,2025-04-04T15:45:00.000000000,1791.2,-1.514,1,4.44,-6234.4,0.4799,1.793,4.2876,-2.1e-05,0.505,-123.2,0.4782,0.242,36.4,0.5216,0.386,-3249.1,0.5054,-0.041,-2515.4,0.4845,-0.444,110,-1,whipsaw,0.642
up,1743788520000,2025-04-04T17:42:00.000000000,1819.71,1.513,1,2.21,-4722.0,0.5061,1.677,2.6959,3.8e-05,0.222,-3876.3,0.5452,0.203,-1156.2,0.522,-0.252,-5361.9,0.4625,-0.597,-2187.9,0.4548,0.505,-1,-1,partial,-1.73
down,1743958800000,2025-04-06T17:00:00.000000000,1726.71,-1.639,2,10.46,-11205.8,0.4355,1.997,1.9293,-2.4e-05,0.156,2937.2,0.5053,-0.237,1309.6,0.5047,-2.006,-5695.4,0.4941,-2.851,-244.2,0.4981,-9.944,-1,27,trend,10.534
up,1743967200000,2025-04-06T19:20:00.000000000,1627.07,1.54,2,27.27,-4367.8,0.5408,1.778,5.8269,-2.4e-05,-0.695,-43.2,0.494,-0.213,2773.7,0.5093,-0.722,1489.6,0.4844,-0.372,10771.5,0.5005,0.253,73,-1,whipsaw,-4.455
down,1743971640000,2025-04-06T20:34:00.000000000,1588.04,-2.262,1,10.8,6282.1,0.4865,1.595,3.5931,-2.4e-05,0.38,-15900.3,0.4541,-0.565,-15586.9,0.4448,-0.186,-11041.0,0.4656,0.285,4615.3,0.4682,-3.183,0,2,whipsaw,0.83
down,1743980880000,2025-04-06T23:08:00.000000000,1561.99,-1.604,1,8.58,-3100.9,0.4502,1.884,3.7793,-2.4e-05,0.058,2971.1,0.4537,-0.96,-726.3,0.4497,0.714,-13242.5,0.4659,0.924,-11200.5,0.4771,-1.568,32,9,trend,-1.027
up,1743982860000,2025-04-06T23:41:00.000000000,1580.87,1.542,2,13.37,-13006.0,0.4756,1.772,5.44,-2.4e-05,0.168,-239.5,0.467,-0.396,-838.1,0.4388,-0.485,-1170.0,0.4791,-0.76,983.2,0.4462,2.108,62,97,whipsaw,-1.377
down,1743996960000,2025-04-07T03:36:00.000000000,1551.92,-1.748,1,2.2,4719.7,0.4801,1.649,3.1817,-3.8e-05,0.006,-8201.1,0.3908,-0.952,-10137.2,0.4873,-0.099,-9535.9,0.5356,-0.53,-12691.3,0.5216,-9.08,-1,8,trend,-2.198
down,1744007040000,2025-04-07T06:24:00.000000000,1515.52,-1.619,1,3.35,-6457.6,0.4348,1.836,3.4741,-3.8e-05,-0.501,-469.9,0.4474,-1.908,-439.5,0.4497,-5.964,-5923.2,0.4446,-3.761,2798.3,0.4584,-6.896,-1,10,trend,-4.171
up,1744010640000,2025-04-07T07:24:00.000000000,1458.52,2.343,3,10.17,8721.5,0.4717,2.398,4.5083,-3.8e-05,-0.49,-1500.3,0.4531,0.332,231.9,0.5481,-0.102,-2155.5,0.5153,2.529,-5132.6,0.5228,4.272,8,17,whipsaw,7.693
down,1744017360000,2025-04-07T09:16:00.000000000,1483.34,-1.558,1,1.93,-9193.0,0.4865,1.81,2.8141,-1e-05,-0.403,2590.7,0.4135,0.627,1175.7,0.5233,0.798,5232.5,0.551,2.192,595.2,0.5577,-0.589,11,-1,whipsaw,-5.864
down,1744025880000,2025-04-07T11:38:00.000000000,1475.81,-1.62,1,1.04,3317.0,0.4947,1.718,2.5531,-1e-05,0.312,-1040.7,0.5378,0.395,-3357.7,0.5171,0.334,-982.2,0.5409,2.281,-4309.2,0.5264,-0.081,47,-1,whipsaw,-7.137
up,1744028760000,2025-04-07T12:26:00.000000000,1505.22,1.556,2,1.1,1707.5,0.5308,1.597,3.5914,-1e-05,0.639,-3618.2,0.541,0.121,8560.7,0.5078,1.121,12710.6,0.5114,0.074,25807.8,0.5219,8.888,77,4,trend,4.659
down,1744036860000,2025-04-07T14:41:00.000000000,1551.87,-2.111,2,11.82,-17084.7,0.4949,1.836,10.7431,-1e-05,0.495,-1599.1,0.4824,1.037,-13247.0,0.5365,0.73,-12635.5,0.519,0.917,-14598.2,0.5135,-1.667,4,34,whipsaw,-0.232
up,1744046160000,2025-04-07T17:16:00.000000000,1555.53,1.501,1,1.32,-6174.8,0.4988,2.22,3.56,-3.5e-05,-0.419,667.0,0.4844,-0.129,2181.3,0.5097,0.956,1442.3,0.5046,0.444,3433.0,0.5046,1.57,-1,29,trend,-5.273
up,1744057800000,2025-04-07T20:30:00.000000000,1569.81,1.514,1,0.57,-6891.0,0.5951,1.891,1.7641,-3.5e-05,0.213,-4577.4,0.542,0.383,-6777.2,0.5592,-0.036,-4350.5,0.5209,-0.641,-8394.4,0.5423,0.999,206,-1,whipsaw,-6.406
up,1744075860000,2025-04-08T01:31:00.000000000,1572.46,1.829,1,0.74,-312.9,0.5444,1.985,2.0379,-4e-06,0.388,-4050.7,0.5165,0.498,-5707.5,0.5088,1.238,-1597.6,0.5372,1.511,-25276.6,0.5268,2.939,-1,20,trend,-10.592
down,1744080120000,2025-04-08T02:42:00.000000000,1592.44,-1.588,1,0.9,-13483.0,0.4624,1.494,2.749,-4e-06,-0.195,567.0,0.431,-0.254,1352.4,0.4901,-0.441,883.6,0.4706,-0.511,9107.2,0.493,-1.137,-1,215,trend,10.117
down,1744123380000,2025-04-08T14:43:00.000000000,1548.4,-1.672,2,2.47,-199.2,0.4704,1.853,2.8379,1.2e-05,-0.196,-2553.3,0.4563,-0.93,-1491.4,0.4181,-1.722,-4078.6,0.4474,-0.756,-61.9,0.4753,-6.056,-1,14,trend,4.146
up,1744134960000,2025-04-08T17:56:00.000000000,1481.43,1.747,1,5.71,-9736.3,0.5128,2.292,3.8366,-1.4e-05,-0.134,-1477.4,0.4893,-0.412,-3002.1,0.4927,0.194,-2879.8,0.5184,-0.442,-3429.2,0.5303,1.293,70,34,trend,8.941
down,1744150800000,2025-04-08T22:20:00.000000000,1446.37,-2.07,1,1.78,-1763.7,0.5279,1.474,3.191,-1.4e-05,1.285,-4223.9,0.4564,0.709,-1481.5,0.4589,0.845,950.7,0.4889,1.743,1588.1,0.5159,-4.24,0,172,whipsaw,-15.992
down,1744161000000,2025-04-09T01:10:00.000000000,1445.26,-1.694,2,2.05,-9488.4,0.5031,1.65,2.9717,-4.8e-05,-1.017,-6896.2,0.4277,-2.797,1264.4,0.4221,-1.592,1121.2,0.4456,-0.053,713.1,0.4818,-4.166,-1,2,trend,-13.734
up,1744163400000,2025-04-09T01:50:00.000000000,1432.62,1.691,1,8.29,13274.5,0.4755,2.005,4.8717,-4.8e-05,-0.087,-501.8,0.5491,0.822,-2301.8,0.5387,0.665,-4090.4,0.5151,-0.731,1787.4,0.5023,2.246,66,16,trend,14.361
up,1744171920000,2025-04-09T04:12:00.000000000,1433.4,1.734,2,2.9,6761.5,0.5476,1.812,3.0414,-4.8e-05,0.25,-964.3,0.6147,-0.401,499.2,0.5622,0.634,863.2,0.5616,1.326,1488.1,0.6034,4.09,-1,26,trend,12.553
down,1744196940000,2025-04-09T11:09:00.000000000,1453.76,-1.553,1,4.96,8709.6,0.4989,1.775,3.5107,-6.6e-05,0.5,1531.2,0.4908,0.155,3747.0,0.4859,-0.504,8569.9,0.4865,-0.017,2711.4,0.483,-0.933,6,-1,whipsaw,-9.535
up,1744203660000,2025-04-09T13:01:00.000000000,1465.06,1.584,2,1.82,7356.9,0.5264,2.026,2.5303,-6.6e-05,0.114,-410.1,0.5337,-0.276,-14.4,0.4809,0.503,-5267.4,0.4876,2.285,-10227.6,0.4934,3.02,-1,31,trend,8.747
down,1744210920000,2025-04-09T15:02:00.000000000,1473.37,-1.505,1,1.64,-6203.5,0.4896,1.894,2.5207,-6.6e-05,0.515,588.9,0.5594,1.041,1586.3,0.5091,0.955,15779.7,0.4969,0.975,17642.7,0.4997,-0.141,13,-1,whipsaw,-5.99
up,1744219200000,2025-04-09T17:20:00.000000000,1528.49,1.733,2,5.06,4208.6,0.4761,1.53,4.7631,1.6e-05,2.636,13448.1,0.4912,4.519,29876.9,0.5005,4.516,36484.2,0.5059,8.475,58053.5,0.5122,10.368,0,3,whipsaw,-2.354
down,1744224240000,2025-04-09T18:44:00.000000000,1638.79,-1.647,1,5.13,2139.0,0.4872,1.662,7.0476,1.6e-05,0.047,-2820.4,0.5153,-0.652,-13883.4,0.5339,0.083,-14996.6,0.5269,0.053,-5809.0,0.486,-0.929,102,-1,whipsaw,7.256
up,1744232400000,2025-04-09T21:00:00.000000000,1681.92,1.969,1,1.82,-12842.8,0.5038,1.694,2.2021,1.6e-05,-0.917,1591.5,0.5519,-0.594,4811.1,0.488,-0.336,10787.8,0.4821,-0.518,2400.9,0.4877,0.421,6,-1,whipsaw,-8.984
down,1744245900000,2025-04-10T00:45:00.000000000,1638.8,-1.522,1,1.01,-10257.9,0.4613,1.789,1.9483,0.0001,-0.022,-2474.7,0.5835,0.612,-4344.3,0.6278,0.162,-4162.8,0.5444,-0.177,-12821.8,0.5147,-2.26,-1,147,trend,7.289
down,1744255200000,2025-04-10T03:20:00.000000000,1608.8,-1.634,1,1.63,-19485.8,0.4341,1.654,2.2166,0.0001,-0.206,320.7,0.5159,-0.183,-1261.9,0.5127,0.053,-3889.8,0.4928,0.233,-6639.2,0.5208,-0.438,124,-1,whipsaw,4.258
down,1744270260000,2025-04-10T07:31:00.000000000,1593.33,-1.619,1,1.42,2373.3,0.4694,1.589,2.231,0.0001,-0.356,-11636.2,0.4456,0.016,-4733.3,0.441,0.098,-1036.9,0.4449,-0.177,-7577.6,0.4364,-0.751,-1,-1,partial,2.756
up,1744288200000,2025-04-10T12:30:00.000000000,1617.57,1.509,1,4.43,-23343.3,0.5663,2.728,2.4121,3e-05,-0.848,-3934.1,0.5082,-1.17,-3112.0,0.5034,-1.468,7926.8,0.5291,-1.57,5975.9,0.55,0.58,4,-1,whipsaw,-3.218
down,1744292220000,2025-04-10T13:37:00.000000000,1564.4,-1.605,2,2.76,-10176.1,0.5588,1.391,6.2028,3e-05,0.01,1775.8,0.4411,0.701,11953.6,0.5092,-0.075,7188.8,0.5091,0.849,8331.6,0.5423,-5.969,13,97,whipsaw,-0.404
up,1744296060000,2025-04-10T14:41:00.000000000,1581.78,1.541,1,1.96,-4259.2,0.5905,1.837,3.0321,3e-05,-0.375,-3419.2,0.4193,-0.926,1371.9,0.4555,-1.829,-563.1,0.4516,-4.748,1084.4,0.461,0.135,17,-1,whipsaw,-1.654
up,1744303860000,2025-04-10T16:51:00.000000000,1511.78,1.919,1,4.25,-6888.3,0.5335,1.754,4.8638,-1e-06,-0.382,-349.4,0.5402,-0.616,737.3,0.5129,-1.382,-8919.0,0.5297,-0.332,-6612.4,0.5475,1.351,18,185,whipsaw,3.866
up,1744335060000,2025-04-11T01:31:00.000000000,1531.6,1.528,1,0.91,2784.3,0.5208,1.723,1.9462,-9e-06,0.577,-2656.7,0.5498,0.163,-3565.8,0.5355,0.303,-988.5,0.5557,0.958,-1604.7,0.5718,1.751,-1,2,trend,1.76
up,1744364160000,2025-04-11T09:36:00.000000000,1569.99,1.514,1,1.76,-831.7,0.558,1.611,2.561,-5.9e-05,-0.436,2579.0,0.5408,-0.571,4606.7,0.5231,-0.693,6656.4,0.5244,0.471,13698.4,0.5276,0.956,36,-1,whipsaw,1.654
up,1744379280000,2025-04-11T13:48:00.000000000,1576.52,1.657,1,3.21,1734.8,0.5997,1.782,3.0038,-5.9e-05,-0.283,6227.5,0.5551,-1.146,5264.9,0.533,-1.126,3495.2,0.5339,-1.061,-10162.4,0.5339,0.948,12,-1,whipsaw,3.577
down,1744381560000,2025-04-11T14:26:00.000000000,1546.4,-1.613,1,3.12,1563.8,0.5269,1.743,3.2559,-5.9e-05,0.426,-3318.3,0.4303,0.596,-6379.2,0.5241,0.72,-5485.0,0.539,0.711,-8685.1,0.5509,-0.318,19,-1,whipsaw,-7.139
up,1744463220000,2025-04-12T13:07:00.000000000,1621.68,1.641,2,5.66,12105.3,0.5409,1.374,4.5652,-6e-06,-0.055,-1938.8,0.6358,-0.588,4336.3,0.541,-0.457,4498.6,0.484,1.243,22787.3,0.5248,2.954,-1,39,trend,-1.172
down,1744509360000,2025-04-13T01:56:00.000000000,1615.19,-1.834,1,3.08,-10294.3,0.4535,1.882,2.3845,7.7e-05,0.193,-34531.6,0.4948,0.214,-38062.8,0.5065,-0.147,-38672.7,0.4805,0.631,-23745.6,0.5359,-1.097,-1,196,trend,0.111
down,1744552320000,2025-04-13T13:52:00.000000000,1573.38,-1.634,1,3.99,2358.7,0.4534,1.74,2.4597,5.2e-05,-0.428,-20582.4,0.4516,0.072,-7454.7,0.5272,0.332,-10302.0,0.5011,0.737,-13410.8,0.4708,-0.462,51,-1,whipsaw,-5.423
up,1744564740000,2025-04-13T17:19:00.000000000,1619.94,1.749,1,2.35,9686.5,0.5629,1.46,1.4703,5.3e-05,0.212,-2932.6,0.5418,-0.442,-20144.9,0.4697,1.221,-14274.0,0.5264,0.702,5560.1,0.4881,1.796,0,1,whipsaw,0.943
down,1744573020000,2025-04-13T19:37:00.000000000,1597.34,-1.574,2,3.21,-6273.9,0.4513,1.96,2.2941,5.3e-05,-1.231,-7714.8,0.4461,-0.792,-59491.9,0.5022,0.405,-61757.0,0.5425,0.03,-55953.6,0.5232,-2.212,0,4,whipsaw,-2.634
up,1744575060000,2025-04-13T20:11:00.000000000,1607.61,2.3,1,7.26,-52385.8,0.5546,1.845,3.2714,5.3e-05,0.296,-724.1,0.6492,0.111,1016.9,0.5623,-0.936,777.3,0.4985,-1.637,2573.6,0.474,0.589,27,-1,whipsaw,1.754
up,1744590060000,2025-04-14T00:21:00.000000000,1622.52,1.65,1,1.86,-6337.7,0.5753,1.795,1.8828,7.4e-05,-0.248,-23546.7,0.4711,-0.402,-28514.1,0.4676,-0.59,-22759.5,0.4823,-0.381,-29600.5,0.5049,2.33,-1,128,trend,-0.12
up,1744597800000,2025-04-14T02:30:00.000000000,1641.53,1.559,1,2.03,-9951.2,0.5955,1.993,1.4945,7.4e-05,0.646,-4692.1,0.5901,0.166,-20604.3,0.4796,-0.468,-23604.8,0.4962,-0.555,-14035.5,0.4932,1.145,188,3,trend,-1.238
up,1744626060000,2025-04-14T10:21:00.000000000,1666.34,1.812,1,3.65,-2437.3,0.5501,1.849,2.1852,5.9e-05,-0.134,24495.0,0.4978,-0.044,27428.7,0.5298,0.979,33042.2,0.5356,0.876,54110.9,0.5296,1.51,206,30,trend,-1.737
down,1744638360000,2025-04-14T13:46:00.000000000,1651.75,-1.574,2,2.89,-20051.9,0.4802,1.717,2.639,5.9e-05,0.454,-1421.7,0.519,0.497,-2230.8,0.5232,0.666,-3042.1,0.5199,1.222,19552.2,0.5472,-2.225,40,111,whipsaw,0.257
down,1744726620000,2025-04-15T14:17:00.000000000,1627.08,-1.754,1,8.64,-24228.6,0.4984,1.839,3.2545,1.8e-05,-0.816,-290.3,0.4583,-0.78,-10878.4,0.4425,-0.307,-11339.5,0.4694,0.057,-17457.6,0.481,-1.581,-1,2,trend,3.354
down,1744781400000,2025-04-16T05:30:00.000000000,1562.71,-1.604,1,6.69,-4444.8,0.5499,1.964,2.3359,4.3e-05,0.317,2787.3,0.5088,0.806,-2355.3,0.5798,0.522,6737.0,0.5256,0.758,-1686.7,0.5878,-0.385,75,-1,whipsaw,-2.21
up,1744824060000,2025-04-16T17:21:00.000000000,1611.3,1.583,4,2.82,-10777.3,0.5349,1.703,2.4248,-2.5e-05,-0.504,-6735.7,0.5853,-0.829,-4965.8,0.5469,-3.312,744.5,0.5072,-2.886,6559.7,0.5166,0.095,10,-1,whipsaw,-0.547
down,1744825620000,2025-04-16T17:47:00.000000000,1571.29,-1.727,1,6.33,-3196.8,0.532,1.564,4.1714,-2.5e-05,-0.596,2752.7,0.4879,-1.262,7887.5,0.4899,-0.682,6577.7,0.5161,-0.699,-10306.9,0.5066,-2.114,123,3,trend,-2.744
up,1744907160000,2025-04-17T16:26:00.000000000,1608.51,1.526,1,5.04,-5525.3,0.5074,1.712,2.6924,-1.8e-05,-0.034,2429.5,0.554,-0.131,-6599.7,0.5225,-0.164,-1665.8,0.5431,-0.166,1544.9,0.5029,0.525,170,-1,whipsaw,-1.422
down,1744917660000,2025-04-17T19:21:00.000000000,1579.06,-1.567,1,3.61,-18559.7,0.3974,1.801,1.8314,-1.8e-05,0.559,-3768.0,0.5635,0.138,9215.9,0.4487,0.046,6379.3,0.4921,0.43,4674.7,0.5096,-0.129,-1,-1,partial,-0.902
up,1745195220000,2025-04-21T00:27:00.000000000,1612.5,1.589,1,5.02,4126.7,0.55,1.443,1.6966,-1e-06,0.144,-1357.5,0.5502,0.081,164.5,0.51,-0.143,1093.8,0.4976,0.047,-1204.1,0.5114,2.043,-1,83,trend,-2.249
up,1745245740000,2025-04-21T14:29:00.000000000,1637.34,1.58,1,4.75,-4815.2,0.5661,1.629,2.3238,0.0001,-0.192,-20.9,0.5866,-0.284,-6605.3,0.551,-0.194,-8487.4,0.5516,-0.478,-3657.6,0.5533,0.274,77,-1,whipsaw,0.357
down,1745254800000,2025-04-21T17:00:00.000000000,1581.21,-2.14,1,4.15,785.7,0.4741,1.896,1.5524,8e-05,-0.279,-2644.2,0.4284,-0.025,-37968.0,0.5309,0.158,-36959.6,0.5164,-0.398,-42498.9,0.5323,-1.084,-1,120,trend,-7.102
down,1745282160000,2025-04-22T00:36:00.000000000,1546.2,-2.061,1,4.52,-3457.7,0.4944,1.502,1.3993,-3.6e-05,0.756,-22612.7,0.5964,1.184,-16988.9,0.5935,1.337,-7032.8,0.5344,2.433,-9023.4,0.5198,-0.578,8,-1,whipsaw,-13.33
up,1745284860000,2025-04-22T01:21:00.000000000,1588.78,1.551,1,2.85,12539.8,0.5022,1.84,2.4252,-3.6e-05,-0.556,-246.2,0.5203,-0.312,-4574.3,0.5002,-0.162,-3615.2,0.5249,-0.495,-37769.0,0.5121,0.312,67,-1,whipsaw,11.123
up,1745307120000,2025-04-22T07:32:00.000000000,1613.31,1.901,1,3.21,230.5,0.5102,1.46,1.119,-3.6e-05,0.084,-9944.9,0.4916,0.186,-12744.0,0.4806,0.555,-16170.0,0.4968,0.591,-15328.5,0.4739,1.313,-1,33,trend,10.5
up,1745333160000,2025-04-22T14:46:00.000000000,1674.39,1.632,1,6.39,20774.9,0.5132,1.775,2.8938,0.0,-0.619,-489.9,0.5131,1.095,6728.0,0.5916,2.922,-611.3,0.57,0.968,4189.6,0.5373,3.071,-1,14,trend,7.126
down,1745336520000,2025-04-22T15:42:00.000000000,1690.11,-1.783,1,7.54,8286.8,0.5097,2.205,2.8528,0.0,0.125,-2469.1,0.4764,0.368,1831.5,0.5265,0.407,3082.2,0.5099,0.27,3702.5,0.4782,-0.416,18,-1,whipsaw,-5.422
up,1745356920000,2025-04-22T21:22:00.000000000,1728.12,1.731,1,3.33,-3043.7,0.5548,1.545,1.9776,8.1e-05,-0.863,-3806.8,0.4674,-0.468,-6608.9,0.4625,1.597,-17174.6,0.5215,1.29,-23651.9,0.489,3.465,6,23,whipsaw,3.905
up,1745370600000,2025-04-23T01:10:00.000000000,1781.4,1.772,2,2.76,6488.2,0.5795,1.436,3.4521,6.7e-05,-0.191,-892.5,0.5722,-0.719,-8859.5,0.5361,-0.634,-9980.6,0.5643,-0.692,-7804.8,0.5883,2.065,46,73,whipsaw,0.707
up,1745384340000,2025-04-23T04:59:00.000000000,1817.01,1.721,1,1.89,5566.0,0.5065,1.689,2.3779,6.7e-05,-0.779,2689.4,0.4674,-0.239,-84.8,0.5436,-0.953,-4462.4,0.5058,-1.079,-2948.8,0.4723,0.064,18,-1,whipsaw,-2.46
down,1745416500000,2025-04-23T13:55:00.000000000,1786.49,-1.506,1,5.98,-21095.1,0.4791,1.697,7.5569,9.6e-05,0.162,16.7,0.5084,0.628,11473.8,0.5,0.712,13540.9,0.52,0.103,23800.6,0.5071,-1.392,-1,86,trend,2.194
up,1745423820000,2025-04-23T15:57:00.000000000,1790.55,1.528,1,1.71,-5828.1,0.5574,1.909,2.8331,9.6e-05,-0.002,445.8,0.4808,-0.002,857.4,0.5405,-0.081,1156.5,0.4952,0.183,-2484.6,0.5203,1.086,-1,134,trend,-1.4
down,1745483400000,2025-04-24T08:30:00.000000000,1729.6,-1.599,1,4.86,-7004.0,0.408,1.75,1.7445,7.2e-05,-0.242,-4290.5,0.4233,0.304,-4493.2,0.4878,0.483,-5052.8,0.5071,0.75,-10703.9,0.511,-0.387,55,-1,whipsaw,-2.696
down,1745515320000,2025-04-24T17:22:00.000000000,1749.41,-1.508,1,2.97,7903.4,0.4436,1.736,2.5793,6e-06,0.314,6160.9,0.5206,0.321,3680.8,0.483,-0.054,14665.5,0.4887,0.747,-5290.4,0.4992,-0.193,52,-1,whipsaw,-3.306
up,1745592900000,2025-04-25T14:55:00.000000000,1808.99,1.761,1,5.87,-8521.1,0.5602,1.821,2.9138,7.8e-05,0.106,-479.9,0.5984,-0.229,3071.6,0.5361,0.635,18691.2,0.5318,-0.034,13916.9,0.4999,1.013,81,29,trend,-0.741
up,1745656080000,2025-04-26T08:28:00.000000000,1833.93,1.854,1,2.72,-294.0,0.5224,1.4,1.87,-3e-05,-0.434,-203.7,0.6216,-1.07,10005.4,0.5416,-1.468,16891.2,0.5366,-1.445,16849.8,0.5294,0.394,13,-1,whipsaw,-1.387
down,1745717640000,2025-04-27T01:34:00.000000000,1807.59,-1.821,1,10.67,-8966.2,0.5272,1.891,3.3455,5.6e-05,0.384,-6505.8,0.468,0.39,-3366.8,0.4084,-0.006,-16691.8,0.404,0.32,-15090.7,0.4088,-0.958,-1,-1,partial,2.623
up,1745866980000,2025-04-28T19:03:00.000000000,1799.55,1.785,1,3.4,4322.0,0.6103,1.524,1.7579,-8.7e-05,-0.508,-12923.4,0.473,-0.308,-11613.2,0.5748,-0.033,-13301.1,0.5507,-0.372,-22141.2,0.5206,0.347,128,-1,whipsaw,1.363
down,1746016560000,2025-04-30T12:36:00.000000000,1784.47,-1.639,2,4.25,-1841.1,0.3859,1.736,2.0548,9e-06,-0.367,4638.1,0.3683,-0.557,7832.7,0.437,-0.699,27090.2,0.4651,-0.874,26164.3,0.4762,-2.957,-1,33,trend,-3.72
up,1746095400000,2025-05-01T10:30:00.000000000,1846.0,1.536,1,7.68,-11641.4,0.5845,1.789,1.7428,4.5e-05,-0.405,2554.4,0.5377,-0.509,6199.0,0.4858,0.488,13565.7,0.5037,-0.211,4099.5,0.4948,0.717,193,-1,whipsaw,-1.127
up,1746112440000,2025-05-01T15:14:00.000000000,1870.89,1.784,1,7.63,3351.0,0.6441,1.793,2.1086,4.5e-05,-0.265,-5646.7,0.6045,-0.392,-7352.0,0.5576,-0.59,489.7,0.514,-0.654,-28787.6,0.5036,0.122,41,-1,whipsaw,-1.408
up,1746201840000,2025-05-02T16:04:00.000000000,1868.91,1.596,1,4.47,4850.5,0.5518,1.61,1.569,-6e-06,-0.559,-12512.4,0.5102,-0.089,-7584.0,0.5433,-0.672,-4770.9,0.4858,-1.065,-27590.8,0.4772,0.112,57,-1,whipsaw,-1.933
down,1746408660000,2025-05-05T01:31:00.000000000,1786.06,-1.68,1,6.16,-291.1,0.5213,1.361,1.5162,2e-06,0.372,-6392.3,0.4855,0.261,-5574.4,0.503,0.13,64.1,0.5127,0.56,-2610.9,0.5294,-0.236,195,-1,whipsaw,-1.664
up,1746577320000,2025-05-07T00:22:00.000000000,1844.52,1.554,1,6.26,-5721.3,0.4994,1.531,1.9476,3.3e-05,-0.494,-4639.3,0.4593,-0.262,-2578.1,0.5274,-0.308,-19088.6,0.4915,0.102,-42633.1,0.4677,0.297,108,-1,whipsaw,-1.681
up,1746675840000,2025-05-08T03:44:00.000000000,1888.19,1.729,1,6.47,17206.8,0.5479,1.77,1.751,4.6e-05,-0.095,-4082.0,0.55,0.684,-10031.7,0.5245,1.016,-3972.3,0.5252,0.572,8846.9,0.4942,2.947,-1,16,trend,17.456
up,1746717960000,2025-05-08T15:26:00.000000000,2021.89,1.678,1,7.03,-4526.9,0.5358,1.926,4.5155,0.0001,-0.074,-4000.4,0.5136,1.648,2498.1,0.5428,1.108,-22420.5,0.5196,1.285,-34873.5,0.5324,3.304,-1,13,trend,13.368
up,1746733920000,2025-05-08T19:52:00.000000000,2114.11,1.854,2,3.53,-8528.0,0.5128,1.621,2.9745,8.7e-05,0.635,6385.5,0.5626,0.316,3110.5,0.512,0.223,-633.8,0.4818,3.179,-6363.1,0.4987,5.293,-1,2,trend,9.997
down,1746741000000,2025-05-08T21:50:00.000000000,2169.42,-1.641,1,3.65,-16829.3,0.5033,1.945,5.6569,8.7e-05,0.378,-7049.1,0.472,0.355,-2520.4,0.5253,0.578,-1323.0,0.53,0.686,-949.2,0.4928,-0.423,54,-1,whipsaw,-7.683
up,1746753360000,2025-05-09T01:16:00.000000000,2241.34,1.902,2,1.96,4734.8,0.4555,1.571,3.7628,0.0001,-1.098,-855.5,0.465,-1.594,-8805.8,0.4775,-2.099,-9359.0,0.4666,-1.617,-8155.5,0.4882,0.165,0,-1,whipsaw,4.411
down,1746755160000,2025-05-09T01:46:00.000000000,2194.29,-2.099,1,2.0,-9359.0,0.4666,1.561,3.5034,0.0001,0.058,136.2,0.5013,0.329,176.2,0.5633,0.492,1203.5,0.5032,0.457,3238.6,0.4829,-0.104,69,-1,whipsaw,-6.925
up,1746771900000,2025-05-09T06:25:00.000000000,2245.51,1.523,3,1.51,1907.0,0.5568,1.994,2.1724,0.0001,0.334,5816.5,0.6272,-0.13,3586.8,0.4926,0.466,5000.7,0.5127,2.564,11648.0,0.5287,10.922,-1,35,trend,5.707
down,1746781260000,2025-05-09T09:01:00.000000000,2410.55,-1.57,1,12.17,-17896.0,0.4714,1.856,13.1021,0.0001,0.208,-2784.8,0.4389,-2.512,-34889.4,0.433,-3.405,-26840.2,0.4467,-2.979,-31077.1,0.4555,-4.913,-1,6,trend,1.255
down,1746800340000,2025-05-09T14:19:00.000000000,2348.51,-1.501,1,1.35,-2829.6,0.4918,1.644,5.7372,0.0001,-0.661,1703.2,0.3992,-0.761,-6152.5,0.4674,-2.078,-13467.8,0.4789,-1.491,-4562.6,0.4929,-3.279,-1,6,trend,-2.771
up,1746836460000,2025-05-10T00:21:00.000000000,2376.6,1.544,1,1.0,-27194.5,0.5203,1.573,4.2603,0.0001,-0.369,2878.6,0.517,-0.939,1680.1,0.4987,-1.772,-2308.5,0.4792,-1.427,272.4,0.5042,0.171,10,-1,whipsaw,7.476
down,1746838260000,2025-05-10T00:51:00.000000000,2334.48,-1.772,1,1.22,-2308.5,0.4792,1.847,3.1314,0.0001,-0.505,1597.3,0.412,0.035,981.1,0.5225,0.352,2580.9,0.5267,0.006,3109.2,0.5102,-0.749,-1,-1,partial,-8.844
up,1746863640000,2025-05-10T07:54:00.000000000,2396.29,1.651,2,2.7,3264.0,0.5607,1.606,2.651,0.0001,0.155,-5970.8,0.5359,0.618,6833.1,0.5501,0.78,9831.9,0.5352,-0.621,12251.2,0.5185,1.645,57,11,trend,3.276
down,1746867060000,2025-05-10T08:51:00.000000000,2374.81,-1.542,1,2.99,2419.3,0.4983,1.733,3.5914,9.8e-05,0.361,-17196.8,0.5428,0.045,-19677.2,0.4617,0.173,-18279.5,0.4361,1.552,21378.7,0.4346,-0.624,34,-1,whipsaw,-4.555
up,1746898740000,2025-05-10T17:39:00.000000000,2510.67,1.535,1,5.02,2022.0,0.5821,2.056,3.921,9e-05,-0.615,5222.2,0.4699,-1.739,1166.7,0.4891,-1.574,-9359.8,0.4905,-1.17,-10115.6,0.504,0.313,9,-1,whipsaw,-0.948
down,1746900540000,2025-05-10T18:09:00.000000000,2471.15,-1.574,1,6.3,-9359.8,0.4905,1.932,5.8183,9e-05,0.424,2576.3,0.6191,0.018,2257.6,0.53,0.411,-755.8,0.5161,0.627,-1235.4,0.5082,-0.352,41,-1,whipsaw,-0.579
up,1746916800000,2025-05-10T22:40:00.000000000,2563.53,1.517,1,2.5,-2966.3,0.5624,1.811,4.5645,9e-05,-0.021,2260.5,0.5313,0.877,2388.7,0.545,0.682,11685.0,0.5252,0.933,8676.5,0.5093,1.74,107,37,trend,-2.653
down,1746923220000,2025-05-11T00:27:00.000000000,2533.2,-1.975,1,4.55,-11929.4,0.4787,1.869,6.781,0.0001,0.274,-5453.1,0.5167,0.064,-3910.0,0.4834,0.386,-5874.7,0.4971,0.574,-5011.4,0.5096,-1.142,113,2,trend,0.119
up,1746930120000,2025-05-11T02:22:00.000000000,2560.63,1.534,1,1.79,7171.4,0.5456,2.046,3.7534,0.0001,-0.083,2586.2,0.5781,0.116,3189.6,0.53,-0.985,1854.4,0.5,-0.453,-3273.5,0.4889,0.2,27,-1,whipsaw,-1.575
down,1746931980000,2025-05-11T02:53:00.000000000,2526.03,-1.548,1,1.47,1854.4,0.4891,1.503,5.3807,0.0001,0.592,-7245.7,0.4988,0.335,-6327.2,0.4221,0.92,-5127.9,0.4843,0.534,-3458.4,0.5055,-0.856,50,-1,whipsaw,0.404
down,1746947100000,2025-05-11T07:05:00.000000000,2489.43,-1.912,1,2.94,-237.5,0.462,1.925,3.1169,0.0001,0.269,-7851.4,0.4901,-0.025,-6692.4,0.4908,0.373,-1145.2,0.5138,-0.08,1358.5,0.4908,-1.426,135,36,trend,-2.681
up,1746951240000,2025-05-11T08:14:00.000000000,2495.29,1.637,1,2.3,-708.8,0.4568,1.673,3.5586,7.4e-05,0.059,-217.2,0.469,-0.316,7738.7,0.3702,-0.221,7154.3,0.4499,0.31,11216.7,0.4751,1.61,-1,98,trend,1.981
down,1746970860000,2025-05-11T13:41:00.000000000,2487.83,-1.573,1,2.42,4500.6,0.497,1.664,5.0817,7.4e-05,0.097,3005.7,0.5183,-0.721,4690.0,0.5019,-0.391,2906.0,0.5215,0.126,624.9,0.5184,-2.103,-1,133,trend,-2.788
down,1746978840000,2025-05-11T15:54:00.000000000,2449.32,-1.711,1,2.34,1198.5,0.4633,1.744,3.8241,7.4e-05,0.539,-8940.6,0.5112,-0.017,-14098.9,0.5119,0.975,-13943.2,0.5332,0.69,-17819.8,0.5126,-0.564,29,-1,whipsaw,-1.844
down,1747013700000,2025-05-12T01:35:00.000000000,2496.16,-1.553,1,2.17,4133.0,0.4691,1.785,3.3359,7.1e-05,0.245,-3043.2,0.5185,0.529,9784.7,0.5237,0.635,-282.9,0.4948,1.246,-3371.9,0.4926,-0.217,44,-1,whipsaw,1.415
up,1747033380000,2025-05-12T07:03:00.000000000,2550.25,1.658,2,3.88,5907.1,0.5036,1.938,3.0,7.1e-05,0.039,7912.3,0.5524,0.351,-3725.5,0.5367,2.735,-12089.2,0.5459,-0.323,-17280.2,0.5097,2.892,-1,12,trend,-3.727
down,1747036620000,2025-05-12T07:57:00.000000000,2551.19,-1.66,1,12.04,-6344.4,0.4751,1.783,8.5714,7.1e-05,-0.171,904.7,0.5671,-0.487,3750.1,0.5179,-0.175,3397.1,0.5387,0.978,4944.2,0.5393,-1.144,53,235,whipsaw,3.506
down,1747060020000,2025-05-12T14:27:00.000000000,2518.52,-1.643,1,3.54,9861.3,0.4914,1.714,4.2186,0.0001,-0.099,157.8,0.4762,0.561,1143.3,0.5202,-0.325,2095.1,0.4898,-0.338,768.9,0.508,-2.653,-1,3,trend,-1.409
down,1747074720000,2025-05-12T18:32:00.000000000,2437.79,-1.723,1,3.11,-5032.8,0.46,1.828,5.3269,5.7e-05,0.414,-6615.2,0.4396,-0.267,-9032.5,0.5043,0.166,-27468.0,0.5119,0.937,-14777.3,0.5011,-1.278,45,17,trend,-8.549
up,1747077540000,2025-05-12T19:19:00.000000000,2460.95,1.992,1,4.46,-17448.7,0.5122,1.89,3.8993,5.7e-05,0.076,1648.2,0.4922,0.007,11703.8,0.4488,-0.054,11428.1,0.431,0.096,14319.5,0.4661,1.486,-1,83,trend,9.169
up,1747136220000,2025-05-13T11:37:00.000000000,2524.9,1.808,2,2.72,3992.3,0.6039,1.608,4.3434,0.0001,-0.128,4493.3,0.5859,-0.682,-6310.0,0.456,-0.684,-6926.9,0.5178,-0.035,-14994.8,0.5186,1.588,34,104,whipsaw,3.633
up,1747162680000,2025-05-13T18:58:00.000000000,2668.23,1.549,1,4.75,-16544.9,0.6497,1.743,4.5883,0.0001,-0.378,6502.2,0.5577,-0.043,8958.8,0.5494,0.973,8129.8,0.606,0.647,3061.3,0.6039,2.634,-1,27,trend,-2.324
down,1747167180000,2025-05-13T20:13:00.000000000,2666.72,-1.52,1,7.5,-27228.0,0.5473,2.097,7.169,0.0001,-0.14,2532.3,0.5655,0.232,5644.8,0.5694,0.857,3255.4,0.5933,0.342,-5151.5,0.5521,-0.383,33,-1,whipsaw,2.404
down,1747177500000,2025-05-13T23:05:00.000000000,2661.08,-1.507,1,1.75,-5122.9,0.5019,2.121,2.2028,0.0001,0.537,12568.5,0.5355,0.663,3683.4,0.4972,0.486,12062.1,0.481,0.483,3536.9,0.5362,-1.431,71,184,whipsaw,2.616
down,1747188120000,2025-05-14T02:02:00.000000000,2652.57,-1.826,1,3.77,14909.6,0.5143,1.842,4.7479,0.0001,-0.081,-1220.7,0.4418,0.227,13617.9,0.4774,-0.208,251.0,0.4311,-0.499,-6906.3,0.4328,-1.115,180,8,trend,2.778
down,1747213500000,2025-05-14T09:05:00.000000000,2581.9,-1.623,1,2.43,-612.5,0.3796,1.839,4.0572,5.5e-05,0.607,-580.5,0.4802,0.43,2357.4,0.4822,0.871,957.2,0.5208,1.256,3004.4,0.5085,-0.171,24,-1,whipsaw,0.914
down,1747273560000,2025-05-15T01:46:00.000000000,2584.2,-1.508,1,3.16,-12261.5,0.4477,2.079,3.2517,0.0001,-0.074,-1974.2,0.417,-0.121,-8657.5,0.4564,-0.187,2561.6,0.4999,0.181,3178.8,0.4913,-0.669,-1,-1,partial,0.906
down,1747294440000,2025-05-15T07:34:00.000000000,2532.25,-1.504,1,2.98,-3113.5,0.5298,1.603,4.23,0.0001,0.085,4845.1,0.5097,-0.214,1751.8,0.5601,0.568,-59.2,0.571,1.089,4049.3,0.5516,-0.654,58,-1,whipsaw,-2.952
down,1747316880000,2025-05-15T13:48:00.000000000,2517.3,-1.698,2,2.63,1863.6,0.4666,1.42,5.861,0.0001,0.271,-8845.0,0.4493,0.798,-8422.3,0.4884,0.004,-6571.6,0.4876,-0.958,-21679.3,0.4671,-1.639,104,53,trend,-3.524
up,1747322400000,2025-05-15T15:20:00.000000000,2522.12,1.627,2,2.78,889.8,0.5695,1.885,4.1248,0.0001,0.054,-1253.2,0.5964,0.857,-5879.7,0.6049,1.3,-8266.9,0.5975,1.995,3713.8,0.5722,3.23,-1,24,trend,2.65
down,1747334520000,2025-05-15T18:42:00.000000000,2535.57,-1.563,1,2.43,-13136.0,0.481,1.647,3.1921,5.7e-05,-0.289,135.7,0.5059,-0.401,13739.8,0.4933,0.143,18087.3,0.5209,-0.299,20086.9,0.5079,-0.939,217,-1,whipsaw,-1.851
down,1747384680000,2025-05-16T08:38:00.000000000,2562.19,-1.634,1,2.91,-8498.6,0.491,1.795,4.5424,0.0001,0.168,438.9,0.6177,0.429,1059.6,0.5,1.671,2330.2,0.5459,1.788,5757.2,0.5607,-0.159,28,-1,whipsaw,2.892
up,1747386480000,2025-05-16T09:08:00.000000000,2605.0,1.671,1,2.19,2330.2,0.5459,1.731,2.921,0.0001,-0.273,106.4,0.5653,-0.003,4901.5,0.5927,0.115,3427.0,0.5795,0.116,6761.9,0.5781,1.701,-1,123,trend,-4.925
down,1747442160000,2025-05-17T00:36:00.000000000,2494.51,-1.504,1,3.7,3168.7,0.4758,1.753,6.129,2.5e-05,0.152,5324.1,0.4794,0.407,-17586.5,0.5029,-0.141,-13303.6,0.4899,-0.251,-17611.8,0.4703,-1.68,-1,71,trend,0.782
up,1747449840000,2025-05-17T02:44:00.000000000,2495.61,1.551,1,2.25,928.0,0.5475,1.529,4.4186,2.5e-05,-0.103,1338.9,0.5606,-0.198,4117.2,0.5162,-0.341,-1797.0,0.4813,-0.113,-4464.0,0.4719,0.717,-1,-1,partial,-0.721
down,1747589220000,2025-05-18T17:27:00.000000000,2529.21,-2.018,1,5.93,4394.9,0.4259,1.651,2.4841,1e-06,0.512,-6418.6,0.5639,0.144,-5020.4,0.4957,-0.856,8800.7,0.4625,-2.201,21006.5,0.4921,-8.145,-1,24,trend,-0.037
down,1747597200000,2025-05-18T19:40:00.000000000,2425.69,-1.544,1,8.45,-10329.3,0.5233,1.727,3.4662,1e-06,0.334,-364.2,0.5481,-0.49,-4836.8,0.4968,-2.399,-17158.8,0.5025,-1.581,-24583.9,0.5052,-4.225,198,20,trend,-4.027
down,1747605660000,2025-05-18T22:01:00.000000000,2389.59,-1.76,1,4.38,3687.1,0.5153,2.11,4.8293,1e-06,0.335,-7067.2,0.4737,-0.261,-2731.7,0.4261,1.754,-15963.5,0.5121,2.315,-25022.4,0.5098,-0.576,24,-1,whipsaw,-5.332
up,1747607460000,2025-05-18T22:31:00.000000000,2431.5,1.754,2,4.81,-15963.5,0.5121,1.652,5.3231,1e-06,-0.362,-3883.5,0.468,-0.021,-6705.3,0.503,0.552,-9059.0,0.5153,0.81,-5040.7,0.5211,3.379,220,28,trend,2.677
down,1747614240000,2025-05-19T00:24:00.000000000,2461.35,-1.526,2,6.94,6773.2,0.5073,1.722,8.3597,-4.9e-05,-0.386,498.3,0.4137,-0.229,-2184.3,0.4804,-0.635,6785.7,0.4867,-1.083,-1650.0,0.4871,-3.313,-1,7,trend,-3.132
down,1747630320000,2025-05-19T04:52:00.000000000,2358.01,-1.569,1,1.97,743.1,0.4559,1.694,4.0303,-4.9e-05,0.318,-2146.0,0.494,0.548,-6063.5,0.4856,0.75,-5058.6,0.5355,0.846,82.3,0.5092,-0.408,38,-1,whipsaw,-9.065
down,1747637880000,2025-05-19T06:58:00.000000000,2349.97,-1.522,1,1.43,-5019.2,0.4365,1.736,3.7617,-4.9e-05,0.529,-3195.2,0.4487,1.987,-4283.9,0.5597,2.097,-9702.3,0.5318,2.318,-10187.8,0.5199,-0.068,7,-1,whipsaw,-8.295
up,1747639020000,2025-05-19T07:17:00.000000000,2406.89,1.513,1,2.33,-763.6,0.506,1.875,4.3545,-4.9e-05,-0.106,-791.8,0.5577,-0.091,61.0,0.533,-0.145,-1388.9,0.5181,0.158,-4832.8,0.5135,0.656,-1,-1,partial,5.306
up,1747662240000,2025-05-19T13:44:00.000000000,2433.01,1.528,1,2.15,1295.5,0.4938,2.086,3.2852,6.5e-05,-0.022,4696.1,0.5185,-0.235,10712.7,0.4819,-0.172,-11070.1,0.471,0.529,-8551.0,0.4845,4.7,-1,83,trend,1.631
up,1747673940000,2025-05-19T16:59:00.000000000,2510.12,1.534,1,2.16,-8129.8,0.5503,1.899,2.6862,9.2e-05,0.493,5329.7,0.5246,0.338,-17524.6,0.4952,0.722,-28277.5,0.4869,-0.204,-22424.1,0.4481,1.484,91,9,trend,-1.387
down,1747702020000,2025-05-20T00:47:00.000000000,2521.11,-1.666,1,2.18,-10562.9,0.4456,1.775,4.4769,8e-05,-0.092,-165.5,0.4668,-0.13,-5238.2,0.4475,-0.113,-24076.7,0.465,0.599,-15879.2,0.5064,-0.412,53,-1,whipsaw,-0.459
up,1747769520000,2025-05-20T19:32:00.000000000,2487.97,1.579,1,1.78,1894.1,0.5349,1.629,3.1631,1.2e-05,0.017,3003.7,0.4869,0.252,2706.7,0.516,0.059,-5625.5,0.5252,0.675,-12342.9,0.5207,2.133,-1,63,trend,0.07
up,1747805100000,2025-05-21T05:25:00.000000000,2590.79,1.639,1,3.36,10408.0,0.5583,1.629,2.739,3.7e-05,-0.13,-1547.3,0.5257,-0.207,4413.8,0.5373,0.207,8724.2,0.5444,0.297,10027.0,0.5441,0.971,111,-1,whipsaw,1.946
down,1747811760000,2025-05-21T07:16:00.000000000,2561.59,-1.584,1,3.12,-12720.0,0.4462,1.772,2.8572,3.7e-05,0.046,4089.0,0.5674,-0.304,-16386.1,0.5366,-0.37,-18015.7,0.517,-0.223,-16062.7,0.5057,-1.804,-1,107,trend,-2.758
up,1747839780000,2025-05-21T15:03:00.000000000,2577.05,1.692,2,4.33,-24685.7,0.5428,1.798,4.4462,9.3e-05,0.091,-9218.5,0.6317,-0.328,3413.0,0.529,-0.299,13218.3,0.5171,-0.44,12473.4,0.5008,1.486,32,95,whipsaw,3.355
down,1747847640000,2025-05-21T17:14:00.000000000,2567.16,-1.807,1,3.65,11928.3,0.4351,1.767,4.4459,6e-06,-0.976,-3463.3,0.4196,-3.456,-9099.1,0.4224,-3.506,-35528.8,0.4426,-3.324,-24410.4,0.4704,-4.478,-1,5,trend,-3.53
up,1747856340000,2025-05-21T19:39:00.000000000,2506.54,1.646,1,1.92,3480.9,0.565,1.579,3.19,6e-06,-0.164,-4587.5,0.5162,-0.189,-8839.0,0.5317,-0.071,-6900.5,0.5352,-0.121,-7763.6,0.5205,3.646,-1,194,trend,5.304
up,1747869900000,2025-05-21T23:25:00.000000000,2579.09,1.679,2,2.13,6182.4,0.5756,1.749,4.1138,6e-06,-0.577,-16786.9,0.5544,-0.496,-10056.4,0.5169,-1.05,-12055.6,0.505,-0.086,-14730.4,0.5331,0.932,27,-1,whipsaw,2.559
up,1747885320000,2025-05-22T03:42:00.000000000,2634.73,1.555,1,2.43,-101.7,0.5988,1.593,3.7872,1.1e-05,0.107,3982.6,0.6041,0.026,2131.0,0.5825,-0.438,5900.9,0.5365,-0.207,9209.0,0.5447,0.496,137,-1,whipsaw,3.056
up,1747901820000,2025-05-22T08:17:00.000000000,2672.95,1.625,1,2.06,7059.5,0.5373,1.835,2.2531,0.0001,0.062,-6705.3,0.5971,-0.316,-2735.9,0.5595,-0.428,4808.2,0.5345,0.133,19170.5,0.5371,0.75,171,-1,whipsaw,-0.593
up,1747966680000,2025-05-23T02:18:00.000000000,2725.29,1.922,1,3.3,6359.1,0.5718,1.762,2.4576,0.0001,-0.249,1601.1,0.4739,-0.223,6579.0,0.4358,-0.341,-2224.9,0.4448,-0.79,5302.1,0.4776,0.328,40,-1,whipsaw,-6.924
down,1748000700000,2025-05-23T11:45:00.000000000,2621.45,-1.649,1,3.23,-658.4,0.4869,1.778,3.4048,0.0001,-1.025,-2800.6,0.405,-3.508,12002.4,0.4087,-3.586,12652.4,0.4235,-3.024,23174.8,0.4739,-4.698,-1,2,trend,2.108
up,1748007180000,2025-05-23T13:33:00.000000000,2578.92,1.565,1,3.05,-788.4,0.5278,1.836,3.6762,0.0001,0.022,-11814.4,0.528,-0.232,15528.1,0.5324,0.314,5959.1,0.5457,-0.017,4438.7,0.5309,0.505,162,-1,whipsaw,-0.84
down,1748133720000,2025-05-25T00:42:00.000000000,2496.13,-1.572,1,5.56,1165.7,0.4643,1.422,2.0917,6e-05,0.179,-11648.3,0.4541,-0.541,-10387.6,0.4357,-0.425,-5835.3,0.4705,0.235,-1973.8,0.5129,-0.806,-1,-1,partial,-2.467
down,1748308800000,2025-05-27T01:20:00.000000000,2511.81,-1.683,1,3.58,-1680.6,0.4239,1.542,3.3255,4e-05,0.42,-5667.5,0.4705,0.72,9438.4,0.4669,0.684,12051.8,0.5222,0.904,12892.0,0.4954,-0.094,56,-1,whipsaw,-5.246
up,1748326500000,2025-05-27T06:15:00.000000000,2607.92,1.78,1,10.51,6145.7,0.4618,1.608,3.12,4e-05,-0.563,-1899.7,0.2372,-0.352,-9266.8,0.4336,-0.748,-6402.3,0.5352,-0.908,-1930.2,0.5594,1.525,36,113,whipsaw,0.861
down,1748441220000,2025-05-28T14:07:00.000000000,2643.12,-1.56,1,4.74,-6832.9,0.3945,1.832,6.2614,0.0001,-0.178,-4099.3,0.3461,-0.307,-10383.1,0.3972,-0.186,-15212.1,0.4445,-0.362,-6360.1,0.4337,-1.132,-1,63,trend,-0.224
up,1748485800000,2025-05-29T02:30:00.000000000,2766.08,1.979,1,6.66,-3332.7,0.4889,1.515,3.5776,0.0001,0.196,2384.1,0.4956,0.297,7881.4,0.4747,0.277,10418.9,0.4912,0.09,15855.9,0.4961,0.792,125,-1,whipsaw,-5.305
down,1748493900000,2025-05-29T04:45:00.000000000,2707.43,-1.62,1,3.72,-7799.7,0.379,1.399,5.0076,0.0001,0.471,2078.7,0.4942,0.735,2367.5,0.4974,0.775,4755.3,0.4767,0.816,10212.0,0.4777,-0.227,33,-1,whipsaw,2.731
down,1748528400000,2025-05-29T14:20:00.000000000,2623.91,-1.521,1,4.3,-4696.9,0.4929,1.841,3.3862,0.0001,0.374,-5153.5,0.4496,0.777,-8370.1,0.5079,1.39,-10241.0,0.5467,1.413,-10325.9,0.5053,-0.076,25,-1,whipsaw,1.395
up,1748530440000,2025-05-29T14:54:00.000000000,2670.76,1.539,1,2.85,-10241.0,0.5672,1.535,4.2455,0.0001,0.047,-739.5,0.4587,-0.234,-1079.5,0.4259,-0.425,-84.9,0.4476,-0.836,797.0,0.4592,0.192,51,-1,whipsaw,-2.892
down,1748566380000,2025-05-30T00:53:00.000000000,2598.42,-1.679,1,3.27,-3905.5,0.476,1.489,4.229,7.5e-05,-1.311,-28212.6,0.3821,-0.122,-29160.6,0.4355,0.084,-17161.1,0.4908,0.003,-20599.7,0.467,-1.591,99,5,trend,2.889
up,1748568480000,2025-05-30T01:28:00.000000000,2605.99,1.623,1,3.52,7526.5,0.4971,1.853,3.0972,7.5e-05,-0.245,-3745.6,0.4193,-0.015,-3461.5,0.4553,-0.268,529.8,0.4338,0.591,18522.1,0.5148,1.397,-1,73,trend,-3.688
down,1748622720000,2025-05-30T16:32:00.000000000,2547.45,-1.824,1,3.85,-16796.2,0.4554,1.83,3.3266,5.7e-05,-0.042,-39152.4,0.4578,0.0,-11407.6,0.5096,0.073,9920.2,0.5213,-0.008,8055.4,0.5086,-0.559,113,-1,whipsaw,0.067
down,1748645040000,2025-05-30T22:44:00.000000000,2524.81,-1.609,1,1.99,-13637.0,0.4553,1.553,5.0593,5.7e-05,0.523,-468.7,0.5392,0.075,15625.7,0.4738,0.101,29683.3,0.4584,-0.235,39147.0,0.475,-1.96,-1,170,trend,-0.546
down,1749131700000,2025-06-05T13:55:00.000000000,2586.52,-1.508,1,4.76,-20770.3,0.5322,1.895,2.8172,8.5e-05,0.205,1474.9,0.5695,0.138,-19.9,0.5549,-0.381,-6098.6,0.5275,0.115,-2389.9,0.5355,-1.299,51,143,whipsaw,3.148
down,1749151020000,2025-06-05T19:17:00.000000000,2519.24,-2.215,2,4.3,-9459.9,0.4549,1.43,2.7548,6.4e-05,0.081,-51098.7,0.4404,0.787,-36944.1,0.4676,0.899,-30032.8,0.485,-1.207,-36132.8,0.4648,-5.064,0,56,whipsaw,0.944
up,1749503700000,2025-06-09T21:15:00.000000000,2625.35,1.592,1,4.44,-10291.8,0.587,1.59,3.3655,8.6e-05,-0.105,-11555.0,0.5038,0.362,-12072.5,0.5368,0.438,-16318.1,0.5195,0.816,-17198.2,0.5376,3.863,-1,63,trend,4.37
up,1749515400000,2025-06-10T00:30:00.000000000,2721.52,1.516,1,6.51,16801.9,0.5748,1.903,3.9645,0.0001,-0.164,-3509.9,0.4992,-0.365,-3054.4,0.4828,-0.865,-5153.0,0.4789,-0.422,5585.3,0.4818,0.193,96,-1,whipsaw,2.995
up,1749554160000,2025-06-10T11:16:00.000000000,2730.51,1.675,1,2.99,10254.4,0.5629,1.597,2.2417,0.0001,0.792,14004.5,0.5921,1.382,41515.2,0.558,1.994,66701.0,0.5559,1.133,72193.4,0.5307,2.5,-1,5,trend,1.212
down,1749562860000,2025-06-10T13:41:00.000000000,2729.89,-1.589,1,4.13,-2951.4,0.4724,1.928,3.9059,0.0001,-0.231,-8514.4,0.4792,0.325,-10059.4,0.4893,0.608,-6155.0,0.5101,0.224,-2314.5,0.5215,-1.461,-1,112,trend,-2.613
up,1749571380000,2025-06-10T16:03:00.000000000,2742.71,1.635,1,2.54,-25279.8,0.5662,1.736,2.9272,0.0001,-0.048,963.9,0.5144,0.109,510.1,0.5088,-0.001,4384.1,0.4894,-0.23,6167.1,0.5162,2.308,-1,197,trend,4.399
down,1749586140000,2025-06-10T20:09:00.000000000,2761.2,-1.507,1,2.86,-9695.4,0.4988,1.943,5.0203,0.0001,-0.06,-1868.2,0.5498,0.0,-3285.2,0.5287,0.056,-1695.5,0.551,-0.003,-157.6,0.5562,-0.951,113,-1,whipsaw,-1.352
up,1749593220000,2025-06-10T22:07:00.000000000,2814.3,1.863,1,2.47,585.0,0.5252,1.684,4.8986,0.0001,-0.498,3138.0,0.5082,0.124,-1356.5,0.4889,-0.103,-1902.4,0.4566,-0.664,-10557.7,0.4457,0.731,182,-1,whipsaw,-1.36
up,1749651960000,2025-06-11T14:26:00.000000000,2836.91,1.522,1,3.24,2779.6,0.5655,1.828,3.6507,0.0001,0.289,4398.3,0.5512,-0.114,-5855.9,0.4955,-0.029,-3292.3,0.4839,0.285,6030.6,0.4926,1.491,229,64,trend,-2.678
down,1749664860000,2025-06-11T18:01:00.000000000,2823.6,-1.636,1,3.25,-4744.8,0.4569,1.462,4.8824,0.0001,-0.056,-2745.6,0.5035,-0.6,-8989.2,0.4578,-0.296,-9830.7,0.4701,-0.2,-11724.6,0.4756,-1.721,-1,122,trend,2.149
down,1749680580000,2025-06-11T22:23:00.000000000,2755.46,-1.659,1,2.68,-16366.8,0.4383,1.72,4.7862,0.0001,0.128,-14789.2,0.4246,-0.079,-12064.7,0.3918,0.274,-3504.4,0.4402,0.635,-4038.8,0.4576,-0.425,120,-1,whipsaw,3.984
down,1749757860000,2025-06-12T19:51:00.000000000,2696.5,-1.569,2,2.09,-17246.4,0.4469,1.66,3.6372,5.3e-05,0.105,-9814.1,0.5184,0.074,-8490.3,0.4904,-0.311,-8349.7,0.4767,-2.077,-25305.8,0.4596,-2.976,-1,47,trend,6.231
down,1749772980000,2025-06-13T00:03:00.000000000,2607.41,-1.691,3,2.55,3251.5,0.4523,1.628,3.0159,-1.4e-05,-0.503,8908.6,0.4258,-1.389,-13457.7,0.4382,-3.057,-24223.8,0.4288,-3.805,-38376.1,0.4468,-6.536,-1,7,trend,1.318
up,1749784320000,2025-06-13T03:12:00.000000000,2499.03,1.618,1,4.7,429.8,0.5289,1.847,4.3331,-1.4e-05,0.187,16120.8,0.5361,0.038,13273.2,0.4797,0.129,15315.1,0.4934,0.147,16620.8,0.5112,1.417,-1,42,trend,2.223
up,1749797940000,2025-06-13T06:59:00.000000000,2532.91,1.629,1,1.94,14000.0,0.5893,1.795,3.0893,-1.4e-05,-0.479,3208.9,0.5041,-0.381,2818.4,0.4992,0.059,-624.0,0.5207,-0.255,1690.6,0.5251,0.369,147,-1,whipsaw,0.419
down,1749824520000,2025-06-13T14:22:00.000000000,2513.4,-1.624,1,2.1,-11760.1,0.44,1.954,4.0834,-1.1e-05,0.008,5612.2,0.4074,0.331,3289.7,0.5167,0.578,3764.8,0.528,1.484,8499.2,0.5251,-0.418,37,-1,whipsaw,-0.816
up,1750039200000,2025-06-16T02:00:00.000000000,2564.87,1.8,1,5.46,-13222.4,0.5804,1.634,2.9986,4.6e-05,0.161,825.7,0.5867,0.446,1396.5,0.5171,0.166,93.3,0.4685,0.324,-354.2,0.4713,2.177,-1,206,trend,0.556
up,1750052160000,2025-06-16T05:36:00.000000000,2617.05,1.56,1,6.62,380.6,0.5449,1.634,3.4297,4.6e-05,-0.263,-257.0,0.4865,-0.395,-1373.3,0.4983,-0.449,-2947.1,0.4938,-0.086,-3020.7,0.5058,0.82,-1,-1,partial,-1.148
down,1750113480000,2025-06-16T22:38:00.000000000,2607.3,-1.856,2,2.81,473.6,0.4724,1.689,2.75,4e-05,-0.384,-23214.6,0.4793,-1.418,-30411.8,0.495,-0.929,-30883.4,0.5246,-1.365,-22830.4,0.488,-3.174,-1,6,trend,3.766
up,1750120560000,2025-06-17T00:36:00.000000000,2567.0,1.559,1,4.31,20331.2,0.5444,1.878,5.7628,-9e-06,0.138,-2301.9,0.5826,0.578,-4984.3,0.5736,0.693,-8512.5,0.5754,0.468,-10538.6,0.5483,2.01,-1,138,trend,-1.808
up,1750128960000,2025-06-17T02:56:00.000000000,2604.33,1.573,1,2.53,2245.3,0.5596,1.548,2.5259,-9e-06,0.079,-4434.8,0.5639,0.352,-6834.6,0.5533,0.336,-4059.6,0.5294,0.043,-1130.1,0.5309,0.548,147,-1,whipsaw,-3.172
down,1750172940000,2025-06-17T15:09:00.000000000,2515.9,-1.561,1,4.23,1122.5,0.4227,1.719,3.8883,0.0001,0.223,1878.4,0.3944,-0.409,-2030.4,0.4276,-0.648,16217.2,0.4458,-0.876,16322.8,0.4842,-2.468,-1,21,trend,0.243
up,1750186920000,2025-06-17T19:02:00.000000000,2510.29,1.56,1,1.93,-4241.0,0.6021,1.759,1.6893,5.6e-05,-0.118,4504.2,0.6412,0.492,9700.2,0.6196,0.731,6100.1,0.5772,0.744,4034.1,0.5517,1.333,-1,22,trend,-1.031
up,1750255380000,2025-06-18T14:03:00.000000000,2513.02,1.641,1,3.43,8433.7,0.5148,1.563,3.6686,6.8e-05,0.591,5528.8,0.6042,0.616,4504.1,0.5503,0.613,-927.5,0.5294,-0.068,-6272.8,0.5062,1.022,183,24,trend,0.031
down,1750440000000,2025-06-20T17:20:00.000000000,2438.47,-1.672,1,10.83,13226.2,0.4414,1.654,2.8045,2.6e-05,-0.677,-22558.9,0.467,-1.746,-14993.0,0.4725,-1.158,-16354.4,0.466,-0.688,4970.8,0.4694,-2.916,0,3,whipsaw,0.695
up,1750442820000,2025-06-20T18:07:00.000000000,2424.09,1.931,1,20.52,11255.7,0.4793,2.194,3.7366,2.6e-05,-0.061,2332.9,0.4028,-0.167,8708.1,0.4485,-0.009,6867.6,0.4759,-0.493,9386.9,0.4482,0.557,67,-1,whipsaw,-0.712
down,1750541040000,2025-06-21T21:24:00.000000000,2308.33,-4.101,1,7.61,3069.8,0.4429,1.271,4.6503,5e-05,1.379,-29105.1,0.435,-0.975,-53286.8,0.4482,-0.577,-47675.0,0.4653,-0.309,-47506.9,0.47,-4.0,0,7,whipsaw,5.242
up,1750543260000,2025-06-21T22:01:00.000000000,2292.44,1.62,2,19.68,-12045.0,0.4731,1.719,7.7779,5e-05,-0.076,3598.2,0.531,0.243,-2165.8,0.4788,0.369,-5212.8,0.5028,-0.262,-828.0,0.5132,0.961,76,-1,whipsaw,-4.37
down,1750548600000,2025-06-21T23:30:00.000000000,2246.81,-1.851,1,6.99,-4490.0,0.4073,1.645,4.2634,5e-05,0.009,-11435.1,0.445,-0.37,-7023.0,0.4298,2.628,-16372.9,0.471,1.635,-15792.9,0.4746,-1.371,19,4,trend,0.848
down,1750598460000,2025-06-22T13:21:00.000000000,2228.91,-1.97,2,3.35,8503.7,0.4484,1.761,2.7334,-1.8e-05,-0.892,-538.0,0.4737,-1.387,-20690.1,0.4975,-1.23,-16908.7,0.5098,-2.637,-12655.0,0.4604,-3.262,-1,4,trend,-1.08
up,1750603860000,2025-06-22T14:51:00.000000000,2204.79,1.597,1,8.65,11176.7,0.5416,2.715,4.1683,-1.8e-05,-0.344,6482.4,0.5478,-0.036,8557.5,0.5313,-0.446,4653.5,0.5171,-1.038,2147.4,0.5034,0.688,38,-1,whipsaw,3.325
down,1750622940000,2025-06-22T20:09:00.000000000,2144.27,-2.044,1,3.26,-43.5,0.4752,1.693,4.1486,4.7e-05,-0.289,-14366.2,0.4163,-0.54,-12740.8,0.4446,1.066,-11189.3,0.5056,1.932,-7332.6,0.5317,-1.51,0,0,whipsaw,-8.241
up,1750625040000,2025-06-22T20:44:00.000000000,2170.31,1.507,2,4.27,5287.5,0.5434,2.613,3.6869,4.7e-05,0.299,-2225.5,0.6317,0.797,-954.3,0.5888,0.869,2870.1,0.5385,0.772,-4738.1,0.4999,3.672,-1,10,trend,8.444
up,1750662360000,2025-06-23T07:06:00.000000000,2270.74,1.513,1,2.08,-2206.0,0.5179,1.69,2.0755,2.3e-05,-0.448,-10336.8,0.4722,-0.444,-9697.5,0.5181,-0.507,-8783.6,0.4705,-0.486,-10174.0,0.4801,0.174,139,-1,whipsaw,6.932
up,1750686240000,2025-06-23T13:44:00.000000000,2289.08,1.612,1,3.88,-6925.5,0.5071,1.795,3.6607,-1.4e-05,-0.029,-16268.2,0.5252,0.272,-10769.8,0.4902,0.503,-2107.7,0.5271,-0.19,78.1,0.514,1.068,104,16,trend,5.671
down,1750693800000,2025-06-23T15:50:00.000000000,2251.93,-1.552,1,2.22,-4950.4,0.4694,1.807,2.8469,-1.4e-05,0.087,1938.6,0.4318,-0.545,-213.3,0.4312,-0.95,-6942.5,0.4459,-1.49,-15612.8,0.461,-2.839,98,22,trend,-8.409
up,1750698240000,2025-06-23T17:04:00.000000000,2229.3,1.501,1,5.57,-5742.6,0.5082,1.83,7.0172,1e-06,0.92,1280.5,0.5884,0.873,-6134.7,0.5611,2.158,-7419.5,0.5239,2.54,-5915.1,0.5198,6.751,-1,5,trend,10.785
up,1750709760000,2025-06-23T20:16:00.000000000,2335.08,1.504,2,2.95,-9407.8,0.5346,1.675,3.3721,1e-06,0.481,2215.4,0.6213,1.249,-2238.4,0.5336,0.736,-13668.9,0.5078,1.088,-16630.4,0.4871,4.437,-1,7,trend,4.158
up,1750757280000,2025-06-24T09:28:00.000000000,2438.76,1.537,1,2.52,-5877.5,0.4739,1.7,2.6897,1.2e-05,-0.631,-9307.1,0.4282,-0.893,-7094.9,0.4909,-0.939,-7251.5,0.4706,-1.005,-2205.6,0.4952,0.426,13,-1,whipsaw,0.141
down,1750861080000,2025-06-25T14:18:00.000000000,2396.77,-1.802,1,4.87,11426.7,0.4777,1.702,2.9083,-0.0,0.543,-6294.7,0.4439,0.519,-8117.1,0.4815,1.752,-7268.5,0.4881,0.588,-14732.0,0.483,-0.295,20,-1,whipsaw,-1.391
up,1750862880000,2025-06-25T14:48:00.000000000,2438.76,1.752,1,7.88,-7268.5,0.4881,2.029,3.5786,-0.0,-0.214,-3116.5,0.4694,-0.819,-6263.7,0.4563,-1.144,-7463.5,0.4742,-1.115,-18334.4,0.5094,0.093,16,-1,whipsaw,0.647
up,1750901580000,2025-06-26T01:33:00.000000000,2464.68,1.589,2,3.04,-6410.5,0.4857,1.293,2.3748,2.8e-05,-0.138,-18196.0,0.5583,-0.211,-12991.3,0.514,0.124,-11054.8,0.5179,0.014,-3975.1,0.4785,2.282,-1,80,trend,-1.659
down,1750973700000,2025-06-26T21:35:00.000000000,2397.88,-1.681,1,3.88,-2616.7,0.5116,1.58,3.7431,9e-06,0.382,-6362.2,0.4825,0.807,-6166.8,0.5992,0.93,-4988.8,0.5931,0.736,-7139.6,0.5866,-0.64,27,-1,whipsaw,-1.148
up,1751235840000,2025-06-29T22:24:00.000000000,2471.03,1.565,1,7.07,7718.6,0.5697,1.522,2.2576,0.0,0.319,-65.9,0.6605,0.73,-19300.5,0.5873,1.442,-19020.7,0.5621,1.285,-14885.4,0.5423,2.184,-1,21,trend,0.705
down,1751266200000,2025-06-30T06:50:00.000000000,2461.29,-1.507,1,5.33,-3593.0,0.4097,1.434,2.4797,5.1e-05,0.184,-6250.7,0.4821,0.028,-7177.0,0.498,0.557,-6995.8,0.4882,0.841,-7962.8,0.5273,-0.594,77,-1,whipsaw,0.072
up,1751298480000,2025-06-30T15:48:00.000000000,2479.98,1.605,1,5.7,3027.5,0.5471,1.891,2.9903,9.1e-05,-0.306,684.0,0.5909,-0.398,5763.7,0.6166,-0.284,1207.6,0.5397,-0.291,-1768.8,0.5231,1.533,-1,213,trend,-2.367
down,1751381160000,2025-07-01T14:46:00.000000000,2410.18,-1.68,1,5.8,2296.2,0.4156,1.742,3.0479,1.5e-05,0.354,3815.1,0.4705,0.478,7861.8,0.5352,0.419,12086.1,0.5239,0.583,11525.3,0.5176,-0.144,-1,-1,partial,-2.169
up,1751472540000,2025-07-02T16:09:00.000000000,2537.33,1.871,1,9.78,-6780.0,0.5477,1.765,2.0803,5.2e-05,-0.093,-12728.0,0.511,0.165,-18321.6,0.5045,0.311,-18873.8,0.5206,1.054,6586.0,0.5197,2.774,-1,41,trend,1.311
up,1751550420000,2025-07-03T13:47:00.000000000,2629.3,1.584,1,4.8,-4372.7,0.5467,1.936,4.0334,9.8e-05,0.081,3428.1,0.5531,0.077,6292.0,0.5402,-0.421,-1081.4,0.5246,-1.269,-4443.2,0.5009,0.236,42,-1,whipsaw,-3.777
up,1751809860000,2025-07-06T13:51:00.000000000,2562.53,1.7,1,12.91,-9572.5,0.5318,1.599,3.0593,6.6e-05,0.037,1139.7,0.5333,-0.195,4744.7,0.4959,-0.225,1129.2,0.4625,-0.326,-394.2,0.4578,0.292,-1,-1,partial,-0.141
up,1751837400000,2025-07-06T21:30:00.000000000,2591.3,1.795,1,6.0,-6225.2,0.5881,1.366,2.0583,8.1e-05,0.181,-14373.4,0.5274,0.245,-6649.6,0.4657,0.008,-4168.6,0.4674,0.277,3956.2,0.4581,0.529,0,-1,whipsaw,-2.459
up,1751994780000,2025-07-08T17:13:00.000000000,2618.24,1.644,1,7.25,14175.9,0.5628,1.577,3.1762,6.5e-05,-0.473,6675.8,0.4714,-0.279,20638.6,0.4714,-0.414,29946.8,0.4254,-0.047,44414.2,0.4649,0.381,-1,-1,partial,1.837
up,1752084480000,2025-07-09T18:08:00.000000000,2700.04,1.611,2,5.04,4376.9,0.5498,1.352,2.9383,6.3e-05,0.417,-6863.5,0.5324,0.593,-1907.6,0.4955,0.599,5504.7,0.508,0.747,11222.2,0.5015,3.544,0,70,whipsaw,5.113
down,1752092640000,2025-07-09T20:24:00.000000000,2747.77,-1.584,1,8.82,-18377.7,0.4734,1.685,5.3124,6.3e-05,-0.08,-758.9,0.4568,-0.497,834.2,0.4808,-0.379,2553.6,0.4884,0.079,4630.1,0.4938,-0.584,106,-1,whipsaw,-2.64
up,1752182340000,2025-07-10T21:19:00.000000000,2872.66,1.846,1,4.41,-4121.5,0.4922,1.515,3.3548,3.2e-05,1.115,-16732.8,0.5357,1.157,-26733.3,0.4786,3.892,-18899.0,0.4973,3.545,-34651.0,0.4619,4.433,-1,4,trend,4.015
down,1752249960000,2025-07-11T16:06:00.000000000,2942.36,-1.528,1,3.07,-7150.9,0.4866,1.913,4.1576,0.0001,0.283,2.6,0.5123,0.346,3237.8,0.5184,0.611,3854.1,0.5331,1.212,6068.8,0.5435,-0.201,33,-1,whipsaw,0.76
up,1752585300000,2025-07-15T13:15:00.000000000,3022.8,1.508,1,2.95,24193.2,0.5122,1.799,3.6259,0.0001,-0.069,-2415.7,0.504,0.145,2946.1,0.5337,0.927,2392.1,0.5433,1.345,21335.9,0.5329,1.476,97,31,trend,5.1
down,1752590580000,2025-07-15T14:43:00.000000000,3010.32,-1.763,1,3.03,-29136.1,0.4233,1.514,4.8831,0.0001,0.222,-8059.8,0.5128,-1.03,-22740.3,0.452,-0.638,-27739.0,0.4479,0.66,-26366.3,0.4855,-1.439,62,12,trend,-7.418
up,1752594480000,2025-07-15T15:48:00.000000000,3045.7,1.557,1,2.81,-8623.4,0.5255,1.677,5.2645,0.0001,-0.095,3417.7,0.5193,-0.034,2188.6,0.488,-0.155,17002.4,0.4832,0.338,23775.3,0.5111,1.695,-1,101,trend,6.222
up,1752620520000,2025-07-15T23:02:00.000000000,3130.61,1.75,1,2.4,9623.8,0.5661,1.429,4.1566,0.0001,0.027,-7272.5,0.4998,-0.141,2841.7,0.4675,-0.166,10538.8,0.4633,0.057,13322.5,0.4707,0.7,-1,-1,partial,7.369
up,1752676980000,2025-07-16T14:43:00.000000000,3233.63,1.597,1,4.65,-9900.8,0.4779,1.6,6.49,0.0001,0.444,3524.1,0.5571,0.586,-2526.9,0.4981,0.274,1932.7,0.4837,-0.104,-17683.8,0.4518,4.217,-1,106,trend,5.825
up,1752689040000,2025-07-16T18:04:00.000000000,3335.2,1.618,1,4.67,-3897.4,0.5161,1.82,5.0841,0.0001,0.371,-3086.4,0.5624,0.145,-14068.3,0.4823,0.435,3474.7,0.5021,0.105,-3939.5,0.4694,2.692,-1,32,trend,2.815
up,1752697140000,2025-07-16T20:19:00.000000000,3418.5,1.55,1,4.8,-8197.1,0.5331,1.691,5.491,0.0001,0.106,1334.1,0.4014,-0.438,4613.5,0.4663,-1.089,2047.5,0.4592,-0.855,-6949.5,0.4832,0.19,27,-1,whipsaw,-0.759
down,1752716820000,2025-07-17T01:47:00.000000000,3325.66,-1.817,1,2.1,-4191.0,0.4696,1.668,4.9114,0.0001,-0.15,-9065.9,0.5266,0.323,-2389.2,0.5243,0.773,-10601.7,0.5357,0.465,-1654.4,0.485,-0.448,37,-1,whipsaw,-8.359
up,1752733440000,2025-07-17T06:24:00.000000000,3424.28,1.724,2,1.81,-4938.5,0.5218,1.382,3.7466,0.0001,0.015,-2335.7,0.581,0.244,-477.0,0.5624,0.237,721.5,0.5609,0.088,7634.9,0.5293,1.598,-1,76,trend,6.427
down,1752782640000,2025-07-17T20:04:00.000000000,3396.21,-1.559,1,1.43,-13449.4,0.4812,1.672,5.5697,0.0001,-0.581,1349.8,0.3805,-0.108,-10698.6,0.5067,0.12,-4369.6,0.4994,1.254,-5540.5,0.5171,-0.698,57,-1,whipsaw,-4.211
up,1752786600000,2025-07-17T21:10:00.000000000,3471.65,1.718,1,1.6,-2203.0,0.5473,1.77,5.3083,0.0001,0.669,-7184.4,0.6184,-0.017,646.3,0.5276,-0.39,-26705.6,0.5181,0.068,-28543.2,0.525,2.134,-1,125,trend,2.026
up,1752794580000,2025-07-17T23:23:00.000000000,3515.08,1.762,2,2.51,24426.0,0.5407,1.618,6.9262,0.0001,0.019,-696.6,0.5332,-0.921,-6194.2,0.4335,-0.912,-3686.4,0.4635,-1.101,-12586.0,0.4836,3.172,12,107,whipsaw,0.684
down,1752848760000,2025-07-18T14:26:00.000000000,3590.38,-1.541,2,3.08,-6615.7,0.4614,1.648,9.1866,0.0001,-0.011,4187.1,0.5385,-0.87,-544.2,0.4876,0.205,7664.6,0.4989,-1.249,-1354.4,0.4742,-1.682,-1,51,trend,1.259
down,1752869220000,2025-07-18T20:07:00.000000000,3517.97,-1.587,1,1.24,-9006.7,0.4268,1.684,5.5072,0.0001,0.232,-11019.1,0.4853,-0.178,-18050.7,0.4749,-0.735,-12043.7,0.4734,0.573,-24851.2,0.509,-1.148,72,25,trend,-2.109
up,1752872940000,2025-07-18T21:09:00.000000000,3540.58,1.537,1,1.08,-12807.5,0.547,1.554,6.941,0.0001,0.122,178.2,0.5754,0.482,2561.0,0.5145,0.421,6487.1,0.5103,-0.144,3507.5,0.4537,1.022,-1,80,trend,0.578
down,1752880080000,2025-07-18T23:08:00.000000000,3513.6,-1.516,1,0.63,-3417.4,0.4149,1.647,4.3559,0.0001,0.363,-807.4,0.546,0.726,-2584.9,0.5803,0.666,-4182.5,0.5209,1.042,-3149.5,0.5161,-0.194,43,-1,whipsaw,-1.857
up,1752982500000,2025-07-20T03:35:00.000000000,3683.32,1.749,1,7.71,-6816.2,0.4734,1.572,4.599,0.0001,0.098,-7508.2,0.5812,-0.479,-7512.9,0.5147,-0.738,-3013.9,0.4939,-0.628,-3325.1,0.5061,0.317,34,-1,whipsaw,2.037
down,1753049760000,2025-07-20T22:16:00.000000000,3695.59,-1.885,1,2.27,1654.5,0.4396,1.484,7.5234,0.0001,0.353,-17328.8,0.4626,0.474,-10792.0,0.4437,1.359,10720.9,0.4488,1.369,17339.0,0.4206,-0.379,0,-1,whipsaw,-1.699
up,1753051620000,2025-07-20T22:47:00.000000000,3755.2,1.588,1,3.09,10720.9,0.4633,1.807,7.3221,0.0001,-0.203,2692.5,0.4949,-0.434,7112.7,0.4035,-0.09,6618.1,0.3983,-0.05,7151.8,0.4333,0.337,94,-1,whipsaw,0.482
down,1753114680000,2025-07-21T16:18:00.000000000,3756.25,-1.598,1,3.42,12910.4,0.4571,1.577,4.4762,0.0001,-0.012,-13369.1,0.4045,0.541,-776.0,0.5504,0.141,2756.9,0.4789,0.679,11920.6,0.4523,-0.992,16,-1,whipsaw,0.21
down,1753147020000,2025-07-22T01:17:00.000000000,3700.96,-1.595,1,2.4,1495.9,0.3836,1.857,3.5903,0.0001,0.936,-7195.7,0.5688,1.204,325.7,0.5204,2.0,-9233.8,0.5219,1.908,-8385.5,0.4949,-1.485,5,222,whipsaw,-0.737
up,1753148760000,2025-07-22T01:46:00.000000000,3774.58,1.718,1,2.73,-9233.8,0.5105,1.653,6.2038,0.0001,0.081,2912.3,0.5727,0.526,-562.1,0.537,-0.042,848.3,0.477,-0.237,4415.6,0.4817,0.638,70,-1,whipsaw,-1.016
down,1753171620000,2025-07-22T08:07:00.000000000,3641.21,-1.79,1,1.6,-3382.0,0.3812,1.54,4.8259,0.0001,0.094,-6851.1,0.4081,0.089,-11419.8,0.4557,-0.049,-12704.7,0.4598,-0.252,8185.0,0.4708,-0.678,143,-1,whipsaw,-0.975
down,1753192440000,2025-07-22T13:54:00.000000000,3640.1,-1.501,1,3.01,-5969.0,0.448,1.549,7.0107,0.0001,0.215,-16101.3,0.4685,0.502,-24244.7,0.4612,0.479,-29124.0,0.4716,1.285,-26135.4,0.4892,-0.403,41,-1,whipsaw,0.955
down,1753278600000,2025-07-23T13:50:00.000000000,3585.0,-1.859,1,7.53,-9578.4,0.4368,1.618,6.0559,0.0001,0.536,-13459.3,0.3645,0.593,-7300.8,0.4182,0.534,-1344.4,0.4328,0.307,13639.2,0.4401,-0.921,38,-1,whipsaw,-1.637
up,1753307760000,2025-07-23T21:56:00.000000000,3591.12,1.72,1,2.48,-2041.5,0.5152,1.542,5.9483,0.0001,-0.24,870.2,0.3839,0.129,874.6,0.5077,0.474,4757.3,0.5304,0.461,-11023.4,0.5259,1.595,-1,77,trend,3.736
down,1753340640000,2025-07-24T07:04:00.000000000,3516.22,-1.535,1,3.02,8503.9,0.4266,1.751,4.6355,0.0001,0.512,-8382.6,0.4833,1.487,-7805.0,0.518,1.318,492.6,0.5183,1.874,406.5,0.5448,-0.38,7,-1,whipsaw,-3.048
up,1753344720000,2025-07-24T08:12:00.000000000,3630.0,1.619,1,1.68,-3725.8,0.5809,1.381,4.1952,0.0001,-0.093,275.4,0.5487,-0.162,-4432.8,0.5175,0.019,-3809.2,0.538,0.131,-3036.3,0.5094,0.836,139,-1,whipsaw,0.109
down,1753353240000,2025-07-24T10:34:00.000000000,3594.85,-1.688,1,2.26,2367.3,0.3974,1.775,3.8607,0.0001,0.146,1027.7,0.549,0.613,-8161.9,0.5865,0.909,-15524.9,0.5793,1.589,-7531.7,0.5611,-0.089,29,-1,whipsaw,-3.414
up,1753367880000,2025-07-24T14:38:00.000000000,3691.65,1.529,1,3.25,15767.7,0.5243,1.623,6.8876,0.0001,0.014,3422.4,0.496,0.882,12231.6,0.5565,1.612,23949.6,0.5293,0.887,15345.5,0.4963,2.149,-1,18,trend,-0.992
down,1753412220000,2025-07-25T02:57:00.000000000,3621.0,-1.72,1,2.54,-9129.2,0.4766,1.561,5.8828,0.0001,-0.276,754.7,0.4142,0.028,1855.8,0.4984,0.131,3671.8,0.4971,-0.72,-980.8,0.4733,-1.305,-1,35,trend,-3.326
up,1753419240000,2025-07-25T04:54:00.000000000,3644.07,1.509,1,1.62,11100.0,0.5263,1.923,3.9821,0.0001,0.124,2759.1,0.6643,-0.481,-173.4,0.5376,-0.235,-5911.1,0.5443,-0.58,-2297.1,0.5442,0.931,178,-1,whipsaw,2.928
up,1753431780000,2025-07-25T08:23:00.000000000,3663.5,1.696,2,2.24,30599.7,0.5633,1.597,6.999,0.0001,0.115,812.8,0.6159,-0.282,-3452.8,0.5444,0.111,-16817.7,0.5512,0.661,9664.0,0.5391,2.279,-1,66,trend,2.491
up,1753497180000,2025-07-26T02:33:00.000000000,3765.49,1.558,1,2.32,8803.0,0.5833,1.384,3.6341,0.0001,-0.757,13797.7,0.5057,-0.639,14974.7,0.5047,-0.638,17767.2,0.5114,-0.887,9152.3,0.4727,0.044,-1,-1,partial,0.033
up,1753670160000,2025-07-28T02:36:00.000000000,3903.17,1.537,1,4.94,-8243.7,0.6348,1.646,4.1524,0.0001,-0.394,-3305.5,0.4091,-0.534,-2577.3,0.4845,-0.404,-2582.8,0.5113,-0.727,-5477.7,0.4592,0.969,-1,-1,partial,-3.839
down,1753712940000,2025-07-28T14:29:00.000000000,3784.97,-1.524,1,7.27,-17252.2,0.4627,1.707,6.4569,0.0001,0.02,-6971.1,0.4841,0.286,-13126.6,0.4907,0.002,-10726.5,0.4977,0.806,-1738.9,0.5199,-0.818,49,-1,whipsaw,-0.94
down,1753797960000,2025-07-29T14:06:00.000000000,3805.51,-1.579,1,2.84,7270.6,0.4099,1.848,5.1455,0.0001,0.086,-7861.6,0.5643,0.041,-9930.6,0.5296,0.154,-15308.8,0.5419,-0.954,-11357.0,0.5092,-2.351,-1,57,trend,0.849
down,1753901760000,2025-07-30T18:56:00.000000000,3749.97,-1.515,1,6.28,-2982.4,0.406,1.769,6.7386,1.5e-05,-0.554,-8109.7,0.4035,-1.719,-11341.6,0.4254,-0.876,9922.9,0.4452,0.356,22434.9,0.4743,-1.929,86,8,trend,-0.706
up,1753905720000,2025-07-30T20:02:00.000000000,3774.45,1.576,1,3.82,11273.6,0.5135,1.903,3.3166,1.5e-05,0.035,-5174.4,0.5642,0.003,-9448.6,0.5063,-0.025,-14269.1,0.5367,-0.063,-23307.9,0.5809,0.993,-1,-1,partial,-0.852
down,1754009460000,2025-08-01T00:51:00.000000000,3625.85,-1.978,1,3.88,-1081.7,0.4031,1.617,5.2452,-3.7e-05,1.411,-8805.0,0.5719,1.373,-2637.0,0.5104,1.298,-4626.7,0.4818,1.504,30.4,0.4731,-0.253,3,-1,whipsaw,3.372
down,1754056080000,2025-08-01T13:48:00.000000000,3604.13,-1.792,1,2.08,-16096.0,0.4151,1.855,4.5503,1.1e-05,-0.644,1188.4,0.332,-0.83,-4474.8,0.4183,0.723,1292.3,0.4876,0.735,-7658.6,0.4807,-1.148,33,15,trend,2.628
up,1754058180000,2025-08-01T14:23:00.000000000,3644.33,1.77,1,4.28,147.7,0.5171,1.704,6.9286,1.1e-05,0.112,-707.2,0.5704,-0.043,-7143.6,0.4903,-0.305,-9864.8,0.4526,-1.412,-26585.8,0.4502,0.328,47,-1,whipsaw,-4.179
down,1754087220000,2025-08-01T22:27:00.000000000,3481.65,-1.846,1,1.85,-5587.4,0.4108,1.589,6.5455,4.9e-05,-0.46,-17206.7,0.418,-1.003,-15406.5,0.4336,-0.281,-3227.1,0.4925,0.137,2064.8,0.5346,-1.433,156,14,trend,2.36
down,1754157000000,2025-08-02T17:50:00.000000000,3425.28,-1.57,1,1.91,-3449.5,0.4399,1.55,3.9,8e-05,-0.094,-10807.9,0.4613,0.067,-1631.4,0.4575,-0.295,-11668.2,0.4331,-1.401,-20049.2,0.4393,-1.542,-1,42,trend,-1.661
up,1754183220000,2025-08-03T01:07:00.000000000,3412.77,1.578,1,3.14,9856.3,0.5894,1.749,4.4062,6.7e-05,0.103,2555.7,0.7194,-0.13,2030.3,0.5518,0.235,-2043.3,0.6093,0.446,-1824.0,0.589,1.22,-1,134,trend,3.965
up,1754315940000,2025-08-04T13:59:00.000000000,3621.18,1.552,1,7.37,445.4,0.5445,1.45,7.8341,1.1e-05,0.547,1378.0,0.6112,0.805,-2995.2,0.5375,0.971,-3250.6,0.4857,0.493,-7418.2,0.4653,2.689,-1,16,trend,0.709
down,1754397540000,2025-08-05T12:39:00.000000000,3616.53,-1.525,2,2.54,8384.3,0.4406,1.58,4.8024,3.1e-05,0.359,-16918.6,0.5049,0.44,-20595.4,0.5537,0.168,-18407.8,0.5383,0.97,-18675.3,0.546,-1.701,60,102,whipsaw,0.347
up,1754457360000,2025-08-06T05:16:00.000000000,3638.0,1.853,1,2.29,-5741.4,0.5622,1.326,3.9593,2.4e-05,-0.245,-15028.2,0.5593,-0.311,-10310.9,0.5018,0.489,-2980.0,0.5091,-0.572,-7305.5,0.4807,0.66,-1,-1,partial,0.796
up,1754561580000,2025-08-07T10:13:00.000000000,3789.63,1.667,1,10.51,9998.9,0.6558,1.57,5.0086,4.3e-05,0.196,-2264.7,0.4692,0.28,-3109.5,0.4883,0.544,8075.9,0.4839,0.597,2651.2,0.5007,2.006,-1,90,trend,2.917
up,1754623500000,2025-08-08T03:25:00.000000000,3962.79,1.662,1,4.59,1898.8,0.5965,1.641,3.269,4.3e-05,-0.372,8542.1,0.5107,-0.739,6150.1,0.5123,-0.702,5587.5,0.5001,-1.12,6614.9,0.4892,0.158,39,-1,whipsaw,1.922
up,1754660760000,2025-08-08T13:46:00.000000000,3967.31,1.732,1,4.1,-3427.2,0.6432,1.464,4.8303,0.0001,0.452,22040.4,0.6319,0.8,57951.1,0.5471,-0.497,45562.1,0.4938,0.296,33692.7,0.5333,1.603,117,7,trend,5.265
up,1754715900000,2025-08-09T05:05:00.000000000,4149.25,1.627,1,6.79,6249.0,0.4943,1.51,5.7528,0.0001,0.242,-20416.6,0.5205,0.418,-6119.3,0.4752,1.133,8983.0,0.5068,0.173,17370.6,0.4653,1.276,0,1,whipsaw,2.419
up,1754919660000,2025-08-11T13:41:00.000000000,4244.73,1.637,1,3.39,25303.3,0.5284,1.851,3.7669,9.4e-05,0.89,-5878.1,0.5349,0.745,-22590.2,0.4889,0.459,-18973.6,0.5046,1.087,-7866.7,0.5365,2.868,-1,6,trend,3.896
down,1754942100000,2025-08-11T19:55:00.000000000,4241.39,-1.519,1,1.83,-15808.7,0.4387,1.769,4.5162,0.0001,0.267,11504.9,0.5485,0.056,12574.3,0.5522,0.125,3959.9,0.5298,0.136,-2080.8,0.5427,-1.212,-1,101,trend,-6.333
up,1755001920000,2025-08-12T12:32:00.000000000,4371.86,1.736,1,5.31,-2991.5,0.5293,1.34,7.3055,0.0001,-0.327,38695.2,0.511,0.558,65620.1,0.5218,0.511,75324.0,0.4581,0.87,88365.1,0.5001,2.636,-1,12,trend,7.852
up,1755029820000,2025-08-12T20:17:00.000000000,4585.3,1.779,1,4.51,15212.5,0.5355,1.633,5.1228,0.0001,0.461,-16878.8,0.5716,0.273,-16129.3,0.5052,0.31,-15562.5,0.4832,0.481,-11561.7,0.4667,1.186,-1,37,trend,2.813
up,1755102000000,2025-08-13T16:20:00.000000000,4728.9,1.594,1,2.08,1180.5,0.573,1.674,5.3552,0.0001,-0.159,-10217.4,0.6338,-0.159,-4016.5,0.5733,-0.939,-6807.1,0.489,-0.092,-883.0,0.5216,0.446,-1,-1,partial,-3.673
down,1755174660000,2025-08-14T12:31:00.000000000,4649.27,-1.553,1,2.83,-5623.1,0.4373,1.553,7.3638,0.0001,-0.898,-47567.9,0.4371,-1.003,-24536.3,0.5369,-2.518,-13351.1,0.5322,-2.761,23464.8,0.5251,-4.257,121,3,trend,0.169
up,1755179460000,2025-08-14T13:51:00.000000000,4621.11,1.706,1,6.03,6750.4,0.5455,1.779,14.46,0.0001,-0.368,-15960.3,0.5229,-0.769,-15696.7,0.4778,0.172,-12213.6,0.5351,1.027,-9028.3,0.5158,1.787,136,40,trend,-1.264
down,1755185040000,2025-08-14T15:24:00.000000000,4608.02,-1.539,2,3.26,8188.6,0.4455,1.759,6.5531,0.0001,0.126,-2332.3,0.4679,0.013,-4548.4,0.463,0.368,-7230.3,0.4912,-1.189,-3241.8,0.4796,-2.765,-1,46,trend,3.051
up,1755197520000,2025-08-14T18:52:00.000000000,4554.8,1.553,1,2.13,13639.4,0.5592,1.486,5.4552,0.0001,-0.031,-746.9,0.5587,-0.299,-801.3,0.5,0.056,525.3,0.5145,-0.014,3282.2,0.524,0.409,76,-1,whipsaw,-3.091
down,1755207660000,2025-08-14T21:41:00.000000000,4462.35,-1.797,1,1.7,-20431.3,0.4063,1.533,10.3841,0.0001,-0.076,27.5,0.3482,0.389,-673.3,0.4689,0.559,2877.7,0.4714,1.209,2890.6,0.5019,-0.207,39,-1,whipsaw,1.173
up,1755210720000,2025-08-14T22:32:00.000000000,4526.96,1.513,1,0.95,6734.0,0.5721,1.704,3.5752,0.0001,-0.169,-643.9,0.38,-0.154,-4428.3,0.4219,0.302,-5332.7,0.5329,0.751,4680.9,0.5449,2.316,-1,133,trend,-2.075
down,1755266040000,2025-08-15T13:54:00.000000000,4541.53,-1.619,3,3.29,-238.8,0.4686,1.83,7.9879,9.8e-05,-0.029,-2849.0,0.4878,0.525,-6433.4,0.5587,0.077,-4252.1,0.499,-1.178,-13619.9,0.4674,-3.789,-1,53,trend,3.167
down,1755300660000,2025-08-15T23:31:00.000000000,4417.78,-1.615,1,2.19,-19132.1,0.4974,1.721,7.439,6.5e-05,0.039,339.6,0.3981,0.041,551.2,0.4117,0.386,879.6,0.4843,1.024,2188.2,0.5108,-0.124,40,-1,whipsaw,0.089
down,1755338400000,2025-08-16T10:00:00.000000000,4387.24,-1.6,1,2.39,-1428.7,0.4274,1.582,3.6841,9e-05,0.257,7246.9,0.4289,0.126,8687.5,0.4015,0.045,7913.5,0.4141,0.387,11763.9,0.4404,-0.335,-1,-1,partial,-3.527
up,1755421200000,2025-08-17T09:00:00.000000000,4542.99,1.556,1,7.51,-623.7,0.5613,1.746,4.5772,-7e-06,0.184,4232.5,0.6011,-0.026,-1242.0,0.5249,0.11,4741.2,0.5379,-0.023,-4312.8,0.5349,0.727,-1,-1,partial,-6.42
down,1755456900000,2025-08-17T18:55:00.000000000,4432.85,-1.885,1,5.36,-8913.1,0.4139,1.278,4.3117,5.3e-05,0.944,-2464.3,0.5442,1.036,6113.4,0.5555,1.061,8713.8,0.5167,0.67,3302.8,0.5127,-0.122,6,-1,whipsaw,1.407
up,1755510060000,2025-08-18T09:41:00.000000000,4304.7,1.582,1,3.93,-5649.9,0.474,1.599,6.9062,9.2e-05,0.147,-7774.3,0.5244,-0.105,-9758.0,0.479,-0.454,-6908.0,0.5179,-0.686,-4601.5,0.5298,1.523,76,203,whipsaw,-0.399
down,1755525540000,2025-08-18T13:59:00.000000000,4286.13,-1.556,1,3.73,-4730.1,0.5138,1.753,7.4879,9.2e-05,0.4,-745.4,0.5765,0.64,1068.3,0.5617,0.623,-1926.2,0.559,1.106,-2606.0,0.5714,-0.311,58,-1,whipsaw,-0.138
up,1755565260000,2025-08-19T01:01:00.000000000,4350.66,1.958,1,2.0,-6588.4,0.6293,1.587,6.7493,0.0001,-0.148,3616.2,0.5959,-0.268,-1684.2,0.5569,-1.035,1118.5,0.4992,-1.383,2632.7,0.5315,0.1,29,-1,whipsaw,-5.396
down,1755613560000,2025-08-19T14:26:00.000000000,4235.8,-1.524,1,3.79,-4701.0,0.4609,1.807,6.3197,0.0001,-0.801,-2750.5,0.4015,-1.173,8001.4,0.4365,-0.871,24312.0,0.4862,-0.55,27675.3,0.491,-2.414,-1,5,trend,2.228
down,1755698760000,2025-08-20T14:06:00.000000000,4125.55,-1.773,1,4.1,-8299.3,0.5007,1.64,9.3628,3e-06,-0.288,-335.9,0.3932,0.444,-1578.3,0.4511,1.481,3745.7,0.4981,3.614,10142.5,0.5205,-0.465,24,-1,whipsaw,-3.868
up,1755700500000,2025-08-20T14:35:00.000000000,4190.29,1.51,2,3.19,3745.7,0.4998,1.73,9.2269,3e-06,0.289,3278.8,0.5477,1.017,6950.2,0.5819,1.416,6396.7,0.535,2.348,17621.2,0.5446,4.164,-1,15,trend,2.594
down,1755713700000,2025-08-20T18:15:00.000000000,4277.44,-1.891,1,3.01,8011.2,0.472,1.54,6.3531,9.1e-05,0.073,436.9,0.4976,-0.025,258.4,0.5169,0.418,720.3,0.5495,0.824,5861.6,0.5323,-0.336,66,-1,whipsaw,0.84
up,1755870120000,2025-08-22T13:42:00.000000000,4308.77,1.53,4,3.43,5360.3,0.5272,1.572,8.0417,6.7e-05,-0.022,-11794.4,0.4513,-0.695,-13553.5,0.4254,5.336,29212.0,0.4986,6.718,38663.0,0.5003,12.557,-1,18,trend,9.474
down,1755916140000,2025-08-23T02:29:00.000000000,4708.21,-1.514,1,3.13,688.0,0.3858,1.76,5.8952,0.0001,-0.675,-2193.0,0.3194,-0.253,-17265.7,0.4015,0.137,-31378.2,0.4487,0.136,-28816.8,0.4638,-1.03,189,9,trend,-1.714
up,1756057320000,2025-08-24T17:42:00.000000000,4909.4,1.529,1,10.99,-13713.4,0.5244,1.646,6.3162,0.0001,0.065,-2697.6,0.5215,-0.198,-4929.0,0.5108,0.253,6945.3,0.5342,0.488,15303.7,0.5297,0.965,112,-1,whipsaw,-6.752
down,1756064100000,2025-08-24T19:35:00.000000000,4851.57,-1.81,1,6.61,-17710.1,0.4644,1.687,6.4979,0.0001,-0.782,-26661.1,0.4696,-0.851,-13744.7,0.4616,-1.591,-21270.8,0.4686,-1.23,-37097.9,0.4723,-2.897,-1,2,trend,7.821
up,1756068120000,2025-08-24T20:42:00.000000000,4805.94,1.594,1,6.43,-4173.9,0.4793,1.596,8.9717,0.0001,-0.244,702.2,0.5414,-0.319,4584.2,0.5425,-0.419,1660.1,0.5308,-0.066,874.4,0.5125,0.382,20,-1,whipsaw,-9.103
down,1756082160000,2025-08-25T00:36:00.000000000,4718.57,-1.608,1,2.46,272.0,0.4098,1.618,6.0203,4.9e-05,-0.626,-6019.7,0.2995,-0.237,-13255.7,0.3993,-0.118,-16816.9,0.4593,0.098,-14303.3,0.4781,-1.029,102,6,trend,7.342
down,1756118220000,2025-08-25T10:37:00.000000000,4531.94,-1.622,1,2.84,-8638.7,0.4438,1.737,5.4931,4.6e-05,0.351,3415.8,0.5893,0.554,8004.9,0.581,0.502,11963.6,0.5448,1.339,14453.6,0.5271,-0.264,55,-1,whipsaw,2.305
down,1756150260000,2025-08-25T19:31:00.000000000,4491.51,-1.814,2,3.0,-13895.3,0.4645,1.631,7.1966,1.7e-05,-0.327,-4210.8,0.4164,-0.354,-63.7,0.4694,-1.268,-1974.8,0.4887,-2.151,-18687.1,0.4883,-3.504,-1,24,trend,-1.864
up,1756171800000,2025-08-26T01:30:00.000000000,4395.14,1.679,1,1.66,6540.5,0.4951,1.801,6.2797,-7e-06,-0.458,-2018.4,0.4043,-0.022,2014.4,0.4515,0.526,-4862.3,0.476,0.586,1612.4,0.4783,1.287,-1,38,trend,3.688
up,1756211760000,2025-08-26T12:36:00.000000000,4480.3,1.502,1,1.5,-1259.1,0.4848,1.612,4.3921,1.1e-05,0.935,4366.8,0.5779,0.896,18614.2,0.5216,-0.08,29609.0,0.52,0.205,29318.9,0.517,2.203,-1,6,trend,2.434
up,1756219380000,2025-08-26T14:43:00.000000000,4528.55,1.509,1,1.76,3221.6,0.4774,1.756,8.1207,1.1e-05,0.032,-2189.0,0.4827,0.57,-11297.5,0.4579,0.392,191.9,0.43,-0.455,-8704.2,0.4452,1.114,-1,20,trend,2.533
up,1756266660000,2025-08-27T03:51:00.000000000,4623.09,1.59,1,2.39,-3483.7,0.5656,1.499,4.4203,-8e-06,-0.249,4380.7,0.5309,0.032,3953.2,0.5707,-0.028,2578.1,0.5489,0.225,2132.1,0.5659,0.494,207,-1,whipsaw,-1.841
down,1756321920000,2025-08-27T19:12:00.000000000,4548.38,-1.501,1,2.22,3607.3,0.4744,1.445,5.3176,4.2e-05,0.21,-11531.8,0.4829,0.175,-10102.7,0.5168,0.594,-10840.4,0.5143,-0.018,-13736.6,0.4619,-1.47,68,172,whipsaw,1.345
down,1756451580000,2025-08-29T07:13:00.000000000,4402.84,-1.544,1,5.72,-9022.6,0.4123,1.713,6.1745,1.7e-05,-0.441,-95.1,0.4113,-0.391,1118.4,0.4316,-0.283,684.1,0.4441,-0.646,7042.1,0.4431,-1.914,-1,67,trend,0.103
up,1756470600000,2025-08-29T12:30:00.000000000,4434.39,1.974,1,2.81,-7884.1,0.4746,1.259,4.6145,5e-05,-0.981,-4394.2,0.4977,-0.883,-4319.6,0.5248,-0.647,-1394.4,0.5457,-1.47,-3498.1,0.5103,0.451,0,-1,whipsaw,-1.534
down,1756475100000,2025-08-29T13:45:00.000000000,4316.47,-1.872,1,2.93,-6806.4,0.4577,1.544,9.1631,5e-05,0.605,1787.9,0.5162,0.748,4138.2,0.5102,-1.035,33935.5,0.5111,-0.138,50056.8,0.5159,-1.192,-1,21,trend,-0.386
up,1756601640000,2025-08-31T00:54:00.000000000,4448.66,1.568,1,7.3,-6721.4,0.6002,1.941,3.9945,-1.4e-05,0.421,-4168.2,0.5429,0.113,-17290.0,0.5202,-0.021,-18796.4,0.4557,0.2,-21372.2,0.5343,0.962,-1,-1,partial,-1.072
up,1756713720000,2025-09-01T08:02:00.000000000,4489.54,1.636,1,5.92,9683.3,0.5454,1.668,5.8241,-1.3e-05,-0.362,2731.4,0.4632,-0.469,4973.8,0.5007,-0.425,3181.0,0.5174,-0.365,5307.7,0.5187,0.051,116,-1,whipsaw,-2.387
down,1756759320000,2025-09-01T20:42:00.000000000,4293.13,-1.638,1,2.74,-11756.2,0.3595,1.526,4.7238,1e-06,-0.341,-5622.6,0.5018,-0.212,5370.3,0.5274,-0.513,9747.8,0.5093,-1.386,12936.9,0.4718,-1.922,-1,59,trend,-0.697
up,1756820700000,2025-09-02T13:45:00.000000000,4366.95,1.68,1,4.95,1245.1,0.5554,1.632,9.2266,5.5e-05,0.571,-17661.8,0.5133,0.391,-10715.9,0.4947,-0.466,-15263.4,0.4752,-0.279,-18073.2,0.4928,0.698,81,-1,whipsaw,1.003
down,1757081700000,2025-09-05T14:15:00.000000000,4380.28,-1.569,1,7.3,6804.2,0.4988,1.69,7.6466,-3.5e-05,-0.456,-7211.1,0.4202,-1.356,-18952.0,0.4382,-2.247,-3439.7,0.4296,-2.084,-4862.8,0.4588,-2.837,-1,7,trend,1.901
up,1757512920000,2025-09-10T14:02:00.000000000,4428.35,1.582,1,9.94,-1587.5,0.5573,1.905,5.07,8.8e-05,0.447,1797.9,0.5095,0.298,2489.3,0.4681,-0.023,3864.5,0.4762,-0.487,14778.8,0.4756,0.57,131,-1,whipsaw,-0.009
up,1757638080000,2025-09-12T00:48:00.000000000,4519.53,1.517,1,6.47,-17991.3,0.5637,1.856,4.9659,4.9e-05,0.018,4169.6,0.5179,0.102,4623.8,0.4622,-0.019,5725.2,0.4503,-0.277,9039.1,0.4162,0.431,-1,-1,partial,3.993
up,1757715660000,2025-09-12T22:21:00.000000000,4724.9,1.629,1,3.65,889.2,0.5304,1.577,3.7738,0.0001,-0.278,-29775.2,0.4592,-0.153,-27350.5,0.5172,-0.401,-25033.4,0.5103,-0.879,-25052.6,0.4724,0.497,50,-1,whipsaw,-1.412
up,1758137100000,2025-09-17T19:25:00.000000000,4510.36,1.615,1,7.9,20053.6,0.5236,1.789,5.1169,4.4e-05,-0.282,-4504.4,0.4219,-0.142,2598.1,0.408,0.217,1184.9,0.4514,0.249,7932.0,0.483,2.359,-1,181,trend,1.977
down,1758294660000,2025-09-19T15:11:00.000000000,4462.18,-1.518,1,13.31,-6968.0,0.4116,1.857,5.0028,-9e-06,-0.088,9077.8,0.4583,-0.062,20777.4,0.4887,0.278,37762.9,0.4937,0.436,42471.1,0.5251,-0.593,-1,-1,partial,-0.816
down,1758501120000,2025-09-22T00:32:00.000000000,4380.51,-1.526,1,12.26,-3317.2,0.4967,1.417,4.7241,-2.1e-05,-0.089,-28601.6,0.4792,-0.51,-36112.3,0.4719,-0.925,-36756.3,0.5023,-0.807,-25305.5,0.5445,-2.715,-1,17,trend,4.071
down,1758520740000,2025-09-22T05:59:00.000000000,4219.39,-1.79,1,6.72,4106.6,0.4914,1.261,4.1259,-2.1e-05,-1.999,-20675.8,0.4274,-1.526,-68779.3,0.4749,-0.918,-53649.2,0.5047,-0.646,-34742.9,0.4972,-3.375,0,1,whipsaw,0.854
up,1758522720000,2025-09-22T06:32:00.000000000,4181.22,2.191,1,29.44,-28574.7,0.5179,1.611,12.2083,-2.1e-05,0.301,1743.9,0.5838,0.311,9293.8,0.5409,0.281,14971.4,0.4797,0.795,18833.2,0.5313,1.046,201,62,trend,0.588
up,1758598680000,2025-09-23T03:38:00.000000000,4189.0,1.551,1,2.73,-5149.1,0.5748,1.535,6.1183,-2e-06,-0.05,-2407.3,0.4674,0.012,-1766.5,0.5001,-0.049,-1902.0,0.5009,-0.517,-1938.5,0.4891,0.639,-1,-1,partial,-1.355
up,1758688860000,2025-09-24T04:41:00.000000000,4156.06,1.821,1,8.01,-17777.5,0.6,1.637,5.7731,1e-05,-0.209,2170.7,0.5349,-0.345,-1655.8,0.5792,-0.149,3724.1,0.5849,0.223,6250.3,0.6066,0.678,-1,-1,partial,-3.369
down,1758770880000,2025-09-25T03:28:00.000000000,4041.23,-1.541,1,4.41,2309.9,0.3811,2.209,3.7638,-8.6e-05,0.061,-4834.1,0.4557,0.346,-2294.3,0.4915,0.518,1115.4,0.5116,-0.131,2813.7,0.4782,-1.862,-1,85,trend,2.119
down,1758803340000,2025-09-25T12:29:00.000000000,3942.44,-1.501,1,3.35,-2304.9,0.3883,1.411,5.7617,-8.1e-05,1.12,-13208.6,0.5037,1.358,-5204.0,0.4815,0.915,7564.4,0.4429,1.541,5324.8,0.4767,-0.465,0,-1,whipsaw,0.992
down,1758820860000,2025-09-25T17:21:00.000000000,3881.18,-1.697,1,4.27,-12106.2,0.4197,1.725,8.3476,0.0001,0.737,4119.3,0.5653,-0.467,535.8,0.4612,-0.551,16535.6,0.4953,-0.002,40684.1,0.5033,-1.705,92,35,trend,-2.871
up,1758825660000,2025-09-25T18:41:00.000000000,3892.14,1.623,1,2.38,10881.8,0.55,1.675,6.1269,0.0001,-0.287,-3938.5,0.5487,0.675,-10085.5,0.614,0.922,-30993.3,0.5582,0.936,-28708.5,0.5518,1.429,-1,19,trend,3.859
up,1758849240000,2025-09-26T01:14:00.000000000,3937.28,1.619,1,1.89,314.3,0.5546,1.712,5.4714,9e-05,0.096,45.6,0.6331,-0.205,-66.5,0.5143,0.152,3848.3,0.5309,0.244,14861.3,0.5582,1.008,-1,186,trend,2.167
up,1758890520000,2025-09-26T12:42:00.000000000,3943.58,1.602,2,3.93,-5448.8,0.5795,1.809,6.5666,3.2e-05,-0.091,4917.3,0.5185,-0.095,6636.6,0.5442,-0.447,10905.6,0.5256,-0.111,19227.5,0.5292,1.303,-1,70,trend,1.612
up,1759097160000,2025-09-28T22:06:00.000000000,4109.54,1.609,1,6.53,-666.1,0.5643,1.282,3.3479,8.2e-05,-0.447,-8473.9,0.4519,0.07,-10443.0,0.5443,0.109,-16754.6,0.5311,0.46,-12752.5,0.5509,0.896,-1,-1,partial,2.719
up,1759153980000,2025-09-29T13:53:00.000000000,4175.46,1.587,1,5.93,7464.9,0.5409,1.98,4.4824,3.8e-05,0.107,-2079.7,0.5389,-0.337,776.2,0.5073,-0.045,3297.9,0.5069,0.47,7266.4,0.5516,0.722,189,-1,whipsaw,-0.476
up,1759307760000,2025-10-01T08:36:00.000000000,4219.91,1.674,1,5.32,8630.9,0.5244,1.57,4.4786,2.6e-05,0.302,-1688.2,0.5549,2.157,-10516.4,0.5171,1.632,-10529.5,0.486,1.986,6675.9,0.4712,2.585,-1,8,trend,3.94
down,1759510800000,2025-10-03T17:00:00.000000000,4480.1,-1.547,1,6.53,-27251.4,0.4675,1.64,6.9728,5.6e-05,-0.042,-8522.5,0.4018,0.54,867.3,0.4817,0.306,3735.2,0.4583,-0.28,1520.9,0.4822,-0.658,0,-1,whipsaw,0.284
up,1759759560000,2025-10-06T14:06:00.000000000,4658.81,1.526,1,10.95,-4379.8,0.5453,2.152,6.0924,0.0001,-0.252,1492.2,0.4766,-0.124,2572.2,0.4718,0.209,11808.2,0.4776,-0.116,12390.4,0.4344,1.283,-1,193,trend,0.675
down,1759847340000,2025-10-07T14:29:00.000000000,4630.32,-1.58,2,6.21,3662.2,0.4554,1.835,6.4879,0.0001,0.308,-2861.1,0.49,-0.163,-3862.2,0.4747,-0.809,-2524.5,0.4456,-1.67,1842.8,0.451,-3.894,-1,36,trend,3.113
up,1759943940000,2025-10-08T17:19:00.000000000,4536.46,1.528,1,4.35,-4794.9,0.6178,1.645,4.7659,1.3e-05,0.055,-4237.2,0.5702,0.115,-1449.0,0.4964,-0.034,2121.2,0.496,0.052,1136.6,0.5204,0.475,-1,-1,partial,-5.102
down,1759998000000,2025-10-09T08:20:00.000000000,4364.08,-1.624,1,5.22,-22605.3,0.4879,1.599,4.4545,-2e-06,0.005,-5294.8,0.3585,-0.314,1996.4,0.4592,-0.429,4139.6,0.4935,-0.445,12317.7,0.5065,-1.01,-1,35,trend,0.735
down,1760108460000,2025-10-10T15:01:00.000000000,4267.74,-1.536,1,6.31,-4486.4,0.4497,1.667,6.0145,2.5e-05,-0.001,14366.4,0.453,-0.355,27164.9,0.4529,-3.961,4561.1,0.4269,-3.978,10970.0,0.4567,-5.029,-1,17,trend,10.445
down,1760124480000,2025-10-10T19:28:00.000000000,3986.81,-1.82,3,8.65,-10607.0,0.4647,1.863,8.5807,-5.1e-05,-0.538,-12601.5,0.4124,0.724,-16691.2,0.5074,0.42,-17228.5,0.4945,0.856,-13127.6,0.5023,-13.841,16,84,whipsaw,5.349
up,1760132640000,2025-10-10T21:44:00.000000000,3813.49,2.188,2,35.75,-246816.5,0.4243,2.992,54.079,-5.1e-05,0.663,14247.7,0.409,3.579,-16994.6,0.4535,2.151,-18483.3,0.4465,1.423,-37326.8,0.4471,14.855,0,0,whipsaw,-2.392
down,1760145360000,2025-10-11T01:16:00.000000000,3796.45,-1.641,2,2.86,-2348.4,0.4381,1.67,4.9562,0.0001,-0.428,743.2,0.3235,-0.632,2875.1,0.4064,-1.026,4590.7,0.4003,-0.489,-5396.6,0.457,-1.851,86,8,trend,1.599
up,1760149380000,2025-10-11T02:23:00.000000000,3805.57,1.995,1,3.35,-9231.2,0.531,1.902,8.8062,0.0001,0.01,1759.5,0.4621,0.615,2195.2,0.5013,1.016,3607.2,0.4675,-0.728,-9119.5,0.4578,1.485,73,20,trend,-2.164
up,1760170800000,2025-10-11T08:20:00.000000000,3804.99,1.799,1,1.38,6132.7,0.3812,2.0,3.7903,-0.000131,0.099,1745.8,0.4319,-0.24,803.6,0.4254,0.347,-11422.2,0.4233,0.873,-17559.8,0.4607,1.373,-1,50,trend,0.879
down,1760210400000,2025-10-11T19:20:00.000000000,3757.85,-1.63,2,0.94,-7653.9,0.3558,1.568,4.5562,-2e-06,-0.006,-19958.4,0.3245,-0.08,-20811.0,0.3347,0.045,-19410.0,0.4121,-0.398,-22294.7,0.4197,-3.047,-1,62,trend,-9.799
up,1760217960000,2025-10-11T21:26:00.000000000,3736.54,1.996,1,2.1,-11272.1,0.5228,1.872,7.3531,-2e-06,-0.406,-957.5,0.523,-0.309,-2252.6,0.4535,0.029,-2283.4,0.4914,-0.034,-1169.2,0.5032,0.734,210,-1,whipsaw,10.223
up,1760239260000,2025-10-12T03:21:00.000000000,3777.14,1.778,1,1.77,10523.4,0.6069,1.75,6.0993,-7e-05,0.159,3125.4,0.6437,0.131,5347.1,0.6016,0.124,11235.4,0.5169,0.981,15188.2,0.5717,1.783,-1,16,trend,10.305
up,1760280360000,2025-10-12T14:46:00.000000000,3888.55,1.826,3,3.9,2056.4,0.4907,1.678,4.5131,8e-06,2.477,-2196.9,0.5602,2.72,10841.0,0.5203,3.922,21110.1,0.5233,3.443,13299.1,0.5034,7.238,-1,1,trend,5.451
down,1760304780000,2025-10-12T21:33:00.000000000,4086.41,-1.524,1,3.04,6919.0,0.338,1.671,7.1097,-4.6e-05,0.658,-17913.4,0.504,0.933,-19119.7,0.4775,1.389,-15143.0,0.4864,1.204,-12286.3,0.4753,-0.14,12,-1,whipsaw,-4.443
down,1760354880000,2025-10-13T11:28:00.000000000,4074.54,-1.832,1,2.88,2416.6,0.4281,1.763,6.7403,5.3e-05,0.095,-10147.0,0.5179,0.23,-16294.3,0.5065,0.209,-14190.9,0.499,0.611,-16230.9,0.4837,-0.792,64,-1,whipsaw,2.548
up,1760358720000,2025-10-13T12:32:00.000000000,4126.4,1.629,2,1.6,-1979.6,0.5063,1.761,6.0507,5.3e-05,-0.2,-2256.6,0.5385,-0.103,-1506.5,0.5262,-0.386,-2043.8,0.4496,1.071,2748.7,0.4184,1.299,119,59,trend,-4.685
down,1760365800000,2025-10-13T14:30:00.000000000,4096.07,-1.69,1,2.09,-11563.4,0.4712,1.943,8.8872,5.3e-05,0.674,-1319.2,0.474,0.374,1106.9,0.4322,0.083,6778.4,0.407,0.651,8127.7,0.4438,-0.361,47,-1,whipsaw,3.151
up,1760378340000,2025-10-13T17:59:00.000000000,4234.62,1.574,1,2.4,2391.2,0.538,1.804,4.6886,5.2e-05,-0.497,-6995.9,0.429,-0.67,-5220.5,0.4445,-0.145,-6073.3,0.491,-0.148,827.2,0.5228,1.355,-1,179,trend,-3.146
down,1760417640000,2025-10-14T04:54:00.000000000,4087.8,-1.63,2,2.54,-2423.3,0.4638,1.627,6.0903,5.6e-05,0.301,-2095.0,0.5353,0.793,2033.2,0.5436,0.451,-82.4,0.4947,-0.469,-4917.2,0.445,-3.343,-1,95,trend,-0.741
down,1760437740000,2025-10-14T10:29:00.000000000,3919.57,-1.649,1,2.65,-7584.7,0.4687,1.928,6.8834,4e-06,-0.491,1732.7,0.3771,0.261,-4256.0,0.5106,0.582,-6990.1,0.5118,1.267,-17840.5,0.5193,-0.787,31,-1,whipsaw,-5.307
up,1760439720000,2025-10-14T11:02:00.000000000,3952.23,1.542,1,3.23,-10849.5,0.5316,1.817,8.8152,4e-06,0.386,-11974.2,0.5777,0.343,-6637.8,0.5676,0.576,-7608.9,0.5335,0.364,-6083.6,0.5705,1.653,155,193,whipsaw,4.26
up,1760456700000,2025-10-14T15:45:00.000000000,4030.13,1.799,2,2.45,5184.9,0.5038,2.01,6.0672,4e-06,0.522,419.1,0.527,1.108,3858.2,0.5091,1.594,-1102.6,0.5295,2.436,9573.3,0.5393,3.337,-1,8,trend,-1.249
down,1760461260000,2025-10-14T17:01:00.000000000,4050.01,-1.799,1,3.24,7062.2,0.5324,1.606,10.3266,2.7e-05,1.55,-8004.6,0.5721,1.936,-10303.3,0.5482,2.001,-3837.3,0.5312,1.503,-2590.5,0.4937,-0.038,3,-1,whipsaw,2.023
down,1760471040000,2025-10-14T19:44:00.000000000,4057.44,-1.737,1,2.71,-961.7,0.4996,2.139,7.0431,2.7e-05,0.711,-11122.0,0.4912,1.121,-3895.3,0.5424,0.744,-7247.7,0.4983,1.601,-6924.4,0.5076,-0.204,7,-1,whipsaw,1.54
up,1760517000000,2025-10-15T08:30:00.000000000,4188.82,1.693,1,2.54,6530.0,0.5977,1.547,6.869,4.3e-05,0.177,-4141.3,0.5746,0.005,-2012.9,0.5158,-0.338,-4200.4,0.5598,-0.773,-7907.3,0.5648,0.687,53,-1,whipsaw,-4.579
down,1760539560000,2025-10-15T14:46:00.000000000,4031.0,-1.505,1,1.76,-12726.9,0.4883,1.97,6.1934,4.3e-05,-0.286,1764.9,0.4499,-0.663,4425.9,0.4884,-0.784,7665.2,0.4861,-1.324,10790.6,0.5088,-2.514,-1,15,trend,-0.142
up,1760608980000,2025-10-16T10:03:00.000000000,4035.15,1.594,1,4.7,5125.5,0.5039,1.595,11.7476,8e-06,0.113,1760.7,0.5164,0.83,-4095.8,0.51,0.335,-8001.3,0.4835,0.393,-8209.4,0.511,1.272,-1,14,trend,-7.413
down,1760623740000,2025-10-16T14:09:00.000000000,3993.25,-1.607,2,2.75,2236.1,0.4587,1.998,6.179,8e-06,-0.139,131.0,0.3457,-0.0,8983.9,0.4323,0.695,8967.0,0.4919,0.276,-12350.2,0.4906,-3.409,31,92,whipsaw,5.847
up,1760625720000,2025-10-16T14:42:00.000000000,4050.89,1.612,1,3.63,-9001.6,0.5112,1.795,8.1721,8e-06,-0.335,-5633.5,0.5437,-0.788,-4361.8,0.4734,-0.808,-2523.1,0.5061,-2.405,2516.5,0.4908,0.209,20,-1,whipsaw,-7.65
up,1760633700000,2025-10-16T16:55:00.000000000,3939.08,1.653,1,3.99,721.8,0.5256,1.598,11.2697,6e-06,0.284,347.0,0.5389,-0.215,3286.4,0.4687,-0.095,-413.7,0.4493,-0.441,-3491.7,0.4203,0.724,69,-1,whipsaw,-3.994
down,1760682900000,2025-10-17T06:35:00.000000000,3843.19,-1.539,2,2.25,-12324.9,0.4147,1.849,4.6776,3.4e-05,-0.394,1365.2,0.4179,-0.748,3263.3,0.4467,-0.805,3219.7,0.441,-1.58,558.3,0.4576,-4.389,-1,31,trend,-0.601
down,1760696580000,2025-10-17T10:23:00.000000000,3683.68,-1.525,1,2.96,-1854.7,0.5283,1.799,6.3824,5.6e-05,0.095,3893.8,0.4997,0.686,6566.2,0.5054,0.888,7686.5,0.5215,3.0,4468.4,0.541,-0.249,31,-1,whipsaw,-5.106
up,1760699580000,2025-10-17T11:13:00.000000000,3765.43,1.898,1,2.17,3210.0,0.5718,1.675,7.5648,5.6e-05,1.007,6588.1,0.605,0.964,-13253.4,0.5565,0.471,-21050.9,0.5269,0.483,-19666.0,0.5322,1.388,199,4,trend,2.933
down,1760711520000,2025-10-17T14:32:00.000000000,3733.0,-1.62,1,2.06,-3164.7,0.5035,1.727,8.2138,5.6e-05,0.028,1237.4,0.4492,0.676,3172.8,0.4568,0.756,-1028.8,0.4884,0.812,545.8,0.5099,-0.509,17,-1,whipsaw,-3.668
up,1760716980000,2025-10-17T16:03:00.000000000,3839.08,2.139,1,2.17,66.6,0.5754,1.802,7.3259,3e-05,-0.17,7831.5,0.5915,-0.307,9329.5,0.5308,-0.906,6046.5,0.5042,-1.279,-9050.6,0.4769,0.294,30,-1,whipsaw,1.103
up,1760771220000,2025-10-18T07:07:00.000000000,3925.08,1.562,1,1.54,-425.4,0.5429,1.647,3.4652,1.4e-05,-0.349,11243.8,0.4857,-0.856,12151.9,0.4299,-0.904,19311.0,0.5039,-0.532,20420.3,0.5344,0.068,13,-1,whipsaw,-1.062
down,1760863740000,2025-10-19T08:49:00.000000000,3861.02,-1.742,1,11.17,-13009.4,0.4344,1.791,8.8331,2.1e-05,0.176,1711.9,0.5152,-0.139,1854.3,0.3886,0.073,1381.4,0.4047,1.579,-3247.6,0.4457,-0.297,53,-1,whipsaw,-4.802
up,1760867340000,2025-10-19T09:49:00.000000000,3921.97,1.504,1,5.27,-4629.0,0.4812,1.605,6.2259,2.1e-05,-0.136,820.8,0.4448,-0.398,-825.5,0.4561,-0.17,-3130.2,0.4996,-0.05,2138.4,0.5495,0.844,-1,-1,partial,3.112
up,1760893620000,2025-10-19T17:07:00.000000000,4023.0,1.515,1,4.11,5931.6,0.5591,1.775,4.1166,3.5e-05,-0.223,-2835.2,0.5851,-0.611,-4328.9,0.4994,-0.849,549.6,0.4921,-0.621,-2077.5,0.539,0.098,124,-1,whipsaw,-1.592
down,1760920200000,2025-10-20T00:30:00.000000000,3912.87,-1.713,1,4.49,-8663.3,0.4059,2.09,3.6614,2.5e-05,0.244,-1698.3,0.5821,0.469,-2450.7,0.5743,0.921,-650.1,0.5614,0.952,3876.5,0.5584,-0.106,31,-1,whipsaw,-1.658
up,1760932380000,2025-10-20T03:53:00.000000000,4020.51,1.551,1,2.35,-1098.0,0.5904,1.657,3.0148,2.5e-05,0.19,952.9,0.457,0.253,2853.7,0.498,0.216,1927.2,0.4628,0.599,4180.8,0.4984,1.611,-1,97,trend,-2.343
down,1760976180000,2025-10-20T16:03:00.000000000,3962.97,-1.608,1,5.62,-1068.3,0.365,1.737,6.0893,6e-05,0.358,-26608.0,0.4044,0.43,-21795.7,0.4188,-0.451,-25950.0,0.3888,-0.002,-19910.2,0.4062,-1.034,-1,97,trend,-3.315
down,1761019560000,2025-10-21T04:06:00.000000000,3879.98,-1.51,1,3.2,-7993.3,0.4001,2.005,3.2583,3.5e-05,-0.325,-3340.0,0.4181,-0.205,-6260.6,0.4743,-0.456,-2344.3,0.4558,-0.952,-3826.2,0.4207,-1.024,-1,60,trend,0.375
up,1761056220000,2025-10-21T14:17:00.000000000,3930.4,1.573,2,5.1,5064.8,0.4856,1.631,6.151,0.0,0.588,8692.2,0.4719,-0.157,6280.7,0.3816,0.201,2553.6,0.355,2.618,7711.6,0.4339,4.57,-1,36,trend,-2.075
down,1761065940000,2025-10-21T16:59:00.000000000,4029.19,-1.693,1,5.52,5203.8,0.4571,1.703,7.6541,7.7e-05,-0.036,-4965.7,0.4016,-0.367,-4916.8,0.4226,-0.534,-6479.1,0.4368,-0.361,-8972.3,0.4532,-2.304,-1,19,trend,4.789
down,1761077820000,2025-10-21T20:17:00.000000000,3943.09,-1.54,1,2.14,835.2,0.4181,1.676,3.4352,7.7e-05,0.417,-2616.5,0.6203,0.075,-5116.0,0.4729,0.234,-5934.0,0.4519,0.173,-7845.9,0.4569,-2.158,-1,64,trend,3.868
down,1761130980000,2025-10-22T11:03:00.000000000,3782.56,-1.508,1,3.43,5808.3,0.4242,1.691,5.1983,2.2e-05,0.222,-29059.3,0.5964,1.027,-33787.2,0.5542,1.264,-21272.7,0.5055,1.099,-13100.9,0.5011,-0.332,9,-1,whipsaw,-2.578
down,1761143280000,2025-10-22T14:28:00.000000000,3818.44,-1.508,1,4.29,-4838.0,0.4939,1.579,7.4531,2.2e-05,-0.424,-31.0,0.3878,-0.504,8614.6,0.4383,0.498,13060.9,0.4921,-0.297,19106.1,0.4743,-0.998,33,-1,whipsaw,-0.218
up,1761145260000,2025-10-22T15:01:00.000000000,3858.05,1.588,1,4.27,-3385.8,0.5199,1.745,8.1631,2.2e-05,-0.099,5805.1,0.4619,-1.246,17087.8,0.4313,-1.274,17891.1,0.4432,-0.406,16600.2,0.439,0.16,14,-1,whipsaw,-0.362
down,1761167460000,2025-10-22T21:11:00.000000000,3716.97,-2.159,1,3.88,-3178.5,0.3556,1.408,8.2979,2.4e-05,0.875,-12762.3,0.5456,0.491,-7381.5,0.4928,0.797,-6231.5,0.5107,1.202,-2913.5,0.556,-0.188,0,-1,whipsaw,-2.931
up,1761280380000,2025-10-24T04:33:00.000000000,3948.91,1.55,1,3.0,-541.8,0.5512,1.534,3.3959,9e-06,-0.035,-10353.1,0.5457,0.298,-10745.4,0.5576,0.29,-4983.5,0.5204,0.567,1941.4,0.4904,1.02,-1,76,trend,-0.699
up,1761478980000,2025-10-26T11:43:00.000000000,4042.61,1.544,1,11.02,-5150.5,0.5467,1.572,5.0283,2.1e-05,-0.282,-6996.5,0.4988,-0.012,-11724.9,0.4697,0.086,-8240.4,0.4934,0.275,7861.5,0.4653,1.395,-1,107,trend,3.004
up,1761516180000,2025-10-26T22:03:00.000000000,4164.05,2.453,1,9.36,-1777.3,0.5123,1.548,4.4721,0.0001,-0.595,-22868.4,0.457,-0.852,-24218.9,0.4295,-0.475,-16368.8,0.416,0.113,-16906.3,0.4486,1.063,3,214,whipsaw,-0.901
down,1761662700000,2025-10-28T14:45:00.000000000,4081.98,-1.971,1,6.75,-13321.4,0.4503,1.632,6.989,4.6e-05,0.662,-5238.5,0.4999,0.982,-9256.7,0.4947,1.145,-9895.3,0.488,0.218,-7190.5,0.4572,-0.262,11,-1,whipsaw,2.038
down,1761683280000,2025-10-28T20:28:00.000000000,3972.34,-1.65,1,9.97,-4338.9,0.3768,1.903,7.8828,1.8e-05,-0.143,-7171.5,0.3742,0.296,-1390.1,0.4474,0.255,-205.1,0.4662,-0.289,6657.3,0.4666,-1.032,-1,39,trend,0.959
down,1761762900000,2025-10-29T18:35:00.000000000,3906.21,-2.113,2,5.79,-1949.3,0.5015,1.631,7.1869,3.9e-05,-0.954,-26598.0,0.447,0.186,-2288.3,0.4992,0.635,3244.8,0.4888,0.07,-11342.6,0.5002,-1.686,0,4,whipsaw,4.412
up,1761764940000,2025-10-29T19:09:00.000000000,3945.6,2.153,1,13.25,3244.8,0.5059,1.656,16.3097,3.9e-05,0.071,1545.8,0.554,-0.352,-12844.7,0.5244,-1.055,-14587.4,0.5071,-1.197,-15142.7,0.5102,0.456,27,-1,whipsaw,-5.399
down,1761798180000,2025-10-30T04:23:00.000000000,3869.99,-1.527,1,3.67,-7129.2,0.4168,1.687,4.3872,-3.4e-05,-0.721,-1431.9,0.3675,0.827,-5539.5,0.4844,0.658,-1544.4,0.5296,0.035,260.5,0.5556,-0.788,13,-1,whipsaw,0.068
down,1761828240000,2025-10-30T12:44:00.000000000,3812.01,-1.604,1,4.15,5202.3,0.4656,1.894,5.6721,-2.2e-05,-0.056,-5882.1,0.4501,0.164,-10254.5,0.4799,0.457,3982.3,0.5408,-0.776,4876.7,0.5018,-1.407,-1,58,trend,-0.884
up,1761939180000,2025-10-31T19:33:00.000000000,3896.27,1.52,1,1.98,-2738.4,0.6189,1.454,3.4045,-1.3e-05,-0.226,-2888.5,0.5343,-0.019,-14696.5,0.5598,-0.37,-15538.5,0.5337,-0.349,-16902.7,0.5704,0.252,81,-1,whipsaw,-0.58
down,1762140240000,2025-11-03T03:24:00.000000000,3751.18,-1.582,1,10.4,381.7,0.505,1.842,4.7114,8.9e-05,0.029,6318.5,0.3789,0.078,8262.9,0.4567,-0.456,12913.2,0.4345,-0.351,9987.1,0.4791,-1.791,-1,197,trend,2.937
down,1762183560000,2025-11-03T15:26:00.000000000,3669.5,-1.688,1,4.68,-16169.0,0.4211,1.542,6.1676,2.4e-05,-1.27,-16771.2,0.3424,-1.575,-12689.4,0.4021,-1.91,-2816.2,0.4527,-1.248,3114.0,0.4837,-2.872,-1,3,trend,2.506
down,1762234020000,2025-11-04T05:27:00.000000000,3564.6,-1.68,1,3.03,-963.4,0.3345,2.034,4.3248,7.9e-05,-1.029,5709.7,0.378,-0.895,-6130.9,0.4323,-1.83,-10223.7,0.3997,-0.924,-22434.6,0.4123,-2.926,-1,4,trend,6.464
up,1762267860000,2025-11-04T14:51:00.000000000,3552.11,1.59,1,3.52,719.7,0.6026,1.772,8.7269,9e-05,0.12,865.2,0.624,0.015,649.7,0.618,0.642,1492.7,0.6288,-0.947,12396.7,0.5417,1.001,61,29,trend,-5.607
down,1762271340000,2025-11-04T15:49:00.000000000,3526.99,-1.546,5,2.25,11829.2,0.4755,1.866,5.3038,9e-05,-0.372,20.9,0.4143,-0.433,-4241.1,0.5092,-1.148,-4034.7,0.4602,-2.251,-1001.0,0.4409,-7.683,-1,22,trend,3.891
up,1762289220000,2025-11-04T20:47:00.000000000,3204.84,1.67,2,7.43,2490.9,0.4832,1.814,16.029,4.9e-05,-0.548,2744.0,0.4641,-0.075,1859.2,0.4565,-0.788,-8282.1,0.4423,-2.087,-24634.7,0.4576,3.109,34,76,whipsaw,7.817
down,1762304880000,2025-11-05T01:08:00.000000000,3203.53,-1.585,1,1.7,-1340.2,0.6137,1.585,5.4,1.2e-05,0.591,-2825.0,0.6051,-0.805,-4242.0,0.5586,-0.72,-8516.9,0.5429,2.408,-21484.5,0.5797,-1.151,45,18,trend,-5.766
up,1762307580000,2025-11-05T01:53:00.000000000,3234.38,1.782,2,2.41,-7324.0,0.5584,1.625,11.7993,1.2e-05,0.523,-5171.0,0.6724,1.431,-9918.6,0.635,1.215,-5264.7,0.6394,2.061,-2468.8,0.6089,3.717,-1,9,trend,5.409
up,1762361580000,2025-11-05T16:53:00.000000000,3425.69,1.533,1,2.15,-4218.6,0.5125,1.988,3.9334,4.3e-05,0.137,-3087.3,0.4011,-0.109,5338.3,0.407,0.328,7163.2,0.4697,0.092,4904.1,0.4899,1.599,-1,107,trend,-4.195
down,1762439580000,2025-11-06T14:33:00.000000000,3337.77,-1.774,2,2.68,-957.8,0.4753,1.67,5.5107,5e-05,0.172,-7313.7,0.5317,0.377,-25062.1,0.5203,0.016,-27729.2,0.4793,-0.196,-16807.9,0.4637,-2.766,-1,71,trend,3.415
up,1762451400000,2025-11-06T17:50:00.000000000,3338.18,1.789,1,3.6,9516.2,0.5789,1.547,6.139,1e-06,-0.149,1358.9,0.5228,-0.672,-9301.5,0.4416,-0.917,653.4,0.4614,0.179,-15721.5,0.5047,0.425,27,-1,whipsaw,0.943
down,1762514820000,2025-11-07T11:27:00.000000000,3227.54,-1.529,2,3.75,11143.6,0.3999,1.85,4.6369,4.8e-05,0.045,1504.3,0.4216,0.452,3549.3,0.4818,0.977,1457.6,0.5124,-0.123,2623.7,0.4814,-1.033,25,192,whipsaw,-6.952
up,1762526880000,2025-11-07T14:48:00.000000000,3282.54,1.562,1,5.24,-6273.2,0.4475,1.522,8.2817,4.8e-05,-0.229,2343.2,0.4998,-0.078,-5129.3,0.5401,0.626,-10280.7,0.5499,0.204,-13955.1,0.5381,4.653,-1,27,trend,3.668
up,1762536240000,2025-11-07T17:24:00.000000000,3375.79,1.729,1,3.43,30.7,0.5309,1.436,6.1241,8.3e-05,0.071,-1566.5,0.5493,0.191,-2249.6,0.5342,0.026,8777.8,0.5352,1.033,15729.3,0.5393,2.833,-1,55,trend,0.281
up,1762698360000,2025-11-09T14:26:00.000000000,3532.89,2.225,1,11.22,7203.7,0.5832,1.629,4.9234,6.6e-05,0.472,-15699.9,0.6009,-0.011,-10281.8,0.54,-0.573,-5379.4,0.5088,-0.22,-1776.5,0.4746,0.871,-1,-1,partial,2.131
up,1762734960000,2025-11-10T00:36:00.000000000,3620.34,1.612,1,4.7,2305.4,0.6248,1.724,4.5852,3.7e-05,0.004,213.9,0.5679,0.571,-1377.9,0.5228,0.253,5179.6,0.5032,0.32,16704.2,0.522,1.067,-1,51,trend,-1.637
down,1762786260000,2025-11-10T14:51:00.000000000,3549.18,-1.632,1,3.76,-8131.6,0.4719,1.854,5.7828,9.1e-05,-0.323,-8716.5,0.4643,-0.022,-21249.7,0.4289,-0.415,-26166.9,0.3706,-0.765,-25702.5,0.4226,-1.18,-1,25,trend,1.612
up,1762823820000,2025-11-11T01:17:00.000000000,3612.82,1.548,2,1.85,6366.1,0.5577,1.513,3.0097,3e-05,0.645,-7397.3,0.6173,0.1,-13692.7,0.5097,-0.21,-14174.6,0.4864,-0.828,-14321.7,0.4914,0.981,41,-1,whipsaw,-4.617
down,1762958820000,2025-11-12T14:47:00.000000000,3521.99,-1.545,2,2.65,6039.1,0.4931,1.974,3.7569,-3.9e-05,-0.599,-17542.2,0.5192,-0.683,-13544.0,0.5332,-1.046,-10687.7,0.4731,-1.904,-14802.0,0.4705,-4.269,-1,2,trend,3.057
down,1763003700000,2025-11-13T03:15:00.000000000,3379.88,-1.608,1,1.84,1629.4,0.4063,1.384,3.5621,7e-05,1.295,-356.9,0.5821,2.604,-4221.0,0.6113,2.295,-9050.6,0.5434,2.428,-8802.9,0.4874,-0.065,2,-1,whipsaw,4.723
up,1763005440000,2025-11-13T03:44:00.000000000,3454.99,1.563,1,3.98,-8664.7,0.542,1.561,9.6703,7e-05,0.321,-315.8,0.4373,-0.062,-1057.6,0.4262,0.34,-5197.9,0.422,0.424,1574.7,0.4371,3.208,-1,73,trend,-6.977
up,1763012880000,2025-11-13T05:48:00.000000000,3528.86,1.566,1,2.47,48.6,0.5009,1.539,5.1724,7e-05,0.021,-1028.4,0.5244,-0.126,-3423.9,0.4918,0.073,1432.3,0.4289,0.482,7495.0,0.4302,1.048,202,102,trend,-9.756
down,1763040900000,2025-11-13T13:35:00.000000000,3438.41,-1.617,1,3.25,-3125.8,0.3055,1.802,5.1359,0.0001,0.123,-5914.8,0.4315,0.253,-4424.9,0.4761,0.076,-54.3,0.4809,-0.751,1662.5,0.4667,-4.402,78,61,trend,10.463
down,1763048700000,2025-11-13T15:45:00.000000000,3387.68,-1.6,4,3.13,9952.5,0.4561,1.777,6.5566,0.0001,-0.216,-444.8,0.4063,-0.062,-4533.1,0.5046,0.073,-4638.1,0.4978,-1.103,-5647.2,0.5151,-6.01,-1,54,trend,5.188
down,1763078700000,2025-11-14T00:05:00.000000000,3220.49,-1.513,1,1.46,-4926.9,0.5054,1.708,5.3672,-4e-06,-0.155,2574.8,0.4296,-0.336,1203.4,0.4801,0.391,3026.6,0.5075,-0.774,5281.2,0.4876,-1.065,-1,53,trend,2.942
up,1763086620000,2025-11-14T02:17:00.000000000,3244.95,1.529,1,2.58,-2251.9,0.6053,2.071,4.8121,-4e-06,-0.276,-933.2,0.4688,-0.064,-22.9,0.549,-0.202,-297.5,0.603,-0.484,-7318.3,0.5781,0.214,87,-1,whipsaw,-2.174
down,1763095080000,2025-11-14T04:38:00.000000000,3137.12,-2.415,1,2.37,2700.8,0.5121,1.726,6.8476,-4e-06,0.677,-7104.0,0.4632,0.76,-5637.8,0.4808,1.2,-511.2,0.4725,1.452,-1765.2,0.4999,-1.035,7,0,trend,-1.076
up,1763096940000,2025-11-14T05:09:00.000000000,3164.86,1.636,2,2.81,-511.2,0.4705,1.738,10.8593,-4e-06,-0.114,251.8,0.4939,0.47,307.8,0.5512,0.352,-1253.9,0.526,0.363,-8051.0,0.4891,2.416,-1,40,trend,0.132
down,1763112840000,2025-11-14T09:34:00.000000000,3160.08,-1.506,1,1.11,2479.6,0.4922,1.555,4.7817,3.6e-05,0.076,1952.3,0.4312,-0.027,3749.9,0.4562,-0.018,10503.2,0.4445,0.909,3514.8,0.4827,-2.851,63,122,whipsaw,0.099
down,1763124000000,2025-11-14T12:40:00.000000000,3084.5,-1.734,1,2.93,11350.6,0.4786,1.868,6.5645,3.6e-05,-0.119,-4119.9,0.3793,1.164,-2241.2,0.4556,1.386,-1917.2,0.4614,-0.056,-3662.7,0.4867,-0.47,10,-1,whipsaw,-2.518
up,1763125440000,2025-11-14T13:04:00.000000000,3139.07,1.531,2,3.99,9599.2,0.4677,1.842,10.529,3.6e-05,-0.42,-6539.4,0.4406,-1.024,-380.0,0.4436,-1.74,-2437.5,0.4892,-0.157,-10987.6,0.4946,3.748,15,92,whipsaw,0.759
up,1763137980000,2025-11-14T16:33:00.000000000,3243.84,1.524,1,1.15,8962.7,0.5218,1.785,6.2114,8e-05,0.203,-82.0,0.5697,-0.3,-12607.0,0.451,-0.285,-14563.9,0.4656,-0.993,-19815.7,0.4422,0.397,55,-1,whipsaw,-2.214
down,1763142660000,2025-11-14T17:51:00.000000000,3172.78,-1.617,1,0.83,-7215.2,0.4053,1.694,4.1572,8e-05,0.339,-1256.1,0.4552,0.298,2392.1,0.4493,0.542,-3397.4,0.4847,-0.122,685.1,0.4739,-1.577,22,169,whipsaw,-1.234
up,1763147880000,2025-11-14T19:18:00.000000000,3204.85,1.522,1,1.08,1269.5,0.5427,1.984,5.3469,8e-05,0.286,1403.4,0.4625,-0.185,956.5,0.4406,-0.212,26.2,0.4621,-0.59,-898.7,0.487,0.497,68,-1,whipsaw,0.094
down,1763152800000,2025-11-14T20:40:00.000000000,3143.15,-1.769,1,0.99,-2504.2,0.4878,1.608,5.2217,8e-05,-0.385,-924.5,0.4773,-0.304,2047.8,0.5258,0.485,-1426.7,0.5495,0.602,-4728.1,0.5146,-1.691,65,145,whipsaw,-1.22
down,1763161440000,2025-11-14T23:04:00.000000000,3117.84,-1.734,1,0.68,1669.2,0.4512,1.325,5.1097,8e-05,-0.459,-495.5,0.4368,0.204,-5106.8,0.5517,-0.194,-3292.6,0.5079,0.422,-2541.2,0.5314,-0.893,80,-1,whipsaw,-1.696
down,1763292120000,2025-11-16T11:22:00.000000000,3185.65,-1.548,1,3.75,1524.4,0.4066,1.762,2.9414,0.0001,-0.35,3716.1,0.351,-0.407,5328.1,0.4432,-0.652,1022.3,0.458,-0.331,2135.5,0.5148,-1.463,-1,136,trend,-0.48
down,1763308560000,2025-11-16T15:56:00.000000000,3112.27,-1.842,1,5.15,1092.9,0.399,1.794,3.4441,0.0001,-0.296,842.8,0.4384,-0.476,-7044.4,0.4893,-1.136,-5388.7,0.4658,-1.307,-3308.7,0.4624,-2.772,-1,28,trend,-0.261
up,1763316120000,2025-11-16T18:02:00.000000000,3115.32,1.686,2,9.7,2945.6,0.4386,1.567,6.5714,7.8e-05,-0.7,-4904.4,0.4669,0.112,-1887.8,0.5285,-0.957,1672.7,0.4885,-1.587,-454.4,0.4892,0.407,30,-1,whipsaw,-1.993
down,1763318460000,2025-11-16T18:41:00.000000000,3067.68,-1.838,1,5.73,3945.5,0.487,2.07,3.7869,7.8e-05,-0.41,-2309.5,0.3938,-0.318,-40.0,0.4506,1.087,4178.6,0.5353,0.934,-1861.3,0.516,-0.803,29,-1,whipsaw,1.134
down,1763334120000,2025-11-16T23:02:00.000000000,3017.77,-2.021,1,4.31,3078.3,0.5061,1.525,5.0862,7.8e-05,1.005,3032.9,0.4834,1.921,6887.5,0.5489,2.448,3875.7,0.5595,2.568,3631.1,0.5637,-0.456,0,-1,whipsaw,-0.15
up,1763335920000,2025-11-16T23:32:00.000000000,3091.66,2.448,2,9.92,3875.7,0.5595,1.839,8.4152,7.8e-05,0.204,-640.7,0.6416,0.254,-163.5,0.6222,0.116,-244.6,0.5712,0.898,-3070.4,0.5684,2.871,-1,57,trend,-2.395
down,1763386620000,2025-11-17T13:37:00.000000000,3136.11,-1.62,4,3.5,11903.3,0.5398,1.785,4.6359,0.0001,-0.217,1646.2,0.5573,-0.954,3894.8,0.4589,-0.718,-5738.8,0.4864,1.83,-19130.7,0.5106,-2.293,59,13,trend,3.448
up,1763390160000,2025-11-17T14:36:00.000000000,3189.86,2.587,1,3.84,-13391.9,0.5281,1.902,6.4245,0.0001,-0.194,-8474.0,0.4915,0.282,1225.8,0.5722,-0.86,-3188.3,0.5698,-1.955,-6783.5,0.554,0.659,18,-1,whipsaw,-3.39
up,1763398260000,2025-11-17T16:51:00.000000000,3131.59,1.716,1,2.87,-2257.3,0.5252,1.798,7.5448,6e-05,0.187,-8522.0,0.4826,-0.202,-5392.3,0.5306,-0.705,-512.8,0.5302,-2.062,3664.0,0.533,0.35,37,-1,whipsaw,0.588
down,1763409900000,2025-11-17T20:05:00.000000000,2977.94,-1.573,1,5.31,12729.9,0.5163,1.806,8.9252,6e-05,-0.35,2837.3,0.4971,0.329,5681.0,0.5261,0.402,4517.5,0.5138,1.369,14042.1,0.52,-0.621,45,-1,whipsaw,-5.547
up,1763413320000,2025-11-17T21:02:00.000000000,3025.39,1.623,1,2.63,4169.3,0.5313,1.861,4.8521,6e-05,-0.056,5999.0,0.6121,-0.509,6622.3,0.5154,-0.979,340.2,0.4814,-0.781,-1962.9,0.4925,0.514,18,-1,whipsaw,3.226
up,1763434020000,2025-11-18T02:47:00.000000000,3030.15,1.53,3,2.83,1306.4,0.5181,1.957,5.9034,9.1e-05,-0.491,6737.9,0.4052,-2.531,6243.8,0.4046,-1.726,3162.0,0.4789,-0.263,20520.2,0.4791,0.479,11,-1,whipsaw,2.85
down,1763434680000,2025-11-18T02:58:00.000000000,2982.82,-1.652,2,2.29,4013.2,0.4853,1.793,5.6638,9.1e-05,-0.542,1579.3,0.3831,-0.18,-507.3,0.5039,-0.339,-1264.4,0.4907,1.36,15876.8,0.5044,-1.216,41,4,trend,-4.458
up,1763476620000,2025-11-18T14:37:00.000000000,3086.89,1.705,2,1.73,1863.0,0.5026,1.697,6.9531,0.0001,-0.421,2716.2,0.5221,-0.58,2187.4,0.4781,-0.577,1975.8,0.4647,0.621,-2421.1,0.475,2.657,23,46,whipsaw,-1.2
up,1763564880000,2025-11-19T15:08:00.000000000,3098.55,1.883,1,3.24,-10947.5,0.4972,1.927,4.9814,6.7e-05,-0.261,6467.8,0.5276,-1.934,2809.3,0.5012,-3.113,2669.1,0.454,-3.78,16488.0,0.4589,0.247,12,-1,whipsaw,-3.761
down,1763566200000,2025-11-19T15:30:00.000000000,3027.73,-1.523,1,4.83,-1771.1,0.4851,1.798,7.5121,6.7e-05,-0.713,-851.7,0.4302,-1.188,13558.6,0.4054,-1.686,19778.7,0.422,-2.17,20923.6,0.4474,-5.044,-1,7,trend,1.497
up,1763584440000,2025-11-19T20:34:00.000000000,2920.57,1.554,1,2.53,5155.3,0.5785,1.701,4.5645,3.2e-05,-0.008,1265.8,0.587,-0.037,-381.8,0.5788,1.032,-3473.8,0.5935,2.377,1763.4,0.5561,4.209,-1,21,trend,-2.77
up,1763593740000,2025-11-19T23:09:00.000000000,3021.44,1.526,1,1.37,-5435.2,0.6166,1.682,3.111,3.2e-05,-0.129,-575.6,0.5393,-0.147,-2529.5,0.5552,-0.029,-3420.6,0.5554,-0.372,2021.6,0.4923,1.21,-1,175,trend,-4.991
down,1763647620000,2025-11-20T14:07:00.000000000,2969.1,-1.674,3,3.08,3420.9,0.4528,1.75,5.3403,7.8e-05,0.178,20284.8,0.5403,1.241,5571.2,0.5256,1.179,24311.7,0.5069,0.616,30807.5,0.5107,-5.448,11,116,whipsaw,7.718
up,1763673840000,2025-11-20T21:24:00.000000000,2879.42,1.506,1,1.5,-1414.0,0.5553,1.878,3.8279,6.8e-05,-0.502,7062.1,0.4845,-0.055,7497.7,0.5255,0.28,10772.0,0.5068,0.763,5201.0,0.4914,0.921,132,-1,whipsaw,-4.008
down,1763691480000,2025-11-21T02:18:00.000000000,2823.18,-1.573,1,1.65,11127.2,0.4036,1.619,4.3845,3.3e-05,0.959,2890.5,0.5156,0.409,2520.3,0.4724,0.142,15990.8,0.4638,-0.762,2603.7,0.4596,-1.783,3,38,whipsaw,2.423
down,1763710320000,2025-11-21T07:32:00.000000000,2735.01,-1.989,2,5.39,-3644.5,0.4232,2.089,4.2672,3.3e-05,-0.712,-23836.7,0.3869,-0.615,-22871.8,0.4677,-0.653,-8650.6,0.497,0.484,-3609.6,0.4972,-2.633,-1,1,trend,-1.001
down,1763725860000,2025-11-21T11:51:00.000000000,2677.34,-1.575,1,1.02,-795.5,0.4293,1.725,3.3324,1.9e-05,0.179,-2014.0,0.4321,0.406,-7602.8,0.4913,-0.892,-6558.1,0.4522,2.182,-2853.0,0.4756,-2.008,46,31,trend,-2.337
up,1763728800000,2025-11-21T12:40:00.000000000,2717.8,1.689,1,5.2,-8875.6,0.4439,1.884,7.8203,1.9e-05,0.766,9791.1,0.5414,0.327,15167.6,0.5485,0.402,15786.0,0.5396,1.157,17346.1,0.5401,2.356,193,29,trend,0.113
up,1763736720000,2025-11-21T14:52:00.000000000,2770.58,1.552,3,2.84,8098.8,0.4633,2.144,7.0438,1.9e-05,-0.084,-215.1,0.4804,-0.537,5822.5,0.4969,-1.308,3401.2,0.5034,-2.72,2636.5,0.4792,1.309,18,146,whipsaw,-0.894
down,1763738880000,2025-11-21T15:28:00.000000000,2731.96,-1.601,1,1.89,1265.6,0.4983,2.113,5.8303,1.9e-05,-0.231,-3989.9,0.4001,-1.118,1411.3,0.4201,-0.96,732.8,0.4701,-0.594,-6657.9,0.5017,-2.085,85,9,trend,-0.578
down,1763748240000,2025-11-21T18:04:00.000000000,2758.0,-1.537,1,1.03,5316.8,0.4691,1.641,5.1314,5.4e-05,-0.16,2539.1,0.3166,-1.214,-2196.7,0.3608,0.181,-14314.0,0.4477,1.015,-9786.6,0.4798,-1.793,44,10,trend,0.36
down,1763755620000,2025-11-21T20:07:00.000000000,2730.08,-1.523,1,0.78,-6475.8,0.4315,1.923,3.7714,5.4e-05,0.613,-478.9,0.5265,-0.141,-8152.6,0.4681,-0.186,-7811.7,0.4279,0.366,-8434.8,0.4827,-0.789,73,-1,whipsaw,-0.738
up,1763767860000,2025-11-21T23:31:00.000000000,2764.17,1.672,1,0.85,-8553.6,0.5627,1.533,3.4162,5.4e-05,-0.245,1645.0,0.4731,0.152,-259.7,0.5403,0.059,1031.9,0.5454,0.089,4282.1,0.5063,0.722,-1,-1,partial,0.384
up,1763949660000,2025-11-24T02:01:00.000000000,2831.1,1.664,1,2.19,1427.9,0.5834,1.487,4.4576,-0.0,0.696,-2305.8,0.6647,1.003,-1676.2,0.6056,0.937,1227.0,0.5874,0.431,862.3,0.5504,1.93,-1,13,trend,2.991
down,1763958180000,2025-11-24T04:23:00.000000000,2811.56,-1.545,1,4.21,2741.5,0.498,1.636,2.6355,-0.0,0.044,-2021.4,0.4025,0.451,-10772.2,0.4252,0.39,-10589.4,0.416,2.327,-5715.7,0.4243,-0.309,43,-1,whipsaw,-3.901
up,1763960880000,2025-11-24T05:08:00.000000000,2866.7,1.503,1,2.35,3393.4,0.41,1.577,2.6783,-0.0,0.507,-1034.3,0.4935,0.359,1663.1,0.472,0.14,10572.9,0.4468,-0.864,7709.0,0.4525,0.665,58,-1,whipsaw,2.281
down,1763976300000,2025-11-24T09:25:00.000000000,2790.65,-1.55,1,4.33,-3058.1,0.472,1.591,4.1855,7.6e-05,0.26,-516.9,0.4872,0.559,-552.7,0.4971,0.253,1172.7,0.4953,0.316,2926.8,0.4513,-0.095,222,-1,whipsaw,-2.783
up,1764005220000,2025-11-24T17:27:00.000000000,2912.24,1.834,1,3.75,16474.1,0.5714,1.7,4.0383,4.9e-05,0.081,-3184.4,0.4777,0.379,-2774.2,0.4698,0.859,1545.7,0.4897,0.965,4709.7,0.4283,2.567,-1,31,trend,0.712
down,1764082020000,2025-11-25T14:47:00.000000000,2869.01,-1.533,1,2.7,-2165.6,0.5063,2.115,3.5128,3.6e-05,0.155,6507.8,0.4049,0.16,10039.5,0.4769,0.344,8781.1,0.509,1.365,2357.2,0.529,-0.407,44,-1,whipsaw,-2.408
up,1764084780000,2025-11-25T15:33:00.000000000,2906.29,1.545,1,3.1,1195.2,0.5368,1.792,5.6121,3.6e-05,-0.324,-4363.5,0.5098,-0.074,-8877.5,0.5686,-0.271,-11336.8,0.5125,0.756,-11851.1,0.5219,1.797,228,60,trend,0.897
down,1764097440000,2025-11-25T19:04:00.000000000,2907.59,-1.57,1,1.96,-7319.7,0.393,1.844,2.6993,6e-06,-0.3,-3763.1,0.5136,-0.836,-13150.4,0.4248,-0.523,-13166.6,0.4106,0.53,-22480.7,0.4226,-1.221,75,17,trend,-3.989
up,1764100380000,2025-11-25T19:53:00.000000000,2919.7,1.57,1,1.89,-6071.9,0.4414,1.608,2.8466,6e-06,0.086,573.0,0.3872,0.255,1737.0,0.4509,0.472,11634.2,0.5101,0.55,11303.2,0.4923,2.093,-1,164,trend,3.95
up,1764111480000,2025-11-25T22:58:00.000000000,2977.08,1.653,1,3.02,2048.8,0.6156,1.737,2.9445,6e-06,-0.471,5285.1,0.4505,-0.031,4076.4,0.5437,-0.42,6569.0,0.5322,-0.598,8695.8,0.55,0.232,127,-1,whipsaw,1.777
up,1764173760000,2025-11-26T16:16:00.000000000,2954.16,1.531,2,3.0,10207.8,0.5624,1.777,3.4307,1.9e-05,-0.04,-1322.4,0.4671,-0.223,5886.6,0.5346,-0.146,5863.6,0.5223,-0.318,3573.5,0.5243,3.075,-1,77,trend,2.279
up,1764319920000,2025-11-28T08:52:00.000000000,3063.09,1.526,1,8.13,5462.3,0.6387,1.652,2.7655,2.6e-05,-0.178,-959.1,0.5422,-0.095,-2210.1,0.5692,-0.047,2457.4,0.5671,-0.296,10533.6,0.5827,0.323,143,-1,whipsaw,-1.799
up,1764337620000,2025-11-28T13:47:00.000000000,3079.73,1.665,1,3.1,83.1,0.6755,1.406,3.4686,2.6e-05,-0.278,-1244.1,0.4823,-0.23,-381.7,0.5062,-0.086,7802.4,0.5435,-0.595,9193.1,0.5133,0.626,154,-1,whipsaw,-2.577
down,1764547620000,2025-12-01T00:07:00.000000000,2952.97,-1.548,1,10.38,-554.4,0.4527,1.453,4.2266,5.4e-05,-1.126,-11350.5,0.4473,-1.794,-10292.3,0.468,-2.69,-11427.8,0.4677,-3.208,-16138.8,0.4629,-4.733,-1,1,trend,5.123
down,1764602760000,2025-12-01T15:26:00.000000000,2775.57,-1.657,1,4.83,-8407.2,0.4013,1.955,4.7621,7.8e-05,-0.363,-6872.0,0.3973,-1.527,-17290.3,0.4391,-1.046,-27452.2,0.4158,-1.583,-23298.3,0.38,-2.145,-1,8,trend,-7.147
up,1764686700000,2025-12-02T14:45:00.000000000,2901.19,1.524,2,6.69,15649.3,0.4853,1.671,3.9948,5.6e-05,-0.095,-32.5,0.5019,-0.136,-4623.0,0.4804,1.923,-22621.5,0.4932,3.725,-17871.9,0.4917,4.57,-1,19,trend,7.602
down,1764770580000,2025-12-03T14:03:00.000000000,3042.9,-1.614,2,3.34,6147.3,0.5274,1.559,2.9617,1.1e-05,-0.015,-16494.6,0.4764,0.866,-10541.2,0.5137,0.656,-8333.7,0.503,1.992,-26032.0,0.4948,-0.41,22,-1,whipsaw,-4.311
up,1764772680000,2025-12-03T14:38:00.000000000,3088.19,1.504,1,4.41,7309.7,0.5019,1.694,6.641,1.1e-05,1.794,-2917.6,0.5211,-0.222,-9163.8,0.4736,0.031,-8143.8,0.4751,-0.363,-12476.9,0.4679,1.862,43,3,trend,2.774
up,1764802860000,2025-12-03T23:01:00.000000000,3214.43,1.588,1,4.78,-3558.0,0.5255,1.752,5.9259,5e-05,-0.441,-5828.4,0.5632,-0.744,-4673.9,0.4836,-0.958,-4667.8,0.4665,-0.814,-764.5,0.4844,0.806,21,-1,whipsaw,-2.391
up,1764862740000,2025-12-04T15:39:00.000000000,3219.14,1.568,1,3.46,-6037.4,0.5105,1.546,6.6659,0.0001,-0.141,-8016.4,0.5867,-0.273,-10401.7,0.5308,-0.521,-10077.9,0.5013,-1.09,-8900.2,0.5265,0.182,26,-1,whipsaw,-2.604
down,1764867240000,2025-12-04T16:54:00.000000000,3166.13,-1.74,1,3.2,9399.9,0.4688,1.703,4.7541,9.6e-05,0.091,-1498.1,0.4574,-0.032,-6553.9,0.4569,-0.035,-6805.4,0.4784,-0.202,-7044.7,0.4689,-3.151,-1,120,trend,4.395
down,1764875640000,2025-12-04T19:14:00.000000000,3089.81,-1.565,1,3.47,1640.9,0.4721,1.63,3.5134,9.6e-05,-0.363,-14757.1,0.4343,0.123,-23360.5,0.4448,0.817,-39164.6,0.4683,0.86,-32857.2,0.477,-0.759,31,-1,whipsaw,2.546
up,1764877740000,2025-12-04T19:49:00.000000000,3126.46,1.555,1,4.53,-24861.7,0.4835,1.589,7.2824,9.6e-05,-0.075,7316.6,0.4105,-0.289,6513.1,0.4189,-0.207,6757.6,0.4924,0.34,6963.9,0.5058,0.819,-1,-1,partial,-3.075
up,1764947400000,2025-12-05T15:10:00.000000000,3137.59,1.527,1,6.25,11120.1,0.4941,1.775,7.9324,9.8e-05,0.202,2552.3,0.6327,0.009,3703.7,0.5286,-0.207,3050.1,0.4943,-2.467,10245.6,0.4582,0.317,46,-1,whipsaw,-2.78
down,1764950580000,2025-12-05T16:03:00.000000000,3091.5,-1.74,1,3.59,1889.4,0.4297,1.689,5.0966,4.9e-05,-0.89,10570.5,0.4,-0.715,1613.8,0.4415,-1.22,-5124.9,0.4338,-1.924,-12861.9,0.4865,-3.507,-1,7,trend,1.414
up,1764958080000,2025-12-05T18:08:00.000000000,3061.35,1.628,1,2.9,-2911.4,0.5813,1.673,3.9866,4.9e-05,-0.303,-2149.6,0.5099,-0.973,4310.2,0.4801,-1.333,1860.1,0.4592,-2.055,4345.7,0.4664,0.064,13,-1,whipsaw,-0.378
down,1765117440000,2025-12-07T14:24:00.000000000,2971.37,-2.001,1,11.3,-8553.9,0.3807,1.494,5.0472,-1e-05,-1.056,2686.3,0.4205,-0.803,1284.4,0.4873,-0.964,3065.0,0.4792,-0.494,11174.8,0.5219,-2.149,0,1,whipsaw,-5.853
up,1765122900000,2025-12-07T15:55:00.000000000,3021.41,2.165,2,11.26,4898.1,0.5386,1.561,5.3141,-1e-05,-0.089,-3339.7,0.5329,-0.605,-3926.3,0.4256,-0.224,-5011.6,0.4407,-0.12,-3148.2,0.4297,4.256,-1,81,trend,2.918
down,1765144440000,2025-12-07T21:54:00.000000000,3077.9,-1.501,1,5.77,-7235.5,0.4178,1.537,4.3745,1.4e-05,0.242,-1611.6,0.602,-1.215,-10196.2,0.5118,-1.436,-24312.9,0.5224,-1.202,-27189.1,0.5227,-2.085,215,11,trend,-2.238
up,1765157400000,2025-12-08T01:30:00.000000000,3112.09,1.584,1,5.12,2619.6,0.5907,1.353,6.0476,2.8e-05,0.238,-1790.7,0.5089,0.176,-1316.9,0.4906,-0.62,-4171.6,0.4269,-0.497,-2819.5,0.4722,0.834,-1,-1,partial,-0.131
up,1765184700000,2025-12-08T09:05:00.000000000,3175.46,1.528,1,3.96,-2439.8,0.5762,1.704,2.9672,7.2e-05,-0.235,-161.4,0.5222,-0.462,-3079.0,0.4903,-0.446,-1985.0,0.4895,-0.56,217.8,0.5126,0.159,154,-1,whipsaw,-1.812
down,1765206120000,2025-12-08T15:02:00.000000000,3120.5,-1.524,1,7.15,9892.3,0.4457,1.653,7.3414,7.2e-05,0.344,1424.3,0.4899,-0.114,-468.6,0.4672,-0.209,-92.1,0.495,-0.82,-966.1,0.4639,-1.446,-1,42,trend,-1.359
up,1765292520000,2025-12-09T15:02:00.000000000,3162.92,2.07,3,5.39,2551.9,0.3419,1.658,4.7214,6.2e-05,-0.473,4393.4,0.3613,-0.876,2732.6,0.3651,-0.504,1575.7,0.3628,3.562,9719.6,0.4073,7.428,6,42,whipsaw,5.098
down,1765311960000,2025-12-09T20:26:00.000000000,3308.63,-1.544,1,3.88,-5530.1,0.4338,1.59,3.6059,3.9e-05,0.539,-9370.4,0.5645,0.473,-7951.9,0.5423,0.501,-5484.0,0.5017,0.757,-6632.2,0.4705,-0.714,132,-1,whipsaw,-2.972
up,1765361040000,2025-12-10T10:04:00.000000000,3370.56,1.548,1,3.56,-2686.7,0.6257,1.464,4.9369,7.4e-05,-0.555,329.7,0.359,-0.854,512.6,0.4144,-1.285,4449.6,0.4253,-1.626,9005.5,0.4398,0.05,13,-1,whipsaw,-5.063
up,1765391880000,2025-12-10T18:38:00.000000000,3421.2,1.678,2,4.49,-3224.6,0.5074,1.655,4.6214,3.5e-05,-0.747,2652.0,0.5285,-1.075,-2772.3,0.4741,-1.151,-10924.6,0.4719,-0.795,12997.7,0.488,0.767,3,-1,whipsaw,-6.461
down,1765399620000,2025-12-10T20:47:00.000000000,3384.18,-1.721,1,5.62,6249.2,0.4332,1.593,10.5207,3.5e-05,-0.571,-0.7,0.3665,-0.54,-3157.3,0.4231,-0.762,-8055.0,0.4498,-0.904,-9882.9,0.4451,-3.428,-1,7,trend,5.05
down,1765413960000,2025-12-11T00:46:00.000000000,3271.43,-1.531,1,4.38,-4316.1,0.3785,1.749,4.4362,6.9e-05,-0.109,-2027.9,0.5277,0.141,-498.0,0.5395,-0.208,1571.4,0.453,-0.223,-1961.7,0.4319,-3.19,-1,81,trend,1.235
down,1765422720000,2025-12-11T03:12:00.000000000,3176.64,-1.567,1,5.41,-341.8,0.3535,1.895,4.3555,6.9e-05,-0.154,874.4,0.5221,0.127,-4993.1,0.5557,0.104,-6717.4,0.548,0.695,-16314.2,0.5353,-0.301,99,-1,whipsaw,-2.502
up,1765466700000,2025-12-11T15:25:00.000000000,3203.29,1.5,1,4.54,7638.5,0.5405,1.701,6.9755,1e-06,-0.605,-4672.6,0.3947,-1.128,-10266.5,0.4015,-0.794,-9008.9,0.4302,-1.078,-13389.6,0.4478,0.967,13,-1,whipsaw,-0.353
up,1765488720000,2025-12-11T21:32:00.000000000,3269.43,1.586,1,5.56,-25779.9,0.5029,1.76,4.6452,2.6e-05,-0.611,-4090.2,0.4537,-0.283,-7526.7,0.5078,-0.556,-7186.2,0.4334,-0.826,-9480.7,0.4342,0.121,50,-1,whipsaw,-5.555
down,1765553160000,2025-12-12T15:26:00.000000000,3179.4,-1.703,1,4.05,10826.8,0.4275,1.609,6.0303,3.2e-05,-0.701,-3308.4,0.4008,-2.607,12011.5,0.4118,-3.285,29813.3,0.4263,-3.126,58209.3,0.4646,-4.217,-1,5,trend,1.981
down,1765810140000,2025-12-15T14:49:00.000000000,3090.59,-1.626,1,6.16,-2845.0,0.4587,1.76,5.4621,3.4e-05,-0.792,-3551.0,0.537,-2.298,2905.1,0.4736,-2.578,6766.5,0.496,-2.388,38315.9,0.4763,-6.342,-1,7,trend,4.966
up,1765825380000,2025-12-15T19:03:00.000000000,2961.55,1.534,1,6.96,11649.4,0.6317,1.813,6.3248,2.1e-05,-0.401,5358.1,0.4062,-0.693,5462.2,0.4533,-0.342,9740.0,0.5118,-0.969,10035.9,0.5421,0.1,10,-1,whipsaw,-0.593
down,1765893540000,2025-12-16T13:59:00.000000000,2910.67,-1.847,1,4.84,-13766.3,0.4781,1.925,6.4769,2.3e-05,-0.321,3093.6,0.5033,0.42,5174.5,0.5416,0.78,5043.9,0.5332,1.054,7987.8,0.5128,-0.822,23,-1,whipsaw,-1.163
up,1765895460000,2025-12-16T14:31:00.000000000,2943.8,1.846,2,3.81,3641.3,0.537,1.814,5.9048,2.3e-05,-0.015,-469.9,0.4687,-0.652,1801.0,0.4852,-0.097,1373.5,0.4925,-0.376,-1151.0,0.4939,1.093,56,85,whipsaw,0.05
down,1765982760000,2025-12-17T14:46:00.000000000,2896.54,-1.696,2,6.58,-5920.8,0.4081,1.893,4.03,3.7e-05,0.896,-17147.0,0.5524,2.961,-16570.2,0.5362,4.21,-31551.4,0.5205,1.47,-39150.1,0.5093,-2.67,5,89,whipsaw,-1.775
up,1765983540000,2025-12-17T14:59:00.000000000,2995.89,1.827,1,19.23,-22332.5,0.4833,1.739,7.8566,3.7e-05,0.037,2505.1,0.4854,0.838,-11764.9,0.5026,0.602,-12670.1,0.4982,-3.045,-24522.3,0.5017,1.169,43,8,trend,-1.517
down,1765997700000,2025-12-17T18:55:00.000000000,2809.39,-1.69,1,5.83,-11047.2,0.5173,1.823,3.5121,1e-06,0.097,4603.9,0.5029,-0.55,4840.5,0.445,0.075,15144.6,0.497,0.246,14586.1,0.5319,-0.654,213,-1,whipsaw,-0.457
up,1766065560000,2025-12-18T13:46:00.000000000,2938.65,1.552,2,9.43,4701.0,0.5099,2.015,5.8503,-3.2e-05,0.887,-8422.3,0.5373,1.507,-10550.4,0.4973,0.53,-10382.2,0.4679,0.316,4407.2,0.4837,1.999,200,3,trend,0.796
down,1766077620000,2025-12-18T17:07:00.000000000,2895.06,-1.712,1,4.47,-4260.4,0.4594,1.911,3.5745,5.9e-05,-1.263,-14091.1,0.4382,-2.765,-21729.2,0.4501,-2.292,-29383.8,0.5054,-1.934,-36587.5,0.537,-4.141,-1,2,trend,-3.135
down,1766087460000,2025-12-18T19:51:00.000000000,2782.87,-1.591,1,5.94,1741.1,0.4912,1.567,7.3176,5.9e-05,0.055,280.7,0.4956,0.778,-953.3,0.5418,0.79,2187.3,0.5756,0.264,7145.0,0.5751,-0.276,13,-1,whipsaw,-7.237
up,1766114700000,2025-12-19T03:25:00.000000000,2891.69,1.89,1,4.39,-10577.5,0.5736,1.571,5.4272,5.8e-05,0.788,5888.0,0.5827,0.765,10881.3,0.5179,0.836,12117.3,0.4442,1.197,20963.7,0.5111,3.204,-1,6,trend,3.387
up,1766127960000,2025-12-19T07:06:00.000000000,2971.19,1.633,1,2.52,-4580.4,0.6069,1.638,3.8466,5.8e-05,0.316,1485.4,0.5908,-0.464,6356.1,0.5612,-0.621,6951.3,0.5135,-0.426,16170.2,0.5984,0.442,83,-1,whipsaw,0.277
down,1766159220000,2025-12-19T15:47:00.000000000,2960.44,-1.795,1,4.47,-3120.6,0.4961,1.764,6.2307,7.3e-05,-0.02,-855.0,0.3658,0.42,-559.6,0.4594,0.743,6965.3,0.4874,0.419,14866.4,0.4897,-0.815,44,-1,whipsaw,-0.548
up,1766362440000,2025-12-22T00:14:00.000000000,3045.6,1.523,1,6.34,842.0,0.509,1.528,2.7521,-2.3e-05,-0.584,-13204.6,0.4763,-0.521,-21336.0,0.4982,-0.412,-19255.3,0.5081,-0.512,-9413.0,0.5019,0.491,6,-1,whipsaw,-1.199
down,1766369100000,2025-12-22T02:05:00.000000000,2988.94,-1.77,1,5.83,-4166.9,0.4785,1.514,3.6038,-2.3e-05,0.224,-6069.7,0.4327,0.275,-2151.1,0.5215,0.501,268.5,0.5734,0.47,-385.3,0.5479,-0.551,65,-1,whipsaw,-0.861
up,1766715300000,2025-12-26T02:15:00.000000000,2970.72,1.72,1,7.92,-15494.4,0.464,1.44,2.4293,5e-05,0.328,-9995.5,0.5015,0.577,-9747.6,0.4618,0.271,-12317.0,0.4594,-0.07,-12487.1,0.4829,0.796,-1,-1,partial,-1.509
down,1766760540000,2025-12-26T14:49:00.000000000,2933.62,-1.641,1,7.26,-9045.1,0.4739,1.986,3.4783,6.5e-05,-0.37,-3175.5,0.5101,-0.661,-5771.5,0.5198,-0.718,5803.6,0.5183,-0.383,20249.2,0.5256,-1.334,-1,11,trend,0.097
down,1767001500000,2025-12-29T09:45:00.000000000,2958.39,-1.767,1,9.57,-10900.1,0.4641,1.669,3.4093,8.5e-05,0.074,382.4,0.4944,0.588,-10973.9,0.5346,0.494,-14770.2,0.5452,0.471,-16447.6,0.5301,-1.627,-1,146,trend,-0.641
down,1767010380000,2025-12-29T12:13:00.000000000,2920.08,-1.502,1,7.06,-9777.7,0.4266,1.686,3.291,8.5e-05,-0.11,-6389.8,0.4774,0.406,-7554.6,0.5661,0.34,-7824.6,0.5478,0.474,-3032.2,0.5713,-0.337,139,-1,whipsaw,-2.196
up,1767082200000,2025-12-30T08:10:00.000000000,2998.46,1.596,1,5.09,-5852.5,0.5211,1.445,2.4762,3.9e-05,-0.014,-13769.6,0.5696,-0.6,-10241.5,0.539,-0.521,-4818.6,0.5256,-0.622,-4556.4,0.479,0.173,-1,-1,partial,-0.672
up,1767365280000,2026-01-02T14:48:00.000000000,3081.27,1.742,2,14.12,-6195.0,0.5286,1.656,4.8569,3.1e-05,0.205,-3250.8,0.5008,-0.126,6392.1,0.4591,-0.308,9813.6,0.4901,0.373,9904.2,0.5127,2.231,-1,87,trend,0.802
up,1767635700000,2026-01-05T17:55:00.000000000,3212.81,1.602,1,4.18,1790.8,0.5661,1.813,2.8917,5.1e-05,-0.003,3429.6,0.4952,-0.214,1226.3,0.4874,-0.32,6834.0,0.5054,0.221,8119.4,0.5403,1.645,-1,128,trend,-0.239
up,1767708960000,2026-01-06T14:16:00.000000000,3282.58,1.534,1,6.78,-1489.8,0.603,1.694,3.3634,6.9e-05,0.271,-6077.2,0.5856,0.349,5355.0,0.5498,0.239,14116.5,0.5222,0.234,8763.2,0.5342,0.801,131,-1,whipsaw,-2.692
down,1767722160000,2026-01-06T17:56:00.000000000,3196.5,-1.673,1,5.89,-9108.0,0.4589,1.719,3.6938,4.3e-05,0.133,-11415.4,0.4513,0.646,-18936.5,0.5639,0.626,-27977.3,0.5426,0.852,-31179.4,0.5548,-0.414,52,-1,whipsaw,1.299
up,1767735240000,2026-01-06T21:34:00.000000000,3298.96,1.801,1,4.02,-14656.2,0.4611,1.519,4.0376,4.3e-05,-0.325,-3283.1,0.3286,-0.599,-1149.7,0.3837,-0.419,3620.8,0.442,-0.903,6090.3,0.4241,0.08,62,-1,whipsaw,-4.565
down,1767799080000,2026-01-07T15:18:00.000000000,3147.54,-1.504,1,5.44,1002.3,0.5085,1.802,5.21,7.3e-05,0.315,-578.3,0.4963,0.331,3919.9,0.4744,0.601,7531.6,0.5173,0.792,6920.0,0.521,-0.703,66,-1,whipsaw,1.725
up,1767972420000,2026-01-09T15:27:00.000000000,3117.78,1.512,1,6.21,19358.0,0.6018,1.601,5.2017,3.8e-05,0.554,-9956.9,0.5659,0.013,-16338.0,0.4949,-0.464,-25572.0,0.501,0.297,-1181.9,0.5371,0.887,178,-1,whipsaw,-0.795
up,1768342140000,2026-01-13T22:09:00.000000000,3292.5,2.495,1,9.47,89.3,0.4837,1.247,2.4531,2.7e-05,0.874,-25678.1,0.4603,1.03,-26571.8,0.4467,1.095,-18870.6,0.4667,1.226,-8177.1,0.4756,2.287,0,1,whipsaw,2.241
up,1768418940000,2026-01-14T19:29:00.000000000,3390.84,1.54,1,2.71,6894.7,0.5497,1.4,6.0131,8.3e-05,-0.603,6946.6,0.5139,-0.603,6110.3,0.5408,-0.691,3094.4,0.4883,-0.73,6828.0,0.4488,0.27,185,-1,whipsaw,-3.013
down,1768488360000,2026-01-15T14:46:00.000000000,3326.74,-1.515,2,4.17,8204.6,0.3952,2.081,4.1176,7e-06,0.52,14020.2,0.5945,0.693,19594.1,0.5175,0.663,20147.5,0.4989,-0.485,20292.7,0.4867,-1.594,-1,63,trend,0.777
down,1768780860000,2026-01-19T00:01:00.000000000,3243.5,-2.259,1,18.61,-15919.4,0.4947,1.624,3.8855,5.2e-05,-0.026,-13736.3,0.4927,-0.989,-20851.0,0.4638,-1.51,-28018.0,0.4824,-0.927,-20694.3,0.4816,-2.029,-1,14,trend,1.688
down,1768921620000,2026-01-20T15:07:00.000000000,3006.75,-1.794,1,11.59,17519.3,0.5015,1.867,6.4031,6.1e-05,0.468,-3115.3,0.4907,0.629,23936.8,0.4805,0.887,22938.6,0.4906,0.741,22203.0,0.4845,-0.748,28,-1,whipsaw,0.495
down,1768948380000,2026-01-20T22:33:00.000000000,2943.57,-1.727,1,3.77,70.8,0.5107,1.574,2.7038,1.2e-05,0.112,-24886.4,0.4571,0.211,-21399.4,0.5522,-0.117,-16857.3,0.5109,0.083,-21545.8,0.5159,-0.801,0,-1,whipsaw,-2.662
down,1768997700000,2026-01-21T12:15:00.000000000,2917.14,-1.641,1,5.45,-11067.2,0.3692,1.748,3.8979,5e-06,-0.094,1137.3,0.4205,-0.396,3254.8,0.4604,0.098,5619.2,0.5142,0.852,8945.1,0.5586,-0.519,110,-1,whipsaw,-2.548
up,1769004780000,2026-01-21T14:13:00.000000000,2975.36,1.606,1,3.31,587.6,0.5447,1.585,5.189,5e-06,0.111,-1676.5,0.6455,-0.226,-212.8,0.5257,0.018,-210.8,0.533,0.58,14060.9,0.539,1.73,141,63,trend,0.114
down,1769012580000,2026-01-21T16:23:00.000000000,2950.0,-1.832,1,2.63,6474.0,0.4719,1.524,3.5152,1.1e-05,0.501,-4332.6,0.4687,-0.926,-4094.4,0.4432,-1.127,-12538.4,0.5074,-1.944,-31471.6,0.5018,-2.844,186,17,trend,0.233
up,1769023680000,2026-01-21T19:28:00.000000000,2973.88,1.588,1,3.04,-2382.4,0.54,1.447,3.7966,1.1e-05,0.818,11263.5,0.5666,2.053,16395.2,0.5351,2.767,22486.0,0.5203,1.326,13219.4,0.4976,3.201,-1,6,trend,-0.931
down,1769027100000,2026-01-21T20:25:00.000000000,3008.11,-1.558,1,4.37,-9266.6,0.4567,1.807,5.7245,1.1e-05,0.129,1204.3,0.5609,0.442,1072.4,0.5573,0.749,-81.4,0.5065,0.821,2582.7,0.4864,-1.177,52,204,whipsaw,2.121
up,1769183280000,2026-01-23T15:48:00.000000000,2956.65,1.742,2,3.89,-4506.1,0.5338,1.894,3.5286,2.9e-05,-0.418,-2643.6,0.4275,0.026,-3520.3,0.5109,-0.022,11517.0,0.4935,0.545,6236.7,0.5078,2.118,-1,98,trend,0.147
down,1769358000000,2026-01-25T16:20:00.000000000,2884.1,-1.584,1,35.38,-7125.1,0.4582,1.955,3.7276,4.1e-05,0.403,11079.1,0.466,0.09,13984.8,0.4903,0.416,16319.7,0.5078,0.12,22483.1,0.4746,-3.013,-1,113,trend,-0.464
down,1769365920000,2026-01-25T18:32:00.000000000,2834.3,-1.6,1,31.61,-13314.1,0.3764,1.917,4.0438,4.1e-05,0.121,-6480.9,0.5191,0.286,-6451.8,0.4646,0.505,-6344.0,0.4219,-0.623,-7450.9,0.3967,-1.669,-1,81,trend,-3.337
down,1769442060000,2026-01-26T15:41:00.000000000,2893.38,-1.506,1,3.25,-6313.2,0.4659,2.4,3.8969,6.5e-05,-0.056,-1962.5,0.4882,0.35,-1246.1,0.5411,0.226,691.9,0.5114,0.397,11088.3,0.5159,-0.256,156,-1,whipsaw,-0.941
up,1769530080000,2026-01-27T16:08:00.000000000,2969.34,1.617,1,4.75,-1547.5,0.6184,1.818,2.9452,9.5e-05,0.361,-1225.5,0.5102,0.379,-4478.2,0.5083,0.746,1840.2,0.5009,0.308,10424.9,0.5028,0.983,69,-1,whipsaw,1.085
down,1769534160000,2026-01-27T17:16:00.000000000,2942.74,-1.681,1,3.17,1073.5,0.4712,1.703,3.0362,9.5e-05,-0.187,-10161.9,0.4521,0.318,-16344.0,0.5622,-0.748,-16252.4,0.4594,0.059,-13871.8,0.5027,-0.838,101,-1,whipsaw,-2.141
down,1769654940000,2026-01-29T02:49:00.000000000,2948.6,-1.578,1,5.1,-12162.8,0.3756,1.973,3.9086,4.7e-05,0.132,-3430.1,0.5208,0.515,-1995.8,0.5642,0.434,-3352.8,0.559,0.08,-1584.4,0.5311,-0.375,-1,-1,partial,7.376
down,1769698680000,2026-01-29T14:58:00.000000000,2878.73,-1.511,1,7.52,4920.1,0.4576,1.908,2.959,4.1e-05,-1.17,5995.6,0.4458,-1.983,10245.9,0.4725,-1.429,-14228.5,0.5059,-1.945,-3413.6,0.5015,-4.314,-1,5,trend,5.078
down,1769711400000,2026-01-29T18:30:00.000000000,2779.18,-1.622,1,11.31,19807.1,0.462,1.986,3.1376,-1.2e-05,0.774,-11318.2,0.4278,0.819,-9802.4,0.4902,-0.64,-17873.3,0.4594,0.694,-19918.1,0.4978,-0.887,10,-1,whipsaw,3.928
up,1769715180000,2026-01-29T19:33:00.000000000,2806.62,1.505,1,7.41,-2044.8,0.5476,1.741,4.7583,-1.2e-05,-0.209,-1340.5,0.5082,-0.299,3419.8,0.5075,-0.522,7466.5,0.5279,-0.366,8004.6,0.5394,0.663,-1,-1,partial,-1.969
down,1769737260000,2026-01-30T01:41:00.000000000,2745.46,-2.256,1,5.94,-10927.1,0.4476,1.642,5.9603,5e-06,-0.799,-14655.5,0.4592,0.086,-18463.5,0.4882,-0.371,-19192.8,0.4786,0.019,-16376.9,0.4899,-2.056,0,1,whipsaw,1.57
up,1769757360000,2026-01-30T07:16:00.000000000,2740.45,1.506,1,3.28,8213.3,0.4946,1.603,3.869,5e-06,0.031,1780.2,0.5158,-0.359,3651.2,0.4662,-0.331,4090.6,0.5508,0.162,952.9,0.6008,0.29,155,-1,whipsaw,-1.76
down,1769787060000,2026-01-30T15:31:00.000000000,2696.71,-1.559,1,3.67,13797.7,0.467,1.807,5.3455,-3e-06,1.318,20055.5,0.5094,1.271,14310.5,0.4899,1.154,13756.0,0.4909,1.249,13075.9,0.4934,-2.251,4,167,whipsaw,5.736
down,1769796960000,2026-01-30T18:16:00.000000000,2679.8,-1.583,1,2.94,13038.4,0.5276,1.597,4.6828,-1e-06,-1.106,-226.9,0.4361,-0.353,-24542.3,0.4778,1.029,-27229.2,0.5103,2.496,-34053.4,0.5225,-1.634,28,4,trend,10.515
up,1769798820000,2026-01-30T18:47:00.000000000,2731.41,1.983,1,8.81,-27229.2,0.5193,1.873,6.7652,-1e-06,-0.194,1023.9,0.5116,0.433,-6113.1,0.5388,0.61,-6824.2,0.5398,0.474,-11066.1,0.5213,1.1,94,33,trend,-13.294
down,1769804460000,2026-01-30T20:21:00.000000000,2693.87,-1.809,1,2.97,894.4,0.5107,1.504,5.05,-1e-06,-0.202,4638.1,0.4633,-0.846,30074.3,0.5139,-0.635,37418.7,0.5365,0.658,38067.4,0.5618,-1.078,-1,17,trend,11.64
down,1769848560000,2026-01-31T08:36:00.000000000,2637.25,-1.566,1,3.65,-2088.9,0.4381,1.808,3.6,1.9e-05,-0.274,2821.8,0.4386,0.158,-5299.1,0.5076,0.235,-5765.7,0.5243,0.688,-3890.7,0.5016,-1.039,-1,4,trend,8.414
down,1769869380000,2026-01-31T14:23:00.000000000,2584.41,-1.607,1,7.75,1435.5,0.4814,1.877,4.6776,1.9e-05,-1.99,-138.4,0.4376,-2.26,-4585.0,0.4699,-2.076,-7453.9,0.4994,-1.716,-18120.8,0.5128,-8.296,-1,3,trend,8.278
down,1769878200000,2026-01-31T16:50:00.000000000,2505.38,-1.503,3,7.12,-5801.3,0.4873,1.997,5.96,-8.9e-05,-0.902,-1333.3,0.4043,-1.354,3752.3,0.4265,-3.425,-20256.5,0.4472,-4.206,-11570.5,0.4264,-10.193,-1,7,trend,7.973
up,1769886540000,2026-01-31T19:09:00.000000000,2412.01,2.402,1,28.11,17537.5,0.495,1.694,20.78,-8.9e-05,0.176,-564.1,0.4993,-0.226,-6561.9,0.4878,-1.498,-14164.8,0.4541,-1.387,-3967.3,0.46,0.898,23,-1,whipsaw,-2.941
up,1769901720000,2026-01-31T23:22:00.000000000,2450.39,1.566,1,3.2,7595.3,0.4687,1.792,4.0676,-8.9e-05,0.199,-404.7,0.4305,0.312,3506.5,0.4176,-0.122,2172.0,0.393,0.655,6893.4,0.4067,1.044,-1,54,trend,-8.464
down,1769942220000,2026-02-01T10:37:00.000000000,2390.01,-1.735,1,1.51,-6042.7,0.2531,1.646,2.6403,1.4e-05,0.21,1465.1,0.323,0.074,2382.3,0.3247,0.0,1356.9,0.3644,0.603,5071.5,0.3708,-2.134,65,107,whipsaw,4.725
down,1769956500000,2026-02-01T14:35:00.000000000,2341.98,-1.571,2,2.0,7514.3,0.448,1.826,5.169,1.4e-05,0.037,9429.1,0.388,1.551,10201.6,0.4544,0.737,13514.4,0.4311,-2.013,34599.2,0.4086,-2.468,15,44,whipsaw,-0.429
up,1769968920000,2026-02-01T18:02:00.000000000,2344.33,1.582,1,4.18,1159.7,0.594,1.658,3.3317,-7.3e-05,0.064,2199.6,0.4776,0.703,-10585.3,0.4739,0.621,-16113.0,0.4525,0.046,-17657.5,0.4529,1.436,0,18,whipsaw,0.355
down,1769980080000,2026-02-01T21:08:00.000000000,2299.5,-1.94,2,1.87,3999.5,0.4033,2.162,2.7928,-7.3e-05,0.052,493.3,0.4307,0.174,-2014.8,0.4328,0.624,-2404.5,0.4558,0.251,69.2,0.4504,-3.37,63,117,whipsaw,-1.614
up,1769989020000,2026-02-01T23:37:00.000000000,2294.74,2.34,3,7.81,25845.8,0.4603,1.887,9.6372,-7.3e-05,-0.153,-9470.0,0.5087,-0.984,-4289.7,0.4798,-0.895,-9548.0,0.5014,0.714,-14319.3,0.4968,1.282,14,40,whipsaw,2.505
down,1769994480000,2026-02-02T01:08:00.000000000,2285.9,-1.519,2,1.48,7334.9,0.4897,1.563,5.2307,-0.000153,-1.114,-2530.4,0.4072,0.53,-3457.6,0.4679,0.703,-1743.7,0.4828,-0.01,-2652.8,0.4817,-5.239,17,4,trend,-2.571
up,1770004320000,2026-02-02T03:52:00.000000000,2232.62,2.069,1,6.0,32901.5,0.4939,1.924,10.3666,-0.000153,0.375,-4955.9,0.5082,-0.768,-12697.3,0.5004,0.474,-12384.6,0.5167,0.783,-9984.1,0.508,1.585,20,33,whipsaw,4.143
down,1770008760000,2026-02-02T05:06:00.000000000,2229.32,-1.508,1,1.04,-2873.9,0.4782,1.691,3.359,-0.000153,-0.552,-2516.0,0.4099,-0.598,4654.5,0.4852,-1.956,3826.1,0.5033,-1.674,1062.0,0.516,-3.238,161,10,trend,-4.989
up,1770015420000,2026-02-02T06:57:00.000000000,2227.29,1.504,1,4.89,-15664.7,0.5027,1.737,8.2548,-0.000153,-0.052,734.4,0.4934,0.047,5989.5,0.5104,0.071,7507.2,0.5155,0.317,9591.0,0.548,4.118,-1,50,trend,4.244
up,1770024660000,2026-02-02T09:31:00.000000000,2279.13,1.662,1,1.09,5367.7,0.4657,1.664,5.2262,-8.2e-05,0.591,-10957.5,0.4511,0.777,-17191.6,0.4813,0.483,-19525.2,0.4952,0.566,-12052.3,0.4996,2.051,-1,6,trend,0.012
up,1770043200000,2026-02-02T14:40:00.000000000,2365.61,2.354,2,3.89,11256.2,0.4711,2.005,7.8797,-8.2e-05,-0.729,336.3,0.4889,-0.811,-319.6,0.4869,-1.077,-16732.3,0.5038,1.015,-22080.3,0.4858,1.311,14,59,whipsaw,-3.208
down,1770087780000,2026-02-03T03:03:00.000000000,2287.22,-1.676,1,1.15,2462.9,0.4187,1.808,3.601,-0.000155,0.615,7288.2,0.598,0.551,9527.8,0.5213,1.453,3660.8,0.5159,2.36,8607.9,0.515,-0.12,22,-1,whipsaw,1.474
up,1770089700000,2026-02-03T03:35:00.000000000,2325.85,1.509,1,0.99,-3816.7,0.5265,1.668,4.2148,-0.000155,0.004,-106.3,0.5302,0.019,1571.8,0.4953,0.53,4132.7,0.5293,0.635,5621.6,0.5235,1.253,152,37,trend,-2.149
down,1770109980000,2026-02-03T09:13:00.000000000,2290.38,-1.608,1,1.82,1201.6,0.5099,1.55,3.1193,1e-05,-0.288,12946.9,0.4868,-0.717,6457.3,0.4453,0.135,4841.8,0.5196,0.242,4742.0,0.5532,-1.233,-1,3,trend,0.783
down,1770130440000,2026-02-03T14:54:00.000000000,2266.99,-1.506,3,3.77,-3272.8,0.4578,1.631,7.9145,1e-05,-0.432,1701.7,0.4393,0.321,2498.9,0.4961,-0.095,1957.3,0.491,1.45,-7337.7,0.4756,-6.925,32,96,whipsaw,3.241
up,1770132360000,2026-02-03T15:26:00.000000000,2307.79,2.057,1,4.14,-73.7,0.491,1.801,7.0266,1e-05,-0.799,-8988.8,0.448,-1.009,-5923.7,0.4663,-0.421,-12343.2,0.4595,-1.78,-13340.6,0.456,0.244,0,-1,whipsaw,-5.503
up,1770145920000,2026-02-03T19:12:00.000000000,2177.86,2.284,2,8.07,-20458.8,0.5022,1.693,7.6269,-3.9e-05,0.105,-7727.3,0.4966,0.042,2244.1,0.4969,1.222,6080.6,0.4934,0.627,793.0,0.4876,7.62,-1,8,trend,-1.287
down,1770154740000,2026-02-03T21:39:00.000000000,2291.14,-1.895,2,2.86,-3121.6,0.4479,1.748,4.0403,-3.9e-05,0.203,-6294.2,0.4587,-0.369,-1490.4,0.4674,-1.35,-3657.2,0.4768,-1.316,-9736.6,0.4658,-3.418,-1,27,trend,6.359
down,1770212880000,2026-02-04T13:48:00.000000000,2199.39,-1.573,4,2.3,9358.8,0.3761,1.794,3.3155,2.1e-05,0.51,-2251.3,0.4499,0.078,-1212.4,0.5279,0.391,-1269.1,0.548,0.375,2033.2,0.5276,-4.815,48,70,whipsaw,6.6
up,1770225300000,2026-02-04T17:15:00.000000000,2150.16,1.645,3,4.8,-6668.7,0.5448,1.711,6.8228,-6.1e-05,-0.91,1234.0,0.4497,-1.948,2175.7,0.5001,-1.736,2305.5,0.5106,-2.818,5501.1,0.5426,2.072,5,85,whipsaw,-8.401
down,1770241440000,2026-02-04T21:44:00.000000000,2124.02,-1.836,2,1.49,14902.9,0.4523,1.866,2.8666,-6.1e-05,-0.521,-1935.3,0.479,0.272,-3137.6,0.5342,-0.476,-11836.6,0.5237,0.282,-15096.0,0.5226,-1.695,37,21,trend,12.489
up,1770243660000,2026-02-04T22:21:00.000000000,2145.93,1.646,2,2.27,-11524.9,0.5455,1.542,5.6648,-6.1e-05,0.886,-5482.6,0.5513,0.072,-1741.0,0.5014,-0.659,-5283.4,0.5127,-0.335,-5276.6,0.475,1.297,36,6,trend,-14.737
down,1770257160000,2026-02-05T02:06:00.000000000,2131.83,-1.555,2,1.32,-7041.6,0.5032,1.85,3.9948,5.5e-05,0.316,1243.5,0.5141,0.167,1588.4,0.4949,1.172,736.6,0.5208,-0.732,7675.5,0.5124,-2.539,29,69,whipsaw,9.431
up,1770259380000,2026-02-05T02:43:00.000000000,2162.18,1.543,1,1.95,2873.8,0.5363,1.997,4.4334,5.5e-05,-1.248,4859.6,0.4248,-1.456,4392.2,0.4654,-2.091,2615.0,0.4817,-2.12,4368.0,0.4797,0.024,5,-1,whipsaw,-11.077
up,1770266760000,2026-02-05T04:46:00.000000000,2120.62,1.608,1,2.16,-3190.9,0.4751,2.059,4.0341,5.5e-05,-0.163,-1695.9,0.4816,-0.719,-2266.6,0.4233,-0.433,-606.8,0.468,-0.814,-211.8,0.4557,0.185,10,-1,whipsaw,-10.035
down,1770268860000,2026-02-05T05:21:00.000000000,2082.3,-1.647,1,1.46,3982.3,0.4501,1.643,3.6566,5.5e-05,0.162,2987.1,0.3375,0.91,843.0,0.46,1.05,-8134.4,0.4606,-0.038,-4186.7,0.4789,-0.677,16,-1,whipsaw,7.61
up,1770275820000,2026-02-05T07:17:00.000000000,2109.65,1.671,1,1.99,-2749.3,0.5048,1.797,3.7876,5.5e-05,0.236,2377.4,0.5107,0.185,6259.6,0.5275,-0.256,4698.7,0.5689,-0.309,7688.5,0.5424,1.901,40,111,whipsaw,-10.106
down,1770278220000,2026-02-05T07:57:00.000000000,2089.7,-1.561,1,1.33,-1647.4,0.5793,1.826,3.3055,5.5e-05,0.129,968.7,0.4683,0.689,3534.7,0.4832,1.135,6995.5,0.5203,1.293,8859.2,0.5139,-1.327,23,207,whipsaw,9.089
up,1770283200000,2026-02-05T09:20:00.000000000,2143.97,1.609,1,1.43,3438.4,0.5661,1.787,4.9031,-5e-06,-0.355,874.4,0.3628,-0.492,3108.2,0.426,-0.5,8372.3,0.469,-0.324,10152.7,0.5088,0.0,46,-1,whipsaw,-11.723
down,1770288720000,2026-02-05T10:52:00.000000000,2101.19,-1.642,2,1.08,-9972.8,0.5167,2.046,2.0407,-5e-06,-0.433,304.9,0.468,0.111,-6997.8,0.5327,-1.254,-8577.1,0.4902,-1.066,-8028.0,0.4805,-2.762,-1,30,trend,8.505
up,1770302400000,2026-02-05T14:40:00.000000000,2095.76,1.591,2,2.23,-3300.8,0.5265,2.184,4.8441,-5e-06,-0.548,228.6,0.4875,-1.698,182.4,0.4746,-4.083,-2853.5,0.475,-6.412,704.4,0.4706,0.134,9,-1,whipsaw,-5.532
down,1770303600000,2026-02-05T15:00:00.000000000,2035.57,-1.899,1,3.62,-2472.9,0.4845,2.407,6.6748,-5e-06,-0.883,-2161.6,0.4718,-1.332,-65.8,0.4503,-4.278,-3542.7,0.4586,-3.535,-6016.9,0.4878,-5.984,-1,6,trend,2.938
down,1770312000000,2026-02-05T17:20:00.000000000,1948.98,-1.833,4,2.61,-4912.7,0.4832,1.985,6.14,-7.8e-05,1.981,-5230.6,0.5186,0.411,19044.4,0.5009,0.831,24670.2,0.5168,-0.35,30585.7,0.5284,-6.358,2,63,whipsaw,-5.588
up,1770325440000,2026-02-05T21:04:00.000000000,1900.84,1.743,4,5.84,16149.7,0.4594,2.101,9.0059,-7.8e-05,-0.719,-1517.6,0.4557,-2.169,-397.3,0.4691,-1.9,-2769.2,0.4727,-2.475,-9906.4,0.4875,0.606,7,-1,whipsaw,8.246
down,1770334500000,2026-02-05T23:35:00.000000000,1858.45,-1.735,1,1.38,3601.4,0.4778,1.756,4.761,-7.8e-05,-0.396,7433.6,0.393,-0.443,4777.6,0.4725,-3.105,7059.3,0.4651,-1.473,-17394.2,0.4825,-5.954,64,6,trend,-11.618
down,1770344340000,2026-02-06T02:19:00.000000000,1910.36,-1.511,1,1.17,-6943.8,0.4814,1.671,6.1359,-0.000277,-0.622,2217.1,0.3701,0.417,1352.6,0.5025,0.364,-10685.0,0.5061,-0.536,-15522.8,0.4476,-1.629,195,65,trend,-7.822
up,1770357060000,2026-02-06T05:51:00.000000000,1960.54,1.908,1,1.03,9442.4,0.5126,1.752,2.9797,-0.000277,0.139,-8880.8,0.5404,-0.049,-5597.2,0.5453,-0.86,-6528.5,0.5168,-2.049,-12413.0,0.5233,0.776,26,-1,whipsaw,6.143
down,1770359040000,2026-02-06T06:24:00.000000000,1943.94,-1.572,1,1.09,-6528.5,0.5105,1.659,4.4652,-0.000277,-0.168,-1773.7,0.4964,-0.755,-1650.1,0.4957,-1.274,-5884.5,0.5162,-2.148,-4021.3,0.5065,-4.003,-1,20,trend,-6.918
down,1770367260000,2026-02-06T08:41:00.000000000,1875.16,-1.577,1,1.82,8923.6,0.4837,1.691,5.7721,-8.4e-05,-0.284,1460.9,0.5458,-0.115,813.4,0.5183,0.282,139.4,0.4939,1.76,-10682.0,0.5318,-0.482,38,-1,whipsaw,-7.857
up,1770369960000,2026-02-06T09:26:00.000000000,1903.04,1.604,1,1.78,-3394.2,0.5064,2.302,3.1414,-8.4e-05,0.218,-4555.2,0.6764,0.269,-8101.2,0.599,1.061,-2831.8,0.538,1.251,1630.2,0.5519,2.835,-1,22,trend,6.579
up,1770384000000,2026-02-06T13:20:00.000000000,1952.0,1.583,4,1.25,3566.5,0.5659,1.787,2.9583,-8.4e-05,-0.097,-4118.4,0.5611,-0.156,-3849.8,0.448,0.222,-2694.4,0.4672,-0.65,10.9,0.4567,5.688,-1,73,trend,4.763
down,1770390900000,2026-02-06T15:15:00.000000000,1962.75,-1.639,1,2.29,-1004.1,0.542,1.741,5.8441,-8.4e-05,0.44,-377.2,0.4827,0.594,3373.0,0.5074,1.487,-9360.5,0.488,1.671,-10218.3,0.5258,-0.077,24,-1,whipsaw,-3.857
down,1770401280000,2026-02-06T18:08:00.000000000,2037.58,-1.861,1,2.55,-10167.2,0.5269,1.852,3.8272,1.9e-05,0.245,1278.4,0.4872,-0.131,8631.7,0.4382,0.948,10326.6,0.4668,0.677,12128.9,0.4808,-0.343,30,-1,whipsaw,-1.425
up,1770410100000,2026-02-06T20:35:00.000000000,2093.48,1.616,1,1.4,-2838.7,0.4584,1.604,2.9321,1.9e-05,-1.138,1105.1,0.331,-1.116,1125.5,0.3748,-1.87,-2793.6,0.4262,-2.11,-5927.8,0.4494,0.022,3,-1,whipsaw,0.241
down,1770411900000,2026-02-06T21:05:00.000000000,2054.33,-1.87,1,1.48,-2793.6,0.4262,1.654,3.3324,1.9e-05,-0.06,-3954.9,0.3816,0.012,-2928.0,0.4672,-0.244,-3134.2,0.4709,0.441,-1743.4,0.5185,-0.856,90,-1,whipsaw,-2.339
up,1770437520000,2026-02-07T04:12:00.000000000,2105.29,1.622,1,1.26,3943.7,0.5909,2.207,3.3531,0.0001,-0.22,1851.2,0.5344,-0.299,-1273.4,0.4477,-1.005,-4353.3,0.4675,-0.585,-7314.8,0.4838,0.673,30,-1,whipsaw,-1.301
down,1770447540000,2026-02-07T06:59:00.000000000,2047.73,-1.508,1,0.72,-564.2,0.4034,1.979,2.8376,0.0001,-0.224,-712.4,0.4437,-1.606,1344.3,0.4575,-1.169,6921.0,0.4784,-1.007,7421.1,0.4485,-2.596,-1,13,trend,-1.542
up,1770466080000,2026-02-07T12:08:00.000000000,2044.12,1.685,1,0.96,-3863.7,0.5234,1.747,2.7559,-2e-06,-0.06,-1406.2,0.568,0.587,-13584.4,0.5158,0.447,-7659.1,0.4741,-0.153,-12903.7,0.4819,3.795,151,11,trend,4.076
down,1770475680000,2026-02-07T14:48:00.000000000,2011.33,-1.543,2,0.98,-3862.8,0.3874,1.759,2.3676,-2e-06,0.339,6675.9,0.5193,0.701,7049.2,0.5074,1.143,4367.6,0.4932,1.871,3905.4,0.4569,-0.089,16,-1,whipsaw,-5.506
up,1770477720000,2026-02-07T15:22:00.000000000,2050.37,1.595,1,1.15,-813.9,0.499,1.926,2.499,-2e-06,-0.288,-3364.5,0.3668,0.09,-2721.6,0.412,-0.193,-1301.8,0.4271,0.063,32782.9,0.4751,3.479,43,43,whipsaw,3.415
up,1770485820000,2026-02-07T17:37:00.000000000,2068.6,1.531,2,1.75,5204.6,0.5111,2.176,2.0152,1.6e-05,-0.06,1094.0,0.596,-0.419,-3176.2,0.4312,0.094,7.0,0.4518,1.277,661.4,0.4613,2.243,-1,44,trend,1.063
up,1770539580000,2026-02-08T08:33:00.000000000,2116.4,1.532,1,2.57,-10951.7,0.5222,1.585,2.6555,-3e-05,-0.006,-1807.7,0.5072,-0.073,1093.2,0.4698,-0.086,2960.4,0.4718,-0.334,9670.3,0.4867,1.103,109,180,whipsaw,-3.806
down,1770569520000,2026-02-08T16:52:00.000000000,2081.94,-1.516,1,1.79,-3869.2,0.4029,1.793,2.5534,-5.4e-05,-0.13,-3512.7,0.4185,0.392,-1195.2,0.4549,0.484,1004.7,0.4495,0.562,-734.2,0.4201,-0.439,98,-1,whipsaw,-0.469
up,1770591900000,2026-02-08T23:05:00.000000000,2134.2,1.6,1,2.03,-239.4,0.534,1.44,3.7207,-5.4e-05,-0.456,4412.5,0.4458,-0.884,633.6,0.4631,-2.275,-100.5,0.4799,-1.768,-7126.2,0.5313,0.835,14,-1,whipsaw,-0.573
down,1770593640000,2026-02-08T23:34:00.000000000,2085.12,-1.784,1,7.21,-2303.0,0.4799,1.768,6.1352,-5.4e-05,-0.147,-58.4,0.5107,0.626,-7646.2,0.6027,0.358,-9615.9,0.5725,0.09,-10074.5,0.5509,-1.444,16,128,whipsaw,-1.139
down,1770601680000,2026-02-09T01:48:00.000000000,2055.44,-1.504,1,3.74,1962.4,0.4829,1.686,3.661,-4e-05,0.713,3516.6,0.5338,0.661,-7172.7,0.4857,0.773,-12389.6,0.5223,1.559,-21996.1,0.548,-0.021,20,-1,whipsaw,-3.187
down,1770625980000,2026-02-09T08:33:00.000000000,2035.86,-1.6,1,3.23,-787.6,0.4348,1.92,2.5107,-4.9e-05,0.589,4286.8,0.5356,0.67,6599.7,0.4761,0.776,7881.6,0.4045,0.392,4051.9,0.3793,-1.111,23,123,whipsaw,1.129
up,1770648600000,2026-02-09T14:50:00.000000000,2047.01,1.532,3,4.47,-695.8,0.538,2.036,5.6052,-4.9e-05,-0.175,5280.2,0.4651,1.067,7762.6,0.513,0.196,407.0,0.5137,0.474,-122.3,0.5262,4.689,-1,15,trend,-2.045
down,1770694020000,2026-02-10T03:27:00.000000000,2070.67,-1.666,1,2.06,10643.0,0.3917,1.781,2.4341,4.3e-05,-0.442,4320.5,0.5025,-0.339,6016.2,0.5182,-0.342,3952.3,0.4899,-0.135,-8791.0,0.4396,-3.529,-1,143,trend,2.842
down,1770705960000,2026-02-10T06:46:00.000000000,2016.78,-1.67,1,5.04,-8123.6,0.4275,2.104,2.339,4.3e-05,-0.832,2104.9,0.5882,-0.371,-3536.1,0.6153,-0.478,-8571.5,0.5515,-0.269,-8040.0,0.54,-1.039,-1,90,trend,3.231
down,1770734760000,2026-02-10T14:46:00.000000000,1999.89,-1.579,1,3.54,0.6,0.4874,1.778,4.8672,-0.000152,0.151,1741.4,0.5339,0.659,6620.1,0.5354,0.7,10925.3,0.5403,1.08,9302.2,0.526,-0.349,21,-1,whipsaw,2.138
down,1770748020000,2026-02-10T18:27:00.000000000,2004.4,-1.587,1,1.45,-1672.2,0.418,1.608,3.3734,-0.000194,0.372,541.0,0.4481,0.269,3322.1,0.5279,0.528,5483.5,0.5472,0.165,7826.8,0.5143,-0.41,69,-1,whipsaw,3.352
down,1770784740000,2026-02-11T04:39:00.000000000,1975.49,-1.632,2,4.65,-3611.0,0.4514,2.15,2.9255,-8.4e-05,-0.066,-4783.8,0.4924,-0.421,-2151.7,0.4705,0.13,-2450.1,0.4869,0.15,-4095.7,0.5034,-1.943,-1,95,trend,0.132
up,1770819000000,2026-02-11T14:10:00.000000000,2000.78,2.241,2,5.86,14956.8,0.532,1.719,4.2221,-0.00013,0.165,-3559.0,0.5393,-0.486,1148.2,0.4701,-1.896,-3000.5,0.4706,-4.117,-7593.7,0.4635,0.751,0,-1,whipsaw,-0.619
down,1770820800000,2026-02-11T14:40:00.000000000,1962.84,-1.896,1,9.33,-3000.5,0.4706,2.039,4.3069,-0.00013,0.129,-1954.5,0.4738,-0.601,2825.7,0.4651,-2.264,-4593.2,0.4568,-1.434,-9975.8,0.4887,-3.039,-1,11,trend,-1.125
down,1770828180000,2026-02-11T16:43:00.000000000,1922.13,-1.678,1,3.61,12606.8,0.4368,1.825,3.7552,-0.000123,-0.373,214.2,0.427,-0.346,-1483.4,0.4124,-0.165,2075.0,0.4443,0.619,-657.7,0.4662,-0.694,69,-1,whipsaw,0.209
up,1770845820000,2026-02-11T21:37:00.000000000,1986.63,1.584,1,2.32,-156.7,0.5315,1.766,2.8479,-0.000123,-0.572,-6662.7,0.4258,-0.472,-2252.4,0.499,-0.848,-2573.4,0.4676,-1.417,-9791.6,0.4686,0.072,26,-1,whipsaw,-3.106
down,1770912600000,2026-02-12T16:10:00.000000000,1923.45,-1.601,1,3.66,4117.3,0.5039,1.849,4.3162,-4.1e-05,-0.168,1023.7,0.4461,-0.541,-8447.4,0.453,-0.316,10096.7,0.476,-0.521,18692.9,0.4832,-1.363,-1,19,trend,-6.646
up,1770993900000,2026-02-13T14:45:00.000000000,1997.09,1.56,2,5.18,3335.3,0.5392,1.476,4.1579,-2.9e-05,-0.173,-1034.5,0.5223,-0.115,3855.4,0.4904,1.513,-1020.4,0.5023,1.719,-5660.5,0.4975,3.835,-1,25,trend,3.948
up,1771128420000,2026-02-15T04:07:00.000000000,2076.0,1.652,1,28.91,2671.8,0.4645,2.442,2.3034,-6.4e-05,0.009,-5767.5,0.609,-0.276,-12054.8,0.4938,0.138,-13994.7,0.4964,0.437,-13216.4,0.5344,1.316,-1,210,trend,-5.357
down,1771144500000,2026-02-15T08:35:00.000000000,2056.94,-1.737,1,4.49,-9608.7,0.4999,1.579,2.0317,6.2e-05,0.287,-2940.9,0.5619,0.424,-3098.4,0.5819,0.625,-1808.1,0.5695,0.856,-53.8,0.5267,-0.125,35,-1,whipsaw,4.177
down,1771160040000,2026-02-15T12:54:00.000000000,2026.43,-1.824,1,4.22,2080.4,0.459,1.382,3.0041,6.2e-05,-0.761,-8223.4,0.3903,-0.161,-4359.8,0.4985,-0.093,7655.8,0.5082,-1.294,10458.4,0.4568,-1.635,-1,38,trend,1.107
down,1771177500000,2026-02-15T17:45:00.000000000,1972.81,-1.559,2,5.73,8353.0,0.2869,1.752,2.7734,-7.6e-05,-0.583,3921.9,0.3984,-0.164,6804.9,0.4944,-0.022,2808.0,0.4728,-0.576,519.1,0.4386,-2.227,-1,63,trend,-0.608
up,1771246260000,2026-02-16T12:51:00.000000000,2006.15,1.67,1,2.89,-10768.8,0.5583,1.681,2.8769,-5.9e-05,0.038,3073.8,0.597,0.74,3723.0,0.5694,-0.332,2156.0,0.4907,-2.073,-5105.9,0.4847,0.865,37,-1,whipsaw,-1.828
down,1771248480000,2026-02-16T13:28:00.000000000,1972.73,-1.699,1,4.81,-5615.7,0.4439,1.621,3.2266,-5.9e-05,0.54,-11024.4,0.5595,-0.043,-8191.3,0.5171,-0.177,-2084.5,0.5057,-0.672,1428.7,0.4982,-1.799,-1,123,trend,-0.572
down,1771255860000,2026-02-16T15:31:00.000000000,1949.01,-1.559,1,3.56,-8263.3,0.4497,1.716,2.4807,-5.9e-05,-0.047,-3821.0,0.4706,0.008,-4594.6,0.4698,0.529,-8613.9,0.4758,1.062,-8217.8,0.4716,-0.604,34,-1,whipsaw,-0.21
up,1771257900000,2026-02-16T16:05:00.000000000,1974.73,1.596,1,3.59,-2782.6,0.4908,1.756,3.1528,-3.5e-05,-0.263,-2529.3,0.4413,-0.378,-431.5,0.4506,-0.531,-3207.0,0.451,0.052,-692.5,0.4738,0.692,-1,-1,partial,1.018
down,1771339320000,2026-02-17T14:42:00.000000000,1964.59,-1.549,1,4.54,-494.7,0.3711,1.657,4.5855,8e-06,-0.643,1846.0,0.4687,-0.875,9622.9,0.5211,-0.218,19603.7,0.5412,-0.647,26284.2,0.5414,-1.167,80,11,trend,-0.335
up,1771344060000,2026-02-17T16:01:00.000000000,1983.33,1.547,1,4.05,8268.3,0.5627,1.71,3.4083,-4.7e-05,0.332,-9313.2,0.5447,0.397,-6504.3,0.5057,0.022,-9421.4,0.5017,-0.185,-5577.1,0.4859,1.613,70,35,trend,-0.091
down,1771348260000,2026-02-17T17:11:00.000000000,1960.72,-1.768,1,3.91,-3857.6,0.4393,1.706,3.1721,-4.7e-05,0.17,-4597.7,0.4585,0.648,-1198.5,0.5281,0.143,-333.0,0.5272,0.314,-6479.9,0.523,-0.341,70,-1,whipsaw,-1.097
up,1771352520000,2026-02-17T18:22:00.000000000,1989.26,1.541,1,2.35,168.0,0.5563,1.647,2.6934,-4.7e-05,-0.001,-2130.5,0.5192,0.197,-4686.9,0.5363,0.61,-4799.9,0.4888,1.064,-122.2,0.5046,1.311,-1,52,trend,-1.391
up,1771427880000,2026-02-18T15:18:00.000000000,1988.38,1.644,1,4.79,-12228.9,0.578,1.997,2.5893,-3.8e-05,-0.21,-154.4,0.4778,-0.257,-1388.3,0.4715,0.526,-15563.0,0.4744,-1.016,-9250.3,0.4591,1.102,45,22,trend,-3.286
down,1771430820000,2026-02-18T16:07:00.000000000,1970.59,-1.515,1,5.44,-13774.7,0.4211,1.552,4.4421,-9e-06,-0.201,-1718.2,0.4692,0.229,12015.5,0.5578,-0.055,6301.4,0.5093,0.776,6581.9,0.5423,-2.375,-1,155,trend,2.951
down,1771443480000,2026-02-18T19:38:00.000000000,1925.53,-1.622,1,5.03,-6067.1,0.5067,2.039,2.6355,-9e-06,0.42,1991.2,0.5157,0.475,9380.4,0.551,0.777,8731.1,0.5864,1.322,7428.0,0.5845,-0.091,52,-1,whipsaw,-0.341
up,1771513380000,2026-02-19T15:03:00.000000000,1945.63,1.57,1,5.02,5083.9,0.5118,1.759,4.9917,-3e-05,-0.589,3582.4,0.4125,-1.161,6712.5,0.4515,-1.036,4407.7,0.5012,-1.404,2747.1,0.5214,0.111,8,-1,whipsaw,0.976
up,1771599660000,2026-02-20T15:01:00.000000000,1975.05,1.608,1,5.77,-1453.8,0.5143,1.559,3.7297,-3.2e-05,-1.131,-16332.5,0.4383,-1.948,-15624.2,0.395,-1.152,-15061.3,0.463,-0.534,-11371.8,0.4998,0.31,0,-1,whipsaw,0.707
up,1771609920000,2026-02-20T17:52:00.000000000,1969.01,1.501,1,3.2,-13736.4,0.5415,1.808,3.1324,-7.2e-05,-0.227,3957.8,0.5365,-0.148,5168.9,0.4705,-0.177,6308.0,0.4685,0.116,18310.5,0.5008,0.618,-1,-1,partial,1.066
down,1771808460000,2026-02-23T01:01:00.000000000,1913.53,-1.677,1,14.41,-3671.8,0.5804,1.47,1.9093,-3.3e-05,-0.526,-4126.4,0.4938,-1.648,2459.9,0.5049,-1.991,6292.3,0.5068,-2.984,8646.8,0.5026,-3.453,-1,2,trend,2.565
up,1771839960000,2026-02-23T09:46:00.000000000,1917.86,1.605,1,4.05,-2630.5,0.6242,1.641,1.5938,-0.000365,-0.224,96.5,0.4716,0.23,3007.7,0.5605,0.112,-3071.9,0.515,-0.141,-3094.2,0.4349,0.921,-1,-1,partial,-5.119
down,1771867800000,2026-02-23T17:30:00.000000000,1857.43,-1.533,1,5.08,-10374.6,0.4243,1.904,3.1955,1.7e-05,-0.308,-660.4,0.4267,-0.281,-439.2,0.4989,0.184,-2608.2,0.5129,0.099,-3718.2,0.5064,-1.093,-1,21,trend,0.082
down,1771895700000,2026-02-24T01:15:00.000000000,1835.01,-1.66,1,1.61,5169.5,0.4947,1.397,2.4507,2.6e-05,0.182,-11145.0,0.4848,0.888,-15306.0,0.531,0.792,-13096.5,0.5129,0.62,-12027.5,0.5171,-1.264,13,1,trend,-3.599
up,1771897620000,2026-02-24T01:47:00.000000000,1842.92,1.622,1,3.31,-13096.5,0.5127,1.616,5.8334,2.6e-05,0.163,-169.3,0.5356,0.005,231.2,0.5053,-0.162,1069.0,0.5154,0.182,1242.9,0.5094,0.626,123,-1,whipsaw,4.12
up,1771944540000,2026-02-24T14:49:00.000000000,1839.76,1.577,1,4.23,-6702.5,0.4877,2.098,3.3993,-4.4e-05,0.03,4629.8,0.4899,-0.404,11518.1,0.4587,0.207,16068.4,0.5078,0.296,15003.9,0.4793,1.393,-1,73,trend,8.162
up,1771981800000,2026-02-25T01:10:00.000000000,1887.36,1.904,1,2.09,-21876.8,0.5554,1.245,1.8428,-2.5e-05,0.726,-25541.1,0.4953,1.528,-34718.2,0.4897,1.68,-32491.1,0.4891,2.413,-33642.5,0.5055,3.047,0,2,whipsaw,9.187
up,1772031720000,2026-02-25T15:02:00.000000000,2003.15,1.577,2,7.75,7517.4,0.4809,2.086,3.7103,4.6e-05,-0.573,22579.2,0.4361,-0.406,29953.6,0.4396,0.11,51838.1,0.4495,0.616,39389.2,0.456,4.144,-1,33,trend,2.294
up,1772055360000,2026-02-25T21:36:00.000000000,2138.08,3.063,1,6.51,8925.0,0.4756,1.525,2.5007,5.8e-05,-1.148,7221.5,0.4339,-1.462,-5274.7,0.4415,-1.442,-4751.5,0.4422,-1.831,-3772.2,0.4597,0.482,0,-1,whipsaw,-5.092
down,1772062740000,2026-02-25T23:39:00.000000000,2052.28,-1.517,1,2.04,1441.6,0.4637,1.605,2.8783,5.8e-05,-0.494,901.5,0.5002,0.021,2672.0,0.5299,0.573,2672.8,0.5511,0.157,599.0,0.5383,-0.872,43,-1,whipsaw,1.145
down,1772120040000,2026-02-26T15:34:00.000000000,2013.68,-1.755,2,4.75,10143.8,0.4798,1.643,6.0317,-2.6e-05,0.578,-5667.2,0.4151,1.09,-1080.3,0.5031,0.763,-6178.9,0.4789,0.38,-8364.2,0.4934,-1.903,11,71,whipsaw,3.389
up,1772164980000,2026-02-27T04:03:00.000000000,2058.04,1.693,1,2.13,-1866.0,0.6057,1.547,2.5221,1.4e-05,-0.415,-3933.3,0.6449,-0.024,-5283.9,0.607,-0.375,-3599.7,0.5438,-0.608,-4232.8,0.49,0.266,130,-1,whipsaw,-6.427
down,1772186640000,2026-02-27T10:04:00.000000000,2006.8,-1.522,1,2.63,-4912.4,0.3882,1.715,2.2224,3e-06,-0.103,2053.8,0.3515,-0.564,388.8,0.4291,-0.602,-5613.1,0.4338,-1.216,-6527.5,0.4461,-3.387,-1,8,trend,7.856
up,1772233440000,2026-02-27T23:04:00.000000000,1924.27,1.8,1,4.3,-4505.2,0.5496,1.575,2.7666,-0.00011,0.152,-213.8,0.5614,0.267,-1079.2,0.5732,0.338,2911.5,0.5595,0.339,-2815.2,0.5629,0.67,-1,-1,partial,2.18
down,1772259480000,2026-02-28T06:18:00.000000000,1888.39,-1.576,1,4.01,2766.4,0.4184,1.627,1.9041,-8.8e-05,0.302,-17711.0,0.4849,-1.014,-12856.7,0.4144,-1.195,-17358.0,0.4785,-1.592,-2678.4,0.5029,-2.808,3,14,whipsaw,-5.934
up,1772286780000,2026-02-28T13:53:00.000000000,1903.99,1.746,1,5.5,-22935.7,0.543,1.862,2.2717,-9.5e-05,-0.143,-1672.4,0.4687,-0.382,92.8,0.4729,-0.359,3528.9,0.466,-0.908,-141.2,0.4841,0.628,60,-1,whipsaw,5.726
down,1772291640000,2026-02-28T15:14:00.000000000,1875.72,-1.577,1,3.55,-2124.5,0.4302,1.717,3.4359,-9.5e-05,0.398,-791.0,0.5591,1.283,-2768.1,0.6192,1.168,17106.9,0.5811,1.298,15251.3,0.543,-0.101,13,-1,whipsaw,-7.087
up,1772304780000,2026-02-28T18:53:00.000000000,1937.69,1.893,1,4.25,4931.2,0.5731,1.798,2.749,-7.2e-05,-0.104,-5862.6,0.4665,-0.573,-16301.6,0.4497,-0.576,-14664.3,0.4855,0.571,-18902.6,0.5395,2.441,-1,80,trend,2.216
up,1772329620000,2026-03-01T01:47:00.000000000,1975.21,1.54,1,2.21,4162.6,0.5866,1.52,2.9652,-3.4e-05,1.873,91.2,0.6066,2.807,1435.7,0.5587,3.301,-3995.9,0.5111,3.534,2054.1,0.4659,4.029,-1,3,trend,-0.406
down,1772338560000,2026-03-01T04:16:00.000000000,1999.79,-1.554,1,3.25,-2416.6,0.445,1.506,3.1638,-3.4e-05,0.231,4772.6,0.4456,0.611,8819.4,0.4773,0.813,11714.4,0.4699,0.718,14225.7,0.4465,-0.54,21,-1,whipsaw,1.486
up,1772373120000,2026-03-01T13:52:00.000000000,2009.32,1.909,1,3.23,1545.7,0.4925,1.632,2.5914,5e-05,-0.13,-5815.5,0.4851,0.566,-5737.9,0.5301,-0.176,-2749.2,0.4963,-0.569,-2973.9,0.4831,0.93,129,-1,whipsaw,-4.296
down,1772383800000,2026-03-01T16:50:00.000000000,1966.19,-1.769,1,3.56,449.9,0.5014,1.749,2.5324,5.3e-05,0.484,963.2,0.504,0.294,1518.0,0.5214,-0.315,-1171.4,0.5053,0.245,-141.8,0.5248,-2.99,74,197,whipsaw,-5.001
down,1772396940000,2026-03-01T20:29:00.000000000,1924.49,-1.505,1,2.65,-5478.3,0.4508,2.104,2.5955,5.3e-05,-0.214,945.8,0.4156,-0.642,1050.1,0.3972,-0.532,11846.5,0.4361,0.019,6743.3,0.4873,-0.888,104,-1,whipsaw,-5.862
up,1772403180000,2026-03-01T22:13:00.000000000,1954.77,1.586,1,2.58,-2947.3,0.5193,1.756,1.8617,5.3e-05,-0.194,-25195.6,0.4548,-1.125,-24972.5,0.4389,-1.226,-25058.4,0.4915,-0.911,-25297.1,0.5104,1.763,0,175,whipsaw,4.654
down,1772405280000,2026-03-01T22:48:00.000000000,1921.01,-1.536,1,2.68,1564.3,0.4908,1.592,4.2341,5.3e-05,0.325,784.2,0.5545,0.516,1025.7,0.5309,0.769,-1643.0,0.5379,1.035,1250.6,0.4908,-0.12,18,-1,whipsaw,-6.8
up,1772413800000,2026-03-02T01:10:00.000000000,1983.25,1.728,1,2.33,-7366.1,0.5296,1.92,2.7676,-7.6e-05,-0.124,-3435.1,0.4013,-0.727,-8948.8,0.3444,-0.552,-8923.6,0.4856,-2.133,-7416.7,0.4753,0.302,38,-1,whipsaw,2.72
down,1772417400000,2026-03-02T02:10:00.000000000,1940.94,-1.59,1,1.59,1506.9,0.4727,1.681,2.7069,-7.6e-05,0.376,1850.3,0.4693,0.356,3471.7,0.4572,0.919,1334.7,0.4982,0.868,2946.4,0.4734,-0.059,28,-1,whipsaw,-3.628
down,1772432580000,2026-03-02T06:23:00.000000000,1944.1,-1.646,1,2.04,1755.8,0.3606,1.694,1.8159,-7.6e-05,0.227,3005.5,0.4121,0.226,12758.6,0.4321,-0.109,17011.2,0.4417,-0.322,20824.1,0.4343,-1.24,178,109,trend,-2.628
up,1772462640000,2026-03-02T14:44:00.000000000,1966.24,1.77,2,6.09,-4248.2,0.5729,1.711,4.5355,-4.3e-05,0.558,-6653.6,0.5652,0.687,-287.1,0.5323,3.166,-116.8,0.5647,4.879,46539.8,0.5591,6.294,-1,17,trend,-1.465
down,1772473380000,2026-03-02T17:43:00.000000000,2026.22,-1.518,1,2.3,8157.4,0.4479,1.608,3.1424,-6.7e-05,0.305,-4244.6,0.4445,0.72,-2228.8,0.4999,0.499,-3401.6,0.4875,0.318,-7111.4,0.4802,-0.448,129,-1,whipsaw,2.497
down,1772527200000,2026-03-03T08:40:00.000000000,1968.42,-1.526,1,3.3,-2444.1,0.4914,1.671,3.4352,-2.8e-05,-0.428,-5000.3,0.3819,-0.82,-1873.7,0.4742,-0.053,-19559.2,0.5415,-0.858,-26900.1,0.5127,-1.49,212,16,trend,-2.426
up,1772552940000,2026-03-03T15:49:00.000000000,1967.39,1.675,1,3.11,-51.9,0.5455,2.036,3.8038,-2.8e-05,-0.201,2584.0,0.4799,0.404,3582.9,0.4791,1.2,20381.3,0.5093,0.662,-8156.8,0.5068,2.375,-1,20,trend,8.399
down,1772556180000,2026-03-03T16:43:00.000000000,1961.91,-1.573,1,4.46,-4267.1,0.4922,1.982,3.8793,-9.5e-05,1.082,-7880.9,0.6324,1.147,2980.1,0.606,0.213,-7477.5,0.5235,0.699,-19420.9,0.5286,-0.161,3,-1,whipsaw,-9.596
up,1772610480000,2026-03-04T07:48:00.000000000,2008.03,1.661,2,1.69,-2048.7,0.5151,1.486,2.059,-4e-06,-0.22,-736.5,0.4553,-0.121,-1888.5,0.4549,-0.117,-1345.5,0.4643,2.05,4250.2,0.517,4.227,-1,55,trend,5.436
up,1772634660000,2026-03-04T14:31:00.000000000,2098.13,1.629,2,4.29,1753.4,0.5578,1.851,3.5052,-7.1e-05,-1.048,-12914.3,0.4895,-1.273,-3334.8,0.4762,-0.209,8241.7,0.5172,1.831,-3911.5,0.5137,3.223,5,55,whipsaw,0.644
up,1772651940000,2026-03-04T19:19:00.000000000,2197.71,1.789,1,4.2,-5465.5,0.5193,1.811,3.4631,6.6e-05,-0.792,1885.7,0.3836,-1.113,-1937.4,0.3812,-0.753,-1736.5,0.4646,-1.234,-4339.1,0.4369,0.059,9,-1,whipsaw,-5.07
down,1772697240000,2026-03-05T07:54:00.000000000,2096.3,-1.582,1,1.55,-1551.8,0.4159,1.706,1.5066,-1.3e-05,0.413,-7017.4,0.6058,0.157,-2709.4,0.5253,0.177,-2019.3,0.5101,0.847,-2724.7,0.5434,-0.127,64,-1,whipsaw,0.6
up,1772706840000,2026-03-05T10:34:00.000000000,2160.31,1.803,1,1.76,-7135.3,0.6172,1.653,2.7293,-8e-06,-0.408,288.1,0.5225,-0.26,-1424.2,0.6225,-0.406,-878.6,0.5432,-0.633,-267.8,0.5252,0.155,65,-1,whipsaw,-4.495
down,1772723280000,2026-03-05T15:08:00.000000000,2089.19,-1.594,1,4.48,3728.7,0.4834,1.705,5.2576,-8e-06,0.181,15806.7,0.4662,-0.29,23576.1,0.4374,-0.231,16930.4,0.4313,-1.036,12306.0,0.4319,-1.648,-1,23,trend,5.208
down,1772805600000,2026-03-06T14:00:00.000000000,2013.1,-1.571,1,7.07,-6321.5,0.4779,1.974,3.9055,-2.4e-05,0.297,-0.7,0.4671,-0.359,-6461.6,0.4681,-0.153,-6582.4,0.4505,-1.514,133.4,0.4574,-2.839,-1,35,trend,1.625
down,1772938200000,2026-03-08T02:50:00.000000000,1938.24,-1.542,1,5.56,2683.6,0.5438,1.244,2.0683,-4.8e-05,0.418,-7917.1,0.4591,0.48,-3026.2,0.4956,0.575,-2184.2,0.5588,0.535,-1960.9,0.5994,-0.425,-1,-1,partial,-1.15
up,1772997780000,2026-03-08T19:23:00.000000000,1959.96,1.513,1,5.85,-3732.9,0.5872,1.681,2.5017,-7.5e-05,0.027,-618.8,0.5928,0.324,707.5,0.5592,0.213,1363.3,0.5473,-0.116,-559.0,0.5276,0.612,158,-1,whipsaw,3.573
down,1773007440000,2026-03-08T22:04:00.000000000,1920.72,-1.597,1,8.31,2886.3,0.4868,1.512,2.4459,-7.5e-05,0.529,-908.0,0.5343,0.283,1866.9,0.6151,0.742,7749.6,0.614,1.53,11790.8,0.5789,-0.238,32,-1,whipsaw,-5.376
up,1773025860000,2026-03-09T03:11:00.000000000,1993.49,1.843,1,6.65,-1884.6,0.5734,1.842,2.0834,-0.000225,0.069,494.5,0.3685,-0.57,-6166.2,0.443,-0.782,-3061.0,0.4991,-0.692,-5656.2,0.5544,1.042,42,159,whipsaw,2.483
up,1773035340000,2026-03-09T05:49:00.000000000,2012.67,1.649,1,9.73,695.1,0.522,1.673,3.3724,-0.000225,-0.124,2443.6,0.4753,-0.31,1141.2,0.4011,-0.383,6670.3,0.4605,-1.235,4600.9,0.4327,0.464,51,-1,whipsaw,1.432
up,1773084360000,2026-03-09T19:26:00.000000000,2045.42,1.58,1,2.4,2400.2,0.4753,1.352,3.4983,5.5e-05,-0.006,-4044.0,0.5769,-0.835,-13108.8,0.4796,-0.533,-15851.7,0.4949,-0.685,-17816.9,0.5397,0.396,68,-1,whipsaw,-0.658
up,1773110520000,2026-03-10T02:42:00.000000000,2052.29,1.67,1,3.03,7380.6,0.5178,1.733,2.5997,4.3e-05,-0.228,-131.7,0.5297,-0.498,2895.1,0.465,-0.541,4071.8,0.5218,-0.657,9472.4,0.5585,0.093,63,-1,whipsaw,-1.458
up,1773153840000,2026-03-10T14:44:00.000000000,2045.06,1.51,1,4.3,-13898.9,0.5225,1.7,2.8883,5.1e-05,0.093,-4530.8,0.3976,1.473,-6001.2,0.4883,1.145,12475.3,0.5037,1.241,20344.2,0.4949,2.109,-1,9,trend,1.341
down,1773166740000,2026-03-10T18:19:00.000000000,2041.1,-1.532,1,2.94,-4208.4,0.4834,1.854,2.2007,2.7e-05,0.272,-4039.9,0.5075,0.378,3448.5,0.4847,0.236,1637.7,0.4633,0.137,-1076.0,0.4814,-1.132,-1,206,trend,-1.312
up,1773235860000,2026-03-11T13:31:00.000000000,2054.76,1.565,1,3.54,-2197.4,0.5878,2.115,1.1283,-1e-06,0.599,5958.7,0.6067,0.193,12252.9,0.5324,0.035,16641.3,0.5315,0.329,26489.2,0.537,1.5,121,7,trend,-0.013
down,1773238200000,2026-03-11T14:10:00.000000000,2045.43,-1.662,1,9.41,15777.4,0.5128,1.659,5.5748,-1e-06,0.242,2273.0,0.6648,0.394,3360.5,0.5314,1.145,10292.8,0.5484,0.385,6588.9,0.5019,-0.753,21,-1,whipsaw,-1.63
down,1773326340000,2026-03-12T14:39:00.000000000,2044.11,-1.588,1,7.13,12608.9,0.4911,1.769,3.8876,-6.8e-05,0.074,680.6,0.4915,-0.053,-4355.7,0.5186,-0.004,-7131.8,0.5308,1.84,-21438.5,0.5671,-0.309,47,-1,whipsaw,-7.085
up,1773329940000,2026-03-12T15:39:00.000000000,2081.73,1.844,1,3.28,-14306.7,0.5962,1.815,2.9269,-6.8e-05,-0.366,619.3,0.4766,-0.416,13174.2,0.4866,-1.081,13775.0,0.5106,-0.337,13924.7,0.5344,0.013,29,-1,whipsaw,3.207
up,1773357660000,2026-03-12T23:21:00.000000000,2091.07,1.608,2,5.39,19931.9,0.5019,1.611,2.7597,-1.5e-05,-0.455,-189.7,0.424,-0.543,6520.0,0.3941,-0.681,8596.2,0.3953,1.755,-2166.0,0.4509,2.761,41,55,whipsaw,0.021
up,1773407820000,2026-03-13T13:17:00.000000000,2179.2,1.888,1,6.96,13145.3,0.5469,1.552,3.9172,-1e-06,0.273,-3558.9,0.4436,0.508,-11421.2,0.4547,0.62,2857.3,0.5117,0.414,10699.2,0.5338,1.369,0,63,whipsaw,-4.724
down,1773413400000,2026-03-13T14:50:00.000000000,2163.38,-1.537,1,6.36,-6694.0,0.4863,2.125,3.4779,-1e-06,-0.397,-1169.0,0.4135,-0.756,-14137.2,0.4633,-0.118,-21653.2,0.5078,-1.016,-29406.6,0.4834,-3.379,-1,12,trend,4.222
down,1773423780000,2026-03-13T17:43:00.000000000,2103.82,-1.543,1,1.74,-1640.7,0.4146,1.748,2.3024,2.1e-05,-0.208,-4318.9,0.4061,-0.137,-17711.1,0.4645,-0.005,-11339.8,0.4799,0.206,-14919.3,0.5285,-0.644,-1,-1,partial,1.326
up,1773614400000,2026-03-15T22:40:00.000000000,2168.0,1.569,1,11.64,-5891.7,0.5272,1.571,4.0517,3.5e-05,0.398,3078.5,0.5141,0.654,9786.0,0.4989,1.415,25461.3,0.5096,0.307,34481.2,0.4982,1.608,-1,12,trend,8.978
up,1773631800000,2026-03-16T03:30:00.000000000,2230.2,2.373,1,11.66,12081.4,0.5948,1.413,3.8859,7.6e-05,0.244,-13022.6,0.4542,0.411,-7321.9,0.4997,0.404,-1477.1,0.4742,0.969,-5820.8,0.5302,2.62,0,10,whipsaw,4.675
down,1773671880000,2026-03-16T14:38:00.000000000,2259.26,-1.872,1,3.77,4653.8,0.555,1.49,4.5862,0.0001,0.092,1066.9,0.3774,0.479,-21.9,0.4839,1.197,2061.4,0.5189,1.149,12111.0,0.5443,-0.187,19,-1,whipsaw,-3.661
down,1773761580000,2026-03-17T15:33:00.000000000,2318.47,-1.548,1,1.81,-13180.1,0.4232,1.637,3.2052,2e-05,-0.48,-340.0,0.3505,-0.384,-235.4,0.4408,-0.197,2261.1,0.4637,0.338,-4278.0,0.4805,-0.612,139,-1,whipsaw,5.527
down,1773833760000,2026-03-18T11:36:00.000000000,2269.54,-1.572,1,6.67,-17767.6,0.4423,1.783,2.6631,1.3e-05,0.269,-3463.3,0.5432,0.192,-1781.3,0.5477,-0.272,-4385.1,0.5116,-1.102,-7163.7,0.4799,-4.431,-1,55,trend,4.448
down,1773846000000,2026-03-18T15:00:00.000000000,2179.7,-1.737,1,9.63,-1357.5,0.473,1.755,3.2159,1.3e-05,0.319,82.9,0.539,0.081,443.8,0.4646,0.042,14063.1,0.4991,0.271,22849.5,0.4879,-0.589,157,-1,whipsaw,2.701
down,1773864660000,2026-03-18T20:11:00.000000000,2154.65,-1.582,1,4.6,5475.9,0.3801,1.587,3.5393,-1.4e-05,0.879,-2749.8,0.5722,0.97,-3069.9,0.5059,1.326,-4502.7,0.5459,1.789,-2961.8,0.5161,-0.067,15,-1,whipsaw,0.645
up,1773890880000,2026-03-19T03:28:00.000000000,2231.25,1.577,1,3.11,-2146.4,0.5005,1.593,2.48,-4e-06,-0.409,3420.4,0.3756,-0.889,3255.8,0.3732,-0.857,-14058.4,0.4636,-1.707,-17955.3,0.4773,0.111,17,-1,whipsaw,-3.618
down,1773904920000,2026-03-19T07:22:00.000000000,2147.75,-1.515,1,4.13,2478.1,0.4097,1.704,2.3479,-4e-06,0.317,4371.8,0.455,0.933,2227.4,0.5371,1.006,-3339.8,0.5962,0.842,-344.1,0.5782,-0.215,15,-1,whipsaw,0.394
down,1773925320000,2026-03-19T13:02:00.000000000,2120.04,-1.614,2,3.73,-2269.5,0.4422,2.013,1.9959,-9e-06,0.616,-9218.1,0.5398,0.26,-7855.9,0.4797,0.08,-8331.8,0.4909,0.923,-11187.6,0.4663,-0.975,41,-1,whipsaw,-0.964
up,1773947400000,2026-03-19T19:10:00.000000000,2148.38,1.566,1,1.83,15321.4,0.5955,1.56,2.5103,1e-06,-0.316,-11537.0,0.5327,-0.12,-9813.3,0.5722,-0.059,-15828.9,0.5539,-0.316,-19983.6,0.5394,0.398,-1,-1,partial,-1.23
down,1774137060000,2026-03-21T23:51:00.000000000,2107.47,-1.867,1,14.02,-3083.3,0.404,1.315,1.8638,2.1e-05,-1.27,6504.5,0.4249,-1.891,-20039.4,0.4592,-1.465,-20786.7,0.46,-1.074,-23332.4,0.4794,-2.721,-1,3,trend,2.57
up,1774139460000,2026-03-22T00:31:00.000000000,2090.58,1.765,1,40.73,-24901.3,0.4938,1.72,3.3179,-1.1e-05,0.085,156.0,0.5342,-0.07,332.5,0.4809,0.104,1744.5,0.4428,0.003,2616.7,0.4916,1.752,-1,176,trend,-1.939
down,1774214340000,2026-03-22T21:19:00.000000000,2028.77,-1.71,1,8.88,-191.2,0.5351,1.53,4.2534,-7.4e-05,0.421,-1677.2,0.5077,0.613,-904.0,0.5483,0.728,667.6,0.5384,0.849,8160.5,0.5238,-0.137,50,-1,whipsaw,-6.271
up,1774263900000,2026-03-23T11:05:00.000000000,2128.01,4.042,1,5.98,-966.4,0.5165,1.185,4.3776,-3e-06,1.493,1789.0,0.5109,2.158,-33682.2,0.4793,1.911,-51729.5,0.479,-0.492,-62569.8,0.4876,3.316,0,1,whipsaw,1.261
down,1774266360000,2026-03-23T11:46:00.000000000,2143.05,-1.592,1,15.1,-31305.3,0.4878,2.215,4.2352,-3e-06,0.125,-6286.8,0.4934,-1.025,-3831.9,0.4741,-1.088,4300.0,0.4635,0.146,10478.9,0.4689,-1.662,116,15,trend,-1.337
up,1774273860000,2026-03-23T13:51:00.000000000,2186.9,1.582,1,8.88,20121.0,0.5658,1.803,4.2755,-3e-06,-0.539,-1641.4,0.53,-0.189,-3409.5,0.5233,-0.343,4724.5,0.5059,-0.589,-1018.5,0.4666,0.253,95,-1,whipsaw,-2.353
down,1774280760000,2026-03-23T15:46:00.000000000,2143.38,-1.54,1,4.43,-23737.7,0.4399,1.705,2.859,-3e-06,0.464,-8066.2,0.6099,-0.487,-10234.5,0.5356,-0.396,-1793.2,0.4871,-0.27,2666.4,0.4961,-1.195,180,34,trend,0.242
up,1774383960000,2026-03-24T20:26:00.000000000,2153.18,1.725,1,2.4,5886.0,0.5039,1.426,2.4976,-2.7e-05,-0.372,-17960.7,0.5794,-0.196,-12922.7,0.5467,-0.187,-14400.8,0.5137,-0.434,-15075.4,0.4576,0.489,-1,-1,partial,0.345
down,1774517580000,2026-03-26T09:33:00.000000000,2080.12,-1.737,1,6.95,-462.5,0.5248,1.551,1.9466,7e-06,0.156,-13269.2,0.5201,0.002,-9735.9,0.5147,-0.087,-6136.4,0.5273,0.021,3537.6,0.5503,-0.826,-1,-1,partial,1.473
down,1774608060000,2026-03-27T10:41:00.000000000,2010.12,-1.508,1,6.33,-18985.9,0.5136,1.87,2.1521,-5.2e-05,0.134,-4075.3,0.5642,-0.795,-12344.8,0.5342,-0.869,2113.0,0.5301,-0.72,-698.7,0.5082,-1.95,-1,13,trend,0.781
up,1774705260000,2026-03-28T13:41:00.000000000,2032.34,1.532,1,10.65,-223.0,0.5844,1.871,2.8534,-8.1e-05,-0.263,-18378.6,0.5028,-0.418,-18350.9,0.4927,-0.409,-19618.6,0.5529,-0.375,-17204.1,0.577,0.39,-1,-1,partial,-1.991
down,1774824300000,2026-03-29T22:45:00.000000000,1954.39,-1.912,1,22.58,11413.7,0.6196,1.48,2.8976,-3.8e-05,-0.497,-10049.5,0.5761,1.571,-17100.0,0.609,1.583,-16676.8,0.5846,1.73,-11297.0,0.5627,-0.797,11,-1,whipsaw,-4.163
up,1774826100000,2026-03-29T23:15:00.000000000,1985.32,1.583,2,31.48,-16676.8,0.5846,1.806,3.5438,-3.8e-05,0.23,2242.0,0.5985,-0.029,5407.3,0.5187,0.146,5379.8,0.5437,-0.145,8161.7,0.5396,2.931,-1,64,trend,1.79
up,1774920720000,2026-03-31T01:32:00.000000000,2077.15,1.939,1,3.84,4326.2,0.6271,1.668,2.2372,3e-06,0.195,-3813.2,0.5087,-0.216,-2712.7,0.4105,-0.425,-1656.1,0.4795,-0.057,14484.9,0.4876,0.731,222,-1,whipsaw,1.137
down,1774968540000,2026-03-31T14:49:00.000000000,2056.48,-1.56,1,3.58,35599.3,0.3829,1.742,2.9445,1.7e-05,-0.616,-5353.3,0.3602,-0.209,-13294.2,0.4882,0.721,-27495.2,0.5083,0.174,-20121.8,0.4864,-0.919,25,-1,whipsaw,-3.437
up,1774975260000,2026-03-31T16:41:00.000000000,2104.31,2.082,1,4.3,-6916.2,0.5572,1.434,2.1424,-1e-05,-0.562,11329.4,0.5455,-0.727,19476.0,0.516,-0.071,33072.1,0.5572,-0.336,44575.0,0.5065,0.937,-1,-1,partial,2.052
down,1775092680000,2026-04-02T01:18:00.000000000,2117.92,-1.569,1,5.86,-4152.7,0.4135,1.611,4.5224,-9e-05,-0.237,2876.3,0.4343,-0.94,-22452.5,0.4347,-1.085,-55359.4,0.4478,-1.429,-80346.5,0.4497,-3.744,-1,14,trend,3.035
up,1775141040000,2026-04-02T14:44:00.000000000,2070.83,1.545,1,5.44,-27283.7,0.5648,1.898,3.2259,-0.000134,-0.579,5056.2,0.4591,-0.339,4866.8,0.5424,-0.344,-375.3,0.5275,-0.296,11284.6,0.4924,0.329,36,-1,whipsaw,-0.982
up,1775429820000,2026-04-05T22:57:00.000000000,2083.89,1.575,1,8.53,14164.1,0.5957,1.608,1.9534,-4.3e-05,0.015,7370.3,0.5607,0.262,-2360.1,0.5389,1.28,-2370.7,0.5312,1.3,-4951.3,0.4705,3.04,-1,18,trend,1.402
down,1775495580000,2026-04-06T17:13:00.000000000,2127.44,-1.561,1,4.69,8087.5,0.4516,1.659,2.281,2e-05,-0.002,-6504.6,0.4252,0.374,-10335.2,0.5431,0.251,-12144.1,0.4857,0.702,-13547.2,0.4933,-0.18,183,-1,whipsaw,2.129
down,1775516400000,2026-04-06T23:00:00.000000000,2101.96,-1.513,1,3.22,-16314.6,0.4756,1.416,1.5659,2e-05,-0.343,-8043.9,0.4999,-0.248,-17521.3,0.483,-0.517,-24151.2,0.4681,0.3,-37443.3,0.5264,-0.688,-1,-1,partial,-5.82
up,1775596320000,2026-04-07T21:12:00.000000000,2151.45,1.637,2,4.79,-708.2,0.4737,1.551,2.0403,1e-05,-0.59,-6007.4,0.3491,-1.043,-9126.4,0.3474,-0.483,-8333.3,0.4648,0.243,-3779.0,0.479,5.69,15,80,whipsaw,3.078
down,1775659920000,2026-04-08T14:52:00.000000000,2194.06,-1.581,1,6.26,-19835.8,0.5115,1.83,3.0248,5.8e-05,-0.149,2575.4,0.5271,0.471,-4990.8,0.5918,0.586,-11776.6,0.5579,0.802,-37292.0,0.5133,-0.34,43,-1,whipsaw,0.745
up,1775748840000,2026-04-09T15:34:00.000000000,2216.77,1.931,1,6.3,10496.2,0.4783,1.499,3.0731,-1.5e-05,-0.424,5598.4,0.5632,-0.084,4680.1,0.5595,0.425,-7552.4,0.575,-0.526,-9928.4,0.5295,0.57,74,-1,whipsaw,0.817
up,1775932560000,2026-04-11T18:36:00.000000000,2307.6,2.195,1,14.95,3759.1,0.5215,1.589,1.8462,-3.3e-05,-0.46,1112.0,0.4583,-0.246,-2393.8,0.4597,0.412,790.3,0.4798,0.494,-9050.1,0.475,0.968,-1,-1,partial,-4.433
down,1775957880000,2026-04-12T01:38:00.000000000,2245.69,-1.656,1,11.61,-523.5,0.5323,1.516,2.0666,8.3e-05,-0.952,-20296.9,0.3605,-1.343,-27996.7,0.456,-1.246,-21650.6,0.4997,-0.821,-50974.8,0.5148,-1.72,-1,5,trend,1.822
up,1776118440000,2026-04-13T22:14:00.000000000,2295.42,1.508,2,6.14,2731.2,0.4653,1.627,2.9176,3e-05,1.012,5629.0,0.4609,1.308,710.3,0.4505,2.124,-7978.8,0.4659,2.542,-6926.5,0.493,4.326,-1,2,trend,1.428
down,1776178740000,2026-04-14T14:59:00.000000000,2353.05,-1.639,1,7.69,7649.8,0.4657,1.728,4.0952,0.0001,-0.097,-3754.4,0.4872,-0.462,-17785.6,0.4799,-0.492,-25423.1,0.5438,0.492,-49291.0,0.557,-1.86,-1,121,trend,0.623
down,1776347640000,2026-04-16T13:54:00.000000000,2299.03,-2.001,1,9.21,-310.1,0.4179,1.572,3.1228,-5.1e-05,0.403,9761.9,0.4921,0.544,11095.5,0.4808,-0.393,15530.8,0.4451,0.525,3511.7,0.4608,-0.606,75,-1,whipsaw,-5.979
up,1776431280000,2026-04-17T13:08:00.000000000,2391.59,1.558,1,7.43,20318.7,0.4984,1.82,3.6238,8e-06,0.345,2512.7,0.5621,1.429,16517.8,0.5691,0.734,18200.6,0.5294,1.824,21147.2,0.5177,3.066,-1,11,trend,-1.455
down,1776636900000,2026-04-19T22:15:00.000000000,2255.07,-1.516,1,7.29,-8578.1,0.4664,1.75,3.9914,-0.00023,0.088,3242.7,0.5217,0.408,1844.1,0.6139,0.795,-8807.3,0.6185,0.274,-10956.5,0.5297,-0.097,134,-1,whipsaw,-3.042
up,1776669780000,2026-04-20T07:23:00.000000000,2321.75,1.681,1,5.02,2758.8,0.5344,1.607,1.9724,-9e-06,-0.356,-13944.4,0.5415,-0.947,-20185.2,0.5591,-1.374,-9203.9,0.5622,-0.854,-17556.4,0.6116,0.479,14,-1,whipsaw,-0.167
down,1776671640000,2026-04-20T07:54:00.000000000,2288.55,-1.513,1,7.37,-9203.9,0.5551,1.824,2.8697,-9e-06,0.448,792.5,0.6933,0.207,5706.5,0.6588,0.599,-8352.5,0.6702,0.208,-10724.1,0.5824,-0.062,104,-1,whipsaw,-1.362
up,1776825300000,2026-04-22T02:35:00.000000000,2356.94,1.538,1,7.65,-4428.8,0.5449,1.652,3.5638,-2.1e-05,0.067,1982.4,0.5605,0.157,6239.3,0.5146,0.654,9098.0,0.4768,0.14,8544.6,0.4962,2.414,-1,162,trend,-0.04
up,1776835860000,2026-04-22T05:31:00.000000000,2400.8,1.644,1,8.5,8047.0,0.5433,1.716,3.5393,-2.1e-05,-0.143,8791.1,0.3481,-0.11,11328.0,0.4343,-0.407,11499.8,0.4149,-0.361,12792.3,0.4406,0.543,-1,-1,partial,-2.355
up,1777251600000,2026-04-27T01:00:00.000000000,2399.43,1.582,1,10.01,-4183.2,0.5788,1.636,1.8793,-6.6e-05,-0.059,3242.7,0.4905,-0.581,4521.4,0.4258,-0.754,2279.3,0.4528,-0.292,3179.3,0.5255,0.206,-1,-1,partial,-3.869
down,1777267020000,2026-04-27T05:17:00.000000000,2345.97,-1.663,1,8.28,-7625.4,0.4012,1.611,2.4145,-6.6e-05,-0.647,-3346.5,0.3815,-0.666,-4267.9,0.4403,-1.064,-4705.6,0.4671,-0.892,-10369.1,0.511,-1.57,-1,19,trend,2.474
down,1777303020000,2026-04-27T15:17:00.000000000,2289.43,-1.628,1,7.75,2147.3,0.4517,1.65,3.1724,-7.9e-05,-0.802,-1396.2,0.4085,-0.322,1468.6,0.5636,-0.446,-3366.1,0.5488,-0.477,5746.2,0.5089,-1.019,-1,5,trend,0.684
down,1777486140000,2026-04-29T18:09:00.000000000,2234.08,-1.757,1,7.89,-3029.4,0.523,1.392,2.2169,4.8e-05,0.33,-4516.0,0.4955,0.303,-7451.4,0.5302,-0.14,-3927.8,0.515,-0.247,-7374.2,0.5384,-0.614,218,-1,whipsaw,-1.042
up,1777846500000,2026-05-03T22:15:00.000000000,2355.24,1.518,1,13.73,248.8,0.5355,1.527,2.9052,8.7e-05,-0.458,-1889.0,0.4681,-0.73,-2438.4,0.4671,-0.364,-7.0,0.5318,-0.794,872.8,0.4681,0.302,67,-1,whipsaw,0.435
up,1777859700000,2026-05-04T01:55:00.000000000,2351.38,1.603,1,8.07,6260.2,0.5237,1.458,3.33,4.3e-05,0.083,1887.9,0.5479,0.257,-301.5,0.5017,0.438,5157.6,0.4993,1.412,16489.2,0.5035,2.022,-1,41,trend,0.443
down,1777889280000,2026-05-04T10:08:00.000000000,2329.19,-1.574,1,6.04,-9298.4,0.5351,1.482,1.9221,8.6e-05,-0.035,12398.6,0.6095,-0.511,20079.0,0.4761,0.515,12853.2,0.5323,0.471,-177.1,0.5297,-0.641,-1,-1,partial,-1.791
down,1778446140000,2026-05-10T20:49:00.000000000,2315.89,-1.538,1,5.0,-12029.8,0.3909,1.665,2.2359,6.7e-05,0.471,-13452.3,0.5115,0.599,-23822.1,0.5254,0.704,-22935.5,0.4645,0.824,-22605.9,0.4727,-0.175,73,-1,whipsaw,-1.033
down,1778853060000,2026-05-15T13:51:00.000000000,2214.59,-1.539,1,7.3,2965.0,0.4253,1.678,3.429,4e-06,0.253,-1207.3,0.5073,-0.134,4873.2,0.4759,0.303,7916.7,0.5017,-0.227,17324.7,0.4976,-0.428,-1,-1,partial,1.658
down,1779061260000,2026-05-17T23:41:00.000000000,2095.47,-3.662,1,33.29,5165.2,0.5469,1.232,3.7159,5.3e-05,1.425,-28957.2,0.491,1.523,-25240.1,0.4884,1.028,-30375.2,0.4495,0.808,-19175.1,0.4029,-0.19,0,-1,whipsaw,-1.826
down,1779475500000,2026-05-22T18:45:00.000000000,2085.93,-1.57,1,7.01,4946.6,0.6794,1.309,1.6934,5.9e-05,0.543,-9230.9,0.5338,0.665,-10225.7,0.5724,0.291,-3388.8,0.5197,-1.094,-9490.1,0.4934,-1.339,0,45,whipsaw,2.778
down,1779522600000,2026-05-23T07:50:00.000000000,2011.81,-2.263,1,18.59,-1799.9,0.9845,1.616,2.8952,5.7e-05,0.502,7581.7,0.437,0.656,5758.5,0.493,0.933,4300.5,0.56,0.804,3144.2,0.568,-0.125,0,-1,whipsaw,-0.804
