direction,anchor_ts,anchor_dt,trigger_price,move_pct,n_triggers,vol_spike,oi_delta_win,taker_win,wick_ratio,accel,funding_at_anchor,move_t5,oi_delta_t5,taker_t5,move_t15,oi_delta_t15,taker_t15,move_t30,oi_delta_t30,taker_t30,move_t60,oi_delta_t60,taker_t60,fwd_extreme_pct,bars_to_return,bars_to_continue,outcome,move_24h_signed
up,1716233580000,2024-05-20T19:33:00.000000000,0.53,1.567,1,9.42,28409.0,0.5114,1.973,0.0007,0.0001,0.113,346819.0,0.517,0.151,2542362.0,0.5262,0.696,3115110.0,0.5271,0.0,3043032.0,0.4843,1.054,-1,231,trend,0.64
up,1716304440000,2024-05-21T15:14:00.000000000,0.56,1.754,1,3.33,3956704.0,0.5215,1.683,0.0011,0.0001,-0.718,3401489.0,0.4769,-0.215,1872866.0,0.5284,-1.544,1270021.0,0.5016,-2.155,-2175744.0,0.4899,0.036,19,-1,whipsaw,-4.381
down,1716306240000,2024-05-21T15:44:00.000000000,0.55,-1.544,1,2.29,1270021.0,0.5016,1.577,0.0005,0.0001,-0.201,-728454.0,0.5004,-1.058,-1567927.0,0.438,-0.62,-3445765.0,0.4786,-0.985,-5097210.0,0.4417,-2.663,-1,11,trend,2.189
up,1716471900000,2024-05-23T13:45:00.000000000,0.55,3.867,1,9.8,2645901.0,0.4884,1.479,0.0012,0.0001,-4.438,-729804.0,0.5042,-3.374,-5718317.0,0.5152,-1.467,-3028620.0,0.5399,-2.311,-1942065.0,0.5105,0.642,0,-1,whipsaw,-1.504
down,1716487800000,2024-05-23T18:10:00.000000000,0.52,-1.876,2,3.28,-3601248.0,0.5061,1.562,0.0007,0.0001,0.463,-1186333.0,0.488,0.212,-2514267.0,0.5007,0.27,-3049634.0,0.5254,0.29,-2985680.0,0.5316,-2.935,2,110,whipsaw,-2.838
up,1716500760000,2024-05-23T21:46:00.000000000,0.53,1.997,1,3.81,-1441223.0,0.4766,1.687,0.0008,0.0001,0.323,-471804.0,0.487,0.703,-638068.0,0.4856,0.095,-493978.0,0.4881,-0.076,-128169.0,0.4817,1.122,-1,226,trend,1.483
up,1716548700000,2024-05-24T11:05:00.000000000,0.53,1.572,1,2.79,1635896.0,0.6165,1.584,0.0004,0.0001,0.094,166861.0,0.6348,0.302,392377.0,0.5503,-0.378,299928.0,0.4984,-0.321,52752.0,0.4658,1.473,-1,154,trend,2.039
down,1716862020000,2024-05-28T02:07:00.000000000,0.53,-1.569,1,6.03,1239219.0,0.4323,1.428,0.0012,0.0001,0.19,681359.0,0.5097,0.569,728009.0,0.4922,0.759,1120530.0,0.5013,0.304,2258108.0,0.4169,-1.12,-1,147,trend,0.38
down,1717050660000,2024-05-30T06:31:00.000000000,0.52,-1.558,1,4.73,-677973.0,0.4154,1.365,0.0005,0.000115,-0.058,-1773432.0,0.4012,0.174,-1236993.0,0.3133,0.097,-2063937.0,0.3668,0.077,-2549662.0,0.4076,-1.023,-1,96,trend,-0.135
down,1717783200000,2024-06-07T18:00:00.000000000,0.5,-3.335,1,5.74,-2854990.0,0.5053,1.271,0.0006,0.000308,-6.56,-17653843.0,0.4254,-6.72,-18733853.0,0.4889,-4.148,-24160383.0,0.4922,-2.333,-20932235.0,0.4627,-10.11,0,1,whipsaw,1.555
up,1717785240000,2024-06-07T18:34:00.000000000,0.48,4.449,1,44.31,-24160383.0,0.4979,1.742,0.0038,0.000308,0.269,1420606.0,0.3963,0.662,2890132.0,0.3898,0.724,3228148.0,0.432,1.799,5495408.0,0.4884,4.032,-1,21,trend,2.275
up,1717793880000,2024-06-07T20:58:00.000000000,0.5,1.598,1,4.51,-2072108.0,0.5044,1.49,0.0007,0.000308,-0.358,-976607.0,0.5521,-0.537,-2920439.0,0.4967,-0.458,-3589374.0,0.4521,-0.677,-5018427.0,0.5025,0.139,187,-1,whipsaw,-1.891
down,1718070720000,2024-06-11T01:52:00.000000000,0.48,-2.548,1,5.8,117802.0,0.4914,1.151,0.0006,0.0001,0.892,-2389462.0,0.4465,1.349,-409525.0,0.4571,0.851,1129505.0,0.4403,1.515,2630554.0,0.4932,-0.104,0,-1,whipsaw,1.079
down,1718120400000,2024-06-11T15:40:00.000000000,0.47,-1.892,1,4.95,-2506135.0,0.4603,1.684,0.0008,0.0001,0.89,528623.0,0.4876,1.251,-89743.0,0.4933,1.802,-608814.0,0.479,1.251,393384.0,0.4464,-0.233,0,-1,whipsaw,-5.32
up,1718122200000,2024-06-11T16:10:00.000000000,0.48,1.802,1,11.88,-608814.0,0.479,1.754,0.001,0.0001,-0.187,197204.0,0.4185,-0.271,922834.0,0.4131,-0.541,1002198.0,0.419,-1.228,-605981.0,0.4412,0.354,45,-1,whipsaw,3.498
up,1718195400000,2024-06-12T12:30:00.000000000,0.49,1.618,1,5.04,2552512.0,0.5264,1.415,0.0005,0.0001,-0.082,-2168840.0,0.4904,0.449,-1528306.0,0.4932,0.551,83472.0,0.4781,0.408,-517219.0,0.476,1.694,0,37,whipsaw,-0.531
down,1718221620000,2024-06-12T19:47:00.000000000,0.48,-1.703,1,3.83,898512.0,0.5036,1.602,0.0009,0.0001,-0.516,-271447.0,0.505,-0.413,1211713.0,0.4766,0.701,1832313.0,0.4983,0.949,1877247.0,0.481,-0.639,56,-1,whipsaw,0.392
down,1718381280000,2024-06-14T16:08:00.000000000,0.47,-2.371,1,11.16,2131128.0,0.3752,1.614,0.0007,0.0001,0.086,-7238808.0,0.4696,0.473,-7689641.0,0.4705,0.279,-7473426.0,0.4587,0.279,-8001563.0,0.4612,-1.096,0,0,whipsaw,-4.256
up,1718401140000,2024-06-14T21:39:00.000000000,0.48,1.533,1,1.77,-2536200.0,0.5925,1.416,0.0005,0.0001,-0.105,-810717.0,0.4263,-0.021,241680.0,0.4654,-0.608,715522.0,0.4482,-0.629,213920.0,0.4433,0.44,-1,-1,partial,2.831
up,1718479680000,2024-06-15T19:28:00.000000000,0.5,1.558,1,6.38,228766.0,0.5771,1.371,0.0006,0.0001,0.525,119257.0,0.5308,1.03,679310.0,0.515,-0.101,-1111424.0,0.53,-0.848,-713174.0,0.5004,2.019,52,8,trend,-1.232
down,1718482080000,2024-06-15T20:08:00.000000000,0.5,-1.686,1,15.94,-625733.0,0.5271,1.732,0.0009,0.0001,-0.222,-359500.0,0.53,-0.726,-420571.0,0.4632,-0.484,-936582.0,0.4698,-0.726,-192559.0,0.4805,-1.574,-1,11,trend,1.291
up,1718610540000,2024-06-17T07:49:00.000000000,0.49,1.525,3,9.8,-419017.0,0.4898,1.394,0.0007,0.0001,1.218,2452162.0,0.4568,1.116,5550290.0,0.4539,0.426,8268391.0,0.4401,0.568,5478873.0,0.4708,2.334,0,4,whipsaw,1.603
down,1718618640000,2024-06-17T10:04:00.000000000,0.49,-1.534,1,8.89,-2619281.0,0.4652,1.812,0.0009,0.0001,0.0,-671776.0,0.4407,0.708,-1628025.0,0.4762,1.477,-1388730.0,0.4903,0.667,-201487.0,0.4574,-0.485,27,-1,whipsaw,-0.667
up,1718634000000,2024-06-17T14:20:00.000000000,0.51,1.712,1,7.07,-1979563.0,0.4917,1.695,0.001,0.0001,0.822,68331.0,0.575,0.959,-4384465.0,0.5414,0.333,2135988.0,0.4909,1.096,2604432.0,0.5043,2.056,117,6,trend,-3.543
down,1718639760000,2024-06-17T15:56:00.000000000,0.51,-1.526,1,4.38,800157.0,0.4433,1.498,0.0008,0.0001,-0.078,-19048.0,0.4145,-0.255,-1540997.0,0.4187,-1.334,-6140759.0,0.43,0.157,-5798037.0,0.4694,-3.02,101,21,trend,4.942
up,1718642940000,2024-06-17T16:49:00.000000000,0.51,1.983,1,5.37,-3325092.0,0.4955,1.855,0.0011,6.7e-05,0.55,523890.0,0.5794,0.491,367007.0,0.5615,0.412,1010360.0,0.5037,0.766,697641.0,0.4795,2.003,-1,48,trend,-5.99
down,1718657640000,2024-06-17T20:54:00.000000000,0.51,-1.543,1,1.13,259635.0,0.4216,1.664,0.0006,6.7e-05,-0.196,-1138150.0,0.323,-0.607,-2365395.0,0.3998,-0.196,-4490565.0,0.4498,-0.078,-4826234.0,0.482,-2.017,-1,136,trend,4.289
down,1718673780000,2024-06-18T01:23:00.000000000,0.5,-1.571,1,2.34,-1838926.0,0.4529,1.698,0.0009,0.0001,0.263,1005165.0,0.5161,0.404,3122069.0,0.5071,-2.363,-5552979.0,0.4999,-1.555,-3971859.0,0.4919,-5.272,-1,18,trend,0.222
up,1718676780000,2024-06-18T02:13:00.000000000,0.48,1.637,1,9.19,-6693061.0,0.4871,2.142,0.0016,0.0001,0.454,-678610.0,0.5327,0.929,-623251.0,0.4979,0.888,-941878.0,0.5171,1.156,-1703291.0,0.4915,2.23,-1,15,trend,2.209
up,1718695440000,2024-06-18T07:24:00.000000000,0.5,2.924,2,3.37,183559.0,0.5988,1.4,0.0008,0.0001,-0.695,2028654.0,0.5341,-0.795,-207121.0,0.5421,-0.556,-1204819.0,0.5402,-0.576,-983714.0,0.5174,1.232,0,85,whipsaw,-1.986
up,1718721300000,2024-06-18T14:35:00.000000000,0.49,1.666,1,1.95,293872.0,0.5056,1.749,0.0008,9.1e-05,-0.142,435973.0,0.4291,-0.506,138385.0,0.441,-2.043,-816746.0,0.4663,-1.841,-1392195.0,0.4959,0.04,16,-1,whipsaw,-0.708
down,1718722320000,2024-06-18T14:52:00.000000000,0.48,-1.684,1,2.16,1025467.0,0.4531,1.676,0.0007,9.1e-05,-0.371,-811214.0,0.5042,-0.289,-955131.0,0.5093,0.413,-1422828.0,0.5491,0.289,-1681342.0,0.5266,-1.527,-1,86,trend,-1.465
up,1718741820000,2024-06-18T20:17:00.000000000,0.48,1.573,1,1.05,-947840.0,0.5233,1.705,0.0006,0.0001,-0.145,255127.0,0.4907,-0.372,45267.0,0.5168,-0.062,-1087144.0,0.521,0.805,-2094809.0,0.5365,1.507,-1,35,trend,2.374
down,1718899620000,2024-06-20T16:07:00.000000000,0.49,-1.61,1,4.16,832089.0,0.5017,1.828,0.0007,0.0001,0.45,-1237468.0,0.5502,0.307,-2439033.0,0.5051,0.491,-2702869.0,0.507,0.47,-3499915.0,0.4612,-0.143,-1,-1,partial,1.043
up,1719007320000,2024-06-21T22:02:00.000000000,0.49,1.714,1,1.34,-306298.0,0.6462,1.16,0.0005,3.5e-05,-0.609,-758553.0,0.5163,-0.528,-309310.0,0.5378,-0.467,-144570.0,0.4799,-0.426,48699.0,0.5092,0.061,0,-1,whipsaw,-0.954
down,1719221580000,2024-06-24T09:33:00.000000000,0.47,-1.619,1,8.29,-1399120.0,0.4966,2.044,0.0006,-1e-05,0.363,-4280138.0,0.4712,1.132,-5172857.0,0.4548,1.731,-5771814.0,0.4828,1.709,-6287493.0,0.4543,-0.962,0,-1,whipsaw,-1.624
up,1719223380000,2024-06-24T10:03:00.000000000,0.48,1.731,1,15.84,-5771814.0,0.4828,1.905,0.0008,-1e-05,0.0,-400886.0,0.4142,-0.126,-124244.0,0.4509,-0.021,-515679.0,0.4309,0.315,-1276187.0,0.4429,1.344,-1,210,trend,-0.168
down,1720056840000,2024-07-04T01:34:00.000000000,0.46,-1.898,1,3.98,-1820709.0,0.4494,1.439,0.0008,2.9e-05,0.109,160881.0,0.4503,-0.5,-1070285.0,0.4695,-1.543,-6512917.0,0.4733,-0.522,-10069670.0,0.5177,-3.282,0,22,whipsaw,8.368
up,1720060200000,2024-07-04T02:30:00.000000000,0.46,2.742,1,7.91,-3556753.0,0.5385,1.358,0.0008,2.9e-05,0.153,-10543.0,0.6667,0.481,-731182.0,0.5623,0.328,-1001835.0,0.5638,0.241,-895537.0,0.5135,0.722,-1,-1,partial,-8.18
down,1720098240000,2024-07-04T13:04:00.000000000,0.44,-1.636,1,3.2,-193258.0,0.4612,1.924,0.0004,6e-05,-0.067,-2390741.0,0.4399,-0.652,-1809432.0,0.4728,-0.989,-2805431.0,0.4823,-0.022,-200259.0,0.493,-1.551,-1,23,trend,7.395
down,1720117020000,2024-07-04T18:17:00.000000000,0.44,-1.51,1,1.5,-1261742.0,0.4285,1.574,0.0005,0.0001,0.275,830947.0,0.5223,0.618,1260796.0,0.5097,0.16,1444577.0,0.4844,0.961,691342.0,0.5533,-0.023,52,-1,whipsaw,3.273
down,1720136400000,2024-07-04T23:40:00.000000000,0.43,-1.828,4,1.92,384478.0,0.5044,1.671,0.0008,0.0001,0.184,-237713.0,0.5054,-0.115,1112711.0,0.4776,-1.495,-271186.0,0.4823,-2.161,-1575560.0,0.489,-12.095,-1,23,trend,1.84
up,1720141620000,2024-07-05T01:07:00.000000000,0.43,1.757,1,6.55,215187.0,0.4936,1.495,0.0018,-3.9e-05,-0.373,-569743.0,0.4462,-1.494,-288981.0,0.452,-2.007,796723.0,0.4485,-1.68,319239.0,0.4671,0.187,14,-1,whipsaw,-0.327
up,1720150500000,2024-07-05T03:35:00.000000000,0.4,2.422,2,13.36,1706867.0,0.5166,2.035,0.0021,-3.9e-05,-0.473,-154284.0,0.5018,0.0,-1145867.0,0.4779,-0.498,-1453896.0,0.4613,0.299,-2304357.0,0.487,1.369,24,101,whipsaw,6.222
up,1720171620000,2024-07-05T09:27:00.000000000,0.4,1.684,1,2.22,-1041846.0,0.5382,1.986,0.0007,-7.3e-05,-0.222,348929.0,0.4744,-0.025,443860.0,0.4879,0.42,-877759.0,0.4728,1.063,-1625158.0,0.4737,3.906,-1,43,trend,6.477
up,1720186380000,2024-07-05T13:33:00.000000000,0.42,1.553,1,0.85,3853432.0,0.5442,1.516,0.0005,-7.3e-05,0.239,880583.0,0.5353,0.072,2536743.0,0.4756,0.263,2205959.0,0.4923,0.382,1504661.0,0.4423,2.174,-1,73,trend,3.966
up,1720226160000,2024-07-06T00:36:00.000000000,0.43,1.535,1,0.62,-813931.0,0.5078,1.683,0.0004,6.5e-05,0.279,27492.0,0.5726,-0.163,683087.0,0.4825,-0.791,-136793.0,0.5013,-0.651,1103344.0,0.5043,0.465,86,-1,whipsaw,4.233
down,1720359540000,2024-07-07T13:39:00.000000000,0.43,-1.774,1,4.19,-1395312.0,0.4585,1.679,0.0007,0.0001,-0.094,-126300.0,0.4517,0.188,-268157.0,0.4745,-0.469,-760590.0,0.4856,-0.54,-590118.0,0.4806,-1.079,159,43,trend,-3.073
down,1720387380000,2024-07-07T21:23:00.000000000,0.42,-1.608,1,2.47,-957906.0,0.4213,1.538,0.0006,-3.2e-05,0.047,-216354.0,0.4169,0.308,102497.0,0.5051,0.805,374712.0,0.497,0.545,1260792.0,0.4915,-4.5,-1,162,trend,-1.468
down,1720399620000,2024-07-08T00:47:00.000000000,0.41,-1.644,1,8.05,772903.0,0.4825,1.669,0.0008,2.3e-05,-0.048,-611685.0,0.5054,-1.138,192180.0,0.474,-2.228,-283969.0,0.4757,-1.187,-2262507.0,0.5011,-2.349,225,15,trend,-4.069
up,1720404180000,2024-07-08T02:03:00.000000000,0.41,2.001,1,5.74,-702621.0,0.5344,1.662,0.0007,2.3e-05,-0.509,-115068.0,0.5109,-0.484,-826895.0,0.4834,0.823,-949739.0,0.4901,0.727,-678656.0,0.4711,1.962,-1,149,trend,3.512
up,1720427340000,2024-07-08T08:29:00.000000000,0.43,1.538,1,2.87,-776070.0,0.554,1.831,0.0005,-8.4e-05,0.07,237853.0,0.5075,0.606,701158.0,0.5094,1.305,3790623.0,0.4958,1.561,4730307.0,0.4746,2.866,-1,20,trend,1.398
up,1720438080000,2024-07-08T11:28:00.000000000,0.44,1.506,1,2.9,3637854.0,0.4277,2.045,0.0004,-8.4e-05,0.114,-640928.0,0.4453,0.502,-294823.0,0.478,0.274,-840667.0,0.477,0.639,-1557526.0,0.4719,1.301,179,83,trend,-0.616
down,1720448880000,2024-07-08T14:28:00.000000000,0.43,-1.666,2,2.61,-1036827.0,0.4561,1.607,0.0007,-8.4e-05,-1.926,-1589580.0,0.4658,0.0,-1412549.0,0.492,0.162,-3577135.0,0.4853,0.139,-3575044.0,0.4815,-2.344,-1,3,trend,-0.58
up,1720450980000,2024-07-08T15:03:00.000000000,0.43,1.68,1,8.23,-1533070.0,0.4837,1.831,0.0013,-8.4e-05,0.465,470582.0,0.5069,0.605,-642172.0,0.5096,0.465,-122890.0,0.4794,-1.21,1939172.0,0.503,1.164,34,9,trend,0.419
down,1720713060000,2024-07-11T15:51:00.000000000,0.44,-1.525,1,4.03,-4297143.0,0.4732,2.067,0.0005,0.0001,0.114,-81846.0,0.5483,0.228,-206495.0,0.5054,0.569,-305229.0,0.4732,1.162,-2229789.0,0.4575,-0.091,42,-1,whipsaw,-4.966
up,1720748940000,2024-07-12T01:49:00.000000000,0.45,1.527,1,2.99,-1875748.0,0.6225,1.5,0.0006,0.0001,-0.133,-296835.0,0.5544,-0.155,176021.0,0.4353,-0.243,543033.0,0.4179,-0.111,1408807.0,0.5069,0.597,-1,-1,partial,5.882
up,1720771080000,2024-07-12T07:58:00.000000000,0.46,1.512,3,4.89,-1229070.0,0.5774,1.431,0.0005,0.0001,-0.173,-899903.0,0.531,0.561,-1328784.0,0.5413,0.151,-3111449.0,0.5041,0.734,-3470510.0,0.5139,3.173,-1,68,trend,11.051
down,1720778880000,2024-07-12T10:08:00.000000000,0.46,-1.616,1,8.52,4416553.0,0.5104,1.611,0.0016,5.6e-05,-0.022,732301.0,0.4158,-0.173,764360.0,0.4026,1.404,-1701987.0,0.4228,1.858,-225361.0,0.4492,-0.583,18,-1,whipsaw,-10.566
up,1720823100000,2024-07-12T22:25:00.000000000,0.48,1.553,1,1.7,-2220776.0,0.6593,1.817,0.0005,0.0001,-0.063,969900.0,0.5776,-0.189,643357.0,0.4996,-0.461,930515.0,0.4742,-0.293,1404077.0,0.502,0.859,-1,-1,partial,10.727
up,1720841460000,2024-07-13T03:31:00.000000000,0.49,1.668,2,3.76,2532499.0,0.5039,1.488,0.0007,-4.8e-05,-0.385,387260.0,0.5164,-0.041,3598387.0,0.5194,-0.405,6240350.0,0.5088,0.466,9879978.0,0.5312,3.991,-1,71,trend,5.774
up,1720883520000,2024-07-13T15:12:00.000000000,0.53,1.592,1,3.66,-1006110.0,0.5717,2.133,0.0008,4.7e-05,-0.189,5030465.0,0.5555,0.302,1482372.0,0.5528,1.435,3741351.0,0.5555,2.115,6507708.0,0.5286,3.173,-1,23,trend,0.378
down,1720888920000,2024-07-13T16:42:00.000000000,0.53,-1.738,1,3.68,945057.0,0.4804,1.914,0.0009,0.0001,0.32,-4036246.0,0.5645,0.245,-3665560.0,0.4523,0.508,-1706119.0,0.4766,1.43,-1176286.0,0.4923,-0.132,52,-1,whipsaw,0.019
up,1720897380000,2024-07-13T19:03:00.000000000,0.54,1.569,1,1.37,-1557630.0,0.5542,1.794,0.0006,0.0001,0.276,-3119707.0,0.5367,0.368,-2283744.0,0.5264,0.828,-1567605.0,0.5452,2.115,1084516.0,0.5418,4.12,104,30,trend,-2.17
down,1720902060000,2024-07-13T20:21:00.000000000,0.55,-1.532,4,5.13,-3262614.0,0.4724,1.676,0.0017,0.0001,-0.146,-1742327.0,0.4662,-1.007,-7604096.0,0.4817,-1.208,-9364865.0,0.4963,-1.812,-10513417.0,0.5003,-4.393,-1,10,trend,2.252
up,1720939980000,2024-07-14T06:53:00.000000000,0.53,1.655,1,1.83,4668713.0,0.629,1.762,0.001,0.0001,-0.53,-283883.0,0.5455,-0.53,1800170.0,0.5987,-0.341,2951336.0,0.5613,-0.53,5308616.0,0.5648,2.234,-1,137,trend,0.284
down,1720950540000,2024-07-14T09:49:00.000000000,0.53,-2.173,1,3.39,-419087.0,0.4651,1.541,0.0016,8.5e-05,0.133,118204.0,0.4088,0.475,-2264514.0,0.4437,0.949,-1164030.0,0.4833,1.348,-1592867.0,0.4683,-0.987,27,-1,whipsaw,-0.665
up,1721062080000,2024-07-15T16:48:00.000000000,0.53,1.645,1,2.36,-2833524.0,0.5121,1.552,0.0009,-1e-05,0.113,-468539.0,0.508,0.226,-3503520.0,0.4677,0.376,-4034997.0,0.4699,0.489,-6148936.0,0.4708,1.28,-1,216,trend,10.86
up,1721091120000,2024-07-16T00:52:00.000000000,0.55,1.994,3,2.6,610276.0,0.5214,1.62,0.0011,0.0001,-0.11,74836.0,0.5455,0.347,1480266.0,0.544,0.493,2020271.0,0.5096,0.859,3300801.0,0.5099,4.257,-1,7,trend,6.285
down,1721103840000,2024-07-16T04:24:00.000000000,0.56,-1.636,4,2.37,2728280.0,0.4571,2.253,0.0007,0.0001,-0.143,1754408.0,0.502,-0.501,49345.0,0.4267,-0.59,-951106.0,0.463,-1.485,-3160180.0,0.4483,-4.382,-1,43,trend,-7.208
up,1721137320000,2024-07-16T13:42:00.000000000,0.55,1.504,2,1.85,1093787.0,0.5512,1.689,0.0008,4.1e-05,0.325,227441.0,0.5138,0.886,-561401.0,0.5244,1.825,1043901.0,0.5187,3.777,8762903.0,0.5101,7.446,-1,7,trend,11.748
up,1721148480000,2024-07-16T16:48:00.000000000,0.59,1.815,1,4.44,-850923.0,0.5015,2.142,0.0012,0.0001,0.034,-160072.0,0.4779,0.357,788465.0,0.4724,-0.085,2800994.0,0.4678,-0.102,2348293.0,0.4557,0.73,82,-1,whipsaw,3.022
up,1721189340000,2024-07-17T04:09:00.000000000,0.59,1.594,1,0.81,-598947.0,0.4956,1.612,0.0005,0.0001,-0.101,2296572.0,0.5634,1.13,1190548.0,0.5566,2.008,3424764.0,0.5547,2.261,6229653.0,0.5222,4.404,-1,12,trend,2.548
up,1721200740000,2024-07-17T07:19:00.000000000,0.62,1.646,2,2.94,2415281.0,0.4854,2.341,0.0009,0.0001,-0.761,2686742.0,0.4487,-1.814,-1146367.0,0.4379,-2.381,-866045.0,0.4177,-1.911,-3893272.0,0.4308,0.34,7,-1,whipsaw,-5.426
down,1721202180000,2024-07-17T07:43:00.000000000,0.6,-1.578,1,3.83,-1341518.0,0.4371,2.127,0.0009,0.0001,-0.413,2249122.0,0.3881,0.876,1869824.0,0.4225,0.364,1826491.0,0.4402,2.033,-1580293.0,0.4613,-0.711,14,-1,whipsaw,3.917
up,1721215560000,2024-07-17T11:26:00.000000000,0.62,1.518,2,1.6,2187982.0,0.4727,1.979,0.0011,5.5e-05,-0.579,-1142535.0,0.4158,-1.158,1280472.0,0.4303,-1.351,-1700374.0,0.4437,-1.222,-1563357.0,0.4632,2.042,10,98,whipsaw,-6.898
down,1721223720000,2024-07-17T13:42:00.000000000,0.62,-2.199,1,3.18,-751535.0,0.4949,2.103,0.0015,5.5e-05,-0.226,3242076.0,0.4444,-0.501,4360875.0,0.4849,-1.197,1057663.0,0.4821,-1.731,2346428.0,0.4981,-3.607,-1,24,trend,6.275
down,1721232180000,2024-07-17T16:03:00.000000000,0.6,-1.527,1,1.83,-4655378.0,0.4852,2.004,0.0009,7.2e-05,-0.4,-4160194.0,0.4392,0.55,-6013517.0,0.4856,0.817,-3745719.0,0.4994,2.017,-3632963.0,0.4934,-0.634,22,-1,whipsaw,6.719
up,1721234280000,2024-07-17T16:38:00.000000000,0.61,1.54,1,2.16,-49964.0,0.5026,1.826,0.0016,7.2e-05,-0.231,1039927.0,0.4507,0.379,2111143.0,0.4637,0.989,811135.0,0.5126,0.412,2157747.0,0.4947,3.347,-1,23,trend,-5.786
up,1721248860000,2024-07-17T20:41:00.000000000,0.63,1.786,1,0.76,-1082221.0,0.5035,1.609,0.0008,7.2e-05,0.064,-2297729.0,0.4557,0.191,-2419801.0,0.4568,-0.447,-2900629.0,0.4594,-0.096,-3758915.0,0.4859,1.739,24,113,whipsaw,-9.619
up,1721256420000,2024-07-17T22:47:00.000000000,0.64,1.837,1,1.7,5627949.0,0.482,1.734,0.0012,7.2e-05,-0.251,3794709.0,0.4733,-0.722,3041810.0,0.4849,-1.365,1508373.0,0.4587,-1.506,2765804.0,0.4707,0.063,18,-1,whipsaw,-10.527
down,1721264520000,2024-07-18T01:02:00.000000000,0.62,-1.832,2,1.5,1113027.0,0.4617,1.738,0.0013,0.0001,-0.466,-1193327.0,0.4836,-0.804,-2677502.0,0.4832,-0.418,-821327.0,0.484,-1.013,-1113498.0,0.4798,-3.49,-1,10,trend,11.42
down,1721279160000,2024-07-18T05:06:00.000000000,0.6,-1.552,1,0.92,5947932.0,0.4809,1.583,0.0012,0.0001,-0.465,-3388996.0,0.4575,-1.627,-3752366.0,0.4522,-2.49,-8467.0,0.4778,-3.137,2220823.0,0.4958,-5.909,-1,10,trend,7.983
down,1721287260000,2024-07-18T07:21:00.000000000,0.58,-1.508,2,1.62,-1345093.0,0.3949,1.869,0.0009,0.0001,-0.172,16594.0,0.3697,0.0,1493368.0,0.4249,0.482,-5955131.0,0.4437,-1.617,-48015.0,0.4351,-2.494,-1,39,trend,4.558
up,1721293680000,2024-07-18T09:08:00.000000000,0.58,1.507,1,1.35,-697346.0,0.5349,1.874,0.0008,0.0001,-0.138,681405.0,0.5411,-0.224,250752.0,0.4835,-0.984,-40111.0,0.4587,-0.777,1461979.0,0.4468,1.364,30,123,whipsaw,-4.697
up,1721301120000,2024-07-18T11:12:00.000000000,0.58,1.553,1,1.75,3211483.0,0.4587,1.802,0.001,0.0001,-0.292,-271242.0,0.5024,-0.292,96636.0,0.4609,-0.017,-327226.0,0.5083,-0.017,-658025.0,0.482,1.014,122,117,trend,-5.843
down,1721315340000,2024-07-18T15:09:00.000000000,0.57,-1.527,1,1.73,-2054093.0,0.4123,1.77,0.0017,0.0001,0.035,-3796481.0,0.4157,0.546,-3755306.0,0.43,0.352,-4857229.0,0.4443,-0.546,-12307005.0,0.4527,-1.779,-1,53,trend,0.634
up,1721320380000,2024-07-18T16:33:00.000000000,0.57,1.787,1,2.07,-4753356.0,0.4717,1.796,0.0011,0.0001,0.351,1499818.0,0.6098,-0.018,1111915.0,0.4894,0.018,811917.0,0.4833,0.246,-577705.0,0.4957,0.439,-1,-1,partial,0.228
down,1721347980000,2024-07-19T00:13:00.000000000,0.56,-1.77,1,1.07,-562467.0,0.3866,1.762,0.0005,0.0001,-0.464,1288019.0,0.4073,-1.392,1005741.0,0.4265,-2.266,4477965.0,0.4377,-2.587,9839177.0,0.4513,-3.568,-1,7,trend,-2.605
down,1721382060000,2024-07-19T09:41:00.000000000,0.54,-1.563,1,2.23,1028846.0,0.4362,1.757,0.0005,8.1e-05,0.443,366534.0,0.5025,0.536,1243845.0,0.4796,0.628,1699154.0,0.4527,1.09,-1436767.0,0.4444,-0.277,35,-1,whipsaw,-9.732
up,1721398440000,2024-07-19T14:14:00.000000000,0.56,1.553,1,1.85,-532393.0,0.5503,2.0,0.0007,8.1e-05,-0.053,-1393967.0,0.6516,0.142,-143146.0,0.5792,0.96,2055799.0,0.5759,0.196,4460479.0,0.5405,4.302,-1,24,trend,5.031
up,1721406000000,2024-07-19T16:20:00.000000000,0.57,1.618,2,1.63,-2940464.0,0.5684,1.62,0.0008,5e-06,-0.157,-2582197.0,0.4246,-0.14,-3146206.0,0.4651,1.295,-1125685.0,0.4779,0.945,-3308988.0,0.4845,2.642,-1,18,trend,3.359
down,1721409060000,2024-07-19T17:11:00.000000000,0.57,-1.611,1,3.29,-1289284.0,0.4549,1.993,0.0012,5e-06,0.226,1274034.0,0.5317,1.01,-514078.0,0.5576,1.881,-822884.0,0.5724,1.358,3913978.0,0.5301,-0.453,13,-1,whipsaw,-3.588
up,1721436900000,2024-07-20T00:55:00.000000000,0.58,1.679,1,2.32,711888.0,0.4804,1.608,0.0018,0.0001,-0.241,720798.0,0.4993,-0.705,540772.0,0.4878,-0.396,1297556.0,0.5224,-0.826,3500156.0,0.4908,2.082,75,221,whipsaw,1.755
up,1721450400000,2024-07-20T04:40:00.000000000,0.59,1.664,1,1.1,-456105.0,0.5421,1.684,0.0007,0.0001,-0.169,-251970.0,0.5874,-0.236,5059325.0,0.5929,-0.084,3500596.0,0.5309,-0.726,1592400.0,0.5135,2.059,49,119,whipsaw,0.557
up,1721458020000,2024-07-20T06:47:00.000000000,0.6,1.943,1,1.82,3708498.0,0.5655,1.861,0.0008,0.0001,-0.464,-996723.0,0.45,-0.182,-1615140.0,0.4872,-0.679,-1355167.0,0.479,-0.862,1400218.0,0.4644,0.199,54,-1,whipsaw,-1.806
up,1721538000000,2024-07-21T05:00:00.000000000,0.6,1.615,1,2.32,1191580.0,0.5241,1.844,0.0007,0.0001,0.066,2045238.0,0.5148,0.099,3847205.0,0.5148,-0.878,-569143.0,0.5012,-1.523,708600.0,0.4763,0.679,26,-1,whipsaw,-1.606
down,1721561280000,2024-07-21T11:28:00.000000000,0.58,-1.542,1,3.06,-6057156.0,0.4513,1.896,0.0008,0.0001,0.241,-3372409.0,0.5104,0.138,-5046428.0,0.4602,0.241,-2716876.0,0.4924,0.292,-2028672.0,0.4899,-1.187,38,157,whipsaw,-4.56
down,1721585280000,2024-07-21T18:08:00.000000000,0.58,-2.188,1,4.82,-2295147.0,0.4618,1.68,0.0011,3.9e-05,0.538,-3285736.0,0.4622,1.249,-4222591.0,0.497,1.769,-5601243.0,0.511,1.023,-4215171.0,0.4862,-0.78,8,-1,whipsaw,-6.764
up,1721587080000,2024-07-21T18:38:00.000000000,0.59,1.769,1,6.91,-5601243.0,0.511,1.697,0.0017,3.9e-05,-0.273,-618741.0,0.401,-0.494,256060.0,0.3959,-0.733,1386072.0,0.4554,0.733,-216508.0,0.5138,2.744,-1,55,trend,5.181
up,1721634060000,2024-07-22T07:41:00.000000000,0.6,1.718,2,4.61,-1062252.0,0.4572,1.51,0.0008,0.0001,0.702,-63455.0,0.5485,0.217,4191165.0,0.4855,0.0,3625823.0,0.484,-0.518,2170771.0,0.4556,2.007,67,2,trend,-0.368
up,1721648400000,2024-07-22T11:40:00.000000000,0.61,1.602,1,3.36,36814.0,0.5118,1.653,0.0016,0.0001,0.312,1016474.0,0.6009,0.525,-150776.0,0.5564,0.263,827757.0,0.5398,1.034,2416933.0,0.5162,1.675,-1,60,trend,-1.872
down,1721656260000,2024-07-22T13:51:00.000000000,0.61,-1.541,1,3.27,-4359440.0,0.4799,1.861,0.0012,0.0001,-0.214,675658.0,0.4297,0.066,-1856580.0,0.477,0.329,-1171570.0,0.4919,0.412,957091.0,0.5064,-0.362,48,-1,whipsaw,2.998
up,1721660580000,2024-07-22T15:03:00.000000000,0.62,1.568,1,2.27,1844716.0,0.5279,1.761,0.0013,0.0001,-0.26,96301.0,0.5037,-0.699,2306970.0,0.4812,-1.089,1345421.0,0.4623,-0.439,-45676.0,0.506,1.219,17,227,whipsaw,-2.437
down,1721689980000,2024-07-22T23:13:00.000000000,0.6,-1.509,1,1.67,-1839762.0,0.4525,1.994,0.0008,0.0001,0.366,-903146.0,0.5641,0.516,-1424514.0,0.5745,0.899,1014909.0,0.6347,0.899,1582524.0,0.6105,-0.15,32,-1,whipsaw,0.266
down,1721712060000,2024-07-23T05:21:00.000000000,0.6,-1.755,1,2.18,-1103365.0,0.4412,1.807,0.0012,0.0001,0.083,-4027187.0,0.4892,-0.501,-7940821.0,0.4985,-0.384,-6514049.0,0.4907,-0.134,-5697658.0,0.4899,-0.768,-1,-1,partial,0.3
down,1721732460000,2024-07-23T11:01:00.000000000,0.6,-1.502,1,1.32,1106500.0,0.4418,1.583,0.0005,0.0001,0.084,-761547.0,0.4245,0.05,-206748.0,0.4896,-0.134,-624809.0,0.4867,0.0,1922365.0,0.5087,-1.575,236,162,trend,-5.111
up,1721744820000,2024-07-23T14:27:00.000000000,0.6,1.507,1,1.5,1122530.0,0.5125,1.833,0.0008,0.0001,-0.033,1045359.0,0.5897,0.267,52932.0,0.4827,0.584,1548321.0,0.471,0.317,1853900.0,0.4369,0.617,123,-1,whipsaw,5.271
down,1721753460000,2024-07-23T16:51:00.000000000,0.59,-1.722,1,2.12,-5790774.0,0.4332,1.699,0.001,6.8e-05,-0.153,-5052630.0,0.3832,-0.936,-7538442.0,0.4447,0.425,-4677578.0,0.5081,-0.051,-5678889.0,0.4811,-1.361,89,15,trend,-5.7
up,1721811180000,2024-07-24T08:53:00.000000000,0.61,1.74,2,2.91,-274996.0,0.4789,1.562,0.0013,0.0001,0.114,3920543.0,0.5235,-0.489,5356847.0,0.4265,-0.065,4952815.0,0.4314,0.912,8738930.0,0.4818,3.079,-1,60,trend,-0.912
down,1721834760000,2024-07-24T15:26:00.000000000,0.62,-1.542,1,3.02,-7671801.0,0.4401,1.79,0.0009,0.0001,0.581,1281433.0,0.4843,0.113,-1096919.0,0.4184,0.791,-1423198.0,0.4405,0.613,-1570661.0,0.4532,-0.597,4,-1,whipsaw,0.226
down,1721856600000,2024-07-24T21:30:00.000000000,0.61,-2.011,1,2.29,-3099392.0,0.4479,1.518,0.0013,0.0001,0.244,-6322697.0,0.477,0.407,-5801282.0,0.5248,0.358,-7791817.0,0.5026,0.016,-4777363.0,0.4688,-3.209,154,94,trend,2.02
down,1721869740000,2024-07-25T01:09:00.000000000,0.6,-2.436,2,2.49,328174.0,0.453,1.716,0.0009,3.9e-05,0.182,-1951463.0,0.4686,-0.843,-2505471.0,0.4402,-0.529,-6995637.0,0.4648,0.248,-7791704.0,0.4628,-1.736,0,16,whipsaw,-0.331
up,1721872500000,2024-07-25T01:55:00.000000000,0.61,1.629,1,3.4,-4127976.0,0.4772,1.811,0.0018,3.9e-05,0.264,-47031.0,0.4674,0.215,-154839.0,0.4654,-0.182,-407539.0,0.4496,-0.529,-876883.0,0.4529,0.661,49,-1,whipsaw,-0.479
up,1721910180000,2024-07-25T12:23:00.000000000,0.62,1.705,1,1.96,1489829.0,0.4709,1.785,0.0009,2.6e-05,-0.322,-1131381.0,0.5147,0.564,2057066.0,0.5224,-0.242,5033600.0,0.4785,-1.048,10835715.0,0.4791,1.37,20,8,trend,-3.03
down,1721912880000,2024-07-25T13:08:00.000000000,0.61,-2.115,1,3.6,8580956.0,0.4608,1.696,0.0017,2.6e-05,0.246,173876.0,0.4563,0.524,197693.0,0.4821,-0.065,-921502.0,0.4527,-1.31,-2619072.0,0.4486,-1.604,110,42,trend,1.948
up,1721918160000,2024-07-25T14:36:00.000000000,0.61,1.607,1,1.81,4115735.0,0.5265,1.697,0.0013,2.6e-05,0.245,3158981.0,0.4485,0.147,5502426.0,0.4628,0.603,7688996.0,0.4809,0.897,12208929.0,0.4687,2.152,-1,23,trend,-3.408
up,1721927340000,2024-07-25T17:09:00.000000000,0.62,1.563,1,2.26,1126485.0,0.5249,1.545,0.0015,0.0001,-0.866,344014.0,0.4745,-1.01,-449374.0,0.4663,-1.01,-2134180.0,0.5093,-1.314,-3613792.0,0.5033,0.417,13,-1,whipsaw,-4.536
down,1721933280000,2024-07-25T18:48:00.000000000,0.61,-1.608,2,1.25,-3394187.0,0.4493,1.743,0.0008,0.0001,-0.512,-4161717.0,0.4191,-0.974,-4144827.0,0.4127,-0.413,-5618272.0,0.4834,-0.809,-5626840.0,0.4954,-3.533,-1,15,trend,1.205
up,1721941560000,2024-07-25T21:06:00.000000000,0.6,1.637,1,2.16,-131654.0,0.528,1.862,0.0014,0.0001,0.117,642529.0,0.5946,0.721,2561321.0,0.5842,0.872,1801824.0,0.571,0.453,2862223.0,0.5263,1.879,-1,18,trend,0.587
down,1722111780000,2024-07-27T20:23:00.000000000,0.59,-1.626,1,4.03,-714947.0,0.5101,1.809,0.0009,0.0001,0.869,-1605530.0,0.4912,1.039,-2889828.0,0.4787,1.516,-4424466.0,0.49,2.062,-7940904.0,0.5008,-0.613,5,-1,whipsaw,-2.488
up,1722113580000,2024-07-27T20:53:00.000000000,0.6,1.516,1,9.51,-4424466.0,0.49,1.679,0.0021,0.0001,-0.285,-635920.0,0.4493,0.168,-191922.0,0.4972,0.537,-3516438.0,0.516,0.47,-5086211.0,0.5197,0.973,-1,-1,partial,0.722
up,1722333060000,2024-07-30T09:51:00.000000000,0.61,1.571,2,9.59,2283237.0,0.5355,1.831,0.0012,8e-05,-0.395,1255956.0,0.422,1.069,4759240.0,0.4847,2.303,10834929.0,0.4991,3.603,19482628.0,0.4959,4.952,-1,12,trend,6.466
down,1722337920000,2024-07-30T11:12:00.000000000,0.62,-1.965,1,17.33,2064119.0,0.4798,1.815,0.0018,8e-05,0.369,-583022.0,0.5574,0.946,2680972.0,0.4561,1.492,5269291.0,0.4915,1.684,5911311.0,0.4969,-1.925,7,171,whipsaw,-5.004
up,1722356100000,2024-07-30T16:15:00.000000000,0.63,1.638,1,3.58,-6032240.0,0.5979,1.75,0.0008,0.0001,0.16,6925393.0,0.5963,0.383,7163812.0,0.5757,0.638,6434665.0,0.5256,0.16,4479190.0,0.4867,1.532,234,23,trend,3.83
up,1722388140000,2024-07-31T01:09:00.000000000,0.64,1.518,2,6.04,4256670.0,0.4778,1.732,0.0015,0.0001,-0.218,412214.0,0.435,0.716,1297878.0,0.4908,0.607,1173427.0,0.4794,0.779,5769378.0,0.48,2.554,-1,40,trend,-2.46
down,1722401220000,2024-07-31T04:47:00.000000000,0.64,-1.595,1,1.87,3796143.0,0.4869,1.795,0.0011,0.0001,-0.187,-3278577.0,0.3925,0.218,-6866377.0,0.4745,-0.265,-10204762.0,0.4395,0.016,-5742234.0,0.4729,-0.561,135,-1,whipsaw,6.454
down,1722443700000,2024-07-31T16:35:00.000000000,0.64,-1.549,1,1.79,-6654068.0,0.4689,1.837,0.0009,0.0001,-0.047,-2179562.0,0.4034,-1.028,-5490557.0,0.4591,-1.106,-4036859.0,0.5015,-0.841,-5246361.0,0.5301,-2.679,-1,9,trend,9.439
down,1722456060000,2024-07-31T20:01:00.000000000,0.63,-1.844,1,1.7,-838777.0,0.4179,1.79,0.0013,0.0001,0.223,-6029912.0,0.523,0.191,-7594648.0,0.4808,-0.032,-9262643.0,0.4645,-0.685,-11692437.0,0.4588,-1.019,171,54,trend,7.387
down,1722469080000,2024-07-31T23:38:00.000000000,0.62,-1.549,1,0.65,278309.0,0.3642,1.682,0.0006,0.0001,0.385,-226010.0,0.4817,0.209,-36889.0,0.4256,0.578,1103692.0,0.4251,1.092,2154579.0,0.4479,-2.472,59,146,whipsaw,4.126
down,1722478500000,2024-08-01T02:15:00.000000000,0.62,-1.847,1,1.71,-834498.0,0.4293,1.866,0.0009,0.0001,-0.584,-113535.0,0.309,-0.422,684741.0,0.452,-0.114,61084.0,0.496,-0.519,420122.0,0.5106,-3.228,-1,46,trend,4.478
down,1722487260000,2024-08-01T04:41:00.000000000,0.6,-1.52,1,2.57,1351507.0,0.4291,1.668,0.0013,0.0001,0.1,451248.0,0.4972,-0.448,289233.0,0.4899,0.166,1698232.0,0.4983,0.896,3305800.0,0.5272,-0.996,62,-1,whipsaw,3.369
up,1722489480000,2024-08-01T05:18:00.000000000,0.61,1.507,1,2.13,1125701.0,0.5448,1.982,0.0009,0.0001,-0.016,626527.0,0.581,0.033,1257098.0,0.5244,0.396,2227971.0,0.5216,-0.016,-452612.0,0.4941,0.891,-1,-1,partial,-5.063
down,1722524640000,2024-08-01T15:04:00.000000000,0.59,-1.546,2,3.49,-1564587.0,0.4318,2.088,0.0011,1e-06,0.338,-2936131.0,0.4975,0.27,-2683571.0,0.4828,-0.726,-1351979.0,0.446,-1.722,-5208937.0,0.4731,-4.103,-1,40,trend,5.673
up,1722545460000,2024-08-01T20:51:00.000000000,0.59,1.761,1,1.35,-1428636.0,0.5375,1.657,0.0009,7.6e-05,-0.17,-704195.0,0.5018,0.187,-657679.0,0.4975,-0.068,-1719620.0,0.4751,0.797,-2595469.0,0.5098,1.781,-1,54,trend,-2.986
down,1722579600000,2024-08-02T06:20:00.000000000,0.56,-1.793,1,2.29,-4590585.0,0.398,1.795,0.001,-6.6e-05,0.213,-411697.0,0.5258,-0.195,-3709407.0,0.4269,0.089,-5895565.0,0.4425,0.177,-6814913.0,0.4166,-1.223,73,10,trend,-1.4
up,1722584160000,2024-08-02T07:36:00.000000000,0.57,2.225,1,3.86,985535.0,0.4352,1.612,0.0013,-6.6e-05,-0.104,-6987557.0,0.4655,-0.104,-7566095.0,0.4289,-0.331,-6306975.0,0.3689,-0.244,-7630530.0,0.4211,0.801,38,-1,whipsaw,0.522
up,1722606060000,2024-08-02T13:41:00.000000000,0.58,1.775,1,1.48,831278.0,0.4842,1.573,0.0009,9.5e-05,0.121,-1676727.0,0.5124,-0.414,-1209230.0,0.4376,-1.053,-1717854.0,0.4529,-1.675,-7477867.0,0.4694,0.328,30,-1,whipsaw,-1.485
down,1722608100000,2024-08-02T14:15:00.000000000,0.57,-1.602,2,2.2,-1556090.0,0.4545,1.883,0.0009,9.5e-05,0.053,269273.0,0.4556,0.595,-2975500.0,0.5246,-0.718,-4390019.0,0.4652,-3.011,-7105146.0,0.4532,-4.358,-1,34,trend,0.14
up,1722613440000,2024-08-02T15:44:00.000000000,0.56,1.781,1,4.47,-4591628.0,0.5185,1.567,0.0017,9.5e-05,-0.214,366387.0,0.4564,0.286,-1292541.0,0.5061,-0.321,981487.0,0.4857,0.161,752749.0,0.4974,1.107,-1,116,trend,-0.179
up,1722629280000,2024-08-02T20:08:00.000000000,0.57,1.552,1,1.18,-2664147.0,0.4952,1.568,0.0011,7.4e-05,-0.123,-347229.0,0.4271,0.053,3708399.0,0.4559,0.088,6556080.0,0.4795,-0.492,4866515.0,0.4763,0.615,66,-1,whipsaw,-4.759
down,1722634200000,2024-08-02T21:30:00.000000000,0.56,-1.808,1,1.62,362845.0,0.4437,1.609,0.0011,7.4e-05,1.037,-284839.0,0.5242,1.215,113992.0,0.5813,0.912,265104.0,0.5694,1.269,319932.0,0.5164,-2.913,4,204,whipsaw,1.251
down,1722646380000,2024-08-03T00:53:00.000000000,0.56,-1.543,1,1.3,-996438.0,0.4537,1.923,0.0008,0.0001,-0.613,1067095.0,0.3761,-1.099,584619.0,0.4716,-1.027,-339817.0,0.4791,0.613,-3508423.0,0.4855,-2.144,79,2,trend,-0.108
up,1722648900000,2024-08-03T01:35:00.000000000,0.56,2.068,1,2.92,-2018799.0,0.5107,1.775,0.0016,0.0001,-0.574,-1809978.0,0.3877,-0.233,-2074243.0,0.4626,0.341,-1676639.0,0.4534,0.197,-2108403.0,0.4462,2.618,-1,42,trend,-1.04
down,1722699720000,2024-08-03T15:42:00.000000000,0.56,-1.568,2,2.38,1139386.0,0.4817,2.028,0.0008,-7.8e-05,-0.072,-433216.0,0.5032,-0.501,-1684800.0,0.4695,0.268,-3236024.0,0.4756,0.376,-3762101.0,0.4535,-2.434,48,95,whipsaw,5.155
up,1722702780000,2024-08-03T16:33:00.000000000,0.57,1.579,1,7.53,-1381335.0,0.4702,1.745,0.0015,-1.3e-05,-0.689,9623.0,0.3925,-0.707,2621406.0,0.3829,-1.378,2118524.0,0.4175,-2.667,4632737.0,0.4341,0.124,9,-1,whipsaw,-6.465
up,1722717420000,2024-08-03T20:37:00.000000000,0.55,1.829,1,1.43,-3265436.0,0.5199,1.798,0.0009,-1.3e-05,-0.054,-141248.0,0.5361,-0.562,-20165.0,0.5475,-0.816,55619.0,0.4894,0.472,-2307936.0,0.5371,1.343,-1,74,trend,-3.302
down,1722780840000,2024-08-04T14:14:00.000000000,0.54,-1.736,1,3.49,-953221.0,0.4442,1.748,0.0005,3.6e-05,0.074,-606114.0,0.4238,-0.669,886396.0,0.3592,-1.506,-135792.0,0.3946,-2.269,-1158220.0,0.4455,-4.5,-1,18,trend,11.733
down,1722791400000,2024-08-04T17:10:00.000000000,0.52,-1.76,1,7.42,-5106589.0,0.4548,1.927,0.0011,-4.1e-05,0.713,-3449223.0,0.4568,1.002,-3961637.0,0.5094,0.385,-3299141.0,0.4816,0.443,-5845597.0,0.4936,-1.079,6,34,whipsaw,6.394
up,1722797820000,2024-08-04T18:57:00.000000000,0.53,1.571,1,4.51,-119827.0,0.5607,2.185,0.0008,-4.1e-05,-0.34,-355676.0,0.4618,0.113,798613.0,0.565,1.151,-1996918.0,0.5556,1.151,-2058260.0,0.5206,1.925,-1,26,trend,-10.132
down,1722804000000,2024-08-04T20:40:00.000000000,0.53,-1.503,1,2.37,-655077.0,0.4187,1.749,0.0008,-4.1e-05,-0.057,-845418.0,0.5562,0.301,-1105539.0,0.5735,0.132,-1587864.0,0.5307,-0.283,-2114905.0,0.4833,-4.653,-1,154,trend,8.195
down,1722816780000,2024-08-05T00:13:00.000000000,0.52,-1.749,3,2.75,1994749.0,0.4215,1.696,0.0008,7.2e-05,0.29,-1211019.0,0.4083,-0.193,-2204555.0,0.4067,-2.263,-7826330.0,0.395,-9.654,-12388145.0,0.4252,-12.556,4,23,whipsaw,3.618
up,1722821880000,2024-08-05T01:38:00.000000000,0.48,1.769,2,38.09,-5826053.0,0.4919,1.765,0.0054,7.2e-05,-0.704,925566.0,0.4418,-1.242,1760765.0,0.4631,-2.276,2495927.0,0.4825,-2.504,2122902.0,0.4869,0.166,7,-1,whipsaw,4.636
down,1722834600000,2024-08-05T05:10:00.000000000,0.47,-2.077,2,3.7,-1696172.0,0.4694,1.896,0.0009,7.2e-05,0.064,-456946.0,0.508,1.071,39419.0,0.5065,1.564,990719.0,0.5144,-0.6,310813.0,0.4857,-6.792,13,2,trend,-9.106
up,1722836400000,2024-08-05T05:40:00.000000000,0.47,1.564,2,7.85,990719.0,0.5144,2.025,0.0021,7.2e-05,0.169,150233.0,0.49,-0.38,-380792.0,0.4273,-2.131,-679906.0,0.4567,-6.814,-3416181.0,0.4731,0.274,17,-1,whipsaw,8.312
down,1722845580000,2024-08-05T08:13:00.000000000,0.47,-1.564,5,3.22,-2717781.0,0.5074,2.142,0.0013,-6.1e-05,1.16,-2234075.0,0.4682,0.193,-2895321.0,0.4809,-0.902,-864057.0,0.4635,0.064,2250481.0,0.4731,-5.927,5,95,whipsaw,-10.028
up,1722858900000,2024-08-05T11:55:00.000000000,0.45,1.914,4,3.11,-2117013.0,0.4777,2.28,0.0014,-6.1e-05,-0.354,447895.0,0.4676,0.287,946108.0,0.4966,-1.812,4185580.0,0.4731,-2.674,4919207.0,0.4727,8.95,24,102,whipsaw,11.359
down,1722876960000,2024-08-05T16:56:00.000000000,0.49,-1.753,2,0.88,-3018949.0,0.4597,1.772,0.0019,-2.6e-05,-0.185,-909983.0,0.4019,0.041,-1570133.0,0.457,0.677,-1320200.0,0.4817,0.8,-1212690.0,0.4717,-3.076,46,88,whipsaw,-5.7
up,1722888660000,2024-08-05T20:11:00.000000000,0.49,1.717,2,0.56,-3862626.0,0.5282,2.098,0.0009,-2.6e-05,-0.618,-71867.0,0.4889,-0.309,71788.0,0.5197,0.679,-1513585.0,0.5043,1.215,-2710070.0,0.5324,2.924,-1,48,trend,5.168
down,1722894480000,2024-08-05T21:48:00.000000000,0.49,-1.506,1,0.38,-1760140.0,0.4929,1.737,0.0007,-2.6e-05,-0.204,-72750.0,0.5499,0.55,45115.0,0.5748,0.693,659208.0,0.5534,0.938,1368058.0,0.5405,-0.571,18,-1,whipsaw,-3.812
up,1722903240000,2024-08-06T00:14:00.000000000,0.5,1.568,1,0.5,1480017.0,0.462,1.629,0.0012,2.5e-05,1.123,797943.0,0.5782,2.285,2502402.0,0.5435,2.586,2180157.0,0.509,3.248,-277765.0,0.4927,3.488,-1,4,trend,0.682
down,1722908700000,2024-08-06T01:45:00.000000000,0.51,-1.628,1,0.64,-2530384.0,0.484,1.902,0.0011,2.5e-05,0.453,409581.0,0.5558,0.512,665035.0,0.4923,0.315,306349.0,0.4728,0.217,1697308.0,0.4543,-0.414,37,-1,whipsaw,-0.177
down,1722932220000,2024-08-06T08:17:00.000000000,0.51,-1.526,1,1.5,-380051.0,0.4066,1.86,0.0007,-6.7e-05,-0.098,888172.0,0.4353,-0.628,-1116195.0,0.4619,-1.785,-3342000.0,0.4562,-2.0,-1873134.0,0.4799,-2.491,-1,17,trend,-1.079
up,1722944940000,2024-08-06T11:49:00.000000000,0.51,1.526,1,1.28,-5071877.0,0.5104,1.993,0.0009,-6.7e-05,-0.356,227944.0,0.3164,-0.218,462197.0,0.3416,0.02,-1387880.0,0.3752,-0.91,-1594726.0,0.388,2.433,56,139,whipsaw,1.661
up,1722953220000,2024-08-06T14:07:00.000000000,0.51,1.678,2,2.09,755497.0,0.4725,1.937,0.0016,-6.7e-05,0.471,-2485620.0,0.52,1.316,-2784978.0,0.5417,1.198,-556626.0,0.5179,1.12,193628.0,0.5087,1.729,85,9,trend,-0.314
down,1722958200000,2024-08-06T15:30:00.000000000,0.5,-1.502,1,1.39,5450976.0,0.4801,1.918,0.0007,-6.7e-05,0.337,1232211.0,0.551,0.673,1707889.0,0.5885,1.129,3125156.0,0.5606,0.832,2211210.0,0.5186,-0.218,25,-1,whipsaw,1.307
down,1722975300000,2024-08-06T20:15:00.000000000,0.51,-1.51,1,1.35,2743536.0,0.4634,1.582,0.0013,6.7e-05,0.413,-222985.0,0.4608,0.098,-55871.0,0.4671,-0.059,2355.0,0.475,-0.334,-993072.0,0.4518,-1.356,114,190,whipsaw,-9.864
up,1722994920000,2024-08-07T01:42:00.000000000,0.51,1.697,1,2.06,-1071437.0,0.4461,1.752,0.0011,4.6e-05,0.137,-193262.0,0.4379,0.412,398010.0,0.483,-0.098,325417.0,0.4782,0.275,-430554.0,0.4789,1.865,-1,46,trend,18.332
down,1723040760000,2024-08-07T14:26:00.000000000,0.5,-1.615,1,1.92,5082443.0,0.392,1.731,0.0009,-1.6e-05,0.02,-3585710.0,0.4284,-1.001,-5984612.0,0.417,0.14,-6702381.0,0.4499,-0.26,-5440679.0,0.4509,-1.461,137,11,trend,-21.441
up,1723043280000,2024-08-07T15:08:00.000000000,0.5,1.582,2,3.05,-756485.0,0.4685,1.532,0.0016,-1.6e-05,-0.399,-318889.0,0.3539,-0.399,-1197057.0,0.4455,-0.479,567876.0,0.4277,-0.299,-955874.0,0.4513,1.118,-1,198,trend,22.435
up,1723060380000,2024-08-07T19:53:00.000000000,0.52,3.459,3,3.78,-328210.0,0.4475,1.684,0.0011,-2.8e-05,1.749,6481669.0,0.539,0.519,22917864.0,0.5117,13.97,24045894.0,0.5318,12.087,25507235.0,0.5186,23.636,0,0,whipsaw,19.792
down,1723063920000,2024-08-07T20:52:00.000000000,0.58,-2.755,4,41.01,1461341.0,0.5051,2.188,0.009,-2.8e-05,2.263,-429313.0,0.5336,4.976,8235681.0,0.5386,9.312,15303585.0,0.5385,8.708,28063745.0,0.5215,-0.484,0,-1,whipsaw,-6.099
up,1723079520000,2024-08-08T01:12:00.000000000,0.59,1.665,2,3.22,-5431380.0,0.5226,1.79,0.0018,-6e-06,-1.03,-1447892.0,0.4793,-0.304,-1249743.0,0.4996,1.772,914651.0,0.52,2.431,4646873.0,0.5172,5.317,5,22,whipsaw,3.275
down,1723089540000,2024-08-08T03:59:00.000000000,0.61,-1.72,2,1.9,-1020294.0,0.4337,1.993,0.0013,-6e-06,0.458,-4430308.0,0.4524,0.54,-1416294.0,0.4882,0.0,2745904.0,0.4486,-2.519,7649934.0,0.4309,-2.732,-1,43,trend,-0.573
up,1723104180000,2024-08-08T08:03:00.000000000,0.61,1.536,1,1.58,577150.0,0.5504,1.98,0.0013,7.3e-05,0.378,1666126.0,0.616,1.266,2000320.0,0.5596,1.53,3350210.0,0.5429,1.711,6442373.0,0.5227,2.484,-1,13,trend,-0.921
up,1723115340000,2024-08-08T11:09:00.000000000,0.62,1.741,1,1.16,-1641797.0,0.5164,1.825,0.0011,7.3e-05,0.016,7999343.0,0.5182,-0.274,8604648.0,0.4806,-0.726,8971537.0,0.4715,-1.194,6713982.0,0.4639,0.242,47,-1,whipsaw,-5.31
down,1723124820000,2024-08-08T13:47:00.000000000,0.61,-1.657,1,1.29,-422107.0,0.3901,2.265,0.0011,7.3e-05,-0.165,35923.0,0.4779,-0.264,-1016167.0,0.4305,0.281,-3358955.0,0.4683,1.123,-4711851.0,0.4757,-0.809,45,-1,whipsaw,5.781
up,1723135440000,2024-08-08T16:44:00.000000000,0.62,1.562,1,1.06,4081126.0,0.5363,2.506,0.0008,5.5e-05,-0.421,335424.0,0.4305,-0.065,-921737.0,0.4708,0.891,-1531889.0,0.501,0.777,1100292.0,0.4893,4.016,-1,17,trend,-6.137
up,1723143900000,2024-08-08T19:05:00.000000000,0.63,1.749,1,0.94,509832.0,0.522,1.83,0.0011,5.5e-05,0.631,-7092502.0,0.5578,-0.205,-6616240.0,0.5038,-1.151,-10822049.0,0.4858,-2.366,-14464683.0,0.4677,1.325,26,3,trend,-8.644
down,1723145820000,2024-08-08T19:37:00.000000000,0.63,-1.661,2,1.86,-10822049.0,0.4851,1.833,0.0018,5.5e-05,0.175,461583.0,0.6166,-0.478,2316635.0,0.4943,-1.546,-3642634.0,0.4453,-1.275,-4447561.0,0.4556,-3.761,-1,21,trend,7.41
up,1723158600000,2024-08-08T23:10:00.000000000,0.62,1.725,1,2.12,-1336692.0,0.5535,1.934,0.0013,5.5e-05,-0.372,-6774550.0,0.4901,-1.001,-7635879.0,0.467,-0.242,-9037731.0,0.5108,-1.163,-9534737.0,0.4832,1.098,6,0,trend,-6.283
up,1723169700000,2024-08-09T02:15:00.000000000,0.62,1.753,1,0.9,-798649.0,0.4706,1.491,0.0009,7.8e-05,-0.241,1583606.0,0.4315,-0.048,-22767.0,0.493,-0.338,-814387.0,0.5075,-0.95,-890789.0,0.4619,0.531,61,-1,whipsaw,-6.214
down,1723179540000,2024-08-09T04:59:00.000000000,0.6,-1.717,1,2.12,-2895033.0,0.4314,1.862,0.0012,7.8e-05,-0.416,-4392682.0,0.3787,-0.133,-4797088.0,0.4451,0.083,-3366485.0,0.4559,1.048,-2362448.0,0.4939,-0.566,58,-1,whipsaw,2.263
down,1723195500000,2024-08-09T09:25:00.000000000,0.59,-1.687,1,1.83,2177177.0,0.403,2.095,0.0007,0.0001,-0.135,-712971.0,0.4846,-1.497,-359564.0,0.4484,-0.892,546799.0,0.4474,-0.858,-1797736.0,0.423,-4.121,-1,11,trend,1.665
down,1723209360000,2024-08-09T13:16:00.000000000,0.57,-1.645,2,1.73,1807515.0,0.4496,1.775,0.001,0.0001,-0.139,-974338.0,0.4139,-0.226,-1664776.0,0.4212,-0.784,-2761588.0,0.4382,0.47,-11770453.0,0.4662,-1.481,47,19,trend,-4.372
up,1723212180000,2024-08-09T14:03:00.000000000,0.58,2.338,3,3.07,-2818865.0,0.4906,1.82,0.0013,0.0001,-0.601,-6107092.0,0.5133,-0.756,-7286812.0,0.4702,-1.889,-6968947.0,0.4642,-0.429,-8869238.0,0.4863,0.378,6,-1,whipsaw,2.336
up,1723260900000,2024-08-10T03:35:00.000000000,0.59,1.716,1,1.38,158600.0,0.5724,2.057,0.0007,-6.6e-05,-0.506,-91735.0,0.502,-0.624,456613.0,0.4776,-0.388,819377.0,0.4562,-0.827,1351157.0,0.4816,0.253,8,-1,whipsaw,-0.135
up,1723292280000,2024-08-10T12:18:00.000000000,0.6,1.561,1,2.56,-725975.0,0.4989,1.934,0.0004,1.5e-05,-0.301,798785.0,0.5881,-0.134,6581567.0,0.5443,-0.334,9724394.0,0.5255,-0.184,13245358.0,0.5124,0.635,-1,-1,partial,-4.428
down,1723369980000,2024-08-11T09:53:00.000000000,0.58,-2.045,1,6.13,4461873.0,0.4665,1.664,0.001,0.0001,0.017,-2599131.0,0.4759,0.19,-3535862.0,0.5215,0.431,-121894.0,0.4917,0.483,697379.0,0.4958,-1.846,-1,110,trend,1.725
down,1723388100000,2024-08-11T14:55:00.000000000,0.57,-1.532,1,4.67,526251.0,0.4897,1.737,0.0008,0.0001,0.088,-3095490.0,0.4936,-0.053,-3775098.0,0.4363,0.566,-987831.0,0.4751,0.018,-744086.0,0.4639,-0.53,-1,-1,partial,-1.396
down,1723404780000,2024-08-11T19:33:00.000000000,0.56,-1.653,1,5.17,-4110541.0,0.4155,2.133,0.0007,-2.1e-05,0.143,-787436.0,0.3895,0.34,-1114494.0,0.4475,-0.375,-1032367.0,0.4729,-0.751,-3754211.0,0.4847,-2.521,-1,31,trend,-1.877
up,1723448280000,2024-08-12T07:38:00.000000000,0.57,1.552,1,4.84,-2069420.0,0.4522,1.705,0.001,2.8e-05,-0.158,-312197.0,0.4611,-0.07,-490447.0,0.4103,0.843,-536242.0,0.4704,0.668,-416948.0,0.4685,1.827,-1,27,trend,0.422
down,1723470120000,2024-08-12T13:42:00.000000000,0.57,-1.528,1,2.06,1622555.0,0.428,1.511,0.001,-1.1e-05,-0.494,-2582549.0,0.4753,-1.323,-1902064.0,0.4696,-0.265,-628317.0,0.4912,1.323,-386405.0,0.4937,-2.116,55,6,trend,-0.37
up,1723472760000,2024-08-12T14:26:00.000000000,0.57,1.819,1,3.86,-3647833.0,0.4994,1.971,0.0013,-1.1e-05,-0.333,27553.0,0.4599,0.858,5163492.0,0.5045,0.543,5964999.0,0.4983,-0.245,8323315.0,0.4767,1.401,-1,14,trend,0.42
up,1723490700000,2024-08-12T19:25:00.000000000,0.57,1.532,1,1.07,-3206571.0,0.5461,2.109,0.0005,9.6e-05,-0.123,634045.0,0.3903,0.088,1412631.0,0.4527,-0.035,760477.0,0.448,-0.526,3546816.0,0.4755,0.386,38,-1,whipsaw,1.631
up,1723546140000,2024-08-13T10:49:00.000000000,0.58,1.581,1,3.88,892527.0,0.4826,1.677,0.001,1.6e-05,-0.501,-12008.0,0.5614,-0.674,689932.0,0.529,-0.363,1846169.0,0.521,-0.45,873119.0,0.5142,0.138,82,-1,whipsaw,0.45
down,1723643340000,2024-08-14T13:49:00.000000000,0.57,-1.832,1,3.93,-799784.0,0.4537,1.951,0.0008,6.9e-05,0.299,-3214011.0,0.4573,0.247,-1270874.0,0.4554,0.335,-2676771.0,0.4845,0.916,-4120663.0,0.5043,-0.669,58,-1,whipsaw,-0.053
down,1723744920000,2024-08-15T18:02:00.000000000,0.56,-2.041,1,3.59,-4976655.0,0.4524,1.634,0.0003,6.3e-05,-0.144,-3034465.0,0.4179,0.126,-7148635.0,0.4757,0.269,-7693750.0,0.4858,0.808,-10671089.0,0.5064,-1.132,42,133,whipsaw,-1.742
up,1723984380000,2024-08-18T12:33:00.000000000,0.58,1.778,1,10.34,1328970.0,0.5168,1.754,0.0003,9.6e-05,-0.156,-4117915.0,0.4816,-0.761,-4321545.0,0.4834,-0.623,-7152792.0,0.4823,-0.796,-6123538.0,0.4962,1.125,79,2,trend,0.744
up,1724058960000,2024-08-19T09:16:00.000000000,0.59,1.506,1,6.19,-200451.0,0.5148,1.627,0.0006,1.1e-05,-0.222,-6662843.0,0.5983,-0.307,-5726999.0,0.5137,-0.512,-4995367.0,0.4757,-0.921,-6102554.0,0.4657,0.614,33,-1,whipsaw,3.957
up,1724088060000,2024-08-19T17:21:00.000000000,0.6,1.704,1,4.18,1587792.0,0.5544,1.51,0.0009,4.1e-05,0.034,-1448345.0,0.5283,0.369,-3143420.0,0.5065,0.553,-3059817.0,0.5024,1.089,-7742250.0,0.4772,2.078,-1,23,trend,-0.117
down,1724166360000,2024-08-20T15:06:00.000000000,0.59,-1.523,1,3.31,2721610.0,0.4437,2.022,0.0007,5.3e-05,0.017,-1537937.0,0.4918,0.391,-7612973.0,0.5686,0.629,-10464318.0,0.5826,0.51,-6607196.0,0.5218,-0.187,89,-1,whipsaw,-0.238
down,1724248200000,2024-08-21T13:50:00.000000000,0.59,-1.529,1,7.09,266103.0,0.4525,1.86,0.0009,3.8e-05,0.546,272731.0,0.5569,1.296,-5152595.0,0.5031,1.194,-7101554.0,0.4975,1.058,-5610514.0,0.4967,-0.017,7,-1,whipsaw,-2.047
up,1724249520000,2024-08-21T14:12:00.000000000,0.6,1.569,1,6.91,-5668423.0,0.4978,1.905,0.001,3.8e-05,-0.655,-1801230.0,0.479,-0.487,-763157.0,0.4482,0.017,-179810.0,0.5059,-0.672,520433.0,0.4945,1.142,43,214,whipsaw,0.789
up,1724505840000,2024-08-24T13:24:00.000000000,0.63,2.263,1,7.02,647382.0,0.539,1.465,0.0009,7.6e-05,-0.923,200402.0,0.4396,-0.748,5898716.0,0.5103,-0.35,6976551.0,0.5092,-0.159,6888047.0,0.4966,0.462,5,-1,whipsaw,-3.853
down,1724694360000,2024-08-26T17:46:00.000000000,0.58,-1.962,1,5.35,-2878798.0,0.4417,1.679,0.0006,5.8e-05,0.155,-2246646.0,0.4572,0.483,251763.0,0.5307,0.138,2272736.0,0.4937,1.001,1956019.0,0.5161,-0.224,44,-1,whipsaw,-2.83
down,1724793600000,2024-08-27T21:20:00.000000000,0.58,-1.554,2,3.36,-4469857.0,0.4317,1.574,0.0008,0.0001,0.412,-1019676.0,0.5981,0.034,189113.0,0.4927,-2.093,-777937.0,0.4731,-2.933,-11929339.0,0.4693,-5.18,-1,18,trend,2.196
down,1724862000000,2024-08-28T16:20:00.000000000,0.56,-1.553,1,2.72,-485647.0,0.4871,1.798,0.0009,9.5e-05,0.502,-2580556.0,0.505,0.824,-5403960.0,0.4749,1.703,-6322489.0,0.5023,2.061,-6515652.0,0.531,-0.394,5,-1,whipsaw,-2.975
up,1724863800000,2024-08-28T16:50:00.000000000,0.57,1.703,1,3.07,-6322489.0,0.5023,1.89,0.0012,9.5e-05,0.352,370888.0,0.5569,0.511,539554.0,0.5747,0.352,-193163.0,0.5635,0.564,610753.0,0.5228,1.833,-1,124,trend,0.74
up,1725037320000,2024-08-30T17:02:00.000000000,0.56,1.621,1,2.86,-1981134.0,0.5466,1.745,0.0007,5e-06,-0.233,-337238.0,0.4813,-0.143,-38180.0,0.5272,-0.358,-278834.0,0.5062,-0.269,-1119911.0,0.4854,0.878,-1,-1,partial,1.147
down,1725229800000,2024-09-01T22:30:00.000000000,0.55,-1.505,1,5.45,744476.0,0.4273,1.571,0.0008,3e-05,-0.437,738065.0,0.4576,0.018,-219617.0,0.4551,-0.782,-2708250.0,0.4732,-0.382,-2450112.0,0.4792,-1.146,-1,29,trend,-3.02
down,1725411600000,2024-09-04T01:00:00.000000000,0.55,-1.805,1,5.68,-1442948.0,0.4339,1.719,0.0006,8.7e-05,-1.747,-897391.0,0.4496,-1.529,-1273615.0,0.4899,-0.437,-1507586.0,0.5071,0.2,-911363.0,0.527,-3.076,-1,2,trend,-1.456
up,1725413580000,2024-09-04T01:33:00.000000000,0.55,1.668,1,18.91,-1507586.0,0.5223,1.683,0.0016,8.7e-05,-0.055,-144438.0,0.53,0.401,593995.0,0.5352,0.109,596223.0,0.5328,0.2,390543.0,0.4966,1.13,-1,113,trend,1.786
down,1725607440000,2024-09-06T07:24:00.000000000,0.53,-1.565,1,6.77,-222148.0,0.4294,1.425,0.0008,1e-05,0.355,1326.0,0.4486,-0.15,370669.0,0.3891,0.187,1751014.0,0.4388,0.0,2125893.0,0.4227,-0.412,-1,-1,partial,0.935
down,1725631560000,2024-09-06T14:06:00.000000000,0.53,-1.937,2,5.01,-2584717.0,0.441,1.5,0.0012,1.1e-05,-0.056,-524047.0,0.4589,-0.132,1253475.0,0.4709,-0.188,907026.0,0.4839,-0.301,1687439.0,0.4867,-3.103,-1,71,trend,0.564
down,1725655920000,2024-09-06T20:52:00.000000000,0.51,-1.666,1,5.4,381092.0,0.4447,1.563,0.0013,5e-06,0.02,-2913783.0,0.4665,0.591,-4316760.0,0.493,1.438,-3949124.0,0.4907,2.305,-837443.0,0.4927,-0.985,22,-1,whipsaw,-3.901
up,1725657840000,2024-09-06T21:24:00.000000000,0.51,1.541,1,5.81,-3949124.0,0.494,1.877,0.0011,5e-06,0.272,2271777.0,0.5309,0.778,1661574.0,0.4837,1.09,3111681.0,0.4851,1.206,1172791.0,0.4795,1.985,-1,27,trend,2.627
up,1726145340000,2024-09-12T12:49:00.000000000,0.55,2.885,1,14.16,5547016.0,0.4217,1.391,0.0012,-1e-05,4.721,13110576.0,0.5338,3.365,30163276.0,0.5114,2.768,24540050.0,0.5158,2.75,12215948.0,0.5099,6.44,0,1,whipsaw,2.496
down,1726147440000,2024-09-12T13:24:00.000000000,0.57,-2.09,2,40.79,8896340.0,0.525,2.107,0.0028,-1e-05,0.176,-1587142.0,0.5814,0.917,-8089186.0,0.5291,0.67,-12001828.0,0.4976,0.512,-14812552.0,0.4745,-2.241,8,88,whipsaw,-0.318
up,1726203240000,2024-09-13T04:54:00.000000000,0.57,1.723,1,5.77,-2266396.0,0.5404,1.498,0.001,2.3e-05,-0.524,1105825.0,0.4729,-0.262,1859157.0,0.5026,-0.454,1548181.0,0.5132,-0.821,34838.0,0.514,0.157,124,-1,whipsaw,0.681
up,1726505820000,2024-09-16T16:57:00.000000000,0.58,1.523,1,3.86,-664017.0,0.5321,1.381,0.0009,5.4e-05,-0.483,-1189842.0,0.4203,-0.603,2785009.0,0.4589,-0.345,1586700.0,0.492,0.069,684950.0,0.498,2.0,-1,168,trend,1.069
up,1726516200000,2024-09-16T19:50:00.000000000,0.59,1.637,1,2.68,2862735.0,0.6295,1.627,0.0005,5.4e-05,-0.153,-808523.0,0.4085,-0.78,216600.0,0.4729,-0.848,1071063.0,0.4647,-1.424,478993.0,0.4627,0.322,45,-1,whipsaw,-0.56
up,1726682520000,2024-09-18T18:02:00.000000000,0.58,1.602,1,5.28,-3133153.0,0.5415,1.961,0.0009,9e-06,-0.416,-2759410.0,0.4791,-0.121,-2888895.0,0.4882,0.156,-2110384.0,0.4933,-0.156,37815.0,0.4868,0.797,-1,-1,partial,2.513
up,1726937700000,2024-09-21T16:55:00.000000000,0.6,1.617,1,7.72,3741173.0,0.5391,1.302,0.0005,0.0001,1.625,3733105.0,0.5656,1.725,8723372.0,0.5249,0.988,11576045.0,0.4797,1.273,14227394.0,0.4978,2.629,-1,4,trend,-1.022
down,1727042520000,2024-09-22T22:02:00.000000000,0.58,-1.847,1,7.14,-3407291.0,0.4866,1.592,0.0006,4.5e-05,0.0,-3358466.0,0.4565,0.345,-3137058.0,0.5201,0.881,-3085782.0,0.578,1.761,-6455135.0,0.5704,-0.242,31,-1,whipsaw,-1.226
down,1727050560000,2024-09-23T00:16:00.000000000,0.58,-1.581,1,3.09,-607824.0,0.3239,1.608,0.0004,6.4e-05,0.605,2329175.0,0.5401,1.071,1943280.0,0.5755,1.226,1315731.0,0.5502,1.676,1246610.0,0.5168,-0.035,10,-1,whipsaw,-1.071
down,1727311740000,2024-09-26T00:49:00.000000000,0.58,-1.524,1,6.7,-3488206.0,0.4246,1.643,0.0005,3.3e-05,0.435,-6917192.0,0.4938,0.33,-5793048.0,0.4867,0.609,-5744411.0,0.525,0.748,-3638461.0,0.5487,-0.209,68,-1,whipsaw,-2.452
up,1727509320000,2024-09-28T07:42:00.000000000,0.6,1.768,1,4.33,2433351.0,0.5833,1.444,0.0005,8.9e-05,0.534,6092458.0,0.5319,1.603,5878915.0,0.584,0.985,5178118.0,0.5337,0.468,4136677.0,0.5162,4.125,-1,1,trend,4.776
up,1727518500000,2024-09-28T10:15:00.000000000,0.61,1.52,1,15.64,10219681.0,0.4677,1.786,0.0016,0.0001,-0.358,-170519.0,0.4577,-0.879,3539780.0,0.4819,-0.163,-3037156.0,0.5192,1.269,26660900.0,0.4992,1.611,-1,48,trend,2.148
up,1727591520000,2024-09-29T06:32:00.000000000,0.63,1.614,1,2.86,7191546.0,0.5218,1.582,0.0011,0.0001,-0.905,641660.0,0.4604,-0.794,386167.0,0.5118,-0.858,5417606.0,0.4977,-0.318,7296815.0,0.499,0.492,26,-1,whipsaw,2.668
up,1727622000000,2024-09-29T15:00:00.000000000,0.65,1.716,2,6.46,5067488.0,0.5404,1.69,0.0012,0.0001,0.325,379512.0,0.554,0.217,4643018.0,0.5407,0.263,6689904.0,0.4938,2.198,16022519.0,0.4935,2.91,-1,33,trend,-3.498
down,1727627100000,2024-09-29T16:25:00.000000000,0.65,-1.585,1,5.12,1283411.0,0.3892,1.673,0.0012,0.0001,0.261,3195880.0,0.3731,0.613,4917552.0,0.4745,0.199,3322171.0,0.435,-0.322,1330959.0,0.3987,-1.166,-1,224,trend,4.801
up,1727658240000,2024-09-30T01:04:00.000000000,0.65,1.541,1,2.72,4897687.0,0.4237,1.705,0.0009,0.0001,-0.294,86750.0,0.4004,-0.201,-2614668.0,0.5065,0.248,-1096972.0,0.5105,0.217,-1610289.0,0.5028,0.898,82,-1,whipsaw,-3.964
down,1727663580000,2024-09-30T02:33:00.000000000,0.64,-1.529,1,3.32,-3928272.0,0.5067,1.72,0.0011,0.0001,-0.016,-2060818.0,0.5415,0.361,-1040393.0,0.506,0.627,-1658439.0,0.4673,1.207,-402018.0,0.4712,-0.392,45,-1,whipsaw,2.634
down,1727689920000,2024-09-30T09:52:00.000000000,0.64,-1.639,1,3.54,-800485.0,0.4273,1.857,0.0011,0.0001,-0.701,-2839752.0,0.3572,-1.76,-6104641.0,0.4108,-1.978,-9085053.0,0.4254,-2.352,-13064820.0,0.4146,-2.632,-1,5,trend,1.791
down,1727739660000,2024-09-30T23:41:00.000000000,0.61,-1.58,1,1.53,-2043752.0,0.5142,1.716,0.0008,0.0001,0.475,-1444827.0,0.4578,0.18,-1843229.0,0.4334,0.59,-3435673.0,0.4787,1.114,-2888198.0,0.5117,-0.246,48,-1,whipsaw,2.048
up,1727743860000,2024-10-01T00:51:00.000000000,0.62,1.539,1,1.09,687127.0,0.5654,1.791,0.0006,0.0001,0.032,898347.0,0.5244,0.145,-524901.0,0.5358,-0.113,-622300.0,0.5385,0.258,148889.0,0.59,0.822,-1,-1,partial,-2.935
down,1727789880000,2024-10-01T13:38:00.000000000,0.62,-1.513,3,8.99,-1273661.0,0.4215,1.806,0.0006,0.0001,-0.388,-2233621.0,0.4215,-0.647,-1470218.0,0.4802,0.307,-886049.0,0.4742,-0.582,-4707978.0,0.4733,-6.565,-1,3,trend,6.404
up,1727796960000,2024-10-01T15:36:00.000000000,0.61,1.513,1,9.98,261087.0,0.5479,1.912,0.0015,0.0001,-0.049,-1964636.0,0.5522,0.295,-7494267.0,0.5586,0.131,-6731222.0,0.5367,0.311,-4478171.0,0.5662,2.751,69,201,whipsaw,-3.8
up,1727805000000,2024-10-01T17:50:00.000000000,0.59,1.903,2,9.7,-96492.0,0.5135,2.064,0.0018,0.0001,0.841,-231143.0,0.5712,1.245,826045.0,0.5323,1.127,2729612.0,0.5243,0.387,-417328.0,0.5186,5.57,226,7,trend,-2.154
down,1727811060000,2024-10-01T19:31:00.000000000,0.61,-2.211,2,9.06,-3112483.0,0.5339,1.699,0.0032,0.0001,0.983,5717069.0,0.5252,-0.393,2153727.0,0.4876,-0.066,2743388.0,0.51,0.344,-5501836.0,0.4978,-3.605,2,12,whipsaw,6.194
up,1727819580000,2024-10-01T21:53:00.000000000,0.6,1.52,1,1.91,-4877299.0,0.5764,1.38,0.0015,0.0001,0.033,-221510.0,0.5782,-0.283,76097.0,0.5396,-0.516,-1102405.0,0.4822,-1.248,-264474.0,0.4422,0.798,37,-1,whipsaw,-8.699
down,1727867340000,2024-10-02T11:09:00.000000000,0.58,-1.55,1,1.4,-4082395.0,0.4299,1.8,0.0006,1.3e-05,0.171,-1137961.0,0.5573,0.222,-2093181.0,0.5404,0.376,-3843368.0,0.5092,-0.496,-3505226.0,0.576,-1.403,112,142,whipsaw,10.233
down,1727875860000,2024-10-02T13:31:00.000000000,0.58,-1.729,1,4.11,-4952262.0,0.5205,1.937,0.0014,1.3e-05,0.0,-3020625.0,0.6196,0.483,-5520680.0,0.5763,1.07,-11214742.0,0.5581,0.621,-13668621.0,0.5397,-0.587,19,-1,whipsaw,9.903
down,1727892960000,2024-10-02T18:16:00.000000000,0.57,-2.284,1,4.14,-1361912.0,0.5483,2.25,0.001,3.9e-05,0.843,1867111.0,0.5526,0.738,-125519.0,0.5609,0.896,-1076743.0,0.5552,0.053,-2875176.0,0.5407,-6.993,6,0,trend,8.153
up,1727897820000,2024-10-02T19:37:00.000000000,0.57,1.504,1,1.73,-3761237.0,0.5441,1.855,0.0012,3.9e-05,-0.087,309704.0,0.5202,0.139,-186665.0,0.516,-0.296,-884944.0,0.511,-0.035,-2223615.0,0.5346,0.767,78,-1,whipsaw,-8.174
down,1727903340000,2024-10-02T21:09:00.000000000,0.57,-1.599,4,5.44,4833988.0,0.5599,2.096,0.0013,3.9e-05,-1.113,581562.0,0.4862,-2.597,1014928.0,0.465,-2.403,4173414.0,0.4572,-4.258,6202771.0,0.4235,-7.562,-1,4,trend,7.65
up,1727909460000,2024-10-02T22:51:00.000000000,0.54,1.718,1,5.69,6988672.0,0.5046,2.019,0.0016,3.9e-05,0.909,-2350772.0,0.5573,1.244,-4518389.0,0.5678,1.021,-3519836.0,0.5622,-0.019,-1511967.0,0.5139,1.726,73,7,trend,-2.673
up,1727916780000,2024-10-03T00:53:00.000000000,0.53,1.796,1,3.32,-1162764.0,0.4945,2.071,0.0014,8.6e-05,-0.188,-356655.0,0.452,-0.901,479264.0,0.4376,0.113,1189053.0,0.4615,0.507,965308.0,0.4702,2.177,16,76,whipsaw,-3.303
down,1727941920000,2024-10-03T07:52:00.000000000,0.52,-1.585,2,2.08,-105454.0,0.4532,1.66,0.0013,8.6e-05,-0.153,5180553.0,0.475,-0.978,2638200.0,0.5019,-0.729,-9947087.0,0.5349,-1.764,1229099.0,0.5413,-2.837,-1,13,trend,-0.422
up,1727947860000,2024-10-03T09:31:00.000000000,0.52,1.568,1,2.39,3772139.0,0.5837,1.881,0.0011,4.2e-05,0.019,-520518.0,0.5743,0.54,-34143.0,0.5655,0.232,-937420.0,0.5406,1.158,-1593567.0,0.5439,1.467,-1,49,trend,0.984
down,1727957220000,2024-10-03T12:07:00.000000000,0.51,-1.533,1,0.97,1095002.0,0.5181,1.735,0.0008,4.2e-05,0.564,448611.0,0.6463,0.7,399010.0,0.6009,1.128,-574271.0,0.5637,1.012,1204378.0,0.5254,-0.447,9,-1,whipsaw,-1.965
up,1727970960000,2024-10-03T15:56:00.000000000,0.52,1.912,2,1.35,-2216159.0,0.5262,1.642,0.0011,4.2e-05,0.077,-335190.0,0.4883,-0.134,-142358.0,0.4824,-1.11,-751693.0,0.4888,-1.149,-1012338.0,0.4894,1.474,29,192,whipsaw,-0.115
down,1727973000000,2024-10-03T16:30:00.000000000,0.51,-1.55,1,1.28,-400545.0,0.5019,1.967,0.0011,1.9e-05,0.33,-225104.0,0.4611,0.466,-421477.0,0.469,-0.447,-6038.0,0.4659,1.496,2458967.0,0.4966,-0.564,46,-1,whipsaw,-2.934
up,1728005220000,2024-10-04T01:27:00.000000000,0.52,1.512,1,1.15,-810499.0,0.6086,1.526,0.001,1.5e-05,0.0,-646382.0,0.5318,-0.477,-657986.0,0.5411,-0.115,-713500.0,0.5364,0.267,-1044702.0,0.5438,1.203,-1,233,trend,1.642
up,1728059400000,2024-10-04T16:30:00.000000000,0.53,1.533,1,3.0,-1227391.0,0.5689,1.583,0.0006,1.6e-05,0.245,1045856.0,0.5257,0.472,1954297.0,0.4847,0.491,2174374.0,0.5205,0.302,1272096.0,0.5093,1.756,-1,131,trend,0.113
down,1728342120000,2024-10-07T23:02:00.000000000,0.53,-1.507,1,2.62,-1365897.0,0.4668,1.54,0.0006,8.1e-05,0.246,-1194721.0,0.5263,0.699,-639422.0,0.4819,0.567,-1453664.0,0.4353,0.17,-2773403.0,0.4598,-0.17,-1,-1,partial,-0.019
up,1728565200000,2024-10-10T13:00:00.000000000,0.54,2.1,1,9.36,5277911.0,0.4673,1.795,0.0011,0.0001,-0.13,3659702.0,0.5107,-0.778,3892120.0,0.519,-0.5,5710807.0,0.5166,-0.556,1314095.0,0.494,1.001,18,8,trend,-0.574
down,1728583620000,2024-10-10T18:07:00.000000000,0.53,-1.658,1,3.87,-5818288.0,0.3734,1.708,0.0007,4.9e-05,-0.17,-1652549.0,0.4862,-0.398,-739250.0,0.4574,-0.189,-339258.0,0.4481,-0.208,50199.0,0.4223,-0.701,-1,-1,partial,-2.159
up,1729000800000,2024-10-15T14:00:00.000000000,0.55,1.593,1,3.45,-576516.0,0.529,1.862,0.0006,0.0001,-0.456,346551.0,0.4788,-0.383,1659992.0,0.4471,-0.766,-1826872.0,0.4428,-1.696,15819.0,0.4572,0.109,34,-1,whipsaw,-0.128
down,1729003260000,2024-10-15T14:41:00.000000000,0.54,-1.757,1,6.41,-1787025.0,0.4475,1.788,0.0012,0.0001,0.466,1844228.0,0.4963,0.633,2532612.0,0.4872,-0.168,-984513.0,0.4599,0.615,1107565.0,0.5005,-0.987,97,-1,whipsaw,-1.956
up,1729139940000,2024-10-17T04:39:00.000000000,0.56,1.672,1,3.6,1466183.0,0.5496,1.462,0.0004,0.0001,0.054,-1221570.0,0.4793,-0.232,1581157.0,0.4719,0.822,1544524.0,0.5104,-0.286,3537233.0,0.5142,1.287,160,31,trend,-2.824
down,1729188600000,2024-10-17T18:10:00.000000000,0.54,-1.52,1,2.23,-3229359.0,0.4075,1.581,0.0007,0.0001,-0.239,-2502703.0,0.4418,0.165,-2328607.0,0.5124,0.037,-2533860.0,0.505,0.11,-2615116.0,0.5313,-0.459,-1,-1,partial,-0.22
down,1729588680000,2024-10-22T09:18:00.000000000,0.53,-1.586,1,9.49,-2153426.0,0.4975,1.606,0.0008,0.0001,-0.225,8727.0,0.5865,0.037,-180806.0,0.5851,-0.037,-1200061.0,0.5951,0.15,482605.0,0.599,-0.506,-1,-1,partial,1.781
down,1729879740000,2024-10-25T18:09:00.000000000,0.51,-1.518,1,7.59,-2523783.0,0.459,1.772,0.0007,0.0001,0.781,-916312.0,0.4648,1.171,-2172481.0,0.5116,1.21,-2057939.0,0.534,0.449,-4217863.0,0.5206,-0.546,8,-1,whipsaw,-0.117
down,1729897500000,2024-10-25T23:05:00.000000000,0.51,-1.607,1,2.54,-484675.0,0.5192,1.555,0.0005,0.0001,-0.216,-4818111.0,0.5435,-1.142,-10398354.0,0.5307,-1.771,-14258394.0,0.5134,-1.594,-17599575.0,0.529,-4.35,-1,8,trend,-0.886
up,1729900380000,2024-10-25T23:53:00.000000000,0.5,2.308,1,22.92,-4647726.0,0.5333,1.851,0.0015,0.0001,0.319,-636333.0,0.5333,0.1,-2553495.0,0.5579,-0.04,-3143504.0,0.5217,0.938,-3123071.0,0.5142,2.236,-1,61,trend,2.516
down,1730601720000,2024-11-03T02:42:00.000000000,0.5,-1.598,1,14.02,-4667535.0,0.4309,1.746,0.0008,0.0001,0.602,-428323.0,0.3875,0.361,-1102970.0,0.4503,0.742,-1134632.0,0.4826,0.602,-1476505.0,0.4247,-0.201,97,-1,whipsaw,-1.664
up,1730860560000,2024-11-06T02:36:00.000000000,0.53,1.522,1,4.52,1115499.0,0.5247,1.984,0.0006,0.0001,-0.342,113900.0,0.3212,0.361,1040932.0,0.4893,1.461,2910985.0,0.4947,1.253,1275143.0,0.5101,2.619,-1,28,trend,3.397
up,1730875080000,2024-11-06T06:38:00.000000000,0.54,1.555,1,5.11,888192.0,0.4783,1.702,0.0006,0.0001,-0.351,-856148.0,0.4074,-0.941,-2502442.0,0.3904,-0.775,-2797164.0,0.3946,-0.111,-756044.0,0.4051,0.148,20,-1,whipsaw,2.177
down,1730880180000,2024-11-06T08:03:00.000000000,0.53,-1.553,1,6.52,2633895.0,0.486,1.676,0.0012,0.0001,-0.169,-1373666.0,0.4609,-0.188,-1647199.0,0.4954,-0.995,-3425108.0,0.4873,0.169,-3109116.0,0.4808,-1.127,-1,19,trend,-4.47
up,1730948580000,2024-11-07T03:03:00.000000000,0.55,1.669,1,2.0,1850948.0,0.4742,1.435,0.0005,0.0001,0.812,1572386.0,0.5754,2.345,4967684.0,0.5915,2.832,307520.0,0.5769,1.299,4158453.0,0.529,4.347,-1,10,trend,-1.028
down,1730951400000,2024-11-07T03:50:00.000000000,0.56,-1.699,1,6.91,-2588592.0,0.5104,1.429,0.0017,0.0001,-0.41,-796758.0,0.3776,-0.018,563198.0,0.5023,-0.695,-172528.0,0.4695,-0.588,2558062.0,0.5115,-2.013,-1,54,trend,2.138
up,1731201180000,2024-11-10T01:13:00.000000000,0.57,1.633,1,4.02,942183.0,0.5053,1.581,0.0006,0.0001,-0.706,1246487.0,0.5103,-0.441,3491267.0,0.5558,0.318,4387507.0,0.5686,0.794,2923009.0,0.5533,2.119,-1,40,trend,4.114
up,1731217320000,2024-11-10T05:42:00.000000000,0.59,1.768,1,5.56,66126.0,0.5474,1.673,0.0007,0.0001,0.494,75401.0,0.5725,-0.511,-1247559.0,0.5207,-0.153,-4813955.0,0.5161,-1.193,-5977220.0,0.4762,0.92,24,-1,whipsaw,-2.044
up,1731242160000,2024-11-10T12:36:00.000000000,0.6,1.768,1,6.19,2651890.0,0.5207,1.689,0.0016,0.000242,0.735,-388434.0,0.5604,1.136,-1140668.0,0.5533,2.506,787446.0,0.5261,1.771,72060.0,0.5085,3.375,-1,6,trend,-2.289
down,1731249420000,2024-11-10T14:37:00.000000000,0.6,-1.66,1,3.59,2229737.0,0.448,1.536,0.001,0.000242,0.384,-11254573.0,0.4888,0.15,-9440567.0,0.4913,0.551,-6234045.0,0.4904,0.451,-7613245.0,0.494,-0.735,67,-1,whipsaw,2.774
down,1731267540000,2024-11-10T19:39:00.000000000,0.6,-1.837,2,2.66,-3101575.0,0.4674,1.554,0.0019,0.000338,-0.53,-523245.0,0.4455,-1.308,-4657288.0,0.442,-1.888,-3934024.0,0.4714,-2.551,-1902258.0,0.4747,-6.857,-1,6,trend,1.325
up,1731274680000,2024-11-10T21:38:00.000000000,0.58,1.502,1,3.28,-5204590.0,0.5445,1.764,0.0014,0.000338,0.327,288218.0,0.5759,0.981,718267.0,0.582,1.325,28901.0,0.5412,1.273,-1201194.0,0.5364,2.477,-1,15,trend,6.675
down,1731302460000,2024-11-11T05:21:00.000000000,0.58,-1.625,1,1.04,-2639671.0,0.4202,1.727,0.0005,0.000133,-0.533,-466648.0,0.3808,-0.206,4526906.0,0.4366,-1.273,4863656.0,0.4255,-1.531,6840572.0,0.4755,-1.892,-1,18,trend,-4.249
up,1731338580000,2024-11-11T15:23:00.000000000,0.59,1.547,1,1.92,4765054.0,0.487,2.157,0.0007,0.000205,-0.119,2078358.0,0.5736,0.626,966043.0,0.5528,-0.254,-10118130.0,0.4946,0.423,-9444954.0,0.4832,1.118,-1,224,trend,13.546
up,1731355260000,2024-11-11T20:01:00.000000000,0.6,1.955,1,1.54,2075017.0,0.5022,1.576,0.001,0.0001,0.331,2598844.0,0.536,1.157,3061206.0,0.5091,2.646,25421086.0,0.5206,1.703,20475794.0,0.492,4.663,-1,12,trend,15.212
down,1731359160000,2024-11-11T21:06:00.000000000,0.62,-1.722,1,6.64,-4785204.0,0.4666,1.791,0.0022,0.0001,-0.26,1055806.0,0.5068,0.276,1704557.0,0.5221,0.227,2070633.0,0.5097,-0.114,744321.0,0.489,-3.195,120,41,trend,-14.631
up,1731366060000,2024-11-11T23:01:00.000000000,0.62,1.641,2,1.69,5162569.0,0.5217,1.87,0.001,0.0001,0.048,1431968.0,0.4796,0.081,2208696.0,0.4362,-0.226,2475281.0,0.461,0.129,12381176.0,0.4646,0.549,62,-1,whipsaw,16.193
down,1731370440000,2024-11-12T00:14:00.000000000,0.61,-1.568,1,3.25,11416050.0,0.43,1.962,0.001,0.00052,-1.445,-860418.0,0.4466,-0.115,510998.0,0.4639,-0.378,853318.0,0.4495,-0.082,-1187626.0,0.4432,-1.971,-1,4,trend,-19.218
down,1731390300000,2024-11-12T05:45:00.000000000,0.6,-1.533,1,2.69,1837969.0,0.4425,1.775,0.0013,0.00052,0.301,2274657.0,0.4853,0.536,2176300.0,0.5029,0.921,8358184.0,0.5097,1.322,10077890.0,0.4944,-0.084,0,-1,whipsaw,-8.954
up,1731395040000,2024-11-12T07:04:00.000000000,0.61,1.511,2,1.92,2794773.0,0.5439,2.161,0.0008,0.00052,0.327,1472903.0,0.6304,0.229,1279891.0,0.5661,0.458,1978491.0,0.5313,0.85,2244908.0,0.5218,14.293,-1,57,trend,6.46
down,1731403380000,2024-11-12T09:23:00.000000000,0.67,-2.188,2,9.72,9001610.0,0.4975,1.784,0.0055,0.000467,0.585,630924.0,0.4481,-0.345,3253171.0,0.4478,-0.42,2213072.0,0.4563,-3.557,-3732158.0,0.458,-9.006,0,1,whipsaw,0.645
up,1731409860000,2024-11-12T11:11:00.000000000,0.64,1.596,12,5.61,-8677093.0,0.5049,1.89,0.0043,0.000467,0.896,874100.0,0.5314,1.32,-230744.0,0.552,1.822,4566641.0,0.5143,1.54,3250735.0,0.518,5.483,158,7,trend,5.405
down,1731416460000,2024-11-12T13:01:00.000000000,0.64,-1.916,1,2.98,2029085.0,0.5187,2.058,0.0031,0.000467,-0.234,-411335.0,0.5596,-0.063,-1326020.0,0.4833,1.594,3096225.0,0.4854,0.61,-939062.0,0.4739,-2.282,21,7,trend,-5.111
down,1731427320000,2024-11-12T16:02:00.000000000,0.67,-2.135,4,4.91,4093177.0,0.5094,2.128,0.0036,0.000641,-0.549,756353.0,0.4678,-0.757,-1783738.0,0.4641,-0.223,-3774994.0,0.4866,1.202,651887.0,0.5024,-1.618,2,7,whipsaw,-5.344
down,1731451980000,2024-11-12T22:53:00.000000000,0.72,-1.615,7,0.94,-2539936.0,0.4566,1.877,0.0025,0.000641,-0.111,1292059.0,0.4072,0.07,1653586.0,0.4714,-1.35,3564891.0,0.4459,-1.224,2447128.0,0.4729,-5.44,81,29,trend,4.105
up,1731475080000,2024-11-13T05:18:00.000000000,0.66,1.663,3,1.12,6435398.0,0.5012,2.08,0.0022,0.000331,-0.03,-60136.0,0.4617,-0.818,969709.0,0.4668,-1.848,454502.0,0.4505,-0.682,1972323.0,0.4775,2.06,18,181,whipsaw,5.346
down,1731488400000,2024-11-13T09:00:00.000000000,0.66,-1.699,1,0.97,-4062211.0,0.5251,1.835,0.0017,0.000107,-0.227,-3905379.0,0.4238,0.152,-2851920.0,0.4974,0.182,-840113.0,0.4891,-0.379,-3089309.0,0.4768,-1.122,87,37,trend,-7.795
up,1731494880000,2024-11-13T10:48:00.000000000,0.67,1.564,1,0.7,2992817.0,0.566,1.736,0.0019,0.000107,0.822,312291.0,0.6183,0.105,719808.0,0.4895,0.688,3492795.0,0.5018,0.673,2049351.0,0.4883,6.924,-1,4,trend,6.131
up,1731504600000,2024-11-13T13:30:00.000000000,0.69,1.858,4,1.14,-3318947.0,0.5012,2.245,0.0014,0.000107,-0.073,-972764.0,0.4941,2.685,26547234.0,0.5084,2.248,7179573.0,0.5207,2.131,11510706.0,0.514,9.165,-1,9,trend,5.21
down,1731507180000,2024-11-13T14:13:00.000000000,0.7,-2.046,1,3.05,-9001604.0,0.5336,2.085,0.0033,0.000107,0.258,659445.0,0.4981,0.987,3934910.0,0.4944,1.96,812838.0,0.4975,1.316,-2998069.0,0.4826,-0.358,9,-1,whipsaw,-3.563
down,1731518760000,2024-11-13T17:26:00.000000000,0.72,-1.627,4,3.11,-10401.0,0.4913,2.15,0.0028,0.0001,0.222,-277047.0,0.5161,0.181,982235.0,0.5109,-0.514,245884.0,0.4794,-0.361,-8149394.0,0.4847,-7.048,-1,33,trend,-5.727
up,1731529920000,2024-11-13T20:32:00.000000000,0.69,1.552,2,1.26,-4742248.0,0.5478,2.241,0.0016,0.0001,0.247,160944.0,0.633,0.553,1845791.0,0.5859,-0.873,-194589.0,0.5349,-0.655,2369761.0,0.5173,1.746,29,215,whipsaw,13.288
down,1731545400000,2024-11-14T00:50:00.000000000,0.68,-1.569,1,0.82,-440395.0,0.4315,1.855,0.0013,0.000128,0.205,573233.0,0.4953,0.79,-1170840.0,0.4986,0.834,-1576672.0,0.5236,2.589,1720141.0,0.5388,-0.102,17,-1,whipsaw,-16.486
up,1731548400000,2024-11-14T01:40:00.000000000,0.7,1.55,1,0.95,1193416.0,0.5432,2.502,0.0011,0.000128,-0.357,1053936.0,0.5589,0.371,3368538.0,0.566,-0.114,915064.0,0.5092,-1.241,-3733008.0,0.45,0.528,46,-1,whipsaw,16.888
down,1731567300000,2024-11-14T06:55:00.000000000,0.69,-1.651,1,0.9,-1723442.0,0.4449,1.595,0.001,0.000128,-1.027,-2324330.0,0.3466,-0.752,-5300239.0,0.4092,-0.535,-5600066.0,0.4463,0.955,-4822591.0,0.482,-1.201,59,5,trend,-14.8
up,1731570780000,2024-11-14T07:53:00.000000000,0.7,1.632,12,1.02,2551395.0,0.5207,1.879,0.001,0.000128,0.1,-1853242.0,0.5469,0.244,-1498639.0,0.545,0.315,-833887.0,0.5271,2.308,750145.0,0.5364,3.513,-1,42,trend,12.516
down,1731582600000,2024-11-14T11:10:00.000000000,0.7,-1.825,4,1.38,-2135346.0,0.386,1.975,0.0016,0.000113,0.343,597721.0,0.3875,2.216,1778862.0,0.414,0.672,1513717.0,0.4414,2.202,4672022.0,0.4716,-0.157,12,-1,whipsaw,-16.898
down,1731614760000,2024-11-14T20:06:00.000000000,0.78,-1.738,1,3.53,773227.0,0.5327,1.984,0.0033,0.000204,-0.461,143602.0,0.5161,-0.91,-481339.0,0.5205,0.385,-5614439.0,0.5456,1.487,-5923780.0,0.5387,-3.179,49,1,trend,-15.049
down,1731623940000,2024-11-14T22:39:00.000000000,0.81,-1.912,2,3.65,-12660066.0,0.5295,1.682,0.0057,0.000204,-0.605,-4290973.0,0.4367,-0.234,-7184726.0,0.4667,-2.788,-10611299.0,0.4579,-6.552,-7925754.0,0.449,-6.811,168,6,trend,-11.08
up,1731628980000,2024-11-15T00:03:00.000000000,0.78,1.734,13,2.1,-2164844.0,0.4933,1.75,0.004,0.000134,0.128,-6009275.0,0.5455,0.154,-6065453.0,0.5246,0.872,-8053124.0,0.5067,3.281,-3123777.0,0.5283,6.537,23,32,whipsaw,15.329
down,1731638100000,2024-11-15T02:35:00.000000000,0.81,-1.719,1,0.95,-4145226.0,0.4628,2.061,0.0022,0.000134,1.133,2862513.0,0.5305,0.579,2904633.0,0.5152,1.183,4650652.0,0.5091,0.715,6179417.0,0.4968,-2.563,5,123,whipsaw,-9.942
down,1731645360000,2024-11-15T04:36:00.000000000,0.81,-1.652,1,1.53,-993973.0,0.4824,2.038,0.0026,0.000134,-1.198,-2046019.0,0.4136,-1.186,276711.0,0.4422,-1.112,-1989338.0,0.4677,-1.272,-4862654.0,0.4761,-4.52,-1,2,trend,-13.449
down,1731652860000,2024-11-15T06:41:00.000000000,0.79,-2.125,2,1.09,2300964.0,0.4784,2.03,0.0018,0.000134,0.379,538072.0,0.4826,0.202,-2770427.0,0.5184,1.048,-5117315.0,0.5278,0.429,-8722993.0,0.4939,-2.411,19,72,whipsaw,-19.932
down,1731681300000,2024-11-15T14:35:00.000000000,0.87,-1.888,2,2.74,-9851388.0,0.4857,1.768,0.0045,0.0001,0.607,-371231.0,0.493,2.669,3921840.0,0.504,2.405,-21813.0,0.5096,-1.34,-2479671.0,0.4925,-1.661,3,47,whipsaw,-29.759
down,1731693000000,2024-11-15T17:50:00.000000000,0.87,-1.882,1,0.84,-953347.0,0.471,2.063,0.002,0.0001,-0.185,-391720.0,0.4115,0.786,-320564.0,0.4606,1.225,-1890007.0,0.4684,1.641,-3315744.0,0.4711,-0.705,16,-1,whipsaw,-30.359
up,1731694860000,2024-11-15T18:21:00.000000000,0.88,1.642,2,0.92,-1890007.0,0.4705,1.769,0.0028,0.0001,-0.637,-555659.0,0.359,-1.741,-1039166.0,0.4253,0.034,-1425737.0,0.4722,1.172,-1065420.0,0.4803,5.575,3,50,whipsaw,31.414
down,1731703020000,2024-11-15T20:37:00.000000000,0.88,-1.647,2,0.78,1518214.0,0.4637,1.788,0.0021,0.0001,-0.464,878245.0,0.4912,-1.38,-5491862.0,0.4899,-0.792,-7282929.0,0.5103,1.618,-8818131.0,0.5033,-1.889,60,1,trend,-30.942
up,1731706620000,2024-11-15T21:37:00.000000000,0.9,2.429,1,0.91,-1535202.0,0.4959,1.554,0.0022,0.0001,0.289,-370856.0,0.544,2.538,-3568287.0,0.5218,2.639,-5221033.0,0.5013,0.701,-6932123.0,0.4883,3.307,0,8,whipsaw,26.197
down,1731717180000,2024-11-16T00:33:00.000000000,0.88,-2.034,1,1.15,-2372877.0,0.4894,1.744,0.0017,0.0001,0.102,-579278.0,0.5114,1.293,812665.0,0.5939,0.068,868303.0,0.5407,0.272,1246312.0,0.5612,-0.386,13,-1,whipsaw,-24.277
up,1731728580000,2024-11-16T03:43:00.000000000,0.91,1.579,18,0.73,1697271.0,0.5164,1.786,0.0017,0.0001,0.728,1305492.0,0.5515,0.452,905308.0,0.5042,0.871,-2710356.0,0.4929,2.834,2792257.0,0.4828,8.536,-1,3,trend,16.123
down,1731738060000,2024-11-16T06:21:00.000000000,0.95,-1.719,1,2.47,4557925.0,0.4398,2.146,0.0027,0.0001,0.115,3297999.0,0.4766,-0.649,2494824.0,0.4374,0.618,823830.0,0.4857,1.969,2049098.0,0.5027,-0.985,39,-1,whipsaw,-7.762
down,1731756000000,2024-11-16T11:20:00.000000000,1.04,-1.925,1,5.19,8512513.0,0.5453,2.069,0.0052,0.0001,-0.172,-5013769.0,0.4557,-0.699,-8517055.0,0.4771,-1.025,-13020342.0,0.4742,-0.718,-7798833.0,0.4758,-2.94,0,8,whipsaw,-0.431
down,1731770040000,2024-11-16T15:14:00.000000000,1.13,-1.8,3,10.57,-6534945.0,0.4979,2.405,0.0124,0.0001,2.514,3318395.0,0.5248,-2.01,27066451.0,0.5054,-2.665,13761407.0,0.5077,-2.497,13330073.0,0.5013,-5.649,0,14,whipsaw,3.435
down,1731788760000,2024-11-16T20:26:00.000000000,1.16,-1.641,8,1.42,-279213.0,0.4604,1.954,0.0057,0.000253,-0.456,-3922855.0,0.4812,0.009,-4159158.0,0.4929,1.049,-2872931.0,0.5181,-1.6,-5052029.0,0.4882,-5.108,20,1,trend,10.784
up,1731818580000,2024-11-17T04:43:00.000000000,1.04,1.63,4,1.41,892011.0,0.4383,1.793,0.0045,0.000138,-1.46,1806116.0,0.4735,-0.423,5074835.0,0.4831,0.221,1637476.0,0.5025,-1.518,4169071.0,0.4904,4.697,4,114,whipsaw,8.319
down,1731830040000,2024-11-17T07:54:00.000000000,1.07,-1.63,3,1.15,-776099.0,0.5432,1.714,0.0051,0.000138,-0.037,-3285415.0,0.4483,-0.599,-10447004.0,0.4926,-0.028,-6908301.0,0.5149,2.265,-5052586.0,0.52,-3.042,49,8,trend,-9.378
up,1731846540000,2024-11-17T12:29:00.000000000,1.05,1.515,3,0.57,-2418168.0,0.5226,1.886,0.0028,0.000205,0.133,832580.0,0.5557,1.378,349382.0,0.5483,2.319,-1047724.0,0.5511,4.4,1981476.0,0.5518,9.056,-1,14,trend,7.469
down,1731852180000,2024-11-17T14:03:00.000000000,1.11,-1.985,2,2.37,348629.0,0.5139,1.973,0.0058,0.000205,-0.262,13968.0,0.4276,-1.293,-3720603.0,0.4094,-0.579,-4631554.0,0.4367,-1.962,-3506650.0,0.4771,-3.95,0,14,whipsaw,-2.179
down,1731866520000,2024-11-17T18:02:00.000000000,1.07,-1.542,2,0.64,-193672.0,0.4378,1.839,0.0023,0.000215,0.46,-261083.0,0.4113,-0.047,214384.0,0.452,-0.694,-147706.0,0.4328,-1.182,-1048910.0,0.4251,-3.264,-1,18,trend,-5.796
up,1731877020000,2024-11-17T20:57:00.000000000,1.05,1.518,7,0.73,-209065.0,0.5322,1.9,0.0026,0.000215,0.162,517187.0,0.5958,0.333,1516610.0,0.5719,0.714,1573454.0,0.562,0.619,998397.0,0.5478,3.542,67,31,trend,6.046
down,1731880920000,2024-11-17T22:02:00.000000000,1.05,-1.609,2,0.72,-1344561.0,0.4967,2.232,0.0019,0.000215,-0.382,-3935764.0,0.4016,0.191,-4813828.0,0.4948,1.272,-2442937.0,0.5227,1.348,1000346.0,0.525,-0.908,17,-1,whipsaw,-7.315
down,1731896700000,2024-11-18T02:25:00.000000000,1.11,-2.105,1,2.25,2016479.0,0.472,1.84,0.0044,0.000149,0.009,-781146.0,0.4131,0.036,591228.0,0.4653,-0.162,1437729.0,0.457,0.855,4612878.0,0.4916,-0.468,10,-1,whipsaw,-1.305
down,1731911880000,2024-11-18T06:38:00.000000000,1.16,-2.204,1,1.93,5078529.0,0.5152,2.118,0.0038,0.000149,0.535,-1143331.0,0.5464,0.009,-2542552.0,0.5055,-0.492,-5312882.0,0.4775,0.225,-3591639.0,0.4842,-3.515,8,22,whipsaw,4.482
up,1731915780000,2024-11-18T07:43:00.000000000,1.17,1.63,1,1.3,2448914.0,0.4879,1.922,0.0022,0.000149,-0.563,-1678963.0,0.5453,-0.375,-1518120.0,0.5525,-0.358,2117730.0,0.5279,-1.451,2113741.0,0.4996,0.265,46,-1,whipsaw,-6.067
down,1731920040000,2024-11-18T08:54:00.000000000,1.15,-1.546,4,1.1,112220.0,0.451,2.186,0.0019,0.000179,0.174,-473966.0,0.4524,-0.816,-3244526.0,0.4178,-0.174,-7114768.0,0.4586,-2.274,-7272493.0,0.4311,-3.636,-1,15,trend,4.973
up,1731925380000,2024-11-18T10:23:00.000000000,1.14,1.777,1,0.99,-5324182.0,0.523,1.848,0.0019,0.000179,0.053,128660.0,0.5739,0.044,1070037.0,0.5173,0.184,-284436.0,0.5046,0.263,-1108596.0,0.4882,1.053,63,54,trend,-3.738
up,1731933600000,2024-11-18T12:40:00.000000000,1.13,1.536,4,0.94,910612.0,0.5399,1.991,0.0024,0.000179,0.106,-53250.0,0.5752,-0.248,-148303.0,0.5075,-2.097,-3165179.0,0.4994,1.274,-796786.0,0.5192,4.035,26,53,whipsaw,-0.681
down,1731946200000,2024-11-18T16:10:00.000000000,1.15,-1.66,3,2.13,-12451660.0,0.5007,2.109,0.0032,0.000221,-0.713,1067205.0,0.5272,-0.983,-260988.0,0.5163,-1.714,-2853193.0,0.5012,-1.087,5684559.0,0.5256,-6.507,-1,1,trend,5.359
up,1731961440000,2024-11-18T20:24:00.000000000,1.11,1.532,2,1.21,1535973.0,0.5355,1.962,0.002,0.000221,-0.298,1058875.0,0.5359,0.262,787183.0,0.563,0.506,584965.0,0.5773,1.726,-2718446.0,0.5715,3.009,-1,12,trend,0.199
up,1731977340000,2024-11-19T00:49:00.000000000,1.14,1.676,1,0.94,2841354.0,0.5259,1.828,0.0025,0.000162,0.465,8298827.0,0.4981,-0.675,8947055.0,0.4736,-1.061,8581870.0,0.4621,-1.052,7984460.0,0.501,0.666,26,-1,whipsaw,-2.92
down,1731989820000,2024-11-19T04:17:00.000000000,1.11,-1.632,1,0.9,145773.0,0.3962,1.856,0.0015,0.000162,0.592,-2932647.0,0.5054,-0.152,-6100872.0,0.4444,-0.179,-7763693.0,0.4942,0.063,-8649034.0,0.4933,-2.117,-1,74,trend,3.704
up,1732000680000,2024-11-19T07:18:00.000000000,1.12,1.509,1,0.87,601760.0,0.5373,1.573,0.0021,0.000162,-0.385,284500.0,0.5236,-0.269,612167.0,0.524,-1.272,1099217.0,0.4789,-2.293,1284936.0,0.4685,0.179,19,-1,whipsaw,-2.463
up,1732019220000,2024-11-19T12:27:00.000000000,1.12,1.562,1,1.24,-2181429.0,0.5246,1.626,0.0021,0.000323,-0.581,1330806.0,0.5889,-0.25,2917787.0,0.556,-1.011,392602.0,0.5089,-2.191,49949.0,0.4638,0.438,19,-1,whipsaw,1.619
down,1732021800000,2024-11-19T13:10:00.000000000,1.1,-1.835,2,1.28,-2936104.0,0.4569,1.537,0.0021,0.000323,-0.172,23201.0,0.3824,-1.089,68266.0,0.3774,-0.944,1171903.0,0.4259,-2.305,-1154344.0,0.4276,-3.004,-1,9,trend,-1.488
down,1732041720000,2024-11-19T18:42:00.000000000,1.09,-1.503,1,2.84,2808337.0,0.4301,1.956,0.0024,0.000124,0.441,-223567.0,0.5191,0.965,-194832.0,0.5655,1.268,1445306.0,0.5185,2.188,2769132.0,0.5268,-1.553,13,156,whipsaw,-0.588
up,1732043700000,2024-11-19T19:15:00.000000000,1.1,1.555,1,1.54,2323974.0,0.522,1.614,0.0022,0.000124,0.299,211608.0,0.5248,0.181,-501004.0,0.5144,0.996,1078352.0,0.5383,0.063,869067.0,0.4936,1.205,101,29,trend,-2.382
down,1732050420000,2024-11-19T21:07:00.000000000,1.09,-1.637,1,2.24,-2425023.0,0.6034,1.756,0.0032,0.000124,-0.704,-6405293.0,0.5305,-1.774,-4175371.0,0.5229,-1.298,-1216002.0,0.5278,-0.914,9537093.0,0.5393,-2.076,127,10,trend,-0.082
up,1732057200000,2024-11-19T23:00:00.000000000,1.09,1.612,1,1.2,-3171308.0,0.4983,1.46,0.0025,0.000124,0.835,-680689.0,0.5833,1.486,-762949.0,0.526,0.862,-328697.0,0.4936,0.954,-176550.0,0.4544,2.247,-1,7,trend,1.99
down,1732065720000,2024-11-20T01:22:00.000000000,1.09,-1.552,2,1.62,977886.0,0.4362,1.576,0.0029,0.000191,-0.046,310408.0,0.4277,0.119,216147.0,0.4491,0.642,-1178861.0,0.4638,1.32,1508831.0,0.4758,-3.218,30,117,whipsaw,-2.017
up,1732068000000,2024-11-20T02:00:00.000000000,1.1,1.769,1,1.15,-876496.0,0.4763,1.772,0.0026,0.000191,-0.072,176878.0,0.5732,-0.154,1062182.0,0.4881,-0.163,2302153.0,0.4774,-1.159,2632695.0,0.5002,0.48,33,-1,whipsaw,1.24
up,1732082940000,2024-11-20T06:09:00.000000000,1.09,1.544,1,0.72,90484.0,0.5057,1.744,0.0014,0.000191,-0.311,-123538.0,0.3677,0.027,1219914.0,0.3879,-0.467,287105.0,0.3996,-0.815,884475.0,0.3999,2.134,55,183,whipsaw,1.557
up,1732101000000,2024-11-20T11:10:00.000000000,1.13,1.552,3,2.69,8493095.0,0.5637,1.456,0.0042,0.0001,0.604,6262538.0,0.573,0.311,5113929.0,0.494,-0.222,-28933.0,0.4824,1.227,1374566.0,0.513,2.302,114,6,trend,-1.173
down,1732106760000,2024-11-20T12:46:00.000000000,1.12,-1.766,1,2.33,-9779903.0,0.5041,1.663,0.003,0.0001,-0.116,-2538174.0,0.3973,-0.142,-2590629.0,0.4365,-0.525,-3067089.0,0.4542,-0.24,-2621644.0,0.4757,-3.32,77,18,trend,-0.116
down,1732116000000,2024-11-20T15:20:00.000000000,1.12,-1.656,4,2.02,2269597.0,0.4786,1.684,0.0031,0.0001,0.511,-616407.0,0.4866,0.564,1003730.0,0.5054,0.502,2163790.0,0.5168,-0.914,-1320534.0,0.5144,-4.201,41,58,whipsaw,-0.448
up,1732132320000,2024-11-20T19:52:00.000000000,1.08,1.595,2,1.11,-1890080.0,0.5193,1.675,0.0025,0.000138,0.102,444892.0,0.5703,-0.452,658300.0,0.5494,1.182,-660049.0,0.5441,1.053,759770.0,0.5428,3.416,-1,27,trend,7.23
up,1732152960000,2024-11-21T01:36:00.000000000,1.13,1.721,3,1.15,1104465.0,0.5408,1.995,0.0018,0.0001,0.053,700573.0,0.5303,-0.425,94223.0,0.4802,-1.276,4740519.0,0.4746,-3.845,2498705.0,0.4592,0.284,25,-1,whipsaw,18.651
down,1732154880000,2024-11-21T02:08:00.000000000,1.11,-1.695,1,1.61,4740519.0,0.472,1.848,0.0022,0.0001,-0.144,-1833900.0,0.4256,-1.047,-3145336.0,0.4644,-2.193,-2241814.0,0.4421,-0.785,1222672.0,0.4972,-2.762,179,11,trend,-25.072
down,1732162560000,2024-11-21T04:16:00.000000000,1.09,-1.698,1,1.44,1075176.0,0.4864,1.952,0.0019,0.0001,0.055,-1209581.0,0.6069,1.268,-1281684.0,0.6046,1.975,555990.0,0.5785,3.187,4173753.0,0.5402,-0.331,15,-1,whipsaw,-29.733
up,1732177020000,2024-11-21T08:17:00.000000000,1.13,1.835,1,1.07,4998154.0,0.4801,1.684,0.0015,0.0001,0.044,129206.0,0.506,-0.506,1340654.0,0.4272,-0.559,1474272.0,0.4566,0.107,-67430.0,0.4935,0.808,173,-1,whipsaw,21.647
up,1732193340000,2024-11-21T12:49:00.000000000,1.13,1.636,1,2.16,6869227.0,0.445,1.774,0.0025,0.0001,0.893,434800.0,0.5663,0.018,2922341.0,0.4928,-0.186,7497155.0,0.4615,0.257,3875149.0,0.4835,2.406,110,5,trend,30.96
down,1732195500000,2024-11-21T13:25:00.000000000,1.13,-1.622,2,5.03,5241005.0,0.4492,1.835,0.004,0.0001,-0.293,-3597772.0,0.4394,-0.071,-4346977.0,0.4901,0.124,-1535062.0,0.5093,0.434,-369304.0,0.4956,-2.882,-1,74,trend,-24.189
up,1732211940000,2024-11-21T17:59:00.000000000,1.14,1.947,4,2.42,-4308651.0,0.475,1.936,0.002,0.0001,1.13,12476485.0,0.5501,1.77,7291758.0,0.459,3.89,1209113.0,0.4942,5.818,30536556.0,0.4826,8.543,0,5,whipsaw,27.153
down,1732217400000,2024-11-21T19:30:00.000000000,1.2,-1.564,2,7.29,-1739962.0,0.4631,2.134,0.0047,0.0001,-0.391,-87156.0,0.3731,-2.295,2261679.0,0.398,-2.395,4112338.0,0.4335,-1.48,6854169.0,0.4718,-3.534,-1,7,trend,-18.237
up,1732232220000,2024-11-21T23:37:00.000000000,1.22,1.534,6,1.3,5526823.0,0.5217,1.809,0.0028,0.0001,-0.212,2172262.0,0.5382,0.776,3218778.0,0.5862,5.007,-7296461.0,0.5694,3.937,-11781390.0,0.5214,15.118,-1,16,trend,19.095
down,1732235640000,2024-11-22T00:34:00.000000000,1.26,-1.774,1,4.84,-14827114.0,0.4712,1.754,0.007,0.00018,0.828,-1143682.0,0.5369,0.684,-1315037.0,0.4951,3.915,2358100.0,0.5057,5.236,5283660.0,0.5184,-0.263,1,-1,whipsaw,-26.874
down,1732243200000,2024-11-22T02:40:00.000000000,1.36,-1.769,1,5.24,-2314049.0,0.5028,2.032,0.0068,0.00018,-0.191,-2860070.0,0.3927,-0.353,-7568129.0,0.4572,1.154,-4030427.0,0.4991,1.073,-6018995.0,0.4846,-1.521,24,6,trend,-13.367
down,1732250580000,2024-11-22T04:43:00.000000000,1.4,-1.912,2,2.65,-4063620.0,0.463,1.93,0.0049,0.00018,0.4,-65261.0,0.4688,-0.321,5712139.0,0.4958,-1.407,-752692.0,0.4632,0.471,-119394.0,0.4937,-2.814,2,17,whipsaw,-8.449
up,1732264080000,2024-11-22T08:28:00.000000000,1.38,1.549,1,1.08,1886672.0,0.5173,1.954,0.0036,0.000421,0.101,-788008.0,0.5345,0.014,-870894.0,0.5308,0.904,795584.0,0.5354,0.072,2154595.0,0.4986,8.066,-1,28,trend,12.772
up,1732273140000,2024-11-22T10:59:00.000000000,1.41,1.803,5,0.99,4654202.0,0.4789,1.86,0.0042,0.000421,-0.666,3273260.0,0.4626,-0.057,3593080.0,0.4759,0.68,8499889.0,0.5148,3.854,13291042.0,0.5262,6.277,3,24,whipsaw,8.821
down,1732280520000,2024-11-22T13:02:00.000000000,1.46,-1.786,5,2.24,3414681.0,0.4738,2.061,0.0045,0.000421,-0.535,-8461889.0,0.4263,-1.187,-9271100.0,0.4655,-4.831,-18146217.0,0.4598,-2.793,-24032195.0,0.4943,-7.357,203,3,trend,-5.037
up,1732306080000,2024-11-22T20:08:00.000000000,1.44,1.522,1,0.58,4111987.0,0.4996,1.919,0.0027,0.0001,0.749,1467826.0,0.6119,0.153,-249152.0,0.4845,1.256,-3599976.0,0.5283,0.583,-5164169.0,0.4832,4.857,-1,8,trend,1.235
up,1732314540000,2024-11-22T22:29:00.000000000,1.47,1.698,6,0.74,3267651.0,0.4338,1.42,0.0047,0.0001,0.428,4988486.0,0.4811,0.088,4051694.0,0.4551,-0.516,-597116.0,0.478,-1.405,-2364433.0,0.4524,10.613,17,7,trend,0.251
down,1732316940000,2024-11-22T23:09:00.000000000,1.46,-1.686,1,0.7,-3883752.0,0.4569,1.825,0.0038,0.0001,-0.191,369390.0,0.3968,-1.032,-1896542.0,0.3758,-0.246,-2424568.0,0.467,3.218,-1089558.0,0.4897,-1.1,53,14,trend,-0.765
down,1732325520000,2024-11-23T01:32:00.000000000,1.56,-2.373,3,3.58,7718556.0,0.4926,1.68,0.0081,0.000213,0.966,-2589836.0,0.5311,0.339,-1856050.0,0.5232,2.201,-53895.0,0.5221,0.064,-1411167.0,0.4984,-4.683,0,65,whipsaw,5.387
up,1732345620000,2024-11-23T07:07:00.000000000,1.56,1.694,2,0.75,1237437.0,0.5369,1.66,0.0033,0.000213,-0.461,-107816.0,0.4538,-0.73,931428.0,0.459,-0.923,1907530.0,0.4625,-1.275,3915409.0,0.4891,1.096,18,91,whipsaw,-5.773
down,1732352880000,2024-11-23T09:08:00.000000000,1.55,-1.87,1,0.98,1942283.0,0.4802,1.788,0.0039,0.0002,0.213,-722286.0,0.538,-0.045,96093.0,0.5448,-0.633,3384563.0,0.5369,-1.208,7230765.0,0.5328,-2.584,-1,52,trend,6.429
up,1732367820000,2024-11-23T13:17:00.000000000,1.56,1.925,6,0.93,618155.0,0.4584,1.493,0.0042,0.0002,-0.488,54738.0,0.4179,-0.199,-301529.0,0.4539,-0.103,4412406.0,0.4837,0.508,3043068.0,0.4632,2.493,179,63,trend,-11.782
down,1732376820000,2024-11-23T15:47:00.000000000,1.56,-1.752,4,1.72,1437866.0,0.4642,1.897,0.0045,0.0002,0.148,805796.0,0.5306,0.378,2588027.0,0.534,-2.335,-234663.0,0.4867,-6.114,-25082670.0,0.4951,-9.976,16,29,whipsaw,14.736
down,1732401240000,2024-11-23T22:34:00.000000000,1.46,-1.566,2,0.66,-173368.0,0.4021,1.601,0.0026,0.0003,0.355,828832.0,0.4335,1.229,1452053.0,0.5364,0.546,878094.0,0.5455,0.567,933877.0,0.5047,-1.679,15,120,whipsaw,2.157
up,1732409760000,2024-11-24T00:56:00.000000000,1.48,1.897,2,1.41,1100241.0,0.3914,1.573,0.0044,0.0001,0.209,2799388.0,0.4775,-0.25,3162995.0,0.4612,-0.445,2073726.0,0.4092,-0.29,5524278.0,0.4341,2.071,200,74,trend,-5.073
down,1732422960000,2024-11-24T04:36:00.000000000,1.46,-1.614,2,0.73,-1773819.0,0.4388,1.861,0.0026,0.0001,-0.13,-664018.0,0.3948,-0.089,1880901.0,0.4898,0.281,1643787.0,0.4953,-0.851,1247082.0,0.4803,-1.407,152,61,trend,0.817
down,1732438140000,2024-11-24T08:49:00.000000000,1.44,-1.585,1,0.86,-1172468.0,0.4572,1.681,0.0027,0.000262,-0.083,1619606.0,0.4849,0.368,4043720.0,0.5535,0.021,4629257.0,0.52,-0.18,6594998.0,0.5053,-11.328,94,117,whipsaw,-5.067
down,1732446120000,2024-11-24T11:02:00.000000000,1.42,-1.997,5,1.32,-2111805.0,0.4512,1.512,0.0055,0.000262,-0.857,-253995.0,0.37,-2.712,-3726198.0,0.3949,-1.391,-7311436.0,0.4338,-1.841,-3380524.0,0.441,-10.244,-1,6,trend,-4.483
up,1732453620000,2024-11-24T13:07:00.000000000,1.36,2.224,3,10.1,-14128701.0,0.5234,1.848,0.0106,0.000262,0.015,-2013377.0,0.5611,1.389,-2839757.0,0.5695,0.75,-2966089.0,0.5267,-0.213,-5536384.0,0.5066,2.043,67,10,trend,7.077
up,1732471740000,2024-11-24T18:09:00.000000000,1.36,1.562,1,1.07,-2174769.0,0.566,1.827,0.0035,0.000232,-0.434,-1021989.0,0.4973,0.339,-1088273.0,0.5006,2.193,-1779377.0,0.5297,2.053,-5402038.0,0.5248,6.793,-1,23,trend,7.757
up,1732479180000,2024-11-24T20:13:00.000000000,1.4,1.821,3,1.08,-1208962.0,0.5467,1.85,0.0031,0.000232,-0.014,-1009879.0,0.5317,0.812,58950.0,0.5356,0.791,-1404629.0,0.523,0.185,3553531.0,0.5047,4.105,-1,20,trend,4.868
down,1732488600000,2024-11-24T22:50:00.000000000,1.43,-1.677,3,1.18,-1950009.0,0.4688,1.81,0.0037,0.000232,0.874,-749333.0,0.5492,1.468,27941.0,0.5186,1.084,155141.0,0.4927,0.217,-1991712.0,0.4791,-5.258,12,73,whipsaw,0.79
up,1732500120000,2024-11-25T02:02:00.000000000,1.39,1.557,2,1.09,-1943993.0,0.5359,2.038,0.0029,0.0001,-0.072,-2611786.0,0.5783,-0.014,-956323.0,0.5098,0.338,-1494289.0,0.5536,0.094,-3373894.0,0.508,6.293,-1,105,trend,4.579
up,1732520100000,2024-11-25T07:35:00.000000000,1.5,2.256,2,1.64,-2192240.0,0.4784,1.572,0.0046,0.0001,-0.02,1003295.0,0.5323,-1.4,4984132.0,0.4755,-1.126,8005223.0,0.5234,1.76,21088074.0,0.5374,2.599,0,44,whipsaw,-4.926
down,1732525320000,2024-11-25T09:02:00.000000000,1.51,-1.67,2,1.49,-1696522.0,0.4922,2.065,0.0036,0.0001,0.079,170444.0,0.5526,-0.621,-363489.0,0.534,-0.073,1048609.0,0.5131,-0.304,856699.0,0.477,-3.47,-1,33,trend,7.884
down,1732540500000,2024-11-25T13:15:00.000000000,1.45,-1.538,2,1.43,2171503.0,0.4665,1.997,0.0026,0.0001,-0.373,1018833.0,0.362,-0.373,2685187.0,0.4518,-0.339,2759852.0,0.5308,-0.359,130373.0,0.5217,-5.087,186,7,trend,7.423
up,1732548540000,2024-11-25T15:29:00.000000000,1.42,2.091,3,2.87,-6003377.0,0.5294,2.008,0.0047,0.0001,-0.622,-826411.0,0.5762,-0.184,-804680.0,0.5626,0.501,-1041128.0,0.5857,2.811,-863727.0,0.5622,7.656,-1,26,trend,-4.04
down,1732554120000,2024-11-25T17:02:00.000000000,1.46,-2.241,1,5.34,-6941720.0,0.4735,1.795,0.0094,0.000161,-0.759,-3742357.0,0.4304,-2.258,-6837391.0,0.4363,-1.259,-8170074.0,0.5033,-0.828,-6974679.0,0.5038,-2.532,75,3,trend,5.631
down,1732568880000,2024-11-25T21:08:00.000000000,1.45,-1.703,3,0.97,-1372974.0,0.4535,1.787,0.0041,0.000161,0.076,385112.0,0.4137,-0.504,172065.0,0.4436,-1.187,968571.0,0.4263,-1.187,3536575.0,0.4545,-4.624,-1,22,trend,3.499
up,1732575900000,2024-11-25T23:05:00.000000000,1.42,2.237,2,1.71,-3713221.0,0.5123,1.574,0.0051,0.000161,0.563,212039.0,0.5929,0.429,-512161.0,0.5605,0.577,-500285.0,0.512,-1.182,-236594.0,0.4812,2.61,57,80,whipsaw,-1.927
down,1732591260000,2024-11-26T03:21:00.000000000,1.43,-1.517,1,1.01,-97630.0,0.4584,1.807,0.0023,0.0001,0.293,-2722760.0,0.4567,0.502,-2332503.0,0.4737,0.969,-2206412.0,0.5277,0.098,-2671974.0,0.4924,-2.133,27,225,whipsaw,4.593
down,1732604820000,2024-11-26T07:07:00.000000000,1.42,-1.689,7,0.88,1029919.0,0.4956,1.839,0.0024,0.0001,-0.246,135445.0,0.3829,-0.373,-578439.0,0.4494,0.711,-995809.0,0.4921,-0.493,-1770880.0,0.4788,-7.575,-1,6,trend,2.605
up,1732622160000,2024-11-26T11:56:00.000000000,1.33,1.716,4,6.08,-7324153.0,0.5219,2.321,0.0053,0.0001,-0.264,-1145019.0,0.5841,0.912,-133281.0,0.5663,0.716,-5333714.0,0.5272,-0.301,-3951891.0,0.5005,4.339,54,14,trend,7.94
down,1732644900000,2024-11-26T18:15:00.000000000,1.36,-1.607,1,0.7,-1490540.0,0.4562,2.164,0.0024,0.0001,-0.699,-275999.0,0.4948,-0.618,1030249.0,0.4788,-0.655,-2153949.0,0.4824,-0.36,-3213314.0,0.5018,-1.957,101,16,trend,-9.564
up,1732650960000,2024-11-26T19:56:00.000000000,1.38,2.581,2,0.99,-2401327.0,0.496,1.771,0.0046,0.0001,0.66,-813194.0,0.5462,0.478,-216162.0,0.5086,0.029,-76732.0,0.5017,2.508,17672681.0,0.503,3.538,0,20,whipsaw,7.387
down,1732655700000,2024-11-26T21:15:00.000000000,1.4,-1.681,1,1.6,7437877.0,0.4632,1.851,0.004,0.0001,0.579,-70645.0,0.612,0.894,-1839355.0,0.5533,-0.279,-4785449.0,0.5154,0.751,-3524122.0,0.5247,-2.546,6,197,whipsaw,-7.488
down,1732667760000,2024-11-27T00:36:00.000000000,1.39,-1.529,2,1.6,1011043.0,0.4947,1.749,0.0046,0.0001,-0.368,440885.0,0.4448,-0.758,-4228099.0,0.4462,-1.061,2380775.0,0.4612,-0.043,34472.0,0.5058,-2.079,77,16,trend,-5.523
up,1732671540000,2024-11-27T01:39:00.000000000,1.39,1.522,1,1.01,-2346303.0,0.5447,1.861,0.0033,0.0001,-0.079,-616469.0,0.5483,0.735,-69092.0,0.5889,-0.605,-5018305.0,0.5383,-0.404,-5229925.0,0.5031,0.958,36,-1,whipsaw,6.068
up,1732681440000,2024-11-27T04:24:00.000000000,1.39,1.576,5,0.76,1459718.0,0.5065,1.603,0.0021,0.0001,-0.079,1261762.0,0.4002,-0.765,1976478.0,0.4158,-1.306,3074960.0,0.4812,-1.624,3972605.0,0.5127,2.663,13,195,whipsaw,6.661
down,1732683180000,2024-11-27T04:53:00.000000000,1.37,-1.535,1,0.79,3074960.0,0.4832,2.125,0.0024,0.0001,0.015,-286905.0,0.5507,-0.029,-303418.0,0.5415,-0.198,897645.0,0.5503,-0.154,678114.0,0.5386,-1.025,78,28,trend,-7.589
down,1732706100000,2024-11-27T11:15:00.000000000,1.43,-1.558,1,1.31,-1705943.0,0.4539,1.797,0.0032,0.0001,0.735,223585.0,0.464,0.504,3772295.0,0.5073,0.357,5322798.0,0.5117,-0.756,4712895.0,0.476,-1.239,164,70,trend,-1.709
up,1732716780000,2024-11-27T14:13:00.000000000,1.45,1.829,2,1.58,6729778.0,0.5317,1.863,0.0028,0.0001,-0.585,2609549.0,0.491,-0.84,5286661.0,0.4527,-0.289,11410448.0,0.4445,-0.757,14511667.0,0.4439,3.703,9,88,whipsaw,1.301
down,1732727160000,2024-11-27T17:06:00.000000000,1.47,-1.571,1,1.6,-3964149.0,0.45,1.941,0.003,0.0001,0.455,857913.0,0.4808,0.55,174300.0,0.5201,0.605,260107.0,0.4812,0.903,968622.0,0.4946,-0.265,34,-1,whipsaw,-0.503
up,1732738560000,2024-11-27T20:16:00.000000000,1.51,1.761,1,1.48,204549.0,0.5216,1.637,0.0025,0.0001,0.517,-1555142.0,0.6039,0.331,-1179058.0,0.4944,-0.55,-2760990.0,0.4593,-0.411,-4862884.0,0.4821,0.868,35,-1,whipsaw,-2.353
down,1732740660000,2024-11-27T20:51:00.000000000,1.49,-1.517,1,2.02,-1579069.0,0.4372,1.955,0.0028,0.0001,-0.167,-2635740.0,0.4793,0.295,-2031380.0,0.5116,0.248,-1435598.0,0.4883,-0.033,-2032447.0,0.4632,-3.074,-1,79,trend,1.125
down,1732752900000,2024-11-28T00:15:00.000000000,1.45,-1.622,1,2.2,5412805.0,0.4231,1.566,0.0028,0.000298,0.545,-779712.0,0.6109,0.511,-2290449.0,0.5581,0.752,-2812740.0,0.5416,1.456,389449.0,0.5347,-0.655,41,-1,whipsaw,-7.768
down,1732762920000,2024-11-28T03:02:00.000000000,1.46,-1.557,1,0.92,-1101879.0,0.4275,1.546,0.0026,0.000298,0.301,204793.0,0.4275,-0.123,742401.0,0.3959,-1.198,-128414.0,0.3772,0.267,-921873.0,0.4129,-1.397,82,28,trend,-6.957
up,1732766580000,2024-11-28T04:03:00.000000000,1.47,1.613,1,0.96,-793459.0,0.4508,1.706,0.0023,0.000298,0.034,-478296.0,0.4593,-0.218,-221393.0,0.4395,0.334,-6106.0,0.4243,0.511,-154640.0,0.4221,1.683,-1,142,trend,6.092
down,1732788540000,2024-11-28T10:09:00.000000000,1.44,-1.67,1,1.46,4467501.0,0.4326,1.786,0.0024,0.000258,0.18,578215.0,0.4083,0.568,2309431.0,0.5089,0.915,3510252.0,0.5316,0.478,3458720.0,0.4816,-0.464,22,-1,whipsaw,-14.761
up,1732794600000,2024-11-28T11:50:00.000000000,1.47,1.63,1,1.36,-5558078.0,0.5304,1.858,0.0026,0.000258,-0.109,475929.0,0.477,-0.157,-329600.0,0.5071,0.266,-1363532.0,0.4815,-0.403,-4668532.0,0.4331,0.86,105,-1,whipsaw,12.853
up,1732802760000,2024-11-28T14:06:00.000000000,1.47,1.656,1,1.41,66887.0,0.4788,1.844,0.0024,0.000258,-0.183,1383563.0,0.524,-0.774,1959849.0,0.5011,-0.36,472368.0,0.4802,-0.747,1618908.0,0.4717,0.658,20,-1,whipsaw,13.854
down,1732807140000,2024-11-28T15:19:00.000000000,1.45,-1.832,1,1.29,-321836.0,0.4722,1.711,0.0025,0.000258,-0.069,-1199219.0,0.4553,-0.56,-2507946.0,0.4651,-0.726,-1807545.0,0.506,0.187,-5274997.0,0.5077,-1.23,77,34,trend,-22.281
up,1732834980000,2024-11-28T23:03:00.000000000,1.52,1.559,3,2.27,1605807.0,0.5532,1.609,0.0029,0.000122,0.402,1761795.0,0.5715,0.896,4111892.0,0.5459,0.514,5733070.0,0.5324,0.975,13535232.0,0.5355,4.084,-1,3,trend,16.318
down,1732840920000,2024-11-29T00:42:00.000000000,1.54,-1.663,1,5.75,-2784094.0,0.491,2.083,0.0044,0.00033,-0.013,51466.0,0.532,-0.22,-1332182.0,0.4731,-1.121,-157041.0,0.4477,-0.207,1262810.0,0.4532,-1.322,78,22,trend,-14.485
up,1732860660000,2024-11-29T06:11:00.000000000,1.59,1.542,2,3.21,3368250.0,0.4787,1.806,0.004,0.00033,0.258,13611991.0,0.5141,-0.038,20966786.0,0.4998,0.687,21103387.0,0.539,1.752,23741318.0,0.5341,4.587,-1,31,trend,19.09
down,1732866420000,2024-11-29T07:47:00.000000000,1.61,-1.689,1,5.76,-11844685.0,0.5132,2.17,0.0043,0.00033,-0.192,1111808.0,0.5091,-0.874,4398891.0,0.46,-0.347,2587555.0,0.5037,0.236,6153154.0,0.5092,-1.563,95,8,trend,-20.578
up,1732872240000,2024-11-29T09:24:00.000000000,1.64,1.675,2,2.04,1414349.0,0.5032,1.79,0.0026,0.00024,-0.067,934353.0,0.4355,-0.714,2373344.0,0.4888,-0.659,3529272.0,0.4993,0.909,12727050.0,0.5186,2.722,24,45,whipsaw,15.103
up,1732886760000,2024-11-29T13:26:00.000000000,1.69,1.616,2,1.78,489253.0,0.4603,1.885,0.0032,0.00024,0.338,3031680.0,0.5767,0.475,5093062.0,0.5762,-0.006,4936710.0,0.5503,0.119,4945128.0,0.5168,5.293,-1,12,trend,9.642
down,1732894800000,2024-11-29T15:40:00.000000000,1.73,-1.869,3,5.14,-7187739.0,0.4765,1.84,0.0065,0.00024,-0.208,2299603.0,0.4057,-0.156,2109675.0,0.4605,-0.814,-2674447.0,0.4497,-2.147,-5851514.0,0.4429,-3.371,-1,19,trend,-7.643
up,1732906140000,2024-11-29T18:49:00.000000000,1.71,1.536,6,1.5,-1343613.0,0.507,2.139,0.0026,0.000196,-0.21,4229.0,0.5742,-0.018,236791.0,0.5121,0.531,-476563.0,0.5147,0.864,1105105.0,0.5146,3.79,-1,39,trend,10.002
down,1732918440000,2024-11-29T22:14:00.000000000,1.74,-1.682,1,1.58,1813423.0,0.5318,1.866,0.0042,0.000196,-0.172,-1281260.0,0.4438,0.43,299721.0,0.488,1.113,2251727.0,0.4522,2.554,1881959.0,0.4768,-0.505,19,-1,whipsaw,-12.018
down,1732926840000,2024-11-30T00:34:00.000000000,1.79,-1.59,2,4.44,-3397065.0,0.5296,1.964,0.0074,0.000116,-1.058,-2758169.0,0.4286,-0.585,-7165106.0,0.4505,-1.443,-5481972.0,0.4895,1.515,-6071531.0,0.5206,-1.755,52,5,trend,-7.309
up,1732939260000,2024-11-30T04:01:00.000000000,1.81,1.746,3,1.05,-4351922.0,0.5207,1.791,0.0044,0.000116,-0.199,-356199.0,0.4833,0.177,-922054.0,0.4623,2.163,-987918.0,0.5153,2.295,-4359218.0,0.4865,7.574,-1,18,trend,4.248
down,1732953240000,2024-11-30T07:54:00.000000000,1.91,-1.503,2,1.93,-1793853.0,0.5353,1.78,0.0053,0.000116,-0.037,2103023.0,0.5277,0.669,4314909.0,0.5011,-0.872,2693324.0,0.4838,-0.162,829780.0,0.4754,-3.511,-1,30,trend,2.032
up,1732965720000,2024-11-30T11:22:00.000000000,1.9,1.688,1,1.04,1009512.0,0.5498,1.764,0.006,0.0001,0.047,-43729.0,0.622,0.137,1203732.0,0.5558,-0.137,-457944.0,0.5151,-0.817,964347.0,0.4783,0.643,49,-1,whipsaw,0.743
down,1732970940000,2024-11-30T12:49:00.000000000,1.84,-1.936,1,1.14,-5120752.0,0.4432,1.804,0.0039,0.0001,-0.593,-4952805.0,0.4707,0.196,-6667572.0,0.5229,0.392,-10330716.0,0.5249,0.527,-12169803.0,0.513,-1.109,87,19,trend,-3.225
up,1732976460000,2024-11-30T14:21:00.000000000,1.87,1.717,3,0.88,560371.0,0.4804,1.743,0.0031,0.0001,0.128,4061220.0,0.5565,-0.369,4886394.0,0.511,-0.47,5220283.0,0.4761,-0.678,3050173.0,0.4561,1.886,35,147,whipsaw,2.211
up,1732993620000,2024-11-30T19:07:00.000000000,1.9,1.623,1,0.71,-889465.0,0.4937,1.588,0.003,0.000183,0.173,-761022.0,0.475,-0.11,-1224008.0,0.4406,-0.263,-773196.0,0.4546,-0.993,-3279718.0,0.4558,2.858,56,147,whipsaw,4.487
up,1733002500000,2024-11-30T21:35:00.000000000,1.93,1.572,1,0.93,227641.0,0.4773,1.776,0.0027,0.000183,0.348,544044.0,0.572,-0.119,-196299.0,0.5283,0.332,-1001534.0,0.5517,-0.712,-2650077.0,0.5265,1.667,60,35,trend,12.049
down,1733006160000,2024-11-30T22:36:00.000000000,1.91,-1.525,3,2.02,-1648543.0,0.5,1.944,0.0055,0.000183,1.003,-312781.0,0.5349,0.257,1418060.0,0.4551,1.218,5693671.0,0.4697,0.845,7293483.0,0.4574,-2.304,1,131,whipsaw,-14.314
up,1733011620000,2024-12-01T00:07:00.000000000,1.95,1.811,3,2.03,914031.0,0.4853,2.008,0.0047,0.0001,-1.328,692753.0,0.4569,-0.63,-448686.0,0.4682,-2.158,1018395.0,0.4825,-3.957,-661855.0,0.4655,0.179,4,-1,whipsaw,19.909
up,1733043420000,2024-12-01T08:57:00.000000000,1.91,1.519,1,1.23,-490452.0,0.5326,1.98,0.0021,0.0001,0.523,-212199.0,0.626,1.235,-557695.0,0.5732,0.377,2494904.0,0.5133,0.701,2786484.0,0.5128,2.051,-1,6,trend,19.165
up,1733079240000,2024-12-01T18:54:00.000000000,1.97,1.915,3,3.25,836955.0,0.5503,1.704,0.0035,0.0001,-0.228,-1755207.0,0.5193,0.719,-1167155.0,0.5576,3.621,-3817363.0,0.5432,6.929,-9021463.0,0.5428,11.426,-1,9,trend,37.242
down,1733084820000,2024-12-01T20:27:00.000000000,2.08,-1.888,2,12.58,-2922836.0,0.5099,1.973,0.0159,0.0001,0.808,-4780550.0,0.3813,2.368,-3389976.0,0.4648,3.854,-3840157.0,0.5101,5.106,454021.0,0.5068,-0.823,0,-1,whipsaw,-32.073
up,1733096100000,2024-12-01T23:35:00.000000000,2.23,3.22,5,3.37,7183218.0,0.4715,1.968,0.0055,0.0001,1.629,-5798118.0,0.5519,1.827,-3535489.0,0.5525,4.471,-779195.0,0.5489,4.439,-658003.0,0.5359,12.115,0,1,whipsaw,22.43
down,1733103240000,2024-12-02T01:34:00.000000000,2.35,-2.384,1,9.04,4598670.0,0.5091,1.765,0.0169,0.000383,1.804,-15569339.0,0.5477,2.034,-24241985.0,0.5275,1.575,-24512595.0,0.5444,1.115,-26817424.0,0.5186,-2.694,0,1,whipsaw,-16.056
down,1733111580000,2024-12-02T03:53:00.000000000,2.42,-2.139,1,3.46,-2128526.0,0.4801,1.693,0.0114,0.000383,-0.675,-1363237.0,0.4565,-1.209,-512085.0,0.4583,-1.892,5053062.0,0.462,-0.021,3259112.0,0.4918,-3.983,0,4,whipsaw,-13.006
down,1733119380000,2024-12-02T06:03:00.000000000,2.43,-1.914,4,2.03,2915005.0,0.4631,2.065,0.0083,0.000383,-0.49,-1191435.0,0.4301,-0.786,2099406.0,0.4467,-1.754,3441541.0,0.4434,0.148,-1274485.0,0.469,-9.382,64,18,trend,-12.857
up,1733122380000,2024-12-02T06:53:00.000000000,2.44,2.026,3,2.06,-3068393.0,0.4951,1.926,0.0067,0.000383,0.189,946931.0,0.4823,0.386,-2221033.0,0.4521,-1.329,-1926855.0,0.4669,0.254,-3005826.0,0.4812,0.829,28,-1,whipsaw,9.378
up,1733138520000,2024-12-02T11:22:00.000000000,2.31,1.501,8,1.59,2735834.0,0.5001,2.03,0.008,0.000304,0.087,-1841867.0,0.5675,-0.017,-2880038.0,0.5342,-0.321,-1105152.0,0.5229,2.293,-1939093.0,0.5235,18.764,-1,10,trend,14.06
down,1733144160000,2024-12-02T12:56:00.000000000,2.34,-2.252,1,1.53,-3096025.0,0.4908,1.787,0.0099,0.000304,0.273,261765.0,0.6208,1.254,-153557.0,0.5882,2.812,-1170482.0,0.5493,3.605,-6163079.0,0.5393,-0.384,11,-1,whipsaw,-16.161
down,1733154000000,2024-12-02T15:40:00.000000000,2.67,-2.219,5,3.29,3174857.0,0.4773,2.075,0.0147,0.000304,0.079,-2300804.0,0.3874,1.208,-782667.0,0.442,4.088,1754688.0,0.4834,-0.566,4051913.0,0.4962,-3.214,6,1,trend,6.818
up,1733175720000,2024-12-02T21:42:00.000000000,2.69,1.712,5,0.83,7882089.0,0.495,1.808,0.01,0.000125,0.97,990317.0,0.5556,1.003,687349.0,0.4996,0.487,-754302.0,0.4911,1.683,-3184555.0,0.4944,3.648,160,5,trend,-1.52
down,1733180040000,2024-12-02T22:54:00.000000000,2.72,-1.733,2,0.5,-632930.0,0.459,1.967,0.0071,0.000125,1.336,134577.0,0.5254,1.042,726105.0,0.4893,2.323,451208.0,0.4978,-0.232,-272902.0,0.487,-2.646,4,44,whipsaw,4.008
down,1733190900000,2024-12-03T01:55:00.000000000,2.69,-1.647,1,0.64,2643616.0,0.4816,2.076,0.0067,0.0001,0.134,-587895.0,0.4577,0.29,-1444267.0,0.5176,1.47,-684270.0,0.5052,0.208,522275.0,0.4861,-0.834,21,-1,whipsaw,4.454
down,1733201280000,2024-12-03T04:48:00.000000000,2.71,-1.608,1,0.95,1724286.0,0.5271,1.795,0.0089,0.0001,0.052,6384.0,0.5596,0.878,-1435525.0,0.5609,0.369,-3009598.0,0.5224,1.048,-2420599.0,0.4864,-7.373,15,125,whipsaw,5.118
down,1733208780000,2024-12-03T06:53:00.000000000,2.67,-2.14,1,1.21,3768706.0,0.4697,1.856,0.0073,0.0001,-1.616,279238.0,0.4598,-5.029,-1572541.0,0.4628,-3.769,1312237.0,0.4938,-2.355,9527673.0,0.5231,-5.855,116,3,trend,2.569
up,1733212020000,2024-12-03T07:47:00.000000000,2.58,1.647,2,1.33,5635269.0,0.5243,2.072,0.0106,0.0001,0.546,815473.0,0.6264,1.314,-1197132.0,0.6223,1.585,-3597389.0,0.6008,3.507,-5151003.0,0.5924,5.863,-1,7,trend,1.868
down,1733217480000,2024-12-03T09:18:00.000000000,2.65,-1.518,9,0.72,757786.0,0.4841,2.15,0.0069,0.000109,-0.355,151050.0,0.4611,-0.468,-553787.0,0.4519,-0.812,-2885038.0,0.4744,-0.483,-1617239.0,0.4919,-3.161,132,15,trend,0.344
up,1733224860000,2024-12-03T11:21:00.000000000,2.63,1.934,1,1.11,-6123860.0,0.5143,2.083,0.0073,0.000109,0.24,1169314.0,0.5748,2.099,436962.0,0.5311,4.729,-3259652.0,0.5324,4.216,-4917318.0,0.5306,10.603,133,9,trend,0.749
up,1733235720000,2024-12-03T14:22:00.000000000,2.48,3.475,3,8.1,-13154879.0,0.4932,2.219,0.0333,0.000109,0.419,3072465.0,0.5022,-3.169,-2818208.0,0.4752,0.761,-6143907.0,0.5081,-0.044,-3488422.0,0.4989,4.997,7,3,trend,2.807
up,1733254860000,2024-12-03T19:41:00.000000000,2.56,1.65,2,1.1,-199661.0,0.5336,1.745,0.0069,0.000312,0.845,334250.0,0.5544,0.227,-3070202.0,0.4915,0.845,-3920333.0,0.5262,1.901,-3449832.0,0.5352,5.175,227,4,trend,-5.331
down,1733262840000,2024-12-03T21:54:00.000000000,2.63,-1.671,2,1.22,690442.0,0.4724,1.805,0.0104,0.000312,-0.228,380316.0,0.44,-0.829,-4712179.0,0.4678,-0.221,-5950313.0,0.4845,-0.852,-6603336.0,0.4668,-4.908,-1,6,trend,9.36
up,1733271900000,2024-12-04T00:25:00.000000000,2.56,1.557,4,1.41,2909793.0,0.5455,1.515,0.0142,0.0001,-0.254,-789316.0,0.5135,-0.464,-532288.0,0.4776,-0.714,1057741.0,0.4944,-0.85,-1526595.0,0.462,0.659,13,-1,whipsaw,-8.886
down,1733274840000,2024-12-04T01:14:00.000000000,2.51,-1.618,2,1.38,159518.0,0.4528,1.669,0.006,0.0001,0.666,-189633.0,0.4575,1.8,-1153825.0,0.4698,2.506,3502581.0,0.5009,0.994,-721971.0,0.4821,-0.235,7,-1,whipsaw,10.2
down,1733295060000,2024-12-04T06:51:00.000000000,2.6,-1.539,1,0.72,-3917088.0,0.5174,1.933,0.0043,0.0001,0.008,-74445.0,0.5782,0.826,693564.0,0.5601,1.041,583829.0,0.5573,0.983,73654.0,0.5358,-0.353,27,-1,whipsaw,10.805
up,1733297040000,2024-12-04T07:24:00.000000000,2.64,1.676,2,0.78,583829.0,0.5486,1.729,0.0063,0.0001,-0.163,-114185.0,0.5324,-0.692,160044.0,0.4982,-0.756,-510175.0,0.5144,0.571,141327.0,0.5264,1.346,137,75,trend,-10.751
up,1733309700000,2024-12-04T10:55:00.000000000,2.66,1.566,3,0.7,-2473948.0,0.5335,1.787,0.0048,0.0001,-0.275,3846366.0,0.4804,-0.448,5069519.0,0.4412,-0.53,5260073.0,0.4469,-1.301,9276581.0,0.4545,0.117,44,-1,whipsaw,-10.099
down,1733314620000,2024-12-04T12:17:00.000000000,2.58,-1.668,1,1.01,5179032.0,0.493,1.854,0.0049,0.0001,-0.384,-1360501.0,0.4287,-0.314,3961649.0,0.5223,-0.148,4211291.0,0.5492,-0.742,5343483.0,0.5342,-5.754,142,6,trend,6.46
down,1733325000000,2024-12-04T15:10:00.000000000,2.58,-1.64,3,1.82,-1537964.0,0.5109,2.246,0.0077,0.0001,-0.744,-138970.0,0.4567,-0.585,-1078880.0,0.4922,-1.753,-7722909.0,0.4859,-3.68,-4080292.0,0.4942,-10.046,-1,6,trend,9.403
up,1733332800000,2024-12-04T17:20:00.000000000,2.39,1.558,2,4.35,4819499.0,0.5123,1.61,0.0146,0.00014,0.176,-711598.0,0.5285,0.518,-916352.0,0.5045,-0.924,1761823.0,0.4885,1.618,-411944.0,0.5104,3.361,21,40,whipsaw,1.254
down,1733342340000,2024-12-04T19:59:00.000000000,2.4,-1.509,6,0.89,3364763.0,0.4616,1.885,0.007,0.00014,-0.576,-490649.0,0.3606,0.514,-1022217.0,0.426,1.244,-2842456.0,0.4557,-0.167,-1912719.0,0.455,-4.81,16,8,trend,2.417
up,1733344200000,2024-12-04T20:30:00.000000000,2.44,2.015,2,2.47,-2483472.0,0.4704,1.77,0.0103,0.00014,-0.463,1015348.0,0.5167,-2.184,1976395.0,0.4522,-2.524,-1335670.0,0.4507,-3.606,-2706384.0,0.4417,0.09,7,-1,whipsaw,-5.869
up,1733356620000,2024-12-04T23:57:00.000000000,2.36,1.717,7,2.58,24406.0,0.4612,1.689,0.0091,0.00014,-0.45,1052334.0,0.5354,0.45,-951996.0,0.5078,-1.268,-1239419.0,0.5163,-0.632,377615.0,0.5078,1.557,22,10,trend,-4.606
down,1733377500000,2024-12-05T05:45:00.000000000,2.28,-1.561,1,0.81,1878042.0,0.4609,1.854,0.0071,0.000359,1.309,-418034.0,0.5206,0.821,-395970.0,0.4823,1.388,2709341.0,0.4919,2.245,7789559.0,0.5063,-0.391,5,-1,whipsaw,-4.12
down,1733389200000,2024-12-05T09:00:00.000000000,2.43,-1.648,1,1.72,-6594572.0,0.4985,2.014,0.0086,0.000656,-0.575,-1984984.0,0.4452,-0.637,-2384653.0,0.4057,-1.166,-2769473.0,0.447,-1.495,343058.0,0.4741,-3.405,-1,12,trend,5.093
down,1733402280000,2024-12-05T12:38:00.000000000,2.36,-1.501,2,0.93,1771731.0,0.4334,1.893,0.0047,0.000656,-0.038,-938056.0,0.4773,0.326,461113.0,0.5051,0.686,2593494.0,0.4784,0.389,4944048.0,0.474,-2.374,32,107,whipsaw,2.755
up,1733413320000,2024-12-05T15:42:00.000000000,2.36,1.505,2,0.99,-1086453.0,0.5182,1.979,0.0053,0.000656,0.127,197195.0,0.5397,0.614,-398871.0,0.5894,0.424,-275329.0,0.5424,0.707,-3604867.0,0.5311,3.342,-1,11,trend,-0.445
down,1733425260000,2024-12-05T19:01:00.000000000,2.39,-1.572,2,0.61,-111897.0,0.4714,1.629,0.0066,0.00067,-0.453,1440193.0,0.4544,-0.335,783354.0,0.4718,0.025,1795328.0,0.4772,-2.289,1545939.0,0.4649,-7.353,-1,36,trend,1.589
down,1733437560000,2024-12-05T22:26:00.000000000,2.29,-1.881,2,0.8,1277673.0,0.4732,1.718,0.0043,0.00067,0.184,-6968092.0,0.461,-0.284,-8157456.0,0.4829,0.249,-8225487.0,0.5264,-0.556,-7900421.0,0.5292,-3.287,21,1,trend,-4.963
up,1733439480000,2024-12-05T22:58:00.000000000,2.29,3.142,3,2.38,-8225487.0,0.5337,1.544,0.0083,0.00067,-1.322,-141430.0,0.4886,-1.61,811980.0,0.5215,-0.938,325066.0,0.5367,-1.933,5097073.0,0.5428,2.086,3,153,whipsaw,6.838
up,1733459760000,2024-12-06T04:36:00.000000000,2.35,1.558,1,0.77,310625.0,0.5214,1.485,0.0056,0.000374,-0.277,775701.0,0.4442,-0.128,656057.0,0.4775,1.415,1735432.0,0.5011,1.129,1530414.0,0.4916,2.267,190,27,trend,3.226
down,1733476380000,2024-12-06T09:13:00.000000000,2.29,-1.742,2,1.02,-1098586.0,0.4288,1.587,0.0048,0.000409,0.026,337890.0,0.4481,-0.882,204135.0,0.4513,-0.013,2518062.0,0.5014,-1.721,4440159.0,0.4684,-2.062,177,17,trend,-6.216
up,1733482980000,2024-12-06T11:03:00.000000000,2.28,1.635,2,1.42,2022527.0,0.6225,1.565,0.0061,0.000409,-0.153,746265.0,0.5195,-0.434,940745.0,0.4933,-0.096,1342698.0,0.5044,0.736,1394319.0,0.4971,2.402,41,60,whipsaw,5.632
up,1733496480000,2024-12-06T14:48:00.000000000,2.32,1.588,2,1.35,-2342566.0,0.504,2.008,0.0039,0.000409,0.108,-1131080.0,0.5476,0.103,-1586784.0,0.5316,2.223,1575443.0,0.5264,0.87,-2045453.0,0.4834,4.028,-1,20,trend,6.336
down,1733500680000,2024-12-06T15:58:00.000000000,2.33,-1.532,3,1.48,-2229931.0,0.4305,1.937,0.0056,0.000409,0.546,15810.0,0.5241,0.928,113204.0,0.4616,0.984,510712.0,0.4786,1.83,-7132707.0,0.4748,-0.103,7,-1,whipsaw,-9.087
up,1733515560000,2024-12-06T20:06:00.000000000,2.39,2.195,1,1.09,2244930.0,0.5302,1.592,0.0051,0.000167,-0.146,-1344550.0,0.5538,-0.167,-2225194.0,0.5262,0.259,-1539769.0,0.5407,-0.514,-2740262.0,0.5302,2.967,108,148,whipsaw,4.927
up,1733524080000,2024-12-06T22:28:00.000000000,2.4,1.658,3,1.13,3922884.0,0.5196,1.641,0.0066,0.000167,0.437,187244.0,0.5586,1.481,7565877.0,0.5722,1.839,6117484.0,0.5672,-0.424,4002132.0,0.5295,3.993,56,7,trend,5.166
down,1733527200000,2024-12-06T23:20:00.000000000,2.4,-1.775,1,2.09,-2488806.0,0.5133,1.961,0.006,0.000167,-0.283,-305299.0,0.4475,0.217,-766407.0,0.5078,0.446,207502.0,0.515,1.374,-1575729.0,0.5175,-0.974,37,-1,whipsaw,-6.4
down,1733557380000,2024-12-07T07:43:00.000000000,2.4,-1.525,1,0.95,-2242270.0,0.3865,1.77,0.0038,0.000325,-0.184,342179.0,0.4664,0.568,517240.0,0.5042,0.409,415524.0,0.4791,1.189,290616.0,0.4967,-0.513,41,-1,whipsaw,-7.161
up,1733561340000,2024-12-07T08:49:00.000000000,2.43,1.507,1,0.83,141328.0,0.542,2.07,0.004,0.000255,0.07,-550266.0,0.5441,-0.045,-1510293.0,0.5469,-0.049,-2207614.0,0.5216,0.029,-485932.0,0.4981,0.74,123,-1,whipsaw,4.376
up,1733577000000,2024-12-07T13:10:00.000000000,2.46,1.537,1,1.43,876198.0,0.502,1.827,0.003,0.000255,0.325,1242176.0,0.5099,0.276,2963705.0,0.4929,-0.767,1620123.0,0.4914,0.089,6574729.0,0.4987,4.319,32,116,whipsaw,3.759
down,1733579220000,2024-12-07T13:47:00.000000000,2.43,-1.657,1,1.51,750240.0,0.4859,1.946,0.0031,0.000255,0.296,266508.0,0.4929,0.851,799589.0,0.5403,1.406,4595112.0,0.4934,1.393,5443351.0,0.4781,-0.033,11,-1,whipsaw,-5.208
up,1733586720000,2024-12-07T15:52:00.000000000,2.52,1.709,1,2.59,2610191.0,0.5296,2.061,0.0041,0.000255,0.882,718907.0,0.5009,0.894,-678940.0,0.5086,1.299,-1859532.0,0.5171,0.981,-3524593.0,0.4921,2.081,114,3,trend,1.041
up,1733599080000,2024-12-07T19:18:00.000000000,2.53,1.518,1,1.35,3198173.0,0.5873,1.649,0.0043,0.000304,-0.471,-210003.0,0.4263,-0.728,-1253850.0,0.4357,-0.178,-1250509.0,0.4375,0.17,-3807245.0,0.4409,1.681,46,130,whipsaw,2.503
up,1733607120000,2024-12-07T21:32:00.000000000,2.56,1.579,3,1.45,-1562635.0,0.4908,1.921,0.0046,0.000304,0.164,-961563.0,0.5138,-0.285,167272.0,0.4726,-1.445,-493173.0,0.4408,-0.902,-1502132.0,0.4632,2.304,19,124,whipsaw,0.281
down,1733608860000,2024-12-07T22:01:00.000000000,2.52,-1.511,1,2.1,-493173.0,0.4488,1.874,0.0051,0.000304,-0.309,61894.0,0.3728,-0.21,-1816793.0,0.4395,0.424,-1008959.0,0.4771,0.785,-891453.0,0.4712,-0.571,40,-1,whipsaw,-2.081
down,1733635620000,2024-12-08T05:27:00.000000000,2.54,-1.575,1,1.65,-4818476.0,0.4722,1.828,0.0055,0.000334,0.55,-333634.0,0.5334,0.578,-683926.0,0.5339,0.075,-1890804.0,0.5267,0.444,-2309074.0,0.5193,-1.262,114,173,whipsaw,2.335
down,1733645700000,2024-12-08T08:15:00.000000000,2.53,-1.615,2,1.83,-842082.0,0.4729,1.976,0.0034,0.0001,-0.289,-708325.0,0.5183,0.111,-1417390.0,0.5789,0.352,-1697126.0,0.5694,0.142,-1639983.0,0.5334,-1.736,-1,93,trend,3.667
up,1733679600000,2024-12-08T17:40:00.000000000,2.6,1.515,1,2.16,-2405033.0,0.4812,2.145,0.0036,0.0001,0.258,1324942.0,0.5546,-0.112,1319395.0,0.4873,0.466,141336.0,0.5178,1.054,3204132.0,0.509,1.831,141,39,trend,-7.617
down,1733684280000,2024-12-08T18:58:00.000000000,2.59,-1.73,1,2.65,2109870.0,0.4548,1.935,0.006,0.0001,1.166,-1214866.0,0.5403,0.224,-2050136.0,0.4864,-0.448,-682306.0,0.4616,0.143,1413177.0,0.4807,-1.348,0,63,whipsaw,6.742
down,1733703300000,2024-12-09T00:15:00.000000000,2.57,-1.513,1,1.69,-1662374.0,0.4073,1.885,0.0043,0.0001,-0.708,-619753.0,0.416,-1.135,-3683905.0,0.4543,-2.687,-11309417.0,0.4597,-3.037,-2837486.0,0.5026,-5.432,-1,9,trend,15.321
up,1733707500000,2024-12-09T01:25:00.000000000,2.5,1.622,1,3.59,5878860.0,0.5546,1.796,0.006,0.0001,0.492,-926650.0,0.651,0.112,-1971366.0,0.5739,0.24,-295502.0,0.5481,-0.352,-1331856.0,0.5264,0.676,72,-1,whipsaw,-10.564
down,1733712060000,2024-12-09T02:41:00.000000000,2.47,-1.708,2,1.75,-284085.0,0.5326,1.937,0.0046,0.0001,0.097,104784.0,0.5541,0.433,-999739.0,0.5488,0.786,-1062873.0,0.5568,-0.336,-2198797.0,0.5188,-1.511,22,72,whipsaw,11.643
down,1733725560000,2024-12-09T06:26:00.000000000,2.45,-1.703,4,1.25,500958.0,0.4463,1.615,0.004,0.0001,0.041,1041702.0,0.4791,-0.118,1523036.0,0.4924,0.478,2796430.0,0.5242,-0.829,-210269.0,0.4919,-3.873,-1,46,trend,10.401
up,1733730480000,2024-12-09T07:48:00.000000000,2.45,1.607,1,2.42,3250062.0,0.4991,2.023,0.0062,0.0001,0.02,-835496.0,0.6495,-0.527,-818661.0,0.5671,-0.519,-372073.0,0.574,-1.724,-111401.0,0.5334,0.2,18,-1,whipsaw,-10.044
up,1733738580000,2024-12-09T10:03:00.000000000,2.42,1.699,1,3.08,-23328.0,0.572,1.765,0.008,0.0001,0.207,422255.0,0.5587,-0.513,214017.0,0.5243,-0.463,2219182.0,0.5175,-0.885,2745902.0,0.5223,1.274,18,203,whipsaw,-7.623
up,1733746800000,2024-12-09T12:20:00.000000000,2.4,1.591,3,1.95,2558519.0,0.4895,1.819,0.0057,0.0001,0.125,240366.0,0.5766,-0.413,279844.0,0.5283,-0.948,349503.0,0.5216,1.532,-1030551.0,0.544,2.939,28,56,whipsaw,-8.676
down,1733757480000,2024-12-09T15:18:00.000000000,2.4,-1.648,1,2.08,-2674743.0,0.4748,1.939,0.0057,0.0001,-0.383,-952121.0,0.4249,0.05,-1961299.0,0.4983,-0.977,-2389174.0,0.4827,-0.075,-1930919.0,0.5082,-1.326,-1,30,trend,10.088
up,1733773140000,2024-12-09T19:39:00.000000000,2.43,1.559,4,1.24,-1810700.0,0.4801,1.73,0.0043,0.0001,0.243,-674895.0,0.5271,-0.745,-1417988.0,0.4602,-1.902,-1677375.0,0.4513,-4.552,-4917613.0,0.4563,0.428,21,-1,whipsaw,-14.62
down,1733774880000,2024-12-09T20:08:00.000000000,2.39,-1.606,9,1.51,-1677375.0,0.4503,2.079,0.0044,0.0001,-0.042,588625.0,0.3972,-1.314,1597582.0,0.4256,-1.582,-3240238.0,0.4531,-9.662,-46039991.0,0.4595,-16.226,-1,11,trend,8.552
up,1733802120000,2024-12-10T03:42:00.000000000,2.12,1.578,3,5.29,-22993.0,0.4711,1.889,0.0114,0.0001,0.552,-1026728.0,0.5096,0.76,-2709250.0,0.5033,-0.382,-105163.0,0.4783,1.733,756383.0,0.5036,5.004,33,9,trend,8.11
up,1733820120000,2024-12-10T08:42:00.000000000,2.21,1.546,2,0.92,1169678.0,0.5076,1.761,0.0065,0.0001,1.048,-568966.0,0.6347,0.759,1778935.0,0.581,1.455,3314818.0,0.5665,-0.117,2657563.0,0.535,1.965,213,4,trend,5.58
down,1733823720000,2024-12-10T09:42:00.000000000,2.21,-1.55,1,0.97,-657255.0,0.5065,2.005,0.0052,0.0001,-0.122,-23186.0,0.4198,0.348,19552.0,0.4835,1.362,844941.0,0.5131,1.76,2940206.0,0.5053,-4.207,21,153,whipsaw,-5.501
down,1733833200000,2024-12-10T12:20:00.000000000,2.19,-1.65,1,1.11,-2893185.0,0.4166,1.796,0.0057,0.0001,-0.475,818573.0,0.3928,-1.426,316019.0,0.44,-2.135,1505972.0,0.4934,-1.426,-804861.0,0.5005,-8.151,148,12,trend,-7.914
up,1733839440000,2024-12-10T14:04:00.000000000,2.18,1.565,1,0.94,516348.0,0.4719,2.07,0.0047,0.0001,0.005,162360.0,0.5088,0.11,417994.0,0.5306,0.271,399101.0,0.5034,0.252,-1285539.0,0.4908,1.656,35,28,trend,8.619
down,1733843640000,2024-12-10T15:14:00.000000000,2.17,-1.509,3,1.56,-325677.0,0.48,1.955,0.0072,0.0001,-0.452,593388.0,0.4816,-2.193,448838.0,0.4455,-3.707,1707371.0,0.457,-5.659,-4385272.0,0.4655,-12.293,-1,7,trend,-12.408
up,1733849820000,2024-12-10T16:57:00.000000000,2.09,1.884,6,4.36,1599494.0,0.5031,2.202,0.011,0.0001,-1.52,-922077.0,0.467,-1.372,-1500393.0,0.4858,-4.11,-359160.0,0.4759,-5.544,-195359.0,0.4954,10.075,3,178,whipsaw,14.902
down,1733866440000,2024-12-10T21:34:00.000000000,2.35,-1.619,1,4.81,-4333075.0,0.5124,1.904,0.0198,0.0001,1.006,635294.0,0.5613,-0.324,296739.0,0.5064,-1.096,-2153877.0,0.4879,-0.639,-5220087.0,0.4873,-4.57,2,17,whipsaw,-3.219
down,1733874360000,2024-12-10T23:46:00.000000000,2.35,-1.676,2,1.34,-658120.0,0.4847,1.825,0.0092,0.0001,-0.077,-599554.0,0.3857,0.665,-216069.0,0.4634,-0.452,83569.0,0.4598,-1.474,-2186223.0,0.4352,-4.956,11,31,whipsaw,-2.732
up,1733883840000,2024-12-11T02:24:00.000000000,2.28,2.052,2,1.05,-379160.0,0.5367,1.866,0.006,1e-05,0.342,-1381341.0,0.6121,0.891,-1408176.0,0.5771,0.777,-484240.0,0.5273,0.729,-2273196.0,0.5126,3.42,-1,9,trend,4.136
down,1733903880000,2024-12-11T07:58:00.000000000,2.29,-1.512,1,0.71,-1889641.0,0.459,1.759,0.0048,1e-05,0.257,-437116.0,0.4222,0.196,152395.0,0.4705,0.964,-889790.0,0.5179,2.325,-474816.0,0.5022,-0.336,23,-1,whipsaw,-5.683
up,1733906520000,2024-12-11T08:42:00.000000000,2.34,1.719,1,0.9,373562.0,0.5012,1.814,0.0062,0.0001,-0.175,185257.0,0.5186,0.496,-1000773.0,0.5378,0.043,1199577.0,0.4863,-0.193,877916.0,0.4842,2.628,-1,128,trend,4.035
up,1733915940000,2024-12-11T11:19:00.000000000,2.39,1.517,1,1.09,-1536500.0,0.5269,1.952,0.0054,0.0001,-0.243,150996.0,0.5152,0.26,592363.0,0.5219,-1.829,-1880349.0,0.4993,-1.046,-2529442.0,0.5009,2.252,25,210,whipsaw,0.096
down,1733917740000,2024-12-11T11:49:00.000000000,2.35,-1.829,2,1.06,-1880349.0,0.4993,1.717,0.0063,0.0001,0.452,-840506.0,0.5335,0.925,-743836.0,0.5388,0.797,-649093.0,0.499,1.744,2393498.0,0.4966,-0.789,15,-1,whipsaw,-2.55
up,1733924700000,2024-12-11T13:45:00.000000000,2.38,1.754,2,1.95,-1132017.0,0.5006,2.01,0.0078,0.0001,-0.256,-46740.0,0.4939,0.517,1346219.0,0.5295,-0.736,2087496.0,0.504,0.479,3322830.0,0.4902,3.842,28,64,whipsaw,1.656
down,1733934720000,2024-12-11T16:32:00.000000000,2.42,-1.51,1,1.12,4537051.0,0.4677,1.878,0.005,2.5e-05,-0.426,-398203.0,0.4658,-0.331,-2699457.0,0.5003,-0.359,-2567878.0,0.4936,-0.942,-190638.0,0.5027,-1.661,-1,59,trend,-0.066
up,1733943240000,2024-12-11T18:54:00.000000000,2.43,1.516,1,0.8,4660912.0,0.5696,1.751,0.0035,2.5e-05,0.029,713162.0,0.4769,0.185,849006.0,0.4672,-0.189,-518629.0,0.485,-0.058,-556414.0,0.4834,0.531,126,-1,whipsaw,-0.794
down,1733961000000,2024-12-11T23:50:00.000000000,2.4,-1.657,1,0.76,-1343573.0,0.4314,1.798,0.0034,2.5e-05,0.071,-1539500.0,0.3887,-0.383,-1478523.0,0.4375,-0.42,-1034001.0,0.4767,-1.848,-4086449.0,0.4618,-2.201,214,34,trend,2.447
up,1733972280000,2024-12-12T02:58:00.000000000,2.41,1.548,2,0.86,2484765.0,0.5489,1.833,0.0043,0.0001,-0.557,2917519.0,0.3932,0.328,3997219.0,0.4827,0.698,1781641.0,0.527,-0.32,-156888.0,0.5036,3.173,-1,71,trend,-2.758
down,1733980500000,2024-12-12T05:15:00.000000000,2.45,-1.502,1,1.62,298976.0,0.4903,1.712,0.0046,0.0001,-0.221,-2626991.0,0.4399,0.282,-1817913.0,0.4618,0.27,-1440454.0,0.4954,-0.278,-629433.0,0.4925,-1.194,-1,64,trend,4.08
down,1734011280000,2024-12-12T13:48:00.000000000,2.4,-1.738,1,2.83,-3111623.0,0.4771,2.311,0.0054,0.0001,0.708,755875.0,0.4578,0.441,572213.0,0.4317,0.275,2018610.0,0.4539,0.491,1699663.0,0.4629,-0.329,34,-1,whipsaw,0.853
down,1734032100000,2024-12-12T19:35:00.000000000,2.38,-1.786,1,2.67,-1047788.0,0.3964,1.708,0.0043,0.0001,-0.509,-3831423.0,0.5016,0.109,-11727350.0,0.4805,-0.598,-11184662.0,0.4858,-0.349,-10602068.0,0.5079,-2.846,-1,10,trend,-1.928
up,1734036420000,2024-12-12T20:47:00.000000000,2.39,1.634,1,1.75,-1446028.0,0.5328,1.954,0.0043,0.0001,-0.727,-527283.0,0.4127,-0.472,-1441129.0,0.4532,-0.572,-1467700.0,0.463,-1.336,-1918373.0,0.4568,0.071,27,-1,whipsaw,1.299
down,1734041820000,2024-12-12T22:17:00.000000000,2.33,-1.549,1,1.83,-4601367.0,0.4664,1.624,0.0064,0.0001,0.004,-1137104.0,0.486,0.783,-1227120.0,0.5458,1.251,-965886.0,0.5684,0.714,-1550759.0,0.5327,-0.765,22,-1,whipsaw,-4.441
up,1734043680000,2024-12-12T22:48:00.000000000,2.36,1.69,1,1.64,-965886.0,0.5743,1.651,0.0061,0.0001,-0.187,-1631.0,0.4619,-0.428,-545936.0,0.5257,-0.67,-584873.0,0.4975,-0.496,-912469.0,0.4928,0.415,31,-1,whipsaw,2.866
down,1734052500000,2024-12-13T01:15:00.000000000,2.33,-1.585,1,1.5,-2584323.0,0.4913,1.707,0.0035,0.0001,-0.584,-127957.0,0.4337,-0.193,745466.0,0.4865,0.21,1016134.0,0.4804,0.575,-614117.0,0.4905,-0.837,82,-1,whipsaw,-4.99
down,1734073140000,2024-12-13T06:59:00.000000000,2.3,-1.639,1,1.64,830878.0,0.5223,1.703,0.0033,0.0001,-0.369,234351.0,0.4994,-0.295,-586394.0,0.5235,0.069,-158264.0,0.5431,0.469,-1675334.0,0.5371,-0.907,81,-1,whipsaw,-7.519
up,1734092460000,2024-12-13T12:21:00.000000000,2.37,1.514,2,1.26,-346366.0,0.485,1.722,0.0028,9.4e-05,0.505,-813029.0,0.5647,0.27,-1414979.0,0.5431,-0.24,-489389.0,0.5186,0.034,447994.0,0.4862,4.401,-1,7,trend,2.258
down,1734104700000,2024-12-13T15:45:00.000000000,2.42,-1.702,1,3.98,-1152256.0,0.4755,1.957,0.0055,9.4e-05,-0.302,1587466.0,0.4647,-0.359,4424695.0,0.4942,-0.178,5181388.0,0.4995,0.384,8142590.0,0.5108,-1.508,106,12,trend,0.843
up,1734107580000,2024-12-13T16:33:00.000000000,2.43,1.503,1,2.54,-587810.0,0.5301,1.873,0.0057,0.0001,0.14,576558.0,0.5686,0.095,4305705.0,0.532,-0.456,3547147.0,0.5141,0.004,5441673.0,0.5016,0.559,151,-1,whipsaw,-1.299
up,1734139080000,2024-12-14T01:18:00.000000000,2.45,1.566,1,1.78,2680860.0,0.508,1.741,0.0042,0.0001,0.053,334571.0,0.5478,-0.184,2145381.0,0.4887,-0.487,4006411.0,0.4763,-0.331,3472474.0,0.4652,1.325,-1,142,trend,-1.721
up,1734154860000,2024-12-14T05:41:00.000000000,2.51,1.564,1,2.91,-1286775.0,0.5971,1.757,0.003,0.0001,0.754,1513940.0,0.6771,0.12,-1141297.0,0.5432,-0.307,-246803.0,0.4963,-0.894,-664678.0,0.5123,1.029,51,11,trend,-2.861
down,1734165360000,2024-12-14T08:36:00.000000000,2.46,-1.632,1,1.88,-2174804.0,0.4549,1.833,0.003,0.0001,0.228,663995.0,0.4853,0.285,1350834.0,0.5181,-0.11,1521959.0,0.5054,0.089,1038208.0,0.5312,-2.065,-1,152,trend,2.098
down,1734182280000,2024-12-14T13:18:00.000000000,2.38,-1.641,1,1.8,-2161713.0,0.3786,1.536,0.004,0.0001,-0.462,-2885131.0,0.4429,0.509,-5161028.0,0.4863,0.408,-6530879.0,0.5022,1.198,-6792374.0,0.5126,-0.609,55,-1,whipsaw,-0.714
up,1734305040000,2024-12-15T23:24:00.000000000,2.43,1.581,1,3.76,447079.0,0.5106,1.816,0.0041,0.0001,0.189,-1522394.0,0.4446,0.53,-2077245.0,0.4476,0.711,-1610600.0,0.457,1.138,-2247783.0,0.4495,1.569,184,23,trend,2.181
down,1734350160000,2024-12-16T11:56:00.000000000,2.34,-1.579,1,4.41,-4751444.0,0.4328,1.717,0.0034,0.0001,0.465,-4090774.0,0.5095,0.743,-3210216.0,0.527,0.896,-1874337.0,0.4823,0.743,-2196462.0,0.4778,-0.418,19,-1,whipsaw,-14.344
up,1734364860000,2024-12-16T16:01:00.000000000,2.41,1.615,1,2.87,-752736.0,0.5551,1.784,0.0033,-3.9e-05,0.677,2958344.0,0.5764,2.544,7694070.0,0.5523,5.711,4958542.0,0.5446,4.748,11163612.0,0.5229,7.379,-1,2,trend,7.417
down,1734368580000,2024-12-16T17:03:00.000000000,2.53,-1.696,2,14.72,6205070.0,0.4958,2.121,0.0096,-3.9e-05,-0.091,1192999.0,0.3912,-0.194,1110959.0,0.4309,-0.23,2686775.0,0.4703,-1.247,5874005.0,0.4643,-3.273,-1,37,trend,-3.293
up,1734415740000,2024-12-17T06:09:00.000000000,2.53,1.619,6,1.57,1437819.0,0.546,1.64,0.0024,0.0001,-0.419,2323347.0,0.4703,-0.64,1929098.0,0.4834,-1.051,1366857.0,0.4464,-0.949,3885482.0,0.4852,2.68,20,131,whipsaw,-1.134
down,1734433440000,2024-12-17T11:04:00.000000000,2.63,-1.86,1,4.32,1192492.0,0.507,1.841,0.0071,0.0001,0.593,-361990.0,0.584,2.857,3411222.0,0.6101,2.906,7663449.0,0.5607,2.739,8427913.0,0.5532,-0.703,8,-1,whipsaw,2.925
down,1734444120000,2024-12-17T14:02:00.000000000,2.64,-1.746,2,1.72,-1894015.0,0.4587,1.711,0.0054,0.0001,0.898,933969.0,0.466,0.792,763872.0,0.5025,0.606,1033229.0,0.4872,-0.11,-7002673.0,0.4956,-3.35,9,69,whipsaw,3.191
up,1734451920000,2024-12-17T16:12:00.000000000,2.62,1.646,1,1.93,439003.0,0.5343,1.789,0.0075,0.0001,-0.347,-1326852.0,0.4611,-0.377,-2657530.0,0.4428,-0.537,-2417743.0,0.4432,-0.45,-1543511.0,0.4607,1.257,31,115,whipsaw,-5.874
down,1734462240000,2024-12-17T19:04:00.000000000,2.59,-1.723,1,1.32,1578938.0,0.4415,1.893,0.005,0.0001,-0.235,-988794.0,0.4444,0.124,-2915435.0,0.5061,-0.205,-3026327.0,0.4872,0.845,-3071786.0,0.5067,-2.567,71,213,whipsaw,3.899
down,1734474240000,2024-12-17T22:24:00.000000000,2.58,-1.529,1,0.99,1794973.0,0.4933,1.52,0.0053,0.0001,0.105,-932203.0,0.4317,-0.578,-1376220.0,0.4425,-1.246,-4495450.0,0.4559,-0.842,-7934748.0,0.4811,-2.077,-1,22,trend,8.59
up,1734480360000,2024-12-18T00:06:00.000000000,2.58,1.564,1,1.48,-1367067.0,0.5457,1.791,0.0055,0.0001,0.027,-504050.0,0.5967,-0.318,-772779.0,0.5169,-1.106,-1086990.0,0.5002,0.054,-1665072.0,0.4999,0.57,24,-1,whipsaw,-9.762
down,1734482220000,2024-12-18T00:37:00.000000000,2.54,-1.52,2,1.45,-1086990.0,0.4923,1.792,0.0055,0.0001,0.516,192591.0,0.4885,1.834,-5570.0,0.5247,1.307,-578082.0,0.4891,1.358,-461305.0,0.4935,-2.736,6,204,whipsaw,8.109
up,1734488760000,2024-12-18T02:26:00.000000000,2.58,1.615,1,1.77,71267.0,0.4952,2.214,0.0051,0.0001,-0.128,-324866.0,0.5189,-0.717,-1528361.0,0.4882,-0.713,-890052.0,0.4988,-1.295,-2478188.0,0.5082,0.05,21,-1,whipsaw,-14.413
down,1734494580000,2024-12-18T04:03:00.000000000,2.5,-1.59,1,1.61,-641105.0,0.4826,1.812,0.0037,0.0001,0.144,-590732.0,0.5188,0.264,-662146.0,0.5449,-0.78,-5042138.0,0.5262,-0.16,-7200341.0,0.5418,-1.311,183,23,trend,6.197
up,1734505980000,2024-12-18T07:13:00.000000000,2.53,1.614,1,1.31,-2218188.0,0.5567,1.745,0.0048,0.0001,-0.308,5232432.0,0.5707,-0.308,8287090.0,0.5525,-0.62,8309570.0,0.524,-0.652,7897648.0,0.5363,1.742,24,231,whipsaw,-6.897
up,1734519900000,2024-12-18T11:05:00.000000000,2.56,1.68,1,1.2,602534.0,0.5625,1.781,0.0041,5.7e-05,0.234,-431800.0,0.5683,0.886,-1054260.0,0.5149,0.699,-144316.0,0.5037,0.5,550463.0,0.4997,1.207,108,14,trend,-6.065
down,1734532320000,2024-12-18T14:32:00.000000000,2.51,-1.84,2,1.81,-498174.0,0.5157,1.634,0.0045,5.7e-05,-0.084,-1264288.0,0.4169,0.351,-2391570.0,0.5255,-1.994,-6795479.0,0.4975,-1.256,-10676934.0,0.5021,-3.338,-1,24,trend,4.698
up,1734540660000,2024-12-18T16:51:00.000000000,2.48,2.08,1,2.4,-1129124.0,0.5454,1.793,0.0046,0.0001,-0.395,1395109.0,0.4459,-1.17,879841.0,0.4067,-0.755,1777234.0,0.4557,0.052,2208103.0,0.4679,1.521,11,126,whipsaw,-5.533
down,1734550080000,2024-12-18T19:28:00.000000000,2.47,-1.587,4,2.92,-2801418.0,0.4338,1.873,0.0066,0.0001,1.013,50969.0,0.5217,0.539,-63763.0,0.4995,-2.127,-162901.0,0.4636,-3.87,-15250138.0,0.477,-8.911,5,20,whipsaw,8.174
up,1734550800000,2024-12-18T19:40:00.000000000,2.49,1.618,4,1.78,-859389.0,0.4732,1.737,0.0065,0.0001,-1.019,-188849.0,0.4218,-2.37,-99138.0,0.4312,-6.825,-13516153.0,0.4432,-6.076,-12489381.0,0.4706,0.1,5,-1,whipsaw,-11.036
down,1734573120000,2024-12-19T01:52:00.000000000,2.3,-1.516,1,0.92,-1571067.0,0.4728,1.688,0.0052,-0.000115,-0.853,12048.0,0.3251,-2.131,1740608.0,0.3656,-2.549,186830.0,0.4218,-1.692,1230488.0,0.4685,-5.455,75,6,trend,0.783
up,1734576840000,2024-12-19T02:54:00.000000000,2.26,2.203,2,2.66,1043658.0,0.512,1.929,0.008,-0.000115,1.33,969404.0,0.4566,2.483,88625.0,0.4956,2.708,-3575869.0,0.4852,4.126,-5897508.0,0.5118,4.882,-1,2,trend,2.907
down,1734611820000,2024-12-19T12:37:00.000000000,2.37,-1.771,1,1.13,-3441433.0,0.4461,1.744,0.0028,-0.000128,0.177,-94885.0,0.449,0.101,-77060.0,0.4924,0.08,462682.0,0.5215,-0.291,759554.0,0.4999,-4.355,115,130,whipsaw,10.893
down,1734619740000,2024-12-19T14:49:00.000000000,2.34,-1.591,1,1.71,-535167.0,0.4862,1.727,0.006,-0.000128,-0.18,-5086901.0,0.5183,-0.975,-8492592.0,0.4674,-2.438,-7888454.0,0.4686,-0.607,-7683063.0,0.5016,-5.894,-1,14,trend,8.08
up,1734623280000,2024-12-19T15:48:00.000000000,2.32,1.526,3,3.24,205391.0,0.5324,2.027,0.0065,-0.000128,0.773,-492910.0,0.5825,0.151,-371245.0,0.5134,-0.389,74599.0,0.4863,0.872,1616788.0,0.5042,1.365,94,50,trend,-3.438
down,1734628860000,2024-12-19T17:21:00.000000000,2.3,-1.743,1,0.88,-1003090.0,0.4334,1.842,0.0033,0.0001,-0.517,654340.0,0.4648,-1.513,-1527734.0,0.4352,-3.009,-1986976.0,0.4404,-2.504,-5965992.0,0.4656,-6.113,-1,11,trend,2.887
down,1734636660000,2024-12-19T19:31:00.000000000,2.26,-1.581,1,1.02,-102608.0,0.4658,1.914,0.0066,0.0001,-0.677,-1987496.0,0.3706,-2.417,-1405058.0,0.4229,-1.974,-1637961.0,0.4852,-1.784,-4535371.0,0.4786,-4.409,106,7,trend,-1.111
up,1734640740000,2024-12-19T20:39:00.000000000,2.22,1.793,2,3.39,-3148769.0,0.4769,1.725,0.012,0.0001,0.608,-890583.0,0.4959,-0.131,-2348211.0,0.4534,1.923,-1127315.0,0.4725,2.955,-1442313.0,0.489,4.459,-1,7,trend,1.392
up,1734654420000,2024-12-20T00:27:00.000000000,2.27,1.595,2,1.82,2488619.0,0.4955,1.9,0.0066,0.0001,1.332,-182844.0,0.5253,1.543,-21267.0,0.5006,1.192,1942406.0,0.4847,0.58,2182927.0,0.4825,3.548,-1,3,trend,-0.448
down,1734677280000,2024-12-20T06:48:00.000000000,2.26,-1.65,5,1.27,-705096.0,0.4767,1.88,0.0033,0.0001,0.301,71491.0,0.5377,1.705,414941.0,0.5419,2.236,952527.0,0.5115,1.333,1982542.0,0.4946,-9.21,12,92,whipsaw,-4.538
up,1734678240000,2024-12-20T07:04:00.000000000,2.31,1.977,1,1.61,438116.0,0.521,1.775,0.0033,0.0001,0.946,266270.0,0.5349,0.512,537586.0,0.486,-0.035,326480.0,0.4895,-1.163,1318348.0,0.4835,1.05,58,5,trend,2.403
up,1734691440000,2024-12-20T10:44:00.000000000,2.1,2.27,4,6.54,-3401706.0,0.5288,1.637,0.0155,0.0001,-0.998,-608182.0,0.5251,-1.948,-2051250.0,0.4925,-1.887,-2817871.0,0.5293,-6.41,-7874677.0,0.4873,4.638,5,114,whipsaw,9.841
down,1734700620000,2024-12-20T13:17:00.000000000,2.13,-1.622,3,3.05,-2661001.0,0.482,1.911,0.0088,0.0001,-0.474,-1832287.0,0.4933,1.945,-5514379.0,0.5055,3.147,-5472794.0,0.534,1.94,-5337907.0,0.5209,-1.066,13,12,trend,-4.914
up,1734715560000,2024-12-20T17:26:00.000000000,2.25,1.533,2,0.78,1476526.0,0.492,1.767,0.0055,0.0001,-0.528,-1256683.0,0.4849,0.138,-1141343.0,0.516,0.191,-470317.0,0.5078,-0.275,-327473.0,0.5069,2.682,68,113,whipsaw,-0.218
down,1734725160000,2024-12-20T20:06:00.000000000,2.27,-1.563,2,1.28,2389853.0,0.4431,1.72,0.0051,0.0001,0.176,151026.0,0.5224,-0.167,371525.0,0.5169,-0.721,-953611.0,0.4764,-0.946,-945989.0,0.4749,-2.925,137,24,trend,1.372
up,1734732660000,2024-12-20T22:11:00.000000000,2.26,1.517,1,0.72,164959.0,0.5381,1.61,0.0053,0.0001,0.172,-71017.0,0.5371,1.189,677997.0,0.5489,0.508,-122205.0,0.4759,1.419,3466213.0,0.5182,1.587,-1,9,trend,-2.166
up,1734748740000,2024-12-21T02:39:00.000000000,2.3,1.82,1,0.72,781519.0,0.4933,1.736,0.0035,0.0001,0.1,325537.0,0.5301,-0.23,88830.0,0.5046,-1.08,131094.0,0.4758,-1.176,952221.0,0.4972,3.145,25,187,whipsaw,-3.302
up,1734760380000,2024-12-21T05:53:00.000000000,2.34,1.515,1,0.87,2202703.0,0.5109,1.709,0.0044,0.0001,0.256,611682.0,0.569,1.019,381948.0,0.5577,0.456,-98185.0,0.5022,0.601,1496000.0,0.498,1.757,190,15,trend,-5.502
down,1734780540000,2024-12-21T11:29:00.000000000,2.29,-1.565,3,1.03,-469269.0,0.4832,1.748,0.0032,0.0001,0.301,-1349553.0,0.5331,0.655,-1645320.0,0.5181,0.755,-2236685.0,0.5084,-0.921,-3580365.0,0.4827,-4.301,-1,61,trend,0.747
up,1734789480000,2024-12-21T13:58:00.000000000,2.25,1.627,1,2.84,-582155.0,0.4907,1.896,0.0065,0.0001,0.271,690834.0,0.562,0.574,1121606.0,0.5348,0.071,1839414.0,0.4938,-0.68,4158926.0,0.4735,0.8,61,-1,whipsaw,0.774
down,1734797340000,2024-12-21T16:09:00.000000000,2.22,-1.683,1,1.2,-943197.0,0.4638,1.869,0.0033,0.0001,1.442,-826313.0,0.496,1.626,-1624320.0,0.5249,0.982,-2716706.0,0.4826,0.342,-2337611.0,0.4912,-0.869,4,-1,whipsaw,0.257
down,1734807660000,2024-12-21T19:01:00.000000000,2.21,-1.538,1,0.96,-1849410.0,0.5009,1.694,0.0038,0.0001,-0.375,122743.0,0.5018,0.099,-475246.0,0.4731,0.257,-1156517.0,0.4955,1.102,-1078472.0,0.4987,-0.628,42,-1,whipsaw,-1.382
up,1734811560000,2024-12-21T20:06:00.000000000,2.24,1.521,1,1.22,358990.0,0.5173,2.06,0.0044,0.0001,0.388,-301568.0,0.5563,0.589,49870.0,0.563,0.054,11388.0,0.5025,0.018,-11346050.0,0.5032,0.999,107,-1,whipsaw,-2.912
up,1734820920000,2024-12-21T22:42:00.000000000,2.25,1.726,1,0.93,2131821.0,0.5383,1.676,0.0037,0.0001,-0.303,-158894.0,0.4099,-0.646,-2416903.0,0.4342,-0.895,-2441969.0,0.4367,-0.859,-695834.0,0.4629,0.534,22,-1,whipsaw,-2.356
up,1734838740000,2024-12-22T03:39:00.000000000,2.24,1.542,2,1.02,-1017379.0,0.4936,1.784,0.0042,0.0001,-0.165,-67862.0,0.4284,-0.237,-293290.0,0.4207,0.313,-385355.0,0.4738,-0.683,-1087556.0,0.4556,0.335,65,-1,whipsaw,-1.371
down,1734843540000,2024-12-22T04:59:00.000000000,2.2,-1.595,1,0.93,1327091.0,0.4713,1.745,0.0032,0.0001,-0.359,555595.0,0.4846,-0.577,-1514216.0,0.5287,-0.409,153244.0,0.5118,0.263,-57064.0,0.5135,-1.172,83,9,trend,-0.386
up,1734860400000,2024-12-22T09:40:00.000000000,2.28,1.618,1,1.35,1726668.0,0.5534,1.577,0.0029,0.0001,0.035,20253.0,0.4774,-0.219,-1599967.0,0.4192,-0.14,-1602848.0,0.4659,0.206,-106822.0,0.4904,0.641,150,-1,whipsaw,-3.198
down,1734877500000,2024-12-22T14:25:00.000000000,2.22,-1.606,1,1.96,887405.0,0.4495,1.688,0.0036,0.0001,-0.832,-793882.0,0.3755,-1.007,-2113322.0,0.4747,-0.841,-3810833.0,0.5094,0.126,-2127897.0,0.5133,-1.183,131,11,trend,1.102
down,1734894780000,2024-12-22T19:13:00.000000000,2.22,-1.543,3,1.09,-422465.0,0.4379,1.774,0.0024,0.0001,0.401,-423430.0,0.5322,0.131,50904.0,0.4923,-0.374,918789.0,0.469,-2.341,-1694409.0,0.4826,-2.737,-1,41,trend,1.729
up,1734899940000,2024-12-22T20:39:00.000000000,2.2,1.683,1,3.19,-1567247.0,0.579,1.668,0.0053,0.0001,0.023,149954.0,0.4888,0.505,365477.0,0.5126,0.946,585884.0,0.5093,0.527,-1241134.0,0.4823,1.273,88,31,trend,1.55
down,1734914100000,2024-12-23T00:35:00.000000000,2.17,-1.51,2,2.05,680789.0,0.4621,1.539,0.0058,7.3e-05,0.663,387974.0,0.5216,0.41,1065128.0,0.4613,0.686,421924.0,0.4787,0.677,-203529.0,0.4854,-1.87,61,43,trend,-3.643
up,1734918600000,2024-12-23T01:50:00.000000000,2.17,1.712,2,3.82,-853.0,0.4969,1.564,0.006,7.3e-05,-0.731,541520.0,0.4164,-0.74,1303960.0,0.4497,-1.131,1383317.0,0.4517,-0.924,3337069.0,0.4632,2.805,7,86,whipsaw,2.713
up,1734944640000,2024-12-23T09:04:00.000000000,2.22,1.534,1,1.07,1033417.0,0.5327,1.45,0.0028,9.6e-05,-0.05,-415994.0,0.4862,-0.383,-591773.0,0.4774,-0.803,-222332.0,0.4733,-0.302,806986.0,0.5152,0.37,-1,-1,partial,1.583
down,1734962040000,2024-12-23T13:54:00.000000000,2.17,-1.629,2,2.58,1389916.0,0.4414,1.806,0.0051,9.6e-05,0.304,-1593453.0,0.5419,0.985,-2268877.0,0.5836,1.123,786739.0,0.544,-0.773,-8279799.0,0.4924,-1.845,11,52,whipsaw,-6.593
up,1734972480000,2024-12-23T16:48:00.000000000,2.18,1.616,1,1.41,518272.0,0.5095,1.719,0.0039,1.7e-05,0.839,-26542.0,0.5638,0.293,-413718.0,0.4928,0.362,-2425629.0,0.4668,-0.972,-2366927.0,0.4641,2.59,63,9,trend,5.946
down,1734976260000,2024-12-23T17:51:00.000000000,2.16,-1.77,1,1.28,-399911.0,0.4513,1.792,0.0041,1.7e-05,0.482,572261.0,0.5251,0.426,647162.0,0.4595,0.908,33460.0,0.4851,-0.065,177776.0,0.4665,-0.259,22,-1,whipsaw,-8.085
up,1734981660000,2024-12-23T19:21:00.000000000,2.19,1.697,3,1.15,2125471.0,0.4977,1.983,0.0027,1.7e-05,-0.137,363144.0,0.5392,-0.506,-795965.0,0.5128,-0.702,-846015.0,0.4913,-0.155,548284.0,0.5067,3.893,-1,72,trend,6.205
down,1734990360000,2024-12-23T21:46:00.000000000,2.24,-1.679,1,2.31,1253594.0,0.4698,1.893,0.0051,1.7e-05,-0.371,-779540.0,0.5003,-0.183,-938561.0,0.5129,0.098,-1337180.0,0.5132,0.425,645266.0,0.4966,-0.746,74,-1,whipsaw,-3.942
up,1735046760000,2024-12-24T13:26:00.000000000,2.27,1.645,1,1.76,-1024836.0,0.4631,1.664,0.0022,0.0001,0.141,2465540.0,0.5354,1.209,4012821.0,0.5472,1.979,4008554.0,0.5508,1.399,3535341.0,0.5001,2.81,-1,12,trend,0.211
up,1735055100000,2024-12-24T15:45:00.000000000,2.34,1.583,1,2.76,1247682.0,0.4839,1.688,0.0033,0.0001,-0.548,89464.0,0.4017,-0.561,-822773.0,0.4476,-0.942,-1390673.0,0.451,-1.134,-2196038.0,0.4664,0.634,23,-1,whipsaw,-2.111
down,1735070700000,2024-12-24T20:05:00.000000000,2.29,-1.705,1,2.45,-1760717.0,0.4085,1.632,0.0034,0.0001,-0.066,-702666.0,0.5869,0.315,-728810.0,0.5322,0.42,-1314567.0,0.4861,0.559,-1867758.0,0.4701,-0.428,69,-1,whipsaw,-1.071
up,1735122000000,2024-12-25T10:20:00.000000000,2.33,1.572,1,2.22,1095739.0,0.5332,1.663,0.0021,0.0001,-0.232,273539.0,0.4161,-0.374,-280298.0,0.4233,-0.825,-423816.0,0.4192,-1.006,1421276.0,0.4662,0.249,32,-1,whipsaw,-6.688
down,1735127940000,2024-12-25T11:59:00.000000000,2.27,-1.688,1,2.18,-907416.0,0.4223,1.782,0.0022,0.0001,-0.035,-1530666.0,0.4718,0.158,-1718180.0,0.4956,0.471,-1056862.0,0.4645,0.497,-911970.0,0.4256,-0.409,137,-1,whipsaw,3.562
down,1735174080000,2024-12-26T00:48:00.000000000,2.28,-1.513,1,2.58,-1885496.0,0.4862,1.525,0.0034,0.0001,-0.118,163427.0,0.6034,0.36,707791.0,0.5995,0.044,1989914.0,0.551,-0.118,1511530.0,0.5423,-1.338,-1,198,trend,5.358
down,1735200480000,2024-12-26T08:08:00.000000000,2.21,-1.648,1,3.0,373010.0,0.4632,1.746,0.0035,3e-05,0.163,-1751076.0,0.4726,-0.915,-1690948.0,0.4242,-1.929,-789198.0,0.4355,-0.543,-1710981.0,0.4933,-2.196,-1,14,trend,2.101
up,1735204140000,2024-12-26T09:09:00.000000000,2.2,1.708,1,5.26,-921783.0,0.5529,1.785,0.0038,3e-05,-0.055,-537724.0,0.4134,-0.423,62573.0,0.3903,-0.109,1009938.0,0.4226,-1.019,1366290.0,0.4441,0.341,52,-1,whipsaw,1.124
down,1735234260000,2024-12-26T17:31:00.000000000,2.14,-1.56,1,2.63,-961248.0,0.4218,1.728,0.0029,-7.3e-05,-0.079,-1997215.0,0.3977,0.611,-2037999.0,0.4977,0.009,-2854502.0,0.4779,0.821,-3498863.0,0.4882,-0.802,90,-1,whipsaw,-0.238
down,1735285140000,2024-12-27T07:39:00.000000000,2.14,-1.735,1,2.33,1228077.0,0.4474,1.754,0.0027,-1.7e-05,-0.089,-640407.0,0.4208,0.131,-1008095.0,0.4715,1.051,-548132.0,0.4934,1.915,-1054266.0,0.4659,-0.612,23,-1,whipsaw,-1.205
up,1735287000000,2024-12-27T08:10:00.000000000,2.17,1.69,2,3.28,509314.0,0.5037,1.824,0.0044,1e-05,0.032,-458263.0,0.5479,0.239,-821025.0,0.4725,0.414,-1033035.0,0.4447,1.893,-3122223.0,0.4516,3.048,-1,54,trend,-0.387
down,1735294380000,2024-12-27T10:13:00.000000000,2.2,-1.505,1,2.42,-934769.0,0.4265,1.638,0.0036,1e-05,0.114,-91767.0,0.4963,-0.373,-246552.0,0.456,-0.459,993588.0,0.4568,0.073,1463616.0,0.4652,-1.26,-1,232,trend,1.587
down,1735310820000,2024-12-27T14:47:00.000000000,2.15,-1.512,1,2.79,574103.0,0.5039,1.935,0.0031,1e-05,0.521,1891340.0,0.6122,0.433,2276323.0,0.5665,-0.037,1827084.0,0.5309,-0.54,2075234.0,0.5029,-1.614,224,95,trend,-1.014
up,1735321980000,2024-12-27T17:53:00.000000000,2.17,1.537,1,2.82,-2380402.0,0.5534,1.895,0.0042,0.0001,0.018,464191.0,0.4391,-0.337,-1335.0,0.4777,-0.037,-423450.0,0.5247,0.152,-841227.0,0.5369,0.674,239,-1,whipsaw,1.209
down,1735510140000,2024-12-29T22:09:00.000000000,2.09,-1.872,1,7.98,-2096955.0,0.3543,1.586,0.0027,9.1e-05,-0.163,-166569.0,0.3281,-0.407,1030261.0,0.3591,0.57,-1441337.0,0.4656,0.048,-46732.0,0.4434,-0.719,127,-1,whipsaw,0.906
up,1735512300000,2024-12-29T22:45:00.000000000,2.1,1.525,1,8.75,-570519.0,0.4889,1.344,0.0036,9.1e-05,-0.095,-93051.0,0.4196,-0.623,1146841.0,0.4285,-0.775,1931911.0,0.3988,-0.361,2139535.0,0.4239,2.324,12,157,whipsaw,-1.863
up,1735522440000,2024-12-30T01:34:00.000000000,2.14,1.702,1,5.57,-371139.0,0.4864,1.865,0.0033,-8e-06,0.093,-1174732.0,0.5428,-0.608,-2827379.0,0.4735,-0.874,-2721883.0,0.4945,-1.196,-2851924.0,0.448,0.598,33,-1,whipsaw,-5.229
down,1735537080000,2024-12-30T05:38:00.000000000,2.05,-1.687,2,4.12,50173.0,0.4169,1.593,0.0035,-8e-06,0.629,722488.0,0.3973,0.853,2027920.0,0.3991,0.994,3725129.0,0.402,1.906,3660979.0,0.4509,-0.219,24,-1,whipsaw,1.224
up,1735539960000,2024-12-30T06:26:00.000000000,2.09,1.513,2,3.32,779055.0,0.5048,1.709,0.0034,-8e-06,0.029,-95478.0,0.3856,-0.506,-663028.0,0.4073,-0.435,-1284845.0,0.4217,-1.366,-754318.0,0.434,0.196,55,-1,whipsaw,-3.029
down,1735565940000,2024-12-30T13:39:00.000000000,2.04,-1.694,1,4.47,3833754.0,0.5268,1.833,0.0036,2e-06,0.29,-480559.0,0.5948,-0.039,391230.0,0.509,-0.093,899091.0,0.5043,-0.977,683388.0,0.5041,-2.023,239,54,trend,-4.228
up,1735580160000,2024-12-30T17:36:00.000000000,2.05,1.662,1,2.0,-258840.0,0.4683,1.98,0.003,0.0001,0.454,-1696564.0,0.5934,1.796,-3557627.0,0.5995,1.191,-4957266.0,0.5197,2.148,-1770347.0,0.5031,4.476,-1,7,trend,1.518
up,1735590180000,2024-12-30T20:23:00.000000000,2.14,1.705,1,2.09,1378422.0,0.5455,1.781,0.0031,0.0001,-0.436,-212311.0,0.5034,-1.086,-898801.0,0.4481,-0.862,-1852406.0,0.5169,-1.737,-5153278.0,0.4762,0.239,14,-1,whipsaw,-1.658
down,1735594740000,2024-12-30T21:39:00.000000000,2.07,-1.683,1,1.71,-3370544.0,0.3992,1.852,0.0033,0.0001,-0.556,-736790.0,0.4421,-0.948,-834171.0,0.4547,-0.058,-60793.0,0.5178,0.237,-1235244.0,0.5362,-2.296,-1,1,trend,-1.678
up,1735633500000,2024-12-31T08:25:00.000000000,2.07,1.634,1,1.37,-340569.0,0.4617,1.782,0.0023,-1.9e-05,0.905,-660592.0,0.5427,0.794,-678366.0,0.5397,0.252,-1590682.0,0.5165,0.644,-2154785.0,0.5174,1.753,-1,6,trend,2.915
down,1735635720000,2024-12-31T09:02:00.000000000,2.06,-1.617,1,3.23,-1403782.0,0.4999,2.151,0.0032,-1.9e-05,0.078,-78193.0,0.4958,0.674,670076.0,0.5199,0.305,-238593.0,0.5165,0.238,827627.0,0.4816,-0.354,100,-1,whipsaw,-2.511
up,1735651140000,2024-12-31T13:19:00.000000000,2.12,1.507,1,1.56,-1569375.0,0.5443,1.524,0.0025,-1.9e-05,-0.156,-467311.0,0.5177,0.509,-1317597.0,0.5509,0.599,-1173730.0,0.5228,0.962,-705602.0,0.5381,1.311,-1,12,trend,2.715
down,1735666500000,2024-12-31T17:35:00.000000000,2.08,-1.748,1,2.35,-2523769.0,0.437,1.764,0.0029,0.0001,-0.558,-20005.0,0.3751,-0.245,889211.0,0.4023,0.567,629573.0,0.4953,0.716,421091.0,0.4809,-0.894,55,-1,whipsaw,-7.86
up,1735709520000,2025-01-01T05:32:00.000000000,2.14,1.728,1,2.0,-1839496.0,0.6111,1.566,0.0027,0.0001,-0.131,-243011.0,0.6242,0.444,165953.0,0.6106,0.084,2074027.0,0.5428,0.112,3579861.0,0.5264,0.557,193,-1,whipsaw,11.995
up,1735734360000,2025-01-01T12:26:00.000000000,2.17,1.503,1,4.14,414064.0,0.4773,1.738,0.0024,0.0001,-0.387,-153397.0,0.4682,-0.521,735082.0,0.4955,0.06,2349712.0,0.5039,0.055,2399197.0,0.5111,5.101,-1,196,trend,11.0
up,1735746300000,2025-01-01T15:45:00.000000000,2.21,1.89,1,3.69,951678.0,0.5186,1.755,0.0032,0.0001,0.499,-1761955.0,0.5925,1.129,-316734.0,0.548,2.739,4952029.0,0.5252,2.526,8301527.0,0.5008,6.208,-1,7,trend,8.548
down,1735750920000,2025-01-01T17:02:00.000000000,2.25,-1.503,1,6.4,619299.0,0.454,1.587,0.0046,0.0001,-0.445,-1494159.0,0.3703,-1.094,-1442998.0,0.4187,-0.472,-4467636.0,0.5147,0.267,-1933074.0,0.5394,-1.615,74,9,trend,-7.781
up,1735753680000,2025-01-01T17:48:00.000000000,2.25,1.656,2,5.46,-2710162.0,0.6072,1.554,0.0043,0.0001,0.351,311670.0,0.5978,0.204,2220086.0,0.5345,0.79,1935833.0,0.5259,3.037,6091230.0,0.5198,3.978,-1,32,trend,5.63
up,1735772160000,2025-01-01T22:56:00.000000000,2.35,1.578,2,2.98,-1667562.0,0.5346,1.565,0.0029,0.0001,-0.477,596479.0,0.4769,-0.4,1785022.0,0.5621,-0.821,2321430.0,0.5001,-1.009,4601592.0,0.5112,4.367,20,70,whipsaw,2.4
down,1735779180000,2025-01-02T00:53:00.000000000,2.4,-1.648,1,8.28,1312818.0,0.4552,1.894,0.0087,0.0001,-0.567,-88313.0,0.356,-0.167,-633797.0,0.4574,0.296,505064.0,0.4671,-0.413,-70174.0,0.4695,-1.192,163,40,trend,-0.4
down,1735794960000,2025-01-02T05:16:00.000000000,2.38,-1.565,1,1.51,296632.0,0.4381,1.772,0.0034,0.0001,0.432,-497480.0,0.5419,0.243,-80674.0,0.5209,0.424,420014.0,0.492,-0.772,-4063075.0,0.4501,-1.687,-1,61,trend,-2.328
down,1735839900000,2025-01-02T17:45:00.000000000,2.4,-1.727,1,1.71,-1725946.0,0.438,1.828,0.0038,0.0001,-0.539,-1993782.0,0.4971,0.113,-2923667.0,0.5387,0.05,-2901455.0,0.5698,0.422,-3745445.0,0.5537,-1.219,-1,172,trend,-2.484
up,1735871340000,2025-01-03T02:29:00.000000000,2.46,1.515,1,2.19,161745.0,0.5379,1.842,0.0024,0.0001,-0.423,2237962.0,0.4719,-0.679,4575727.0,0.5138,-0.5,5422749.0,0.5264,-0.098,4844405.0,0.5471,0.589,154,-1,whipsaw,0.842
up,1735922340000,2025-01-03T16:39:00.000000000,2.48,1.511,1,2.79,2040525.0,0.474,1.84,0.0029,0.0001,-0.048,380631.0,0.4876,-0.617,60659.0,0.4633,-0.851,-1406024.0,0.4737,-0.674,-775753.0,0.4939,0.052,22,-1,whipsaw,-2.3
up,1735956060000,2025-01-04T02:01:00.000000000,2.48,1.657,1,2.02,-1862285.0,0.5463,1.903,0.0023,0.0001,0.843,-181018.0,0.714,0.625,-1508657.0,0.6199,-0.387,1164206.0,0.5243,0.145,2191189.0,0.5086,1.239,123,2,trend,-3.543
down,1736005020000,2025-01-04T15:37:00.000000000,2.41,-1.683,1,3.91,-1843934.0,0.4432,1.438,0.0037,0.0001,-0.191,-4923446.0,0.4409,-0.158,-5878166.0,0.5115,0.133,-5598487.0,0.5023,0.489,-3838995.0,0.4719,-0.502,-1,-1,partial,1.534
up,1736128500000,2025-01-06T01:55:00.000000000,2.42,1.513,1,2.47,-215273.0,0.5036,1.598,0.0023,0.0001,0.0,-560535.0,0.5048,0.662,-1987298.0,0.508,0.327,-2034125.0,0.4704,-0.377,-1514163.0,0.4805,1.118,-1,10,trend,-0.195
up,1736174940000,2025-01-06T14:49:00.000000000,2.43,1.744,1,5.24,-1263805.0,0.562,1.608,0.0046,0.0001,0.272,-890204.0,0.5057,0.173,-271145.0,0.505,0.861,-602289.0,0.5195,0.206,879541.0,0.4884,1.31,173,43,trend,0.124
down,1736250360000,2025-01-07T11:46:00.000000000,2.41,-1.775,1,4.39,-3162942.0,0.4424,1.532,0.0027,0.0001,0.299,-391095.0,0.4745,0.494,-988532.0,0.4989,0.889,-175715.0,0.5234,0.374,2826584.0,0.4982,-5.342,135,193,whipsaw,4.112
down,1736261880000,2025-01-07T14:58:00.000000000,2.4,-1.583,2,3.32,-3032051.0,0.4393,1.725,0.0055,0.0001,-0.421,-4770153.0,0.4552,-1.896,-8384186.0,0.458,-2.6,-14624943.0,0.4791,-3.371,-14165851.0,0.4629,-5.345,-1,3,trend,3.55
up,1736266320000,2025-01-07T16:12:00.000000000,2.31,1.504,1,14.89,496741.0,0.488,1.663,0.0092,0.0001,0.324,-131369.0,0.568,1.171,-2302655.0,0.5708,0.963,-5146603.0,0.5317,0.363,-5764995.0,0.4916,1.361,96,8,trend,-0.143
down,1736275380000,2025-01-07T18:43:00.000000000,2.27,-1.611,1,3.14,-11657.0,0.4432,1.742,0.0041,0.0001,0.273,-473657.0,0.4741,1.065,273789.0,0.5113,1.025,-102477.0,0.5109,0.277,-711815.0,0.4929,-0.669,9,-1,whipsaw,-1.822
up,1736284500000,2025-01-07T21:15:00.000000000,2.3,1.574,1,2.59,780501.0,0.5868,2.035,0.003,0.0001,0.078,304520.0,0.5696,-0.165,99240.0,0.5458,-0.418,-946415.0,0.5173,-0.592,-599379.0,0.5128,1.881,44,204,whipsaw,0.962
down,1736287320000,2025-01-07T22:02:00.000000000,2.26,-1.523,1,2.0,-1751732.0,0.4587,1.692,0.0039,0.0001,0.835,766644.0,0.5745,0.945,1053113.0,0.5637,0.875,1080024.0,0.5211,0.906,1274252.0,0.5228,-0.018,6,-1,whipsaw,-3.658
up,1736295420000,2025-01-08T00:17:00.000000000,2.31,1.546,2,2.25,-1298757.0,0.5572,1.576,0.0036,-5.6e-05,-0.359,278882.0,0.4912,-0.151,-1132815.0,0.5362,0.58,-1671703.0,0.5319,0.156,-3831822.0,0.5118,2.374,-1,26,trend,2.5
down,1736305260000,2025-01-08T03:01:00.000000000,2.33,-1.553,1,1.24,-408780.0,0.481,1.914,0.0038,-5.6e-05,0.021,-1162276.0,0.3718,0.189,237064.0,0.4773,0.331,475262.0,0.4817,-0.391,-1585633.0,0.4947,-2.85,-1,93,trend,-1.165
up,1736323440000,2025-01-08T08:04:00.000000000,2.3,1.57,1,1.89,-107599.0,0.6325,1.401,0.0039,0.0001,-0.048,1141073.0,0.4886,0.643,951047.0,0.5083,1.138,1921832.0,0.5185,0.977,-331979.0,0.4949,1.607,-1,30,trend,0.386
up,1736338080000,2025-01-08T12:08:00.000000000,2.35,1.978,1,1.79,2351004.0,0.4652,1.458,0.0045,0.0001,0.447,1865092.0,0.506,0.302,5216671.0,0.5077,-0.77,4045029.0,0.4831,-1.144,-1898594.0,0.4964,1.089,26,2,trend,-2.314
down,1736340120000,2025-01-08T12:42:00.000000000,2.33,-1.565,1,2.56,2846594.0,0.4774,1.897,0.0054,0.0001,-0.493,454029.0,0.5383,-0.767,-4605766.0,0.5265,-0.193,-6699221.0,0.5189,-0.304,-7312488.0,0.491,-2.362,-1,6,trend,1.792
down,1736350320000,2025-01-08T15:32:00.000000000,2.29,-1.607,3,2.91,-827201.0,0.4447,1.815,0.004,0.0001,0.24,-51222.0,0.4175,0.096,-390515.0,0.4615,0.52,-789469.0,0.4936,0.406,-1598020.0,0.4704,-3.901,38,95,whipsaw,-1.717
up,1736358660000,2025-01-08T17:51:00.000000000,2.27,1.56,2,7.02,-5919317.0,0.5032,1.874,0.0091,0.0001,0.392,-2256455.0,0.5566,1.329,-4327464.0,0.5835,2.135,-3329208.0,0.5535,1.593,-4078821.0,0.5141,4.182,-1,13,trend,0.7
up,1736372520000,2025-01-08T21:42:00.000000000,2.36,1.67,2,1.93,2823307.0,0.5093,1.869,0.0026,0.0001,-0.88,438080.0,0.4096,-1.037,521681.0,0.5433,-0.262,656186.0,0.5347,1.181,2660362.0,0.5368,1.532,7,60,whipsaw,-3.899
down,1736388720000,2025-01-09T02:12:00.000000000,2.34,-1.809,1,2.13,-3076077.0,0.4143,1.598,0.0037,0.0001,0.842,-2718548.0,0.5423,0.825,-2877419.0,0.5069,0.898,-2970522.0,0.537,0.385,-2904114.0,0.516,-0.222,4,-1,whipsaw,2.44
down,1736408100000,2025-01-09T07:35:00.000000000,2.3,-1.583,1,2.3,-832192.0,0.4381,1.871,0.0032,0.0001,0.522,245856.0,0.5679,0.283,-908974.0,0.499,0.361,-774571.0,0.5156,0.761,-1381083.0,0.5107,-0.561,61,-1,whipsaw,-0.552
down,1736429940000,2025-01-09T13:39:00.000000000,2.26,-1.612,1,2.4,54802.0,0.4128,1.901,0.0035,0.0001,-0.177,-227610.0,0.4377,-0.425,-2066554.0,0.4396,-0.159,-3540652.0,0.4827,0.624,-4545942.0,0.4918,-1.019,96,14,trend,0.297
up,1736435940000,2025-01-09T15:19:00.000000000,2.3,1.686,1,1.72,187268.0,0.5421,1.881,0.0031,0.0001,0.144,-1311833.0,0.5632,1.301,-2531588.0,0.538,1.188,-3420779.0,0.5086,0.783,-1903044.0,0.4981,1.78,-1,9,trend,-1.523
down,1736445540000,2025-01-09T17:59:00.000000000,2.29,-1.615,2,2.4,-1140676.0,0.4246,1.686,0.0038,2.8e-05,0.415,44323.0,0.5922,0.485,-801296.0,0.5447,0.533,2473346.0,0.501,0.882,1003171.0,0.5213,-1.685,36,112,whipsaw,-2.598
up,1736462160000,2025-01-09T22:36:00.000000000,2.3,1.636,1,1.24,-655355.0,0.5357,1.48,0.0046,2.8e-05,-0.435,-1714909.0,0.4626,-0.618,-2092917.0,0.4666,-0.57,-1800138.0,0.46,-0.957,-1701431.0,0.4166,0.022,52,-1,whipsaw,1.949
down,1736515800000,2025-01-10T13:30:00.000000000,2.27,-1.56,2,3.33,179658.0,0.464,1.515,0.0037,0.0001,0.238,-3067838.0,0.4981,0.361,-3938109.0,0.5343,0.22,-3439536.0,0.5212,0.929,-3158932.0,0.5259,-1.092,0,8,whipsaw,-5.204
up,1736518080000,2025-01-10T14:08:00.000000000,2.29,1.624,2,6.4,-1019138.0,0.5369,2.085,0.0049,0.0001,0.262,-80720.0,0.6257,0.284,555854.0,0.5781,-0.428,1034926.0,0.4798,-0.96,1688341.0,0.4587,2.881,60,221,whipsaw,4.557
up,1736530920000,2025-01-10T17:42:00.000000000,2.31,1.518,1,1.52,-459987.0,0.5232,1.643,0.0027,0.0001,-0.004,54065.0,0.4911,1.825,386503.0,0.4991,2.267,799399.0,0.502,0.854,1217712.0,0.4452,2.744,-1,9,trend,8.02
up,1736596200000,2025-01-11T11:50:00.000000000,2.43,1.796,1,5.24,4690792.0,0.5317,1.568,0.0038,0.0001,-0.189,-476650.0,0.5201,-0.876,800652.0,0.4732,-0.954,1830329.0,0.4592,-0.958,3166259.0,0.4431,0.201,17,-1,whipsaw,2.636
up,1736614020000,2025-01-11T16:47:00.000000000,2.46,1.746,2,6.23,2177708.0,0.5876,1.555,0.0035,0.0001,0.882,434115.0,0.5426,0.858,819424.0,0.5011,-0.199,-511968.0,0.4616,1.342,-953134.0,0.4992,5.425,-1,2,trend,2.936
up,1736625780000,2025-01-11T20:03:00.000000000,2.53,1.506,2,5.15,2813602.0,0.5475,2.104,0.0035,0.0001,-0.328,-75983.0,0.4622,-0.51,-927053.0,0.4825,0.261,-545670.0,0.4946,1.824,1485849.0,0.5053,3.015,-1,34,trend,0.522
down,1736631000000,2025-01-11T21:30:00.000000000,2.56,-1.625,1,6.37,3518733.0,0.4429,1.855,0.0059,0.0001,0.184,97538.0,0.3841,0.548,1266154.0,0.4877,0.54,2400920.0,0.5318,-0.29,1355245.0,0.4824,-1.941,132,169,whipsaw,1.248
down,1736641080000,2025-01-12T00:18:00.000000000,2.53,-1.597,1,2.78,1021169.0,0.4773,1.759,0.005,0.0001,-0.059,1296243.0,0.4478,-0.036,915600.0,0.4998,0.107,1026231.0,0.5393,-0.731,3321209.0,0.5068,-1.047,-1,45,trend,0.762
down,1736674980000,2025-01-12T09:43:00.000000000,2.49,-1.719,1,2.08,-2326653.0,0.4064,1.479,0.0046,0.0001,0.173,-304408.0,0.4314,0.426,-367590.0,0.5312,0.229,-484443.0,0.5272,-0.04,577204.0,0.4978,-0.664,152,-1,whipsaw,1.834
up,1736728020000,2025-01-13T00:27:00.000000000,2.54,1.521,1,1.87,-1118050.0,0.4954,1.545,0.0029,0.0001,0.401,-531583.0,0.5595,0.173,81742.0,0.4941,0.208,725404.0,0.5141,0.366,-618682.0,0.5181,0.771,100,-1,whipsaw,-0.558
up,1736742660000,2025-01-13T04:31:00.000000000,2.54,1.597,1,2.2,525355.0,0.5171,1.808,0.0022,0.0001,-0.398,-1123969.0,0.4804,-0.65,-558228.0,0.5617,-0.677,-682992.0,0.5636,-1.375,-328979.0,0.5696,0.091,35,-1,whipsaw,-0.264
down,1736750160000,2025-01-13T06:36:00.000000000,2.48,-1.546,2,2.59,-660074.0,0.5352,1.663,0.0036,0.0001,0.206,101199.0,0.532,-1.082,-3453018.0,0.5017,-1.082,-2299078.0,0.5287,-0.113,-2940180.0,0.5517,-2.656,-1,11,trend,-2.256
down,1736768160000,2025-01-13T11:36:00.000000000,2.37,-1.637,1,3.79,-5280054.0,0.4489,1.587,0.0057,8.9e-05,-1.121,-1048306.0,0.3246,-0.156,652101.0,0.4412,-0.847,487758.0,0.4391,-0.152,200758.0,0.5026,-1.858,93,5,trend,-8.32
up,1736771340000,2025-01-13T12:29:00.000000000,2.37,1.526,1,4.23,-1477068.0,0.5366,1.635,0.0066,8.9e-05,-0.328,-16131.0,0.5917,0.413,-361690.0,0.5488,0.122,-454986.0,0.5539,0.842,-3499716.0,0.5337,5.167,124,40,trend,7.867
up,1736779080000,2025-01-13T14:38:00.000000000,2.42,2.073,1,4.66,314136.0,0.5302,1.544,0.0099,8.9e-05,1.49,-620122.0,0.5636,0.871,337589.0,0.5413,1.891,-2031500.0,0.5261,1.981,171385.0,0.5205,3.088,0,5,whipsaw,6.972
up,1736800920000,2025-01-13T20:42:00.000000000,2.49,1.506,1,1.17,1525619.0,0.5349,1.778,0.0043,1.4e-05,0.221,185211.0,0.6552,1.009,833561.0,0.6339,0.8,517614.0,0.5579,2.018,3072366.0,0.5103,2.749,-1,15,trend,6.765
up,1736873820000,2025-01-14T16:57:00.000000000,2.61,1.538,1,3.52,1098372.0,0.5312,2.111,0.0039,0.0001,-0.038,514480.0,0.4561,1.001,2191033.0,0.5158,1.131,2314829.0,0.5045,1.599,3758121.0,0.5111,3.508,-1,13,trend,11.708
up,1736904300000,2025-01-15T01:25:00.000000000,2.72,1.607,2,2.87,2323195.0,0.5528,1.619,0.0043,0.0001,0.835,-149874.0,0.6078,2.008,540503.0,0.5538,2.843,329956.0,0.5341,2.707,-2100796.0,0.5168,5.821,-1,6,trend,11.349
down,1736911080000,2025-01-15T03:18:00.000000000,2.81,-1.527,1,6.78,144039.0,0.4981,1.648,0.0088,0.0001,0.05,801448.0,0.3577,0.87,1787638.0,0.5045,0.057,3338496.0,0.4874,0.061,415583.0,0.5101,-0.806,41,-1,whipsaw,-7.95
up,1736920080000,2025-01-15T05:48:00.000000000,2.85,1.574,1,1.72,1311415.0,0.608,1.681,0.0037,0.0001,0.091,-342251.0,0.629,-0.063,980064.0,0.5154,-0.394,-257652.0,0.4801,-0.19,997286.0,0.5281,1.655,238,113,trend,7.534
down,1736928780000,2025-01-15T08:13:00.000000000,2.84,-1.657,3,3.83,2659389.0,0.5146,1.833,0.0061,0.0001,0.31,674466.0,0.4534,0.493,188773.0,0.55,0.663,2090141.0,0.5069,0.543,739778.0,0.4901,-4.459,22,94,whipsaw,-9.566
up,1736930220000,2025-01-15T08:37:00.000000000,2.87,1.503,1,2.13,2552440.0,0.534,1.637,0.0062,0.0001,-0.418,163002.0,0.4108,-0.592,-1011236.0,0.4491,-0.763,-1405028.0,0.4413,-0.829,-2559019.0,0.476,0.213,28,-1,whipsaw,8.096
up,1736942040000,2025-01-15T11:54:00.000000000,2.76,1.618,3,3.01,-68082.0,0.5366,1.846,0.0078,0.0001,0.141,-147073.0,0.5152,-0.334,158207.0,0.4968,-0.689,98442.0,0.4965,0.16,1414250.0,0.5013,9.839,34,70,whipsaw,15.526
down,1736956740000,2025-01-15T15:59:00.000000000,2.97,-1.821,2,6.29,-1653207.0,0.4681,1.859,0.0098,0.0001,0.404,567420.0,0.536,0.027,778684.0,0.5174,-0.798,-1368673.0,0.4889,-2.377,-842452.0,0.4805,-3.326,6,20,whipsaw,-11.352
up,1736975880000,2025-01-15T21:18:00.000000000,2.99,1.545,5,1.67,415892.0,0.5269,1.887,0.0052,0.0001,-0.405,923552.0,0.4252,-0.559,-532192.0,0.427,0.826,61217.0,0.4719,1.987,-1296853.0,0.4876,7.034,198,28,trend,9.001
down,1736985840000,2025-01-16T00:04:00.000000000,3.09,-1.716,1,2.48,764276.0,0.4739,1.655,0.0088,7.4e-05,-0.12,-3622855.0,0.4815,-1.119,-2515215.0,0.5048,-3.162,-2272109.0,0.5031,-1.691,-4485491.0,0.5144,-5.494,-1,11,trend,-5.713
down,1736994420000,2025-01-16T02:27:00.000000000,3.03,-1.511,2,1.14,-1478782.0,0.4656,1.758,0.0082,7.4e-05,0.35,-1237328.0,0.4544,0.403,-1730354.0,0.4746,0.205,-2049899.0,0.4517,-0.129,-2288191.0,0.4929,-1.518,103,65,trend,-9.088
up,1737010560000,2025-01-16T06:56:00.000000000,3.1,1.504,1,1.1,1940463.0,0.5688,2.063,0.0053,7.4e-05,0.332,679958.0,0.5251,0.702,201469.0,0.5008,0.229,27735.0,0.5136,-0.361,-290124.0,0.5128,1.488,111,8,trend,7.578
down,1737017280000,2025-01-16T08:48:00.000000000,3.05,-1.577,1,1.34,1493094.0,0.4678,1.718,0.0095,0.0001,0.36,-1007092.0,0.4623,0.236,266288.0,0.4729,0.544,-1017414.0,0.4688,0.141,-625143.0,0.482,-0.78,9,-1,whipsaw,-6.504
up,1737022320000,2025-01-16T10:12:00.000000000,3.09,1.834,3,1.3,-205328.0,0.5514,1.673,0.0061,0.0001,0.016,417094.0,0.6093,0.372,151237.0,0.6141,0.081,888971.0,0.5644,2.856,4797255.0,0.5471,9.739,-1,49,trend,6.532
down,1737034140000,2025-01-16T13:29:00.000000000,3.27,-2.148,2,4.72,-3797209.0,0.4787,1.848,0.0151,0.0001,1.506,-1195813.0,0.5239,1.729,-812175.0,0.5116,0.906,-841651.0,0.4904,2.238,2294511.0,0.5024,-2.449,1,73,whipsaw,0.56
up,1737037500000,2025-01-16T14:25:00.000000000,3.36,1.728,3,2.02,3136162.0,0.5142,1.858,0.0087,0.0001,-0.907,900622.0,0.5026,-2.811,-2157273.0,0.4556,-4.442,-2264409.0,0.4336,-2.16,-1953444.0,0.4716,1.148,2,147,whipsaw,-2.939
up,1737056100000,2025-01-16T19:35:00.000000000,3.38,1.741,1,0.83,2905821.0,0.5331,1.545,0.0072,0.0001,-0.163,2657403.0,0.4923,-0.668,1020866.0,0.4778,-3.109,-2599932.0,0.4869,-2.169,-3347398.0,0.4909,0.231,21,-1,whipsaw,-4.495
down,1737057840000,2025-01-16T20:04:00.000000000,3.3,-2.695,1,1.28,-148641.0,0.4956,1.724,0.0086,0.0001,0.003,-968714.0,0.4747,-0.874,-1642958.0,0.4712,0.516,-2504296.0,0.4906,-0.843,-3175415.0,0.4609,-4.001,0,2,whipsaw,1.565
up,1737064140000,2025-01-16T21:49:00.000000000,3.3,1.522,1,0.75,66471.0,0.5045,1.976,0.006,0.0001,-0.476,-115452.0,0.4436,-0.669,-339813.0,0.4131,-1.203,-436793.0,0.4305,-1.742,2923751.0,0.4638,0.121,18,-1,whipsaw,-0.669
down,1737066660000,2025-01-16T22:31:00.000000000,3.23,-1.753,2,0.76,-1149087.0,0.4384,1.804,0.0061,0.0001,-0.312,787394.0,0.475,-0.38,4412651.0,0.4774,0.232,2272743.0,0.5078,-1.386,2542595.0,0.4781,-2.119,90,11,trend,-1.296
up,1737071580000,2025-01-16T23:53:00.000000000,3.24,1.801,1,1.34,-5091847.0,0.5105,1.748,0.0087,0.0001,0.164,930348.0,0.5148,1.275,644446.0,0.5327,0.951,849162.0,0.5304,1.025,-308680.0,0.5256,3.437,-1,8,trend,2.097
up,1737090900000,2025-01-17T05:15:00.000000000,3.35,1.585,1,0.9,1948488.0,0.6127,1.803,0.0043,0.0001,-0.931,-1423016.0,0.4427,-0.134,-306310.0,0.5032,-1.023,-1187745.0,0.5149,-0.978,482074.0,0.543,0.069,5,-1,whipsaw,-5.925
down,1737101880000,2025-01-17T08:18:00.000000000,3.27,-1.594,1,1.64,1655520.0,0.4308,1.929,0.0052,6.5e-05,-0.046,153171.0,0.4524,-0.171,949539.0,0.4521,-0.633,4294487.0,0.4576,-0.954,4887184.0,0.4608,-1.333,177,7,trend,5.46
down,1737115500000,2025-01-17T12:05:00.000000000,3.27,-1.663,1,1.27,-395408.0,0.4071,1.62,0.005,6.5e-05,0.278,-15906.0,0.5918,0.003,1003347.0,0.522,-0.679,-2157220.0,0.4956,-0.645,1410363.0,0.4999,-2.895,-1,50,trend,2.758
down,1737127620000,2025-01-17T15:27:00.000000000,3.18,-2.098,1,1.77,329960.0,0.4156,1.745,0.0056,6.5e-05,0.267,-1517581.0,0.4467,0.974,-2162114.0,0.4731,0.537,-13994.0,0.4777,1.91,1197340.0,0.4787,-0.211,16,-1,whipsaw,-0.6
up,1737131400000,2025-01-17T16:30:00.000000000,3.25,1.593,1,1.6,6296620.0,0.495,2.156,0.0054,-2e-05,-0.175,-982525.0,0.5578,-0.101,-2458926.0,0.488,-0.495,-2817674.0,0.484,-1.039,-3904855.0,0.4709,1.144,48,227,whipsaw,-2.604
down,1737171480000,2025-01-18T03:38:00.000000000,3.22,-1.554,2,1.86,-924451.0,0.479,1.698,0.004,5.4e-05,-0.67,397179.0,0.5596,-0.267,-120073.0,0.5165,0.54,-5501104.0,0.491,-0.35,-6287537.0,0.4689,-4.797,-1,49,trend,-0.862
up,1737181500000,2025-01-18T06:25:00.000000000,3.13,1.807,1,2.5,650531.0,0.4754,1.94,0.0085,5.4e-05,0.035,222822.0,0.5756,0.511,-778923.0,0.5347,0.603,637311.0,0.4845,0.102,-775107.0,0.4774,0.878,85,-1,whipsaw,2.365
down,1737187680000,2025-01-18T08:08:00.000000000,3.07,-1.906,1,1.44,-19867.0,0.429,1.798,0.005,8.2e-05,0.97,-909742.0,0.5594,0.007,-2400597.0,0.5097,1.881,-3946221.0,0.5386,1.771,-3309689.0,0.5247,-0.462,7,-1,whipsaw,-3.222
up,1737189300000,2025-01-18T08:35:00.000000000,3.13,1.547,1,1.96,-3946221.0,0.5338,1.832,0.0074,8.2e-05,0.0,-263919.0,0.5276,-0.182,187539.0,0.5233,0.195,636532.0,0.5301,-0.725,1857472.0,0.4969,1.673,58,170,whipsaw,0.345
down,1737196560000,2025-01-18T10:36:00.000000000,3.08,-1.572,1,1.07,-310845.0,0.4216,1.606,0.0058,8.2e-05,-0.276,402088.0,0.3962,0.864,-1718639.0,0.5246,0.883,-5184115.0,0.4938,2.906,-3956299.0,0.5131,-0.711,18,-1,whipsaw,-1.0
up,1737198540000,2025-01-18T11:09:00.000000000,3.12,1.501,1,1.78,-5184115.0,0.5074,1.879,0.0045,8.2e-05,0.096,-45774.0,0.5178,1.27,469760.0,0.5659,1.617,1227816.0,0.5332,1.806,171245.0,0.5325,4.237,-1,15,trend,-0.433
up,1737207300000,2025-01-18T13:35:00.000000000,3.22,1.828,1,1.42,633288.0,0.5374,1.713,0.0051,8.2e-05,0.814,-136051.0,0.608,0.606,-2167285.0,0.5411,0.099,-2460053.0,0.5314,-0.196,-5265157.0,0.4762,0.935,88,-1,whipsaw,-3.047
down,1737216300000,2025-01-18T16:05:00.000000000,3.16,-1.636,1,1.49,-2060693.0,0.4223,1.755,0.0057,7e-05,-0.247,752554.0,0.3688,-0.316,155351.0,0.407,0.07,-919324.0,0.4619,-0.079,-1569996.0,0.4536,-0.939,147,-1,whipsaw,0.354
up,1737243060000,2025-01-18T23:31:00.000000000,3.27,1.537,1,1.54,1814766.0,0.5166,1.51,0.0063,7e-05,-0.553,163757.0,0.5057,0.376,216988.0,0.5729,-0.33,-234518.0,0.5242,-0.795,-2173082.0,0.4854,0.697,41,-1,whipsaw,-10.755
down,1737246060000,2025-01-19T00:21:00.000000000,3.23,-1.747,1,1.94,-2114094.0,0.4129,1.758,0.005,0.0001,0.335,63078.0,0.4655,0.112,555228.0,0.4726,0.815,2488107.0,0.4846,0.52,2124891.0,0.4996,-0.833,30,-1,whipsaw,8.199
down,1737260280000,2025-01-19T04:18:00.000000000,3.2,-1.533,1,1.15,-894067.0,0.446,1.732,0.0048,0.0001,0.206,-985199.0,0.4458,-0.137,-823179.0,0.4388,-0.031,-1332840.0,0.4243,-0.409,-171035.0,0.4309,-2.153,-1,55,trend,3.43
down,1737274620000,2025-01-19T08:17:00.000000000,3.14,-1.738,3,2.12,172705.0,0.4511,1.871,0.0023,0.0001,-0.006,694267.0,0.4643,0.07,457800.0,0.4492,-0.746,2882637.0,0.457,-1.756,2243010.0,0.4629,-3.288,-1,45,trend,-4.174
up,1737280080000,2025-01-19T09:48:00.000000000,3.13,1.729,1,5.84,2442092.0,0.5173,1.893,0.0093,0.0001,0.284,-152758.0,0.495,-0.022,77170.0,0.4597,-0.39,-1893427.0,0.4373,0.118,-1819415.0,0.4231,0.447,76,-1,whipsaw,3.45
up,1737289260000,2025-01-19T12:21:00.000000000,3.1,1.611,1,3.41,509688.0,0.4469,1.72,0.0087,0.0001,0.103,-248459.0,0.5454,0.336,-2217026.0,0.4947,0.191,-2369378.0,0.4832,0.22,-1385033.0,0.4314,2.648,-1,72,trend,4.789
up,1737316860000,2025-01-19T20:01:00.000000000,3.24,1.502,1,1.86,1541577.0,0.4867,1.465,0.0052,-1.2e-05,-0.43,-410647.0,0.4266,-1.258,-1558943.0,0.3951,-1.19,-3280327.0,0.425,-1.903,-3866866.0,0.4065,0.053,13,-1,whipsaw,-3.167
down,1737321960000,2025-01-19T21:26:00.000000000,3.13,-1.694,2,1.32,-839441.0,0.4109,1.611,0.0046,-1.2e-05,-0.641,-1982320.0,0.4373,-0.6,-2550605.0,0.4405,-1.896,-3478019.0,0.4296,-1.35,-7731362.0,0.4296,-9.762,-1,3,trend,-1.075
up,1737325080000,2025-01-19T22:18:00.000000000,3.13,1.703,5,5.27,-4695489.0,0.4539,1.803,0.0129,-1.2e-05,-1.051,341936.0,0.3939,-0.904,47200.0,0.4007,-6.893,188748.0,0.3803,-5.161,-8882060.0,0.4223,0.192,3,-1,whipsaw,-0.783
down,1737334500000,2025-01-20T00:55:00.000000000,2.95,-2.022,1,3.39,-1511108.0,0.4662,1.808,0.0133,5.7e-05,-0.061,775643.0,0.5058,0.728,-332055.0,0.4666,0.59,-910954.0,0.4815,0.529,-1784990.0,0.4995,-0.773,13,-1,whipsaw,-6.438
up,1737347880000,2025-01-20T04:38:00.000000000,3.13,1.535,1,0.76,286442.0,0.4654,1.968,0.0062,5.7e-05,-0.252,897303.0,0.4962,-0.534,-1136461.0,0.4785,-0.374,437284.0,0.4852,-1.527,-931765.0,0.4683,5.407,28,131,whipsaw,-2.109
up,1737355680000,2025-01-20T06:48:00.000000000,3.15,1.831,2,0.96,-728389.0,0.5721,1.68,0.0076,5.7e-05,1.218,519054.0,0.5975,2.232,2038036.0,0.5404,1.801,4839710.0,0.5186,1.37,3813879.0,0.4976,4.794,-1,5,trend,-3.907
down,1737358560000,2025-01-20T07:36:00.000000000,3.18,-1.862,1,2.44,1651947.0,0.4823,2.343,0.0085,5.7e-05,0.433,-534853.0,0.4388,0.59,-232169.0,0.4922,1.438,1632573.0,0.4995,2.764,20361076.0,0.5014,-0.126,28,-1,whipsaw,3.191
up,1737368400000,2025-01-20T10:20:00.000000000,3.29,1.537,1,0.95,1900910.0,0.5032,1.836,0.0047,0.0001,0.112,3123930.0,0.5675,-0.295,4143482.0,0.481,1.237,6851092.0,0.5214,0.258,5641672.0,0.535,1.94,117,29,trend,-5.597
down,1737375480000,2025-01-20T12:18:00.000000000,3.25,-1.556,1,2.55,-616347.0,0.4313,1.624,0.0114,0.0001,-0.182,-4343582.0,0.4538,0.499,-4706060.0,0.5461,0.573,-4346608.0,0.516,0.505,-3761779.0,0.5171,-1.162,63,0,trend,2.863
up,1737384960000,2025-01-20T14:56:00.000000000,3.34,1.636,3,1.75,858142.0,0.5528,1.63,0.0075,0.0001,-0.138,1821118.0,0.5321,-0.096,3322188.0,0.4641,0.084,2046335.0,0.4307,-1.844,-7138250.0,0.4355,1.028,46,34,trend,-6.773
down,1737387780000,2025-01-20T15:43:00.000000000,3.28,-1.603,3,2.16,-200119.0,0.4169,1.888,0.0101,0.0001,-0.35,-6682136.0,0.4018,-0.317,-10260319.0,0.4522,-1.647,-12259033.0,0.4687,0.633,-12418535.0,0.496,-8.645,59,29,trend,4.814
down,1737403560000,2025-01-20T20:06:00.000000000,3.11,-1.93,2,0.81,-179375.0,0.4534,1.586,0.0112,0.0001,0.459,-154784.0,0.5,-0.376,168151.0,0.447,0.716,235587.0,0.4891,1.413,-995863.0,0.5129,-2.813,27,109,whipsaw,-2.533
up,1737406140000,2025-01-20T20:49:00.000000000,3.15,1.572,2,0.68,88307.0,0.5271,1.627,0.0071,0.0001,0.197,-626783.0,0.4097,0.53,-915778.0,0.5294,0.257,-1176923.0,0.5043,-1.069,-1440394.0,0.4754,0.853,49,-1,whipsaw,1.101
down,1737417840000,2025-01-21T00:04:00.000000000,3.08,-1.833,5,0.91,-641561.0,0.5146,1.77,0.0074,0.0001,1.146,-739507.0,0.5361,1.384,-1606155.0,0.5465,1.978,-2574328.0,0.513,2.663,-3085681.0,0.4907,-0.503,4,-1,whipsaw,-3.115
up,1737419640000,2025-01-21T00:34:00.000000000,3.14,1.978,1,1.22,-2574328.0,0.513,1.6,0.0108,0.0001,0.226,670713.0,0.4219,0.497,1049562.0,0.4732,0.672,-511353.0,0.473,-1.513,-297709.0,0.4913,1.688,56,30,trend,1.669
up,1737429120000,2025-01-21T03:12:00.000000000,3.14,1.593,1,0.95,-1240422.0,0.5414,1.702,0.0068,0.0001,-0.328,362643.0,0.4467,-1.135,340837.0,0.4912,-0.998,163927.0,0.5227,-2.537,628947.0,0.5231,0.076,15,-1,whipsaw,1.584
up,1737443520000,2025-01-21T07:12:00.000000000,3.07,1.607,1,1.06,233848.0,0.5101,2.047,0.006,0.0001,-0.183,449703.0,0.4742,0.28,287480.0,0.5162,0.147,-676715.0,0.5069,0.655,-150735.0,0.5047,1.631,-1,112,trend,3.545
up,1737461820000,2025-01-21T12:17:00.000000000,3.14,1.601,1,1.29,-988982.0,0.5178,1.543,0.0053,7.3e-05,0.057,-729962.0,0.5523,-0.35,-412934.0,0.4767,-0.353,-858513.0,0.4792,-0.064,-1462709.0,0.4739,1.521,138,234,whipsaw,3.116
up,1737475860000,2025-01-21T16:11:00.000000000,3.19,1.765,2,1.5,-733379.0,0.4469,1.533,0.0041,8e-06,-0.568,2966414.0,0.5473,-0.602,3610396.0,0.539,-0.615,1893607.0,0.5187,-0.082,3277687.0,0.4971,1.829,26,107,whipsaw,-1.233
up,1737545820000,2025-01-22T11:37:00.000000000,3.22,1.599,1,1.58,800639.0,0.5795,1.343,0.0026,0.0001,-0.332,699088.0,0.6372,0.081,1797882.0,0.5955,0.792,3470550.0,0.5687,0.45,2343525.0,0.5346,1.211,120,25,trend,-4.231
up,1737574440000,2025-01-22T19:34:00.000000000,3.24,2.85,1,3.79,-1247143.0,0.5347,1.615,0.0049,0.0001,0.015,6640332.0,0.5754,0.497,4914602.0,0.519,0.161,4068745.0,0.4774,0.408,5324335.0,0.4974,1.476,0,43,whipsaw,-4.689
down,1737579420000,2025-01-22T20:57:00.000000000,3.22,-1.595,1,4.0,-1481490.0,0.5094,1.891,0.0067,0.0001,-0.677,201668.0,0.4529,-0.773,-1580851.0,0.4416,-1.171,-1229424.0,0.4312,-1.403,-2994669.0,0.4301,-2.152,-1,4,trend,3.878
up,1737639960000,2025-01-23T13:46:00.000000000,3.1,1.517,2,3.33,1208843.0,0.5422,1.592,0.006,8.3e-05,-0.171,-658304.0,0.5761,-0.562,276605.0,0.5884,-0.3,67476.0,0.5384,1.789,-250003.0,0.5295,2.886,-1,45,trend,2.525
down,1737645420000,2025-01-23T15:17:00.000000000,3.1,-1.549,2,5.76,-3011990.0,0.4503,1.822,0.0078,8.3e-05,0.551,-769492.0,0.4855,0.722,-2129511.0,0.5242,1.438,-2057295.0,0.5287,2.147,-1675702.0,0.5319,-1.038,17,239,whipsaw,-2.105
up,1737663600000,2025-01-23T20:20:00.000000000,3.13,1.698,1,2.8,995821.0,0.498,1.793,0.0066,1.3e-05,1.069,2247908.0,0.5525,0.397,696423.0,0.5096,0.461,-915630.0,0.4928,-1.846,1113437.0,0.4752,1.58,35,5,trend,0.042
down,1737665700000,2025-01-23T20:55:00.000000000,3.1,-1.956,1,4.0,499014.0,0.4794,1.761,0.0099,1.3e-05,-0.132,-838476.0,0.4683,-0.065,-1338207.0,0.4926,-0.365,-1835334.0,0.4837,-0.559,-2720037.0,0.4723,-1.266,96,23,trend,-0.384
up,1737689280000,2025-01-24T03:28:00.000000000,3.1,1.501,1,2.83,-2225451.0,0.5867,1.506,0.0085,3.4e-05,0.116,-816718.0,0.5702,0.706,-683614.0,0.5628,0.693,-851682.0,0.5766,0.593,-1198319.0,0.5773,2.323,-1,68,trend,0.718
down,1737933360000,2025-01-26T23:16:00.000000000,3.04,-1.7,1,6.86,801194.0,0.4224,1.633,0.0041,0.0001,-0.434,-2904654.0,0.4538,-0.352,-4740323.0,0.5295,-0.506,-2874514.0,0.4875,-0.368,-6308938.0,0.4844,-3.262,-1,45,trend,0.325
up,1737948180000,2025-01-27T03:23:00.000000000,3.02,1.595,1,4.64,951306.0,0.5408,1.834,0.0029,4.3e-05,-0.421,186101.0,0.5149,-0.358,-365307.0,0.5687,-0.543,128003.0,0.5777,-1.057,-943695.0,0.535,0.02,46,-1,whipsaw,1.54
down,1737956940000,2025-01-27T05:49:00.000000000,2.91,-1.515,3,7.42,1108743.0,0.4981,1.882,0.0053,4.3e-05,0.1,310908.0,0.526,0.841,-159932.0,0.5835,0.089,862193.0,0.5555,-2.176,1369144.0,0.5098,-8.826,16,48,whipsaw,-7.13
up,1737964200000,2025-01-27T07:50:00.000000000,2.82,2.175,2,38.87,-7868452.0,0.5122,1.876,0.0178,4.3e-05,0.014,-716163.0,0.5679,-1.633,1776693.0,0.4784,-1.477,-764318.0,0.4811,-2.302,-525818.0,0.521,0.329,11,-1,whipsaw,9.831
down,1737974100000,2025-01-27T10:35:00.000000000,2.77,-1.764,1,2.54,-66568.0,0.5097,1.673,0.0069,0.0001,-0.09,740386.0,0.4059,-0.04,1097740.0,0.4909,0.275,2172512.0,0.4982,1.926,-2253013.0,0.512,-0.661,42,-1,whipsaw,-13.209
up,1737976740000,2025-01-27T11:19:00.000000000,2.81,1.562,4,2.26,416823.0,0.5301,1.732,0.0082,0.0001,0.153,-1035399.0,0.5173,0.513,-3627197.0,0.5316,-0.185,-4255300.0,0.5032,-0.936,-5142395.0,0.5014,6.814,61,91,whipsaw,11.399
down,1737985860000,2025-01-27T13:51:00.000000000,2.87,-1.545,1,2.58,-3461833.0,0.482,1.797,0.0089,0.0001,0.241,-1131475.0,0.5039,0.091,-1506281.0,0.5474,0.457,-2240275.0,0.5529,2.294,3247851.0,0.5384,-0.418,40,-1,whipsaw,-10.114
down,1737996300000,2025-01-27T16:45:00.000000000,2.93,-1.653,1,2.46,-3847906.0,0.4946,1.508,0.0114,-0.000107,0.369,-36897.0,0.4006,0.181,-516501.0,0.4868,-0.28,-2488437.0,0.5267,0.468,-7885532.0,0.5352,-1.722,226,36,trend,-9.055
up,1738009500000,2025-01-27T20:25:00.000000000,2.95,1.613,2,0.75,-93377.0,0.4931,1.615,0.0044,-0.000107,0.054,81986.0,0.6808,0.977,-1547024.0,0.5915,1.56,-1340389.0,0.5359,3.313,-1923688.0,0.5028,4.903,-1,11,trend,5.612
up,1738022640000,2025-01-28T00:04:00.000000000,3.09,1.74,1,0.84,-380715.0,0.5321,1.461,0.0035,5.9e-05,-0.026,-787135.0,0.5573,-0.635,-1538031.0,0.5166,-1.001,-1065307.0,0.4927,-1.833,-2639493.0,0.4657,0.249,29,-1,whipsaw,-0.936
up,1738039020000,2025-01-28T04:37:00.000000000,3.15,1.711,1,1.88,-426120.0,0.555,1.656,0.0046,5.9e-05,-0.445,173390.0,0.5538,-0.652,368927.0,0.488,-1.017,-443343.0,0.4711,-0.846,-210312.0,0.4711,0.181,30,-1,whipsaw,-1.711
up,1738065960000,2025-01-28T12:06:00.000000000,3.16,1.629,1,1.94,425785.0,0.4926,1.657,0.0041,0.0001,0.31,421019.0,0.5019,0.468,85621.0,0.4761,0.101,-936512.0,0.4856,0.566,304521.0,0.4962,1.638,119,9,trend,-2.21
down,1738101120000,2025-01-28T21:52:00.000000000,3.04,-1.671,1,2.08,535432.0,0.4585,1.716,0.0055,0.0001,-0.697,989684.0,0.4235,0.293,1261200.0,0.4747,0.539,-729308.0,0.4744,0.723,-69189.0,0.5075,-0.993,25,-1,whipsaw,-1.867
up,1738105500000,2025-01-28T23:05:00.000000000,3.08,1.618,1,1.3,-458529.0,0.5374,1.618,0.0057,0.0001,-0.448,-159489.0,0.5461,-0.827,-21155.0,0.4859,-1.252,-282180.0,0.4863,-0.354,-662783.0,0.5238,0.435,23,-1,whipsaw,0.477
down,1738178280000,2025-01-29T19:18:00.000000000,2.99,-2.03,1,6.96,-1111600.0,0.5068,1.759,0.0082,4.1e-05,-0.201,218753.0,0.5244,1.033,205848.0,0.5353,3.339,-3191251.0,0.5241,2.486,-1232668.0,0.5084,-0.832,14,-1,whipsaw,-4.782
up,1738179540000,2025-01-29T19:39:00.000000000,3.06,1.826,1,6.42,633735.0,0.5373,1.681,0.0098,4.1e-05,1.137,-179410.0,0.5319,0.804,-2667057.0,0.4846,0.02,-3269493.0,0.4923,1.169,141736.0,0.4873,2.45,-1,1,trend,1.911
up,1738249680000,2025-01-30T15:08:00.000000000,3.15,1.504,1,4.68,1189801.0,0.5132,1.526,0.0057,0.0001,-0.34,-228919.0,0.4348,-0.441,-288399.0,0.4663,-0.676,-682360.0,0.4819,-0.873,-397205.0,0.4687,0.092,18,-1,whipsaw,-2.183
down,1738348680000,2025-01-31T18:38:00.000000000,3.02,-1.595,1,5.28,-3364435.0,0.547,1.732,0.0033,0.0001,0.242,-2466740.0,0.5957,-0.106,-4746611.0,0.5609,0.596,-4661217.0,0.5935,0.5,-4941916.0,0.5599,-0.642,-1,-1,partial,1.386
down,1738402560000,2025-02-01T09:36:00.000000000,2.95,-2.416,1,5.62,-393361.0,0.4593,1.537,0.0041,0.0001,0.809,-2608574.0,0.5571,0.298,-3387836.0,0.5684,1.016,-1886238.0,0.6032,1.212,-2294631.0,0.5992,-0.207,0,-1,whipsaw,2.225
down,1738439220000,2025-02-01T19:47:00.000000000,2.91,-1.511,1,4.88,-1397156.0,0.4648,1.808,0.0053,-7.5e-05,0.443,-100295.0,0.6121,0.539,47551.0,0.5425,0.487,-205792.0,0.4976,-0.244,2507487.0,0.4813,-2.945,84,158,whipsaw,7.396
down,1738449300000,2025-02-01T22:35:00.000000000,2.87,-1.808,1,5.45,-2138511.0,0.4347,1.526,0.005,-7.5e-05,0.557,26447.0,0.4902,0.71,-288201.0,0.493,-0.317,-248830.0,0.506,0.188,1493791.0,0.5004,-1.57,8,45,whipsaw,10.448
up,1738453440000,2025-02-01T23:44:00.000000000,2.89,1.597,1,5.33,1075165.0,0.5141,1.526,0.0068,-7.5e-05,0.232,1323585.0,0.5404,-0.553,361588.0,0.4565,0.176,-217835.0,0.5039,1.261,204786.0,0.5277,2.146,206,48,trend,-12.019
down,1738465920000,2025-02-02T03:12:00.000000000,2.85,-1.745,1,2.68,966018.0,0.4343,1.625,0.0055,3e-05,-0.228,-397226.0,0.4668,-0.333,-4387.0,0.4475,0.032,-50312.0,0.4701,-0.168,832215.0,0.4607,-0.941,128,-1,whipsaw,21.612
up,1738473780000,2025-02-02T05:23:00.000000000,2.9,1.795,1,3.06,-908181.0,0.5345,1.758,0.0064,3e-05,-0.269,1226720.0,0.5016,0.248,1557676.0,0.5112,0.138,907150.0,0.4909,0.745,1554119.0,0.4633,1.015,133,68,trend,-24.477
down,1738496220000,2025-02-02T11:37:00.000000000,2.81,-1.922,2,2.82,1026484.0,0.3954,1.709,0.0055,0.0001,-0.014,-1378867.0,0.3585,-0.028,-296038.0,0.4286,-0.011,1027967.0,0.4671,-0.854,1661308.0,0.4822,-2.817,159,21,trend,15.816
up,1738502940000,2025-02-02T13:29:00.000000000,2.78,1.756,1,3.7,59474.0,0.5787,1.758,0.005,0.0001,0.097,233845.0,0.5332,0.773,221059.0,0.5526,1.395,79572.0,0.5615,2.455,-1753191.0,0.5332,2.463,182,17,trend,-16.508
down,1738508760000,2025-02-02T15:06:00.000000000,2.8,-1.507,11,1.68,-2237799.0,0.4305,1.496,0.0052,0.0001,0.372,-241578.0,0.4922,0.214,362592.0,0.4508,0.35,238498.0,0.4611,-0.222,564154.0,0.4748,-10.653,-1,81,trend,14.956
up,1738520640000,2025-02-02T18:24:00.000000000,2.59,2.115,14,13.63,-1971595.0,0.5017,1.617,0.0147,0.0001,1.172,1432632.0,0.5587,-1.176,-1250801.0,0.499,-3.393,-1910782.0,0.4841,-0.12,-206478.0,0.4996,4.913,14,1,trend,1.955
down,1738569900000,2025-02-03T08:05:00.000000000,2.38,-1.87,1,1.93,-4299974.0,0.5196,2.354,0.0112,-0.000158,0.248,-613138.0,0.4884,-0.525,-1972439.0,0.472,-1.889,-2937187.0,0.468,0.42,-4106429.0,0.5036,-3.127,63,13,trend,-4.604
down,1738577880000,2025-02-03T10:18:00.000000000,2.34,-1.509,4,0.74,-1414484.0,0.4825,2.077,0.0082,-0.000158,1.135,-1107112.0,0.4878,2.057,-2123683.0,0.4916,2.398,-1042168.0,0.4915,2.112,-3013000.0,0.5138,-4.54,5,224,whipsaw,-9.268
up,1738593180000,2025-02-03T14:33:00.000000000,2.36,3.47,5,3.1,-2964454.0,0.5079,1.993,0.0124,-0.000158,0.475,-328622.0,0.5045,-0.704,-5043462.0,0.4941,0.538,-3632735.0,0.5063,6.168,-4160906.0,0.5089,14.261,0,6,whipsaw,13.269
down,1738601820000,2025-02-03T16:57:00.000000000,2.62,-1.625,3,1.12,-1970011.0,0.5088,2.415,0.0071,-0.000102,-0.416,971405.0,0.4461,0.183,-43061.0,0.4371,0.767,-787956.0,0.44,2.171,164019.0,0.4675,-1.194,0,6,whipsaw,0.153
up,1738618320000,2025-02-03T21:32:00.000000000,2.72,1.711,1,0.36,-830819.0,0.5012,1.894,0.0074,-0.000102,0.048,-650005.0,0.5535,-0.871,-3048914.0,0.4805,-1.087,-4066003.0,0.4719,-0.485,-4317973.0,0.4617,2.406,10,168,whipsaw,-8.472
down,1738625760000,2025-02-03T23:36:00.000000000,2.67,-1.997,2,0.29,598675.0,0.4716,1.793,0.0049,-0.000102,0.206,-853562.0,0.4837,1.041,-999558.0,0.5313,1.689,-1408261.0,0.5065,3.311,-1925007.0,0.5166,-0.494,15,-1,whipsaw,5.285
up,1738627500000,2025-02-04T00:05:00.000000000,2.73,1.883,2,0.34,-1408261.0,0.499,1.682,0.0056,-3.1e-05,-0.433,254693.0,0.5554,1.016,-191052.0,0.5675,1.159,-516746.0,0.5306,-0.902,438760.0,0.4885,2.237,52,15,trend,-6.98
down,1738638180000,2025-02-04T03:03:00.000000000,2.72,-1.53,5,0.63,-1393122.0,0.548,1.619,0.0055,-3.1e-05,0.103,278828.0,0.489,0.033,1070243.0,0.5299,-0.663,1366949.0,0.4767,0.173,2370161.0,0.5246,-7.821,-1,87,trend,7.475
up,1738649100000,2025-02-04T06:05:00.000000000,2.56,1.889,1,1.78,-3095330.0,0.5201,1.809,0.0101,-3.1e-05,-0.289,-243201.0,0.4902,0.802,-1695957.0,0.5387,0.36,-2115199.0,0.5205,0.528,-2107937.0,0.5293,1.517,84,12,trend,-1.455
up,1738657380000,2025-02-04T08:23:00.000000000,2.53,1.957,5,1.38,-1215053.0,0.5059,1.971,0.0066,7e-05,0.202,-96171.0,0.6434,-1.235,-198576.0,0.5025,-1.785,932839.0,0.497,0.709,-484919.0,0.5154,4.244,13,108,whipsaw,-0.606
down,1738677420000,2025-02-04T13:57:00.000000000,2.6,-1.642,2,0.75,-3161057.0,0.4215,1.888,0.0062,7e-05,0.612,-988163.0,0.3917,-0.127,-814768.0,0.4021,0.719,-1936983.0,0.4686,2.166,-2535078.0,0.4829,-0.492,26,-1,whipsaw,2.154
up,1738679520000,2025-02-04T14:32:00.000000000,2.66,1.663,2,0.92,-972123.0,0.5049,1.492,0.0084,7e-05,0.278,699033.0,0.5336,-0.384,-1293337.0,0.4763,-0.666,-122862.0,0.491,-1.41,-41881.0,0.4774,1.038,31,2,trend,-4.89
down,1738691100000,2025-02-04T17:45:00.000000000,2.61,-1.552,1,0.84,882507.0,0.4644,1.906,0.0046,-0.000109,0.36,-379945.0,0.623,0.729,-1048643.0,0.5554,0.487,-1475859.0,0.5116,1.588,-1246841.0,0.4967,-7.106,13,141,whipsaw,7.363
up,1738694340000,2025-02-04T18:39:00.000000000,2.65,1.603,1,0.65,-303324.0,0.5036,1.695,0.0047,-0.000109,-0.385,-146502.0,0.4521,-0.238,-465099.0,0.4821,0.215,-1303779.0,0.4864,1.457,-28081.0,0.4881,2.279,70,33,trend,-9.098
down,1738698420000,2025-02-04T19:47:00.000000000,2.64,-2.004,3,2.26,699320.0,0.4675,1.588,0.0082,-0.000109,-1.253,-218705.0,0.3973,-0.886,-2936364.0,0.4605,-3.336,-3271044.0,0.4688,-2.65,-3463487.0,0.4951,-8.337,0,5,whipsaw,8.231
up,1738701720000,2025-02-04T20:42:00.000000000,2.58,1.642,2,2.67,42415.0,0.5203,2.518,0.0087,-0.000109,-0.418,736016.0,0.5052,-1.077,702828.0,0.5322,-2.231,2514443.0,0.511,-5.848,2447308.0,0.4979,0.248,10,-1,whipsaw,-6.391
up,1738717440000,2025-02-05T01:04:00.000000000,2.56,1.607,2,0.65,-652844.0,0.5337,1.619,0.0044,-1e-05,-0.457,-179291.0,0.513,-0.992,362944.0,0.5166,-1.3,560160.0,0.5259,-2.441,907803.0,0.5018,0.148,16,-1,whipsaw,-6.857
down,1738721820000,2025-02-05T02:17:00.000000000,2.48,-1.66,1,1.0,-297965.0,0.4601,1.979,0.0048,-1e-05,0.302,603641.0,0.4644,0.29,1651592.0,0.4583,1.084,1621919.0,0.5206,0.903,-1244486.0,0.5286,-0.463,26,-1,whipsaw,2.623
up,1738734900000,2025-02-05T05:55:00.000000000,2.54,1.65,1,0.67,-746375.0,0.5315,1.633,0.0028,-1e-05,-0.095,-364321.0,0.5648,-0.24,-1223552.0,0.4953,-1.17,-746294.0,0.5077,-1.627,-718020.0,0.5073,0.209,12,-1,whipsaw,-3.983
down,1738760220000,2025-02-05T12:57:00.000000000,2.53,-1.529,7,1.44,-1905350.0,0.4451,2.045,0.0033,-9.3e-05,0.071,-329520.0,0.381,0.293,537742.0,0.5542,0.566,822186.0,0.4972,0.713,1473820.0,0.4926,-4.023,63,120,whipsaw,5.065
up,1738775040000,2025-02-05T17:04:00.000000000,2.47,1.619,1,2.02,-1316235.0,0.5391,1.947,0.0045,-6.9e-05,0.105,253878.0,0.4813,-1.33,386313.0,0.4072,-2.343,717370.0,0.4337,-3.012,30971.0,0.4486,0.304,12,-1,whipsaw,-6.089
up,1738783260000,2025-02-05T19:21:00.000000000,2.4,1.656,1,3.51,-1334738.0,0.5042,1.886,0.0066,-6.9e-05,-0.2,-681249.0,0.6161,0.771,-2351167.0,0.5913,1.454,-2874606.0,0.575,1.724,-3388780.0,0.5454,2.599,179,9,trend,-3.037
up,1738801320000,2025-02-06T00:22:00.000000000,2.42,1.712,1,1.26,576417.0,0.5411,1.821,0.0066,9.1e-05,-0.463,179916.0,0.5122,-0.285,607720.0,0.5225,-0.844,1098203.0,0.482,0.058,1707565.0,0.4752,1.092,24,238,whipsaw,-3.032
up,1738823940000,2025-02-06T06:39:00.000000000,2.46,1.541,1,1.13,1502113.0,0.518,1.615,0.0026,9.1e-05,-0.15,-473730.0,0.6465,-0.219,375036.0,0.6174,-0.617,30117.0,0.5815,-0.3,-880980.0,0.5843,0.114,66,-1,whipsaw,-6.698
down,1738844640000,2025-02-06T12:24:00.000000000,2.42,-1.601,1,1.32,434779.0,0.4328,1.6,0.0044,-5.6e-05,0.306,316932.0,0.5436,-0.451,-417067.0,0.4966,-0.298,-672018.0,0.4617,-0.737,-190878.0,0.4477,-5.398,-1,10,trend,0.443
down,1738852200000,2025-02-06T14:30:00.000000000,2.39,-1.518,5,1.61,-140236.0,0.4479,1.86,0.0034,-5.6e-05,0.896,-502668.0,0.5511,-0.105,-236427.0,0.5126,-0.427,-351873.0,0.5111,-2.015,36540.0,0.5035,-4.272,5,27,whipsaw,-4.519
up,1738862940000,2025-02-06T17:29:00.000000000,2.34,1.563,1,1.8,-1524599.0,0.5552,1.636,0.0047,0.0001,-0.047,-70789.0,0.5734,-0.013,-402611.0,0.5351,-0.709,26122.0,0.5093,-0.846,290311.0,0.4708,1.333,31,9,trend,3.646
up,1738874220000,2025-02-06T20:37:00.000000000,2.34,1.63,1,1.37,-1725898.0,0.5283,1.654,0.0049,0.0001,0.115,302567.0,0.5083,0.385,-307425.0,0.5036,0.475,-335030.0,0.4814,-0.372,1018418.0,0.4554,1.129,53,10,trend,1.732
up,1738893360000,2025-02-07T01:56:00.000000000,2.37,1.747,1,1.66,297868.0,0.4967,1.584,0.005,-4.2e-05,0.152,-891809.0,0.4679,-0.203,-1702024.0,0.4997,0.004,-1400350.0,0.5036,-0.364,-1973234.0,0.5097,0.334,100,-1,whipsaw,1.285
down,1738909680000,2025-02-07T06:28:00.000000000,2.31,-1.813,2,1.52,760047.0,0.4381,1.49,0.0036,-4.2e-05,-0.251,-439489.0,0.4305,-0.542,1131897.0,0.4011,-0.772,2526201.0,0.4221,0.121,1249480.0,0.4376,-1.799,51,16,trend,-3.312
up,1738912740000,2025-02-07T07:19:00.000000000,2.33,1.788,4,1.67,362227.0,0.4715,1.817,0.0034,-4.2e-05,-0.142,-1353513.0,0.4288,-0.734,-1578812.0,0.4289,-1.555,-1237429.0,0.4465,-1.465,744573.0,0.4514,4.505,13,122,whipsaw,1.447
up,1738935600000,2025-02-07T13:40:00.000000000,2.43,1.714,1,4.44,970980.0,0.4654,1.936,0.0071,2.9e-05,-0.686,1206450.0,0.4772,0.884,569650.0,0.4918,3.765,-3308631.0,0.5069,3.305,-2801011.0,0.4901,4.48,0,10,whipsaw,-0.501
down,1738941180000,2025-02-07T15:13:00.000000000,2.47,-1.581,2,5.34,918128.0,0.5108,2.153,0.0069,2.9e-05,-0.093,-668735.0,0.4285,-0.206,1316592.0,0.483,0.587,1195624.0,0.4927,-0.275,-330805.0,0.4823,-2.44,38,7,trend,2.298
up,1738943400000,2025-02-07T15:50:00.000000000,2.49,2.102,1,3.38,688522.0,0.5074,2.09,0.0063,2.9e-05,-0.919,-44736.0,0.5157,-1.597,-1328518.0,0.4717,-0.401,-1677442.0,0.4657,-1.228,-1540806.0,0.485,0.666,4,-1,whipsaw,-4.088
up,1738952400000,2025-02-07T18:20:00.000000000,2.47,1.703,1,1.25,-526182.0,0.4834,1.65,0.0043,-5.7e-05,0.655,-242530.0,0.5614,1.161,-245928.0,0.5004,0.413,85107.0,0.4801,-0.178,915616.0,0.4842,1.396,79,14,trend,-2.383
down,1738957260000,2025-02-07T19:41:00.000000000,2.43,-1.898,3,1.2,1416001.0,0.4562,1.634,0.0048,-5.7e-05,0.338,173154.0,0.467,0.082,-1072210.0,0.5396,-1.795,992073.0,0.5058,-2.392,1325597.0,0.5022,-3.404,-1,22,trend,0.045
up,1739000760000,2025-02-08T07:46:00.000000000,2.4,1.517,1,0.68,313306.0,0.5246,1.763,0.0025,3.9e-05,0.038,603950.0,0.5231,0.188,766700.0,0.5325,-0.309,1206956.0,0.5289,-0.455,671888.0,0.5278,0.956,73,-1,whipsaw,2.76
up,1739072160000,2025-02-09T03:36:00.000000000,2.49,1.757,1,3.03,-266013.0,0.5668,1.705,0.0028,5.1e-05,-0.165,-1072727.0,0.58,0.084,-634790.0,0.5537,-0.116,-23504.0,0.5384,-0.052,-960937.0,0.5183,0.682,135,-1,whipsaw,-3.449
down,1739109180000,2025-02-09T13:53:00.000000000,2.39,-1.548,1,5.99,919697.0,0.4312,2.094,0.0035,-2.6e-05,0.21,-213213.0,0.521,0.88,-1092808.0,0.5373,0.964,-1072577.0,0.5095,0.57,-508159.0,0.4969,-0.235,22,-1,whipsaw,-2.977
down,1739136900000,2025-02-09T21:35:00.000000000,2.37,-1.527,1,2.86,-623897.0,0.4648,1.672,0.003,-2.1e-05,-0.695,1746172.0,0.4728,-2.056,2783883.0,0.4441,-2.325,3711045.0,0.4712,-0.531,1800615.0,0.5069,-2.633,69,7,trend,-2.296
up,1739139660000,2025-02-09T22:21:00.000000000,2.36,1.782,2,8.44,-288799.0,0.5263,1.679,0.0083,-2.1e-05,0.017,-590416.0,0.501,0.246,-694469.0,0.5588,1.022,-4307204.0,0.5679,0.882,-3299561.0,0.5294,3.324,223,20,trend,2.412
down,1739150280000,2025-02-10T01:18:00.000000000,2.38,-1.505,1,1.79,-312256.0,0.3724,1.735,0.0035,-9.9e-05,-0.252,176242.0,0.4154,0.092,-2678846.0,0.455,-1.612,-2853705.0,0.4677,-1.587,416565.0,0.5154,-2.476,137,24,trend,-2.607
up,1739158260000,2025-02-10T03:31:00.000000000,2.38,1.748,1,2.29,11407.0,0.6315,1.672,0.0032,-9.9e-05,0.999,-961597.0,0.5151,0.424,-1468481.0,0.4945,-0.302,-829714.0,0.4953,0.886,922007.0,0.5494,1.613,-1,2,trend,2.432
up,1739195580000,2025-02-10T13:53:00.000000000,2.46,1.58,1,1.97,58463.0,0.5191,1.823,0.004,7.9e-05,0.342,849457.0,0.5495,-0.562,1223877.0,0.4869,-0.725,1714974.0,0.4969,-1.344,-54518.0,0.504,0.7,44,-1,whipsaw,-0.098
down,1739282040000,2025-02-11T13:54:00.000000000,2.44,-1.71,1,3.47,-2861429.0,0.4929,1.929,0.0043,0.0001,-0.033,-1657888.0,0.469,1.027,-2463818.0,0.545,0.602,821081.0,0.5037,1.093,162726.0,0.5387,-0.999,14,-1,whipsaw,2.321
up,1739304540000,2025-02-11T20:09:00.000000000,2.41,1.52,1,1.99,-43101.0,0.6121,1.677,0.0036,5.4e-05,-0.224,118955.0,0.5741,-0.407,199584.0,0.5207,0.22,489271.0,0.4961,0.075,599050.0,0.4809,1.477,-1,83,trend,1.448
down,1739367060000,2025-02-12T13:31:00.000000000,2.39,-1.503,1,6.55,-262957.0,0.509,1.6,0.0072,1.1e-05,-1.371,992544.0,0.4718,-0.046,1247972.0,0.5055,-0.65,2247088.0,0.4899,-1.375,2306895.0,0.4902,-2.242,114,1,trend,-2.372
up,1739369220000,2025-02-12T14:07:00.000000000,2.38,1.703,1,8.89,562733.0,0.5025,1.874,0.0087,1.1e-05,-0.113,73335.0,0.4522,-0.776,657278.0,0.4344,0.151,305552.0,0.4991,-0.063,-523445.0,0.4854,3.487,18,77,whipsaw,2.345
up,1739379300000,2025-02-12T16:55:00.000000000,2.43,2.063,1,2.28,700890.0,0.5508,1.611,0.0031,1.8e-05,0.045,-109040.0,0.5435,0.168,431958.0,0.4831,0.374,1286820.0,0.4758,0.817,-2136291.0,0.4614,1.401,-1,36,trend,-0.501
up,1739481840000,2025-02-13T21:24:00.000000000,2.51,1.524,3,3.75,2276293.0,0.5352,1.664,0.0019,8e-06,-0.721,-296226.0,0.3347,0.08,-559103.0,0.4828,-0.255,2729714.0,0.479,3.324,2097527.0,0.5054,3.746,-1,45,trend,8.563
down,1739487060000,2025-02-13T22:51:00.000000000,2.53,-2.178,1,8.54,-493089.0,0.4394,1.773,0.0087,8e-06,-0.316,-56361.0,0.4851,-0.728,-2278129.0,0.5014,-0.261,-161223.0,0.517,0.534,-965320.0,0.5597,-0.886,57,-1,whipsaw,-6.569
up,1739520240000,2025-02-14T08:04:00.000000000,2.61,1.856,2,3.37,-1642802.0,0.5656,1.663,0.0036,0.0001,0.295,1372794.0,0.4569,0.93,6133387.0,0.5101,2.396,3130749.0,0.5322,3.755,6261934.0,0.5127,6.787,-1,14,trend,6.431
down,1739533680000,2025-02-14T11:48:00.000000000,2.73,-1.799,1,3.56,-2083930.0,0.4567,1.775,0.0057,0.0001,0.216,85121.0,0.5099,-0.942,208960.0,0.4443,-1.55,-554922.0,0.462,-0.912,-1753757.0,0.4807,-1.821,-1,15,trend,-2.099
down,1739546340000,2025-02-14T15:19:00.000000000,2.7,-1.547,1,2.47,1347368.0,0.4374,2.085,0.005,0.0001,0.441,-392729.0,0.5336,0.879,466642.0,0.5378,0.601,1783198.0,0.5076,0.282,1228200.0,0.5152,-0.052,16,-1,whipsaw,-3.851
up,1739559900000,2025-02-14T19:05:00.000000000,2.83,2.269,1,3.32,-2442815.0,0.5005,1.447,0.0068,3.9e-05,-1.288,-605231.0,0.5255,-0.92,-628255.0,0.514,-1.288,-862135.0,0.4866,-0.959,-129497.0,0.5026,0.357,0,-1,whipsaw,-1.911
down,1739565840000,2025-02-14T20:44:00.000000000,2.76,-1.638,1,1.26,-788419.0,0.4377,1.801,0.004,3.9e-05,-0.323,-576221.0,0.4492,-0.33,-1750238.0,0.4898,-1.248,-3168120.0,0.4695,-0.421,-3514939.0,0.5182,-2.337,-1,26,trend,1.281
up,1739585400000,2025-02-15T02:10:00.000000000,2.82,1.663,1,1.51,-383915.0,0.5368,1.741,0.0031,2.1e-05,-0.554,-307744.0,0.4212,0.085,2086667.0,0.4869,-0.458,1470159.0,0.4741,0.096,2442297.0,0.493,0.539,135,-1,whipsaw,-1.245
down,1739769840000,2025-02-17T05:24:00.000000000,2.66,-1.627,1,9.38,-5186147.0,0.506,1.856,0.0068,3.2e-05,0.244,-1135143.0,0.4743,0.511,-614380.0,0.508,1.09,-442386.0,0.5193,0.868,3246295.0,0.5324,-0.932,30,-1,whipsaw,1.398
down,1739777700000,2025-02-17T07:35:00.000000000,2.64,-1.672,1,4.41,-81477.0,0.5088,1.852,0.003,3.2e-05,0.023,604216.0,0.4468,0.057,275655.0,0.4495,0.564,-998752.0,0.5229,0.417,-176976.0,0.5317,-0.17,35,-1,whipsaw,2.254
up,1739801520000,2025-02-17T14:12:00.000000000,2.71,1.541,1,2.51,-6702.0,0.4919,1.641,0.0029,5e-05,0.527,-1169570.0,0.5503,-0.206,-2266414.0,0.4416,-0.066,-1479468.0,0.4525,-0.468,-1812915.0,0.452,0.671,76,-1,whipsaw,-3.581
down,1739806380000,2025-02-17T15:33:00.000000000,2.68,-1.607,1,2.86,-1889297.0,0.4365,1.678,0.0039,5e-05,-0.093,819667.0,0.4766,-0.964,-380291.0,0.4144,-0.979,-35959.0,0.4716,-1.925,-4052383.0,0.4898,-2.531,-1,14,trend,4.228
down,1739858820000,2025-02-18T06:07:00.000000000,2.57,-1.8,1,4.23,-10367.0,0.4973,1.692,0.004,6.9e-05,0.409,1560839.0,0.4723,0.004,850919.0,0.5078,0.156,2271826.0,0.5211,-0.51,3639592.0,0.5207,-1.105,228,66,trend,1.736
down,1739890020000,2025-02-18T14:47:00.000000000,2.57,-1.838,2,3.89,-1316484.0,0.4817,1.779,0.0051,3.1e-05,0.261,672133.0,0.5458,0.101,695394.0,0.4606,-0.385,1037973.0,0.4844,-0.958,2198641.0,0.4831,-3.881,-1,61,trend,-1.405
up,1739901780000,2025-02-18T18:03:00.000000000,2.51,1.793,1,2.83,2089860.0,0.517,1.667,0.0051,1.2e-05,0.183,-3200539.0,0.5716,0.668,-3386892.0,0.5444,0.425,-2553778.0,0.472,-0.581,-3127025.0,0.4454,1.189,92,201,whipsaw,6.494
up,1739913840000,2025-02-18T21:24:00.000000000,2.54,1.6,1,1.95,252313.0,0.6322,1.837,0.0035,1.2e-05,-0.157,75053.0,0.4522,-0.303,-1030434.0,0.4652,-0.579,-919061.0,0.4727,0.307,-536399.0,0.5279,1.37,-1,123,trend,5.535
up,1739965800000,2025-02-19T11:50:00.000000000,2.62,1.638,1,2.7,-1582252.0,0.5127,1.667,0.0032,7.4e-05,0.16,-1786734.0,0.5254,-0.554,-2028120.0,0.5132,-0.6,-2274793.0,0.5221,-0.63,-3173445.0,0.5256,0.531,63,-1,whipsaw,2.803
down,1739977260000,2025-02-19T15:01:00.000000000,2.58,-1.535,1,2.13,-951723.0,0.4713,1.717,0.0045,7.4e-05,0.485,-291102.0,0.5873,0.539,124943.0,0.5235,1.396,863873.0,0.532,1.33,1773680.0,0.5171,-0.19,20,-1,whipsaw,-4.24
up,1739979180000,2025-02-19T15:33:00.000000000,2.62,1.741,1,1.78,863873.0,0.5441,1.735,0.0042,7.4e-05,-0.358,364017.0,0.4739,-0.492,652099.0,0.4779,-0.412,909807.0,0.5005,0.701,610180.0,0.5051,2.599,-1,46,trend,2.573
up,1739987520000,2025-02-19T17:52:00.000000000,2.68,1.52,1,2.6,-783913.0,0.5636,1.674,0.0042,-6.9e-05,0.238,216509.0,0.5555,-0.104,320590.0,0.5013,-0.596,-508570.0,0.473,-1.185,26246.0,0.4541,0.488,21,-1,whipsaw,0.522
up,1740007320000,2025-02-19T23:22:00.000000000,2.74,1.541,1,4.16,-102443.0,0.5535,1.491,0.0053,-6.9e-05,-0.058,633772.0,0.4,-0.16,-646232.0,0.4715,-0.026,-673939.0,0.4984,-0.832,-50699.0,0.4873,0.27,68,-1,whipsaw,-1.798
up,1740060540000,2025-02-20T14:09:00.000000000,2.73,1.58,1,2.18,959357.0,0.5785,1.585,0.0026,2.5e-05,-0.088,389382.0,0.4895,-0.209,-1169299.0,0.487,0.157,-192416.0,0.5017,-1.519,-1355821.0,0.4954,0.564,40,-1,whipsaw,-1.603
down,1740063600000,2025-02-20T15:00:00.000000000,2.69,-1.529,1,3.08,704555.0,0.4825,1.87,0.0053,2.5e-05,0.163,-1184562.0,0.5302,0.097,700515.0,0.5512,0.115,1052551.0,0.5335,-0.598,-587695.0,0.5234,-0.899,183,-1,whipsaw,0.97
up,1740143580000,2025-02-21T13:13:00.000000000,2.7,1.545,1,3.08,-804283.0,0.5141,1.599,0.0044,-2.6e-05,-0.523,-773948.0,0.428,-0.301,-912064.0,0.5164,0.438,-1476841.0,0.5399,-0.286,-2914230.0,0.4969,0.775,82,-1,whipsaw,-3.833
down,1740151980000,2025-02-21T15:33:00.000000000,2.62,-2.055,2,8.6,-2306738.0,0.5028,1.653,0.0071,-2.6e-05,-0.252,591178.0,0.3976,-0.355,-2882733.0,0.4512,-0.603,-7429581.0,0.4655,-0.057,-15114492.0,0.4778,-3.143,-1,7,trend,1.45
up,1740154380000,2025-02-21T16:13:00.000000000,2.62,1.998,1,9.48,-8769101.0,0.499,1.786,0.007,-0.000105,0.774,-1944813.0,0.5286,0.152,-6146734.0,0.4823,-0.011,-7507450.0,0.4899,-0.297,-17073619.0,0.4956,0.911,79,-1,whipsaw,-1.121
down,1740166620000,2025-02-21T19:37:00.000000000,2.54,-1.678,1,3.18,-954365.0,0.4267,1.697,0.0057,-0.000105,-0.832,-1042425.0,0.3491,-0.323,-2747621.0,0.4499,0.051,-3798836.0,0.4703,0.17,-4960149.0,0.5002,-1.135,173,10,trend,-2.015
down,1740367200000,2025-02-24T03:20:00.000000000,2.51,-1.532,1,6.81,-295639.0,0.5311,1.964,0.0027,-1.1e-05,-0.143,390740.0,0.4998,-0.645,-84624.0,0.4836,-0.31,1262656.0,0.493,-1.071,2630726.0,0.5013,-2.782,-1,12,trend,8.813
up,1740373680000,2025-02-24T05:08:00.000000000,2.48,1.512,1,6.79,2757504.0,0.5309,2.052,0.0027,-1.1e-05,0.233,-298764.0,0.579,0.177,-319124.0,0.6095,0.543,-288832.0,0.5861,0.201,618232.0,0.5732,0.813,197,-1,whipsaw,-8.641
down,1740385500000,2025-02-24T08:25:00.000000000,2.46,-1.562,1,3.65,-1982168.0,0.3934,1.762,0.0032,-2.9e-05,-0.35,241656.0,0.4621,0.224,761407.0,0.5462,0.126,813019.0,0.5704,0.793,694940.0,0.5733,-0.997,62,-1,whipsaw,11.06
down,1740393240000,2025-02-24T10:34:00.000000000,2.44,-1.506,1,3.95,-540300.0,0.4537,1.631,0.0037,-2.9e-05,0.033,-135459.0,0.4282,0.951,-797691.0,0.519,0.824,-217717.0,0.5565,1.603,-1321058.0,0.5172,-0.238,14,-1,whipsaw,12.104
down,1740409020000,2025-02-24T14:57:00.000000000,2.43,-1.55,1,4.94,794845.0,0.5358,1.588,0.0069,-2.9e-05,-0.346,-278304.0,0.4487,0.569,415535.0,0.4942,0.396,279343.0,0.4866,0.276,1113587.0,0.4845,-1.018,17,9,trend,10.422
up,1740413580000,2025-02-24T16:13:00.000000000,2.45,1.6,1,4.15,545792.0,0.5671,2.011,0.0037,7.7e-05,-0.681,-233827.0,0.3744,-0.078,-305168.0,0.4558,0.016,-88398.0,0.4354,-0.245,799564.0,0.44,1.016,201,92,trend,-9.843
down,1740426120000,2025-02-24T19:42:00.000000000,2.4,-1.544,1,2.0,-163436.0,0.3619,1.653,0.0045,7.7e-05,-0.524,-1273393.0,0.3903,0.275,-1302994.0,0.4529,0.707,-1771581.0,0.4963,1.244,-2160904.0,0.4666,-7.092,29,126,whipsaw,7.446
up,1740428040000,2025-02-24T20:14:00.000000000,2.43,1.677,1,5.24,-1771581.0,0.5247,1.604,0.0048,7.7e-05,-0.033,71586.0,0.5853,-0.219,-150211.0,0.427,0.524,-389323.0,0.4179,-0.816,-1187201.0,0.4374,0.994,51,-1,whipsaw,-7.141
down,1740433680000,2025-02-24T21:48:00.000000000,2.36,-2.173,4,2.23,346772.0,0.3311,1.616,0.003,7.7e-05,0.763,-291710.0,0.4842,-1.187,-2106363.0,0.4305,-1.95,-7957685.0,0.46,-2.034,-8445025.0,0.4815,-6.294,6,13,whipsaw,1.958
up,1740436320000,2025-02-24T22:32:00.000000000,2.35,2.239,4,16.06,-7067755.0,0.5078,1.934,0.0132,7.7e-05,-0.132,660841.0,0.5408,-1.223,729093.0,0.4884,-2.893,-3233398.0,0.4705,-2.607,-1913516.0,0.4549,0.413,11,-1,whipsaw,-0.652
down,1740456660000,2025-02-25T04:11:00.000000000,2.25,-1.952,1,2.11,-91972.0,0.5445,1.682,0.005,0.0001,1.671,-587118.0,0.5323,1.573,-1317609.0,0.4564,0.609,-825100.0,0.4792,1.049,-407952.0,0.4849,-7.109,4,175,whipsaw,-2.901
up,1740460560000,2025-02-25T05:16:00.000000000,2.29,1.717,1,2.34,45326.0,0.4946,1.845,0.0051,0.0001,0.083,-94445.0,0.507,0.24,168928.0,0.4341,-0.157,1774978.0,0.4301,-1.343,559086.0,0.4773,0.746,55,-1,whipsaw,0.34
down,1740464940000,2025-02-25T06:29:00.000000000,2.26,-2.061,5,2.53,-861949.0,0.5339,1.632,0.005,0.0001,-0.08,1392151.0,0.4812,0.408,1436187.0,0.4822,-0.332,2185616.0,0.4422,-4.465,364082.0,0.4398,-8.377,-1,35,trend,-1.555
up,1740470160000,2025-02-25T07:56:00.000000000,2.16,1.574,1,12.82,-7176009.0,0.4889,1.841,0.0135,0.0001,-0.005,-166633.0,0.478,1.499,-2644799.0,0.5257,1.115,-3411105.0,0.4979,1.286,-3530297.0,0.4892,2.391,4,9,whipsaw,5.809
up,1740480180000,2025-02-25T10:43:00.000000000,2.14,1.538,3,5.62,1291789.0,0.5048,2.135,0.0087,-5.2e-05,-0.313,374676.0,0.4698,-0.393,816251.0,0.4898,-1.753,350362.0,0.488,-0.318,1359780.0,0.5,6.574,18,65,whipsaw,8.149
down,1740490140000,2025-02-25T13:29:00.000000000,2.23,-1.848,3,2.2,-2043510.0,0.4889,1.778,0.0077,-5.2e-05,0.085,-359170.0,0.4554,0.251,-667882.0,0.47,-0.354,38784.0,0.4765,-0.238,80841.0,0.478,-3.361,46,57,whipsaw,-0.506
up,1740498600000,2025-02-25T15:50:00.000000000,2.21,1.711,2,1.76,-1536380.0,0.5476,2.283,0.0069,-5.2e-05,0.68,-72707.0,0.5603,-0.422,-561932.0,0.5354,-0.245,-558919.0,0.5365,1.619,274757.0,0.5384,2.022,35,2,trend,3.432
down,1740508260000,2025-02-25T18:31:00.000000000,2.19,-1.539,1,1.33,-861446.0,0.5361,1.786,0.005,-8.5e-05,0.31,-804010.0,0.5107,0.552,-889273.0,0.441,0.72,-670281.0,0.4546,0.652,-2048139.0,0.4829,-0.465,9,-1,whipsaw,0.105
up,1740512820000,2025-02-25T19:47:00.000000000,2.24,1.785,3,0.67,680373.0,0.4742,1.795,0.0042,-8.5e-05,0.121,-92883.0,0.4778,0.33,870703.0,0.4997,0.469,972140.0,0.4915,2.196,455533.0,0.507,5.62,-1,9,trend,-2.848
down,1740527640000,2025-02-25T23:54:00.000000000,2.32,-1.562,1,0.7,-231716.0,0.4873,1.788,0.0036,-8.5e-05,0.16,20650.0,0.4231,-0.298,-347521.0,0.4316,-0.543,-1634226.0,0.4563,-1.863,-2635886.0,0.4421,-2.377,-1,25,trend,5.508
down,1740574380000,2025-02-26T12:53:00.000000000,2.24,-1.606,2,1.69,-343588.0,0.4771,1.626,0.0041,2e-05,0.407,-287632.0,0.4877,0.246,360593.0,0.4402,0.488,164565.0,0.4387,0.273,515703.0,0.4693,-1.825,116,68,trend,-0.018
up,1740581280000,2025-02-26T14:48:00.000000000,2.26,1.944,1,3.71,-248332.0,0.5368,1.899,0.0057,2e-05,0.04,485407.0,0.4982,0.945,899449.0,0.5502,1.929,-542913.0,0.4938,1.339,-914166.0,0.4612,2.168,89,14,trend,-2.763
down,1740586560000,2025-02-26T16:16:00.000000000,2.24,-1.944,3,1.53,-866037.0,0.384,1.746,0.0035,1.4e-05,0.393,-162741.0,0.5178,0.795,-719830.0,0.5157,0.933,-677276.0,0.5046,0.491,-436327.0,0.4864,-3.965,16,84,whipsaw,1.148
up,1740602640000,2025-02-26T20:44:00.000000000,2.21,1.664,2,2.88,-1426288.0,0.4981,1.669,0.0108,1.4e-05,0.362,-381075.0,0.5413,0.267,-645428.0,0.5163,-0.081,-816229.0,0.5028,-0.923,89836.0,0.4975,1.633,61,78,whipsaw,-2.144
down,1740609360000,2025-02-26T22:36:00.000000000,2.21,-1.741,2,1.33,-8037.0,0.4573,2.094,0.0044,1.4e-05,0.453,163392.0,0.4181,0.766,524776.0,0.4876,0.553,162577.0,0.4842,-0.643,2973052.0,0.4361,-2.134,-1,109,trend,1.722
up,1740620100000,2025-02-27T01:35:00.000000000,2.2,1.713,1,1.64,-805758.0,0.4545,1.687,0.0061,4.7e-05,-0.495,-37415.0,0.3898,-0.232,328822.0,0.5302,-0.25,259407.0,0.4741,-0.363,827409.0,0.4568,0.736,73,-1,whipsaw,-4.658
down,1740624780000,2025-02-27T02:53:00.000000000,2.17,-1.575,2,0.89,110767.0,0.5593,1.595,0.0047,4.7e-05,0.156,117946.0,0.5142,0.373,813255.0,0.5467,0.878,1059733.0,0.5424,1.407,1462791.0,0.5301,-0.124,30,-1,whipsaw,5.914
down,1740668280000,2025-02-27T14:58:00.000000000,2.18,-1.604,1,1.99,-504109.0,0.4877,1.736,0.006,5.8e-05,-0.403,-183117.0,0.4024,0.385,-188823.0,0.4874,0.673,702627.0,0.5253,0.852,488174.0,0.5135,-0.801,41,-1,whipsaw,3.905
down,1740684840000,2025-02-27T19:34:00.000000000,2.19,-1.513,1,0.91,-929334.0,0.4222,1.747,0.003,2e-05,0.274,-805799.0,0.5832,0.119,-1109645.0,0.5359,-0.398,-1247798.0,0.5265,-1.23,488676.0,0.4945,-1.911,-1,35,trend,1.605
up,1740692040000,2025-02-27T21:34:00.000000000,2.19,1.583,1,1.57,1016370.0,0.5455,1.667,0.0038,2e-05,0.023,26007.0,0.6201,0.064,-382524.0,0.5338,-0.114,-712841.0,0.4879,-0.653,-2012032.0,0.4765,0.905,61,-1,whipsaw,-1.978
down,1740706020000,2025-02-28T01:27:00.000000000,2.14,-1.655,3,2.04,-1396827.0,0.4556,1.669,0.0031,-7e-06,-2.098,-268860.0,0.4567,-1.767,-985904.0,0.4939,-2.22,1595984.0,0.4962,-2.968,1320639.0,0.5172,-6.749,-1,3,trend,0.64
up,1740712020000,2025-02-28T03:07:00.000000000,2.07,1.537,2,8.64,116120.0,0.5375,2.578,0.006,-7e-06,-0.275,253317.0,0.5017,-1.552,271694.0,0.4696,-1.981,475569.0,0.4608,-2.704,1932783.0,0.507,0.024,14,-1,whipsaw,5.467
up,1740726960000,2025-02-28T07:16:00.000000000,2.03,1.66,3,2.9,-612342.0,0.5047,2.239,0.0046,-7e-06,-0.128,96143.0,0.4377,-0.478,-545176.0,0.4314,-1.06,-171739.0,0.4527,-2.501,1315897.0,0.495,1.623,20,132,whipsaw,7.384
down,1740728820000,2025-02-28T07:47:00.000000000,2.0,-1.507,1,1.73,-171739.0,0.4463,2.205,0.003,-7e-06,-0.04,432901.0,0.5341,0.185,1514529.0,0.5618,-1.455,1487636.0,0.5382,-0.22,2647031.0,0.5031,-2.45,69,27,trend,-8.43
up,1740748140000,2025-02-28T13:09:00.000000000,2.05,1.695,4,1.2,-2087251.0,0.5448,2.082,0.0036,4.5e-05,-0.38,-713548.0,0.5101,-0.604,-1035460.0,0.5182,0.877,-2754512.0,0.4953,3.289,-839432.0,0.4752,5.482,19,21,whipsaw,5.234
up,1740768720000,2025-02-28T18:52:00.000000000,2.16,1.658,1,1.38,-967104.0,0.4887,1.855,0.0038,-0.000107,-0.649,2229055.0,0.4345,-0.88,629151.0,0.5132,-0.89,1881994.0,0.5049,-0.519,1042449.0,0.4784,0.185,12,-1,whipsaw,-0.046
up,1740793860000,2025-03-01T01:51:00.000000000,2.16,1.527,1,0.8,1127725.0,0.5353,1.541,0.0037,7.1e-05,0.324,380251.0,0.4997,-0.157,1032951.0,0.4814,1.018,870789.0,0.5423,1.041,967206.0,0.5465,2.711,-1,30,trend,2.198
up,1740880980000,2025-03-02T02:03:00.000000000,2.24,1.743,1,2.23,-54512.0,0.5294,1.828,0.0021,-3.2e-05,0.742,-1159000.0,0.5547,0.568,-915300.0,0.5161,-0.318,-1845224.0,0.4798,0.818,-84375.0,0.4967,2.156,-1,9,trend,25.19
up,1740894000000,2025-03-02T05:40:00.000000000,2.28,1.532,1,3.15,-92582.0,0.5384,1.79,0.0024,-3.2e-05,-0.241,-1153905.0,0.4635,-0.311,-1045844.0,0.4306,-0.869,-941252.0,0.4121,-0.434,-90251.0,0.4838,0.847,36,-1,whipsaw,23.411
up,1740929040000,2025-03-02T15:24:00.000000000,2.28,2.197,4,5.0,1986141.0,0.5277,1.565,0.0047,-2.4e-05,4.647,2164488.0,0.5577,12.006,650783.0,0.5358,13.366,-2892410.0,0.5289,20.045,10319363.0,0.5196,31.599,0,1,whipsaw,15.652
down,1740935040000,2025-03-02T17:04:00.000000000,2.8,-2.272,2,53.34,549330.0,0.487,1.842,0.0316,8.3e-05,1.237,-2007156.0,0.5317,2.139,-2517168.0,0.4942,4.271,349236.0,0.5229,1.729,-682846.0,0.5021,-2.121,1,91,whipsaw,7.123
up,1740950220000,2025-03-02T21:17:00.000000000,2.9,1.57,2,3.76,-65818.0,0.4914,1.739,0.0084,8.3e-05,0.589,-61469.0,0.5902,0.179,197193.0,0.5431,-0.368,203434.0,0.5119,-0.503,615223.0,0.4913,2.172,79,7,trend,-17.067
down,1740960420000,2025-03-03T00:07:00.000000000,2.87,-2.086,3,5.98,-751614.0,0.51,1.742,0.0117,0.0001,-0.237,662759.0,0.4082,-0.279,902545.0,0.4685,0.087,629514.0,0.4785,0.38,2117597.0,0.4772,-3.819,23,70,whipsaw,16.35
up,1740970680000,2025-03-03T02:58:00.000000000,2.81,1.527,1,2.02,414491.0,0.5854,2.181,0.0045,0.0001,0.089,-60651.0,0.5831,-0.598,-13476.0,0.4885,-0.768,650643.0,0.4958,-0.576,362518.0,0.5068,0.427,21,-1,whipsaw,-18.438
down,1740983400000,2025-03-03T06:30:00.000000000,2.77,-1.512,2,1.11,-758642.0,0.4462,1.801,0.0029,0.0001,-1.224,-621046.0,0.3391,-2.29,-704211.0,0.3944,-3.385,599549.0,0.4225,-3.395,320949.0,0.4758,-8.763,-1,5,trend,14.867
up,1740987180000,2025-03-03T07:33:00.000000000,2.68,1.643,1,2.52,-278600.0,0.5463,1.896,0.0084,0.0001,-0.142,-430922.0,0.5893,0.082,-544206.0,0.5399,0.429,-1634016.0,0.5486,-1.396,-1639084.0,0.5109,0.653,50,-1,whipsaw,-12.966
up,1740995460000,2025-03-03T09:51:00.000000000,2.58,1.783,1,1.84,1517949.0,0.5464,1.727,0.0078,0.0001,0.07,67704.0,0.3748,-0.124,-370176.0,0.4431,2.426,-3942695.0,0.5374,2.337,-6097549.0,0.5626,5.255,-1,21,trend,-8.352
up,1741009260000,2025-03-03T13:41:00.000000000,2.71,1.694,2,1.0,-415366.0,0.5068,2.179,0.0041,0.0001,-0.573,-24941.0,0.5269,-0.72,-457800.0,0.5137,-0.27,350916.0,0.5128,-1.751,274360.0,0.4885,0.321,11,-1,whipsaw,-14.306
down,1741012680000,2025-03-03T14:38:00.000000000,2.65,-1.786,6,1.56,174424.0,0.4842,1.791,0.0097,0.0001,-0.389,48863.0,0.3912,-1.23,-186319.0,0.4288,-2.332,-4227871.0,0.4608,-1.336,-4479078.0,0.4853,-5.898,-1,14,trend,6.354
up,1741023780000,2025-03-03T17:43:00.000000000,2.63,1.727,1,0.64,-17806.0,0.4856,1.815,0.0047,-3.8e-05,-0.733,-188195.0,0.5017,-1.318,-518664.0,0.4853,-2.317,-831067.0,0.5082,-5.982,-1245304.0,0.4974,0.156,7,-1,whipsaw,-6.882
up,1741033500000,2025-03-03T20:25:00.000000000,2.41,2.012,2,4.87,2773687.0,0.5002,2.27,0.0137,-3.8e-05,-0.473,-364147.0,0.4409,-2.009,160362.0,0.4678,-0.033,-664422.0,0.4675,-1.187,-1792668.0,0.4481,0.594,10,-1,whipsaw,3.894
down,1741046460000,2025-03-04T00:01:00.000000000,2.36,-1.746,3,0.61,693551.0,0.5166,1.748,0.0039,3e-06,1.705,482242.0,0.5129,1.629,31202.0,0.5666,1.32,-708330.0,0.5541,-0.118,-1019321.0,0.5113,-6.393,4,63,whipsaw,-3.622
up,1741055700000,2025-03-04T02:35:00.000000000,2.27,1.641,1,2.33,-2246641.0,0.5206,1.682,0.013,3e-06,0.097,-540790.0,0.5368,0.092,-719074.0,0.4975,1.245,-303188.0,0.5545,1.215,-662000.0,0.5563,4.598,-1,2,trend,9.712
up,1741064700000,2025-03-04T05:05:00.000000000,2.34,1.736,1,0.68,-2333542.0,0.5194,1.824,0.006,3e-06,-0.192,-515013.0,0.5306,-1.293,-1463435.0,0.5158,0.619,-384714.0,0.5516,0.836,-44368.0,0.5762,1.404,0,1,whipsaw,4.206
down,1741071540000,2025-03-04T06:59:00.000000000,2.32,-1.522,1,0.79,582326.0,0.502,2.229,0.0045,3e-06,0.077,-317014.0,0.5005,-0.452,-232395.0,0.4684,-0.052,-397882.0,0.5069,-0.103,-1129766.0,0.5233,-0.917,86,-1,whipsaw,-5.153
up,1741076760000,2025-03-04T08:26:00.000000000,2.36,1.713,1,0.86,73705.0,0.5375,1.659,0.0067,-1e-05,0.14,1622206.0,0.5294,-0.415,1782537.0,0.5259,-0.487,1526088.0,0.5397,-0.757,1430985.0,0.5346,2.111,20,141,whipsaw,4.273
up,1741085280000,2025-03-04T10:48:00.000000000,2.39,1.658,1,0.89,-837028.0,0.4911,1.795,0.0053,-1e-05,-0.234,-51094.0,0.4057,-0.125,-18576.0,0.5221,0.473,330332.0,0.5134,-0.815,96233.0,0.484,5.646,59,228,whipsaw,5.156
down,1741089660000,2025-03-04T12:01:00.000000000,2.35,-1.72,4,0.88,-1302311.0,0.4703,1.663,0.0059,-1e-05,-0.03,-12049.0,0.4063,-0.229,-720592.0,0.4141,-0.37,-438110.0,0.433,-0.79,-950191.0,0.4059,-2.782,154,61,trend,-5.484
up,1741098600000,2025-03-04T14:30:00.000000000,2.34,1.829,4,1.18,2198021.0,0.5162,1.689,0.007,-1e-05,1.57,-1010193.0,0.4944,2.733,-5067436.0,0.502,0.838,-4671288.0,0.4798,0.325,-4045665.0,0.4735,8.054,2,5,whipsaw,6.647
down,1741121400000,2025-03-04T20:50:00.000000000,2.46,-1.521,2,0.99,-774770.0,0.3873,1.831,0.0038,-2.9e-05,-0.183,-237138.0,0.3909,-0.691,597921.0,0.366,0.033,-199012.0,0.4583,1.232,-1031607.0,0.4856,-1.321,35,9,trend,-1.866
up,1741123560000,2025-03-04T21:26:00.000000000,2.5,1.95,1,1.33,-100469.0,0.4898,1.526,0.0067,-2.9e-05,0.136,-136555.0,0.5277,-0.512,-705094.0,0.4816,-0.948,-1157555.0,0.4998,-0.456,-656341.0,0.4824,1.597,14,2,trend,-0.084
up,1741138440000,2025-03-05T01:34:00.000000000,2.48,1.679,1,0.44,1427826.0,0.5312,1.869,0.004,-0.000109,-0.089,66167.0,0.5623,0.069,-1684335.0,0.555,0.452,-1392292.0,0.5598,0.787,-1125337.0,0.5453,2.596,145,46,trend,0.59
down,1741146360000,2025-03-05T03:46:00.000000000,2.48,-1.586,1,0.79,879936.0,0.4707,1.888,0.0045,-0.000109,0.299,77207.0,0.5519,-1.26,122432.0,0.4815,-0.973,1087598.0,0.4743,-0.949,11485.0,0.5469,-2.735,-1,13,trend,-1.628
up,1741171020000,2025-03-05T10:37:00.000000000,2.54,1.501,1,1.59,494036.0,0.5162,1.744,0.0048,-4.3e-05,-0.434,224337.0,0.5266,-1.077,-1145328.0,0.4582,-1.227,-1763689.0,0.5087,-1.384,-1424820.0,0.5083,0.17,8,-1,whipsaw,3.478
down,1741188120000,2025-03-05T15:22:00.000000000,2.44,-1.547,1,2.56,-164500.0,0.4685,2.223,0.0066,-4.3e-05,-0.234,302844.0,0.4405,0.258,748478.0,0.4639,0.217,552780.0,0.4294,0.537,692159.0,0.4655,-0.796,43,-1,whipsaw,-7.309
up,1741193820000,2025-03-05T16:57:00.000000000,2.47,1.741,1,0.82,-717210.0,0.5225,1.726,0.0051,-0.000131,-0.158,-315059.0,0.5381,0.036,-122188.0,0.5248,0.388,-835829.0,0.5318,0.473,-1789551.0,0.5124,1.833,-1,36,trend,4.244
up,1741225560000,2025-03-06T01:46:00.000000000,2.53,1.54,1,1.65,1333.0,0.5448,1.54,0.003,-8e-06,-0.103,-1025767.0,0.5802,-0.916,-611668.0,0.562,-0.442,-59505.0,0.5877,-0.897,-109053.0,0.5707,0.92,10,-1,whipsaw,-1.612
up,1741250400000,2025-03-06T08:40:00.000000000,2.57,1.523,2,2.68,802792.0,0.5131,1.759,0.0031,-4.2e-05,-0.113,-628903.0,0.5048,0.316,1412028.0,0.498,-0.717,-493616.0,0.4389,0.619,-493171.0,0.4807,3.081,28,9,trend,-2.63
down,1741263420000,2025-03-06T12:17:00.000000000,2.58,-1.5,1,1.86,-1984472.0,0.3892,1.602,0.0041,-4.2e-05,-0.202,-1153941.0,0.4465,0.326,-354148.0,0.5073,0.5,-472957.0,0.5313,0.45,83562.0,0.5124,-1.302,73,139,whipsaw,1.907
up,1741267980000,2025-03-06T13:33:00.000000000,2.62,1.63,2,2.05,791886.0,0.5043,1.736,0.006,-4.2e-05,-0.267,-423836.0,0.547,-0.419,-304487.0,0.4955,-1.006,-940978.0,0.4652,-2.259,-250310.0,0.4946,0.583,25,-1,whipsaw,-3.505
down,1741280340000,2025-03-06T16:59:00.000000000,2.58,-1.567,1,2.92,-323406.0,0.4182,2.22,0.0049,-4e-06,-0.738,24253.0,0.469,-0.078,1040486.0,0.5202,-0.198,722390.0,0.4848,-0.959,1712246.0,0.4787,-1.883,169,37,trend,5.518
up,1741290480000,2025-03-06T19:48:00.000000000,2.61,1.749,1,1.17,-268241.0,0.5602,1.779,0.0045,-4e-06,-0.257,-772983.0,0.3983,-0.506,-591018.0,0.4756,-0.119,51869.0,0.5251,-0.384,113020.0,0.5001,0.767,12,-1,whipsaw,-5.633
down,1741306500000,2025-03-07T00:15:00.000000000,2.56,-1.709,1,2.81,118676.0,0.436,1.525,0.0055,-8.6e-05,-3.747,1914216.0,0.394,-4.731,512300.0,0.4475,-5.474,1288050.0,0.4971,-4.63,1449178.0,0.5213,-7.263,-1,1,trend,7.216
up,1741310400000,2025-03-07T01:20:00.000000000,2.47,2.111,2,7.43,-1725675.0,0.5503,2.057,0.0087,-8.6e-05,0.526,-2959170.0,0.5602,-0.239,-3531095.0,0.5232,0.607,-2461690.0,0.5387,-0.247,-2783682.0,0.5311,2.164,-1,21,trend,-3.633
up,1741339320000,2025-03-07T09:22:00.000000000,2.55,1.58,1,1.25,-240555.0,0.5778,1.729,0.0049,-0.000109,0.051,11948.0,0.5898,0.106,474839.0,0.5352,0.0,-766696.0,0.5244,-0.141,154018.0,0.5039,0.943,147,-1,whipsaw,-7.384
up,1741354200000,2025-03-07T13:30:00.000000000,2.55,1.698,2,2.1,150847.0,0.5357,1.636,0.0055,-0.000109,-0.67,-547301.0,0.4898,-0.243,50926.0,0.5148,-1.281,127893.0,0.4855,-1.783,1135667.0,0.5029,0.204,0,-1,whipsaw,-7.869
down,1741361460000,2025-03-07T15:31:00.000000000,2.5,-1.577,2,2.49,1007804.0,0.4633,2.034,0.0053,-0.000109,-0.487,309327.0,0.4583,0.032,-438507.0,0.5132,-0.176,74658.0,0.489,-3.484,7267959.0,0.4972,-4.751,19,39,whipsaw,5.75
up,1741369680000,2025-03-07T17:48:00.000000000,2.45,1.641,2,2.18,-173786.0,0.5876,2.027,0.0045,-3.7e-05,0.801,-559871.0,0.5375,0.417,-2258879.0,0.4937,0.744,-1854603.0,0.4943,2.297,-1698444.0,0.4906,3.614,198,6,trend,-4.243
down,1741376880000,2025-03-07T19:48:00.000000000,2.46,-1.596,4,1.27,-838855.0,0.3735,1.866,0.0036,-3.7e-05,0.675,-10303.0,0.4563,1.0,257375.0,0.5783,0.87,1208143.0,0.5501,1.277,-840651.0,0.535,-4.713,8,78,whipsaw,4.306
up,1741380720000,2025-03-07T20:52:00.000000000,2.52,1.685,2,1.52,-2841508.0,0.5408,1.668,0.0064,-3.7e-05,-2.304,1169068.0,0.4945,-4.377,2265564.0,0.4861,-3.35,3856877.0,0.5194,-4.334,3460115.0,0.4885,0.5,4,-1,whipsaw,-6.994
down,1741397520000,2025-03-08T01:32:00.000000000,2.36,-1.912,1,0.76,-296283.0,0.4226,1.559,0.0041,-5.9e-05,-0.216,59099.0,0.4086,-0.199,171118.0,0.4706,0.551,167287.0,0.5235,0.17,106186.0,0.5,-1.352,-1,102,trend,0.763
down,1741427580000,2025-03-08T09:53:00.000000000,2.32,-1.661,1,0.87,-689203.0,0.4341,1.439,0.0041,-1.7e-05,0.418,256439.0,0.4786,0.884,423138.0,0.5829,0.69,247072.0,0.5135,0.871,-1110220.0,0.5267,-0.815,16,-1,whipsaw,0.465
down,1741451160000,2025-03-08T16:26:00.000000000,2.31,-1.569,1,1.61,561069.0,0.4168,1.788,0.0032,-1.8e-05,0.091,262536.0,0.3951,0.786,-169256.0,0.525,0.955,-300057.0,0.526,1.188,-1422655.0,0.5178,-0.169,28,-1,whipsaw,6.256
down,1741514940000,2025-03-09T10:09:00.000000000,2.27,-1.957,1,6.77,-422496.0,0.4208,1.684,0.0033,-1e-06,0.353,2006071.0,0.3964,-0.009,1856340.0,0.4286,-0.48,1667034.0,0.429,-0.3,2427199.0,0.4495,-4.645,-1,41,trend,3.755
down,1741528620000,2025-03-09T13:57:00.000000000,2.2,-1.533,4,7.45,910426.0,0.418,1.722,0.0041,-1e-06,-0.432,2301629.0,0.4733,-0.323,577088.0,0.4829,-0.009,-216438.0,0.4879,0.546,-1608500.0,0.5161,-3.924,76,2,trend,2.212
up,1741544880000,2025-03-09T18:28:00.000000000,2.14,1.606,2,8.14,1538061.0,0.4796,1.709,0.0083,1.9e-05,-0.271,-671651.0,0.5136,-1.379,-2203019.0,0.4524,-0.477,-3281976.0,0.4723,-0.14,-3383436.0,0.4838,3.166,8,64,whipsaw,-4.311
down,1741558380000,2025-03-09T22:13:00.000000000,2.15,-1.614,1,2.34,588535.0,0.475,1.768,0.0047,1.9e-05,0.27,362792.0,0.4104,-0.214,606596.0,0.4045,0.247,1617247.0,0.4176,-0.228,3344305.0,0.4395,-2.722,157,53,trend,3.561
down,1741566600000,2025-03-10T00:30:00.000000000,2.11,-1.563,1,1.93,-735191.0,0.4725,1.921,0.0042,-0.000163,-0.673,-809917.0,0.3096,2.091,-414068.0,0.382,2.622,-1312896.0,0.4618,2.688,-1529149.0,0.4629,-1.048,13,9,trend,6.111
up,1741568220000,2025-03-10T00:57:00.000000000,2.17,1.783,1,4.48,-1349009.0,0.4366,1.938,0.0053,-0.000163,0.668,-3482.0,0.5761,0.023,-1109767.0,0.5059,-0.254,-280015.0,0.4767,0.014,-10863.0,0.495,1.484,-1,5,trend,-11.138
down,1741596120000,2025-03-10T08:42:00.000000000,2.14,-1.539,2,1.45,-718981.0,0.4433,2.43,0.0024,-3.9e-05,0.309,1036822.0,0.3585,-0.112,812789.0,0.3881,0.627,2809212.0,0.4482,3.032,-1880058.0,0.4572,-0.388,33,-1,whipsaw,1.085
up,1741598160000,2025-03-10T09:16:00.000000000,2.2,2.693,1,1.29,1609807.0,0.4825,1.566,0.0036,-3.9e-05,1.823,-3450574.0,0.5217,0.882,-3841307.0,0.486,0.055,-3400031.0,0.4558,-1.182,-1644805.0,0.4417,2.791,0,1,whipsaw,-2.605
up,1741608240000,2025-03-10T12:04:00.000000000,2.23,1.631,1,1.72,-334877.0,0.5074,1.802,0.0038,-3.9e-05,-0.476,-25761.0,0.5493,-0.715,-313776.0,0.5262,-1.55,-981851.0,0.4762,-1.119,-475877.0,0.4826,0.036,8,-1,whipsaw,-3.191
down,1741610040000,2025-03-10T12:34:00.000000000,2.19,-1.55,6,1.16,-981851.0,0.4762,1.765,0.0044,-3.9e-05,0.393,308948.0,0.4454,0.283,269185.0,0.5157,0.438,505974.0,0.4843,-1.159,-380950.0,0.491,-5.651,-1,58,trend,2.711
up,1741620180000,2025-03-10T15:23:00.000000000,2.11,1.644,1,2.37,-2709612.0,0.5546,2.277,0.0047,-3.9e-05,0.005,-867452.0,0.5894,1.485,-1178167.0,0.5614,0.771,-2601490.0,0.5031,-0.799,-3361277.0,0.4512,1.83,76,11,trend,-0.151
up,1741628160000,2025-03-10T17:36:00.000000000,2.09,1.558,3,2.68,-1978965.0,0.4636,1.941,0.0054,-0.000152,-0.503,-219921.0,0.3557,-2.248,-181205.0,0.4207,-1.424,920518.0,0.4974,-2.191,463092.0,0.4648,0.489,9,-1,whipsaw,-0.019
down,1741645920000,2025-03-10T22:32:00.000000000,2.04,-1.691,2,0.91,-661456.0,0.4704,1.606,0.0043,-0.000152,0.0,425436.0,0.4657,0.191,1135498.0,0.4449,0.867,919490.0,0.4785,-0.025,1371687.0,0.47,-6.89,31,81,whipsaw,-7.527
up,1741656780000,2025-03-11T01:33:00.000000000,1.96,1.794,1,3.6,1414281.0,0.5149,1.714,0.0121,-0.000136,1.37,-874514.0,0.5269,1.884,-2550206.0,0.5173,3.178,-3042575.0,0.5241,4.013,-6767040.0,0.5059,8.551,-1,3,trend,12.447
up,1741667280000,2025-03-11T04:28:00.000000000,2.08,1.521,2,1.14,-966800.0,0.5044,1.708,0.0038,-0.000136,-0.005,-13608.0,0.5058,-0.472,94334.0,0.476,-0.12,639930.0,0.519,1.334,116452.0,0.5197,2.683,-1,43,trend,3.758
down,1741671960000,2025-03-11T05:46:00.000000000,2.09,-1.75,1,1.68,49365.0,0.4851,2.38,0.0033,-0.000136,0.311,-154868.0,0.6411,0.718,263402.0,0.6355,1.173,586944.0,0.5774,0.507,470710.0,0.505,-0.388,17,-1,whipsaw,-3.825
up,1741680720000,2025-03-11T08:12:00.000000000,2.12,1.559,1,0.84,517422.0,0.5375,1.606,0.0049,-7.1e-05,-0.005,297908.0,0.4606,0.302,-40225.0,0.5022,-0.123,1167531.0,0.469,1.006,1153335.0,0.4912,2.258,-1,59,trend,4.696
up,1741693440000,2025-03-11T11:44:00.000000000,2.16,1.564,3,0.8,-738126.0,0.473,1.87,0.0025,-7.1e-05,-0.277,-206891.0,0.4807,-0.319,-182253.0,0.4789,-1.701,-632172.0,0.4376,-2.182,-2324469.0,0.4313,0.079,27,-1,whipsaw,1.701
down,1741695240000,2025-03-11T12:14:00.000000000,2.13,-1.701,1,1.01,-632172.0,0.4376,2.264,0.0026,-7.1e-05,0.047,-565142.0,0.418,0.475,-442604.0,0.4813,-0.489,-1692297.0,0.4252,-1.811,-2236561.0,0.4744,-3.302,74,33,trend,-3.579
down,1741703280000,2025-03-11T14:28:00.000000000,2.09,-1.553,1,2.36,382668.0,0.4846,2.035,0.0064,-7.1e-05,0.144,749944.0,0.4904,-0.753,1139660.0,0.4987,-0.436,498415.0,0.5029,1.29,1258302.0,0.5115,-1.429,41,10,trend,-4.723
down,1741714440000,2025-03-11T17:34:00.000000000,2.09,-1.625,1,0.95,-1496544.0,0.4544,1.808,0.0034,4.1e-05,0.182,474770.0,0.5241,0.967,-839787.0,0.5921,1.647,-1094296.0,0.5592,3.467,-1444709.0,0.5316,-0.393,12,-1,whipsaw,-6.556
up,1741716240000,2025-03-11T18:04:00.000000000,2.12,1.647,2,1.06,-1094296.0,0.5592,1.785,0.0024,4.1e-05,0.344,-156130.0,0.5017,1.225,706386.0,0.5348,1.79,-350413.0,0.5046,2.822,-1185982.0,0.5071,4.297,-1,8,trend,4.193
up,1741739580000,2025-03-12T00:33:00.000000000,2.2,1.577,2,1.04,-527186.0,0.5854,1.934,0.0043,-4.7e-05,-0.2,315762.0,0.6405,-0.956,158416.0,0.4798,-0.619,188631.0,0.478,0.501,1270824.0,0.5226,2.253,17,70,whipsaw,1.734
down,1741747320000,2025-03-12T02:42:00.000000000,2.2,-1.797,2,1.27,-4126521.0,0.4549,1.736,0.0039,-4.7e-05,-0.481,542110.0,0.4826,-0.368,1264881.0,0.4855,-0.086,1527045.0,0.5188,-0.654,1617275.0,0.4713,-2.679,-1,63,trend,-1.898
up,1741767000000,2025-03-12T08:10:00.000000000,2.2,1.573,1,0.93,83404.0,0.5725,2.037,0.0039,-2e-05,0.49,154893.0,0.5549,0.082,-1225873.0,0.4787,0.844,340464.0,0.4862,0.368,260681.0,0.4696,1.575,151,27,trend,1.684
down,1741771140000,2025-03-12T09:19:00.000000000,2.2,-1.543,1,1.93,530663.0,0.4104,2.5,0.0033,-2e-05,-0.091,-296096.0,0.4471,0.246,-1820286.0,0.4987,0.469,-1874048.0,0.5131,-0.064,-1485783.0,0.4821,-1.266,167,93,trend,-2.241
up,1741782600000,2025-03-12T12:30:00.000000000,2.26,2.244,1,2.9,694710.0,0.4668,1.562,0.0042,-2e-05,-0.354,-1020448.0,0.5052,-1.256,-1193523.0,0.4899,-0.164,-1174908.0,0.5268,-1.725,-1220724.0,0.4707,0.734,0,-1,whipsaw,2.429
down,1741786200000,2025-03-12T13:30:00.000000000,2.22,-1.564,3,2.15,-45816.0,0.4194,1.732,0.0069,-2e-05,0.338,235568.0,0.521,-0.027,285069.0,0.4837,-1.522,265745.0,0.4972,-1.648,1631704.0,0.5119,-3.962,159,19,trend,-4.912
up,1741793820000,2025-03-12T15:37:00.000000000,2.17,1.635,1,2.28,484574.0,0.5354,1.911,0.0033,-2e-05,-0.097,350382.0,0.5737,0.221,731443.0,0.5206,2.0,2281374.0,0.4922,2.212,-627875.0,0.501,3.909,-1,20,trend,5.563
up,1741859340000,2025-03-13T09:49:00.000000000,2.29,1.831,1,3.0,873215.0,0.5285,1.502,0.0026,-2e-05,-0.634,525754.0,0.4852,-0.586,299733.0,0.4807,-1.431,-715457.0,0.4778,-0.779,-1257721.0,0.5239,2.677,18,157,whipsaw,1.361
up,1741868760000,2025-03-13T12:26:00.000000000,2.32,1.792,3,2.99,-2016.0,0.5075,1.587,0.005,-2e-05,-0.337,-399778.0,0.4353,-0.505,-1070053.0,0.4747,-1.351,307776.0,0.4628,0.911,3804339.0,0.4963,1.286,9,4,trend,-0.039
down,1741873980000,2025-03-13T13:53:00.000000000,2.29,-1.939,1,4.84,-1417169.0,0.4695,1.772,0.0086,-2e-05,-0.267,365323.0,0.4005,1.229,1122450.0,0.5115,1.369,1268003.0,0.4868,2.166,2482670.0,0.4702,-3.089,12,173,whipsaw,-1.925
down,1741881240000,2025-03-13T15:54:00.000000000,2.28,-1.507,2,3.1,1649488.0,0.4269,1.941,0.0034,-2e-05,0.324,403001.0,0.4563,0.675,443071.0,0.4971,0.21,45197.0,0.5068,-0.925,2758386.0,0.4772,-2.868,11,52,whipsaw,-3.416
up,1741890420000,2025-03-13T18:27:00.000000000,2.26,1.631,1,2.16,623644.0,0.5881,1.938,0.0037,-6.6e-05,0.106,746972.0,0.6981,0.466,424877.0,0.6051,0.173,-57160.0,0.5063,-0.816,-1322934.0,0.4653,0.829,71,-1,whipsaw,3.791
down,1741899540000,2025-03-13T20:59:00.000000000,2.22,-1.608,1,1.15,-429287.0,0.4801,1.611,0.0028,-6.6e-05,0.288,-203587.0,0.5333,0.122,-186242.0,0.5637,0.455,-366955.0,0.5563,0.743,-1050132.0,0.5615,-0.126,67,-1,whipsaw,-5.69
up,1741964760000,2025-03-14T15:06:00.000000000,2.37,1.626,1,6.28,-208204.0,0.5399,1.878,0.0047,-3.9e-05,-0.013,-1287010.0,0.5174,0.291,-751285.0,0.5275,0.595,-1357816.0,0.513,-0.764,-1062309.0,0.4762,0.895,86,-1,whipsaw,2.863
up,1742013360000,2025-03-15T04:36:00.000000000,2.47,1.555,1,2.85,1791175.0,0.5849,1.749,0.0041,4e-06,-0.194,-323044.0,0.4275,-0.543,-1253710.0,0.4675,-0.847,-859307.0,0.5063,-0.818,554184.0,0.4932,0.263,52,-1,whipsaw,-3.395
down,1742023500000,2025-03-15T07:25:00.000000000,2.38,-1.54,1,2.87,841067.0,0.4676,1.468,0.0032,4e-06,-0.046,618554.0,0.4131,0.374,68350.0,0.4419,0.812,-1116712.0,0.5406,0.82,-1313132.0,0.5334,-0.193,42,-1,whipsaw,0.118
down,1742124180000,2025-03-16T11:23:00.000000000,2.31,-1.511,1,5.88,-2159368.0,0.4132,1.593,0.0058,1.6e-05,0.017,830301.0,0.4193,-0.657,630781.0,0.399,-0.868,580417.0,0.4431,-0.173,527457.0,0.5214,-2.018,-1,14,trend,-1.201
up,1742141280000,2025-03-16T16:08:00.000000000,2.33,1.749,1,2.59,206924.0,0.553,1.612,0.0027,1.2e-05,-0.287,-7386151.0,0.5928,-0.026,-6470118.0,0.5116,-0.24,-6000621.0,0.4745,-0.214,-6632574.0,0.477,0.797,99,-1,whipsaw,0.947
down,1742280300000,2025-03-18T06:45:00.000000000,2.25,-1.505,1,4.18,-607032.0,0.48,2.115,0.0025,-4.2e-05,-0.169,-531292.0,0.4717,0.2,1436534.0,0.4741,1.164,3718683.0,0.5341,1.488,3109650.0,0.5082,-0.373,21,-1,whipsaw,-1.421
up,1742282460000,2025-03-18T07:21:00.000000000,2.28,1.562,1,3.93,3964106.0,0.5567,1.714,0.0034,-4.2e-05,0.167,-249086.0,0.6179,0.088,-622092.0,0.4879,0.096,-683293.0,0.4835,0.25,145880.0,0.468,1.021,-1,75,trend,0.416
up,1742384220000,2025-03-19T11:37:00.000000000,2.34,1.525,4,3.38,-458899.0,0.476,1.872,0.0024,-4.5e-05,0.06,1644217.0,0.5827,-0.26,2852229.0,0.4698,-0.563,2856314.0,0.4479,-0.764,2377453.0,0.464,10.551,47,88,whipsaw,6.189
down,1742392140000,2025-03-19T13:49:00.000000000,2.53,-2.24,5,36.49,7129102.0,0.5088,1.8,0.0132,-4.5e-05,-0.225,298910.0,0.5085,1.474,-374526.0,0.4907,1.458,2376435.0,0.4648,-0.909,710215.0,0.4772,-2.466,14,3,trend,1.063
up,1742410560000,2025-03-19T18:56:00.000000000,2.52,1.587,1,4.59,982854.0,0.5343,1.66,0.0067,-3e-05,-0.063,670254.0,0.5035,0.139,-663698.0,0.5352,-0.948,249500.0,0.5029,-1.388,1363821.0,0.5167,1.808,26,228,whipsaw,-3.462
down,1742431140000,2025-03-20T00:39:00.000000000,2.51,-1.638,1,2.54,3393591.0,0.4437,2.094,0.003,4.1e-05,-0.068,-252045.0,0.3559,-0.048,-153528.0,0.4485,-0.024,97414.0,0.4352,-0.685,8699.0,0.4516,-2.071,-1,97,trend,3.274
down,1742466000000,2025-03-20T10:20:00.000000000,2.47,-1.673,1,1.22,573365.0,0.4466,1.867,0.0032,4.9e-05,0.506,-809590.0,0.4582,0.365,-1759758.0,0.4837,0.579,-1935190.0,0.4984,0.186,-1695965.0,0.4623,-0.081,79,-1,whipsaw,3.382
down,1742484960000,2025-03-20T15:36:00.000000000,2.45,-1.56,2,1.88,-2293678.0,0.458,1.691,0.0051,4.9e-05,0.139,594667.0,0.5841,0.053,-13012.0,0.5811,-0.233,421211.0,0.554,-1.095,2233205.0,0.5084,-2.43,-1,49,trend,2.806
up,1742825700000,2025-03-24T14:15:00.000000000,2.49,1.506,1,3.24,-779611.0,0.5579,1.813,0.0021,8.8e-05,0.519,-210028.0,0.6493,-0.651,-350691.0,0.5064,-0.446,-868322.0,0.5258,-0.635,-1095647.0,0.5134,0.692,47,-1,whipsaw,-1.749
down,1743082620000,2025-03-27T13:37:00.000000000,2.31,-1.502,1,3.38,167611.0,0.4097,1.816,0.004,-0.000136,-0.061,-68277.0,0.4534,0.338,182653.0,0.4316,0.758,-697210.0,0.4711,1.455,-942305.0,0.5129,-0.303,24,-1,whipsaw,4.183
down,1743136800000,2025-03-28T04:40:00.000000000,2.27,-1.618,1,4.67,-1227094.0,0.4711,1.637,0.0023,3e-05,-0.171,-401110.0,0.4802,-0.374,910645.0,0.4753,-0.101,266065.0,0.5181,-0.739,330133.0,0.5284,-2.532,-1,67,trend,4.625
down,1743170880000,2025-03-28T14:08:00.000000000,2.18,-1.548,1,3.33,-439502.0,0.4347,1.873,0.0034,-9e-06,-0.041,-1060138.0,0.3517,0.734,698790.0,0.4012,0.793,1023751.0,0.4526,0.298,805882.0,0.4949,-1.265,32,161,whipsaw,2.595
down,1743217680000,2025-03-29T03:08:00.000000000,2.14,-1.737,1,1.9,167962.0,0.3687,1.567,0.003,-0.00018,-0.294,630621.0,0.4627,0.448,-63459.0,0.5393,0.788,-2873.0,0.516,1.684,-765065.0,0.519,-0.905,32,-1,whipsaw,-2.547
up,1743219720000,2025-03-29T03:42:00.000000000,2.17,1.722,1,1.24,-654315.0,0.5319,1.563,0.0028,-0.00018,0.125,-656755.0,0.502,0.374,-544867.0,0.4919,0.493,-1248082.0,0.5236,-0.24,-2624540.0,0.464,0.826,103,-1,whipsaw,1.052
down,1743241440000,2025-03-29T09:44:00.000000000,2.09,-1.589,1,2.94,-241971.0,0.532,1.794,0.0031,-1.9e-05,0.377,299579.0,0.4485,0.497,673644.0,0.4595,0.344,882741.0,0.4419,-0.511,3472718.0,0.4553,-1.562,198,72,trend,-4.199
up,1743250320000,2025-03-29T12:12:00.000000000,2.1,1.593,1,2.31,164260.0,0.546,1.653,0.0033,-1.9e-05,-0.062,-1044954.0,0.5057,0.424,-2871684.0,0.5718,-0.057,-2616324.0,0.531,1.101,-4142167.0,0.527,2.006,-1,51,trend,2.859
down,1743268500000,2025-03-29T17:15:00.000000000,2.08,-1.53,1,2.2,-294663.0,0.3929,1.806,0.0036,-7.7e-05,0.13,300615.0,0.4405,1.477,-311414.0,0.5642,1.289,-2332416.0,0.5329,2.049,-2922597.0,0.5229,-0.346,12,-1,whipsaw,-2.617
up,1743269640000,2025-03-29T17:34:00.000000000,2.13,1.63,1,2.96,529567.0,0.4934,1.606,0.0041,-7.7e-05,-0.652,472869.0,0.5133,-1.163,-2021002.0,0.4958,-0.806,-1753320.0,0.5114,-0.436,-2223268.0,0.5078,0.155,4,-1,whipsaw,-0.113
up,1743296760000,2025-03-30T01:06:00.000000000,2.15,1.514,1,1.19,-1420874.0,0.5545,1.846,0.0022,-5.9e-05,-0.102,750377.0,0.5345,-0.311,977242.0,0.4572,0.558,-5497.0,0.5419,1.106,785462.0,0.5779,2.881,-1,56,trend,-2.17
down,1743372420000,2025-03-30T22:07:00.000000000,2.11,-1.52,1,2.32,-352038.0,0.4231,1.451,0.003,-4.2e-05,0.104,-694518.0,0.5259,0.507,237270.0,0.5095,1.7,214985.0,0.5463,0.852,-1658955.0,0.4528,-1.459,22,147,whipsaw,1.099
up,1743374160000,2025-03-30T22:36:00.000000000,2.15,1.505,1,3.03,214985.0,0.5514,1.491,0.0032,-4.2e-05,0.06,-1340289.0,0.4282,-0.195,-2378912.0,0.4448,-0.93,-1873940.0,0.3702,-0.953,-1624608.0,0.4353,0.6,29,-1,whipsaw,-3.454
down,1743381060000,2025-03-31T00:31:00.000000000,2.1,-1.517,1,2.38,1629500.0,0.3953,1.699,0.0046,-0.000129,-0.561,519053.0,0.3148,-0.499,420745.0,0.4373,-0.342,3912841.0,0.4676,0.599,3143376.0,0.4666,-1.498,55,13,trend,0.414
up,1743384360000,2025-03-31T01:26:00.000000000,2.13,1.6,1,2.51,1324603.0,0.4954,1.617,0.0046,-0.000129,-0.569,-1016974.0,0.3827,-0.522,-865379.0,0.499,-0.672,-1096773.0,0.5029,-1.65,-1798379.0,0.529,0.174,40,-1,whipsaw,-2.228
down,1743391200000,2025-03-31T03:20:00.000000000,2.09,-1.504,1,1.77,1103809.0,0.5149,1.583,0.0027,-0.000129,0.254,164022.0,0.6142,-0.172,1015908.0,0.5874,-0.254,859372.0,0.5808,-0.483,2290000.0,0.5523,-1.445,124,238,whipsaw,-0.909
down,1743406440000,2025-03-31T07:34:00.000000000,2.06,-1.501,1,3.6,1147947.0,0.5405,1.966,0.0033,-0.000129,-0.044,16499.0,0.4541,0.024,864899.0,0.5384,0.607,1941276.0,0.5798,0.519,2106676.0,0.5379,-1.757,-1,136,trend,-1.51
up,1743417900000,2025-03-31T10:45:00.000000000,2.06,1.632,4,2.43,-1062852.0,0.5394,1.608,0.003,-0.000101,0.398,368315.0,0.5256,0.456,1152728.0,0.5054,0.005,-403776.0,0.5024,0.141,-633343.0,0.5141,2.871,-1,66,trend,4.646
down,1743428700000,2025-03-31T13:45:00.000000000,2.06,-1.772,1,2.57,-1924804.0,0.4817,2.089,0.0032,-0.000101,0.674,328614.0,0.6209,1.062,-65378.0,0.6155,2.333,-836609.0,0.5765,2.017,-1703873.0,0.5394,-0.131,8,-1,whipsaw,-4.098
down,1743442920000,2025-03-31T17:42:00.000000000,2.09,-1.559,1,1.02,-1134468.0,0.4444,1.572,0.0031,-0.000108,-0.278,107891.0,0.4178,0.249,-378204.0,0.4708,1.058,-409927.0,0.491,1.555,-994796.0,0.4795,-0.44,30,-1,whipsaw,-2.689
up,1743495960000,2025-04-01T08:26:00.000000000,2.12,1.554,1,2.38,-1026238.0,0.5111,1.671,0.0032,1e-06,0.433,-1013253.0,0.5547,0.584,-2719662.0,0.5067,1.836,-6148665.0,0.5141,2.391,-5989035.0,0.5201,3.549,-1,21,trend,-0.386
down,1743516600000,2025-04-01T14:10:00.000000000,2.12,-1.582,1,2.72,904217.0,0.4777,2.006,0.0038,1e-06,0.095,397386.0,0.5046,0.08,1219241.0,0.4997,0.539,824843.0,0.4996,1.669,-2393124.0,0.4898,-1.012,33,11,trend,0.279
up,1743519060000,2025-04-01T14:51:00.000000000,2.15,2.089,1,4.0,-830096.0,0.4791,1.764,0.0041,1e-06,0.014,-849430.0,0.5827,0.261,-2829123.0,0.527,0.946,-5146024.0,0.5097,0.872,-3516118.0,0.4698,1.729,205,23,trend,-1.105
up,1743579240000,2025-04-02T07:34:00.000000000,2.1,1.627,1,2.06,917023.0,0.5567,1.888,0.0022,2.8e-05,-0.086,-214066.0,0.6138,-0.29,-447386.0,0.5085,0.366,-988120.0,0.5423,0.746,-944082.0,0.5012,1.525,-1,93,trend,-2.994
up,1743607920000,2025-04-02T15:32:00.000000000,2.16,1.759,1,4.05,-553709.0,0.5393,1.889,0.003,-0.000102,0.43,-5581039.0,0.5735,0.823,-3457348.0,0.5323,0.559,-4353771.0,0.5058,0.444,-4029145.0,0.4788,1.46,120,1,trend,-7.676
down,1743615720000,2025-04-02T17:42:00.000000000,2.14,-1.57,1,3.53,-1131884.0,0.482,1.785,0.003,5.1e-05,0.234,-113329.0,0.4624,0.182,334464.0,0.537,0.168,-472833.0,0.5421,0.543,-421506.0,0.5218,-2.466,135,166,whipsaw,5.423
up,1743624840000,2025-04-02T20:14:00.000000000,2.19,1.722,1,5.45,-1647467.0,0.4715,1.443,0.0046,5.1e-05,1.052,-2112552.0,0.5173,-2.489,-4216510.0,0.4968,-3.568,-3556002.0,0.4955,-4.14,126409.0,0.4788,2.155,0,2,whipsaw,-5.988
down,1743625800000,2025-04-02T20:30:00.000000000,2.12,-1.566,3,17.6,-4432292.0,0.4777,1.696,0.0136,5.1e-05,0.198,1087337.0,0.5062,-0.631,2682250.0,0.4991,0.16,3465713.0,0.5066,-1.408,6061100.0,0.4788,-6.591,-1,12,trend,3.908
up,1743635580000,2025-04-02T23:13:00.000000000,2.02,1.519,2,7.7,-2882541.0,0.492,1.969,0.0054,5.1e-05,-0.193,439760.0,0.5346,0.015,782998.0,0.454,0.751,3710741.0,0.4753,0.721,3428919.0,0.4903,2.351,-1,66,trend,1.106
down,1743683940000,2025-04-03T12:39:00.000000000,2.01,-1.531,1,2.19,2530273.0,0.4662,1.669,0.0039,-0.0002,-0.793,-786282.0,0.3775,-0.872,542918.0,0.5023,-1.057,1620842.0,0.486,0.469,1542947.0,0.466,-2.303,-1,7,trend,-2.148
up,1743687000000,2025-04-03T13:30:00.000000000,2.01,2.043,1,1.96,-538763.0,0.4727,1.847,0.0032,-0.0002,0.184,616920.0,0.4669,-0.08,603813.0,0.4368,-0.045,2169512.0,0.4629,-0.219,4973563.0,0.4301,0.872,39,-1,whipsaw,2.51
down,1743691920000,2025-04-03T14:52:00.000000000,1.96,-1.742,1,1.67,294283.0,0.4262,1.875,0.0038,-0.0002,0.346,1746882.0,0.5938,0.514,1163656.0,0.4974,1.238,-22300.0,0.448,1.503,959747.0,0.4727,-0.158,19,-1,whipsaw,-6.729
up,1743705600000,2025-04-03T18:40:00.000000000,2.05,1.506,1,0.71,23159.0,0.4611,1.435,0.0038,-0.000218,-0.41,-771263.0,0.5387,-0.405,-1053079.0,0.4731,0.786,-1871233.0,0.5265,0.049,-2168908.0,0.501,1.249,-1,29,trend,3.586
down,1743762120000,2025-04-04T10:22:00.000000000,2.06,-1.509,1,2.16,-41554.0,0.506,1.995,0.0025,-7.7e-05,0.048,-1621940.0,0.5008,0.024,-2354073.0,0.5764,-0.621,-2603669.0,0.5478,-1.362,-411868.0,0.5332,-2.255,211,33,trend,-4.32
down,1743773580000,2025-04-04T13:33:00.000000000,2.05,-1.516,1,2.05,-1813810.0,0.4743,1.637,0.0041,-7.7e-05,-0.02,36701.0,0.4784,0.743,-249786.0,0.5259,2.956,-1733670.0,0.5473,3.22,-1800353.0,0.5608,-0.269,19,-1,whipsaw,-4.226
up,1743774900000,2025-04-04T13:55:00.000000000,2.1,2.077,2,3.01,-1431094.0,0.5178,1.441,0.0063,-7.7e-05,1.416,-1076210.0,0.6015,-0.661,-2724320.0,0.5492,-0.057,-290711.0,0.5796,-0.181,-1833770.0,0.5711,2.79,15,1,trend,1.046
up,1743788820000,2025-04-04T17:47:00.000000000,2.14,1.753,1,1.83,-42330.0,0.5091,1.702,0.0039,-4e-05,-0.154,-407034.0,0.5823,-0.005,18950.0,0.5226,-0.663,127818.0,0.4754,-0.696,1092225.0,0.4838,0.462,57,-1,whipsaw,-0.635
down,1743963540000,2025-04-06T18:19:00.000000000,2.02,-1.605,1,7.88,3887877.0,0.4526,1.936,0.0043,6e-06,-0.079,1327668.0,0.4891,-0.585,2667122.0,0.4931,-1.423,4132038.0,0.4762,-0.649,7026983.0,0.4783,-4.06,-1,25,trend,4.858
down,1743971700000,2025-04-06T20:35:00.000000000,1.97,-1.583,4,6.85,1620056.0,0.4435,1.701,0.0039,6e-06,0.198,-2309324.0,0.4742,-0.172,-418902.0,0.5019,-0.218,-1045654.0,0.4866,-0.02,-1413989.0,0.4941,-5.514,41,1,trend,1.694
up,1743973560000,2025-04-06T21:06:00.000000000,1.98,1.713,1,13.92,-1045654.0,0.4848,1.458,0.0099,6e-06,-0.298,-138109.0,0.4807,0.652,-1150068.0,0.522,-0.202,-368335.0,0.4966,-0.865,-593120.0,0.4761,0.946,51,-1,whipsaw,-2.989
up,1743983160000,2025-04-06T23:46:00.000000000,1.93,1.731,2,13.99,-3594109.0,0.507,1.695,0.0069,6e-06,-0.698,-486662.0,0.4433,-0.264,-659734.0,0.4797,-1.857,-1104143.0,0.4617,-2.42,1207918.0,0.5161,1.071,6,98,whipsaw,-1.872
down,1743993480000,2025-04-07T02:38:00.000000000,1.9,-1.706,5,2.54,1531025.0,0.5019,1.726,0.0036,-8.1e-05,-0.026,239540.0,0.4726,-0.068,-151301.0,0.4653,-0.663,1280324.0,0.4692,-4.255,1648225.0,0.4691,-11.833,-1,33,trend,-0.831
up,1743999660000,2025-04-07T04:21:00.000000000,1.83,1.542,1,3.79,1283376.0,0.5061,1.77,0.0048,-8.1e-05,-0.53,-538868.0,0.54,-1.551,-439477.0,0.4733,-1.639,2066908.0,0.4379,-1.442,768561.0,0.4517,0.213,11,-1,whipsaw,4.398
up,1744010040000,2025-04-07T07:14:00.000000000,1.68,1.587,3,13.88,-4829113.0,0.4748,1.954,0.0115,-8.1e-05,1.437,-2375836.0,0.5751,-0.333,-5391752.0,0.537,0.695,-6387336.0,0.5604,0.897,-11039728.0,0.5606,7.797,20,4,trend,10.297
down,1744017180000,2025-04-07T09:13:00.000000000,1.76,-2.041,1,3.21,-3013863.0,0.4537,1.746,0.0051,9.8e-05,-0.922,-886909.0,0.4365,0.353,-857314.0,0.5475,0.786,185810.0,0.5327,1.03,356740.0,0.5361,-0.985,31,-1,whipsaw,-6.718
down,1744025640000,2025-04-07T11:34:00.000000000,1.76,-1.789,1,1.5,-53307.0,0.4329,1.972,0.0037,9.8e-05,-0.278,890382.0,0.3768,-0.641,2107718.0,0.4325,0.131,2109005.0,0.4585,1.578,1677046.0,0.4628,-0.863,52,-1,whipsaw,-9.267
up,1744028880000,2025-04-07T12:28:00.000000000,1.8,1.809,3,1.15,1378711.0,0.4482,1.492,0.007,9.8e-05,0.401,-2075920.0,0.5401,-1.192,-1139625.0,0.4686,0.039,-2793609.0,0.5,-0.757,-2341588.0,0.5015,12.003,11,83,whipsaw,8.204
down,1744032900000,2025-04-07T13:35:00.000000000,1.78,-1.651,3,1.63,-782736.0,0.5368,1.898,0.0072,9.8e-05,-0.969,861747.0,0.537,0.8,571955.0,0.5008,6.044,-8325270.0,0.5047,5.222,-18752719.0,0.4959,-1.532,15,3,trend,-10.472
up,1744046160000,2025-04-07T17:16:00.000000000,1.89,1.633,1,1.39,3305872.0,0.4526,2.337,0.0049,-0.00033,-0.668,64932.0,0.3826,0.095,-272222.0,0.4563,1.782,-2652578.0,0.4851,1.315,-3232121.0,0.4681,3.431,-1,20,trend,-2.174
down,1744053060000,2025-04-07T19:11:00.000000000,1.89,-1.633,2,0.62,-321530.0,0.4179,1.952,0.005,-0.00033,0.445,-186449.0,0.5525,0.154,841091.0,0.5361,0.605,4902.0,0.4966,1.251,-249468.0,0.5024,-0.17,9,-1,whipsaw,2.275
up,1744054620000,2025-04-07T19:37:00.000000000,1.92,1.61,3,0.52,916875.0,0.5248,1.807,0.0038,-0.00033,-1.001,-404520.0,0.4409,-0.938,-817529.0,0.4706,-0.646,-761573.0,0.487,1.23,-1375074.0,0.4694,1.647,4,56,whipsaw,-5.274
down,1744068360000,2025-04-07T23:26:00.000000000,1.91,-1.526,2,0.44,-221322.0,0.5251,1.677,0.003,-0.00033,0.037,600267.0,0.5556,-0.356,1620111.0,0.5181,-0.796,818074.0,0.5214,-0.89,-753654.0,0.5189,-2.68,163,38,trend,6.087
up,1744075680000,2025-04-08T01:28:00.000000000,1.89,1.637,1,0.87,1673122.0,0.4579,1.783,0.0033,-0.00025,0.407,-849689.0,0.5717,1.225,-948050.0,0.5046,1.606,-1180052.0,0.5391,1.843,-1354030.0,0.5276,2.234,-1,9,trend,-8.762
down,1744089900000,2025-04-08T05:25:00.000000000,1.88,-1.568,1,0.5,-553053.0,0.4114,1.666,0.0029,-0.00025,-0.048,-240786.0,0.4214,0.223,148922.0,0.5111,0.356,105405.0,0.4928,-0.377,1147556.0,0.4574,-1.885,-1,81,trend,4.067
up,1744111800000,2025-04-08T11:30:00.000000000,1.92,1.559,2,1.23,428077.0,0.5047,1.699,0.0035,-0.000188,0.328,1191479.0,0.5219,0.983,1579858.0,0.5033,2.341,1985380.0,0.5251,1.166,3554373.0,0.5269,2.763,205,16,trend,-6.468
down,1744115880000,2025-04-08T12:38:00.000000000,1.93,-1.569,5,2.35,295765.0,0.4996,2.068,0.0035,-0.000188,-0.016,1637301.0,0.5039,0.958,1029500.0,0.5361,0.885,180114.0,0.4888,1.02,2136983.0,0.4702,-3.173,18,135,whipsaw,8.287
up,1744134780000,2025-04-08T17:53:00.000000000,1.86,1.892,1,4.27,-3676847.0,0.4796,2.092,0.0049,-0.000119,0.113,-1763670.0,0.5951,-0.28,-1574339.0,0.4978,0.387,-142179.0,0.5119,-0.28,-1573751.0,0.4977,1.238,74,37,trend,9.918
down,1744147140000,2025-04-08T21:19:00.000000000,1.81,-1.565,2,1.27,565357.0,0.506,1.717,0.0025,-0.000119,0.353,-151926.0,0.4985,-0.033,-984642.0,0.4725,0.574,-2415955.0,0.4952,0.055,-3383298.0,0.4846,-4.134,-1,75,trend,-14.566
up,1744158720000,2025-04-09T00:32:00.000000000,1.81,1.672,2,2.35,271129.0,0.5504,1.541,0.0068,9.5e-05,-0.905,-503793.0,0.5642,-1.495,-1379938.0,0.508,-1.926,-1586997.0,0.5274,-4.171,-1642868.0,0.4796,0.083,6,-1,whipsaw,11.786
down,1744159980000,2025-04-09T00:53:00.000000000,1.78,-1.501,1,1.35,-2324010.0,0.5397,1.775,0.0041,9.5e-05,0.27,406938.0,0.4872,-0.911,58891.0,0.492,-2.598,-1605160.0,0.4559,-0.028,-3849135.0,0.4797,-3.161,225,16,trend,-13.571
down,1744167840000,2025-04-09T03:04:00.000000000,1.76,-1.564,1,1.59,1167092.0,0.4211,1.724,0.0039,9.5e-05,-0.074,1696159.0,0.4074,-0.323,1654089.0,0.506,-0.454,3153375.0,0.4797,0.085,4275195.0,0.495,-1.299,69,26,trend,-13.787
up,1744171920000,2025-04-09T04:12:00.000000000,1.77,1.878,2,1.64,-245977.0,0.5275,1.781,0.0048,9.5e-05,0.44,-1361467.0,0.5838,-0.265,-1603590.0,0.5165,0.88,-2398770.0,0.5406,1.517,-1626508.0,0.5343,3.671,-1,26,trend,12.676
down,1744196940000,2025-04-09T11:09:00.000000000,1.79,-1.527,1,2.11,171839.0,0.4182,1.688,0.0038,-8.2e-05,0.552,255735.0,0.4945,-0.033,1073938.0,0.4454,-1.322,2419253.0,0.4715,-0.374,3698068.0,0.4945,-1.629,6,25,whipsaw,-11.501
up,1744203240000,2025-04-09T12:54:00.000000000,1.8,1.514,2,1.19,2182499.0,0.5485,1.629,0.0045,-8.2e-05,-0.499,-765001.0,0.4084,-0.593,-296876.0,0.4577,-0.748,-99549.0,0.4384,1.514,-1489898.0,0.4798,3.41,32,38,whipsaw,11.227
up,1744217940000,2025-04-09T16:59:00.000000000,1.86,1.57,4,1.4,-818271.0,0.4871,1.762,0.0036,-2.2e-05,1.052,-598037.0,0.5728,0.3,-3476763.0,0.4423,6.707,-15383575.0,0.4442,11.113,-15581382.0,0.4644,11.923,-1,5,trend,4.744
down,1744224780000,2025-04-09T18:53:00.000000000,2.02,-1.632,1,2.45,-731931.0,0.4329,1.71,0.008,-2.2e-05,-0.575,1336716.0,0.4243,-0.352,1734940.0,0.4841,0.976,3931963.0,0.4886,1.179,5967106.0,0.4682,-0.803,26,-1,whipsaw,3.131
down,1744245000000,2025-04-10T00:30:00.000000000,2.02,-1.547,1,1.01,1961512.0,0.3941,1.726,0.0034,4.7e-05,-0.119,1041462.0,0.5181,-0.509,2040017.0,0.4664,0.464,1678591.0,0.5161,-0.089,799740.0,0.5207,-2.643,-1,156,trend,2.86
down,1744254660000,2025-04-10T03:11:00.000000000,1.99,-1.509,1,0.86,-33384.0,0.5095,1.684,0.0021,4.7e-05,-0.311,-159617.0,0.4273,-0.487,92430.0,0.4983,0.136,-569559.0,0.5201,0.166,-1706336.0,0.5328,-1.029,137,9,trend,-0.131
up,1744288200000,2025-04-10T12:30:00.000000000,2.04,1.755,2,2.46,-2114157.0,0.529,2.135,0.0035,3e-06,-0.84,-992641.0,0.4883,-1.032,-748532.0,0.4932,-1.7,517373.0,0.4754,-0.875,245440.0,0.4903,0.486,4,-1,whipsaw,-1.012
down,1744290000000,2025-04-10T13:00:00.000000000,2.0,-1.7,1,2.4,517373.0,0.4754,2.03,0.0041,3e-06,-0.23,569204.0,0.484,-0.365,583219.0,0.4817,0.84,-271933.0,0.5057,-0.635,-353976.0,0.4662,-3.904,84,43,trend,0.01
down,1744297560000,2025-04-10T15:06:00.000000000,2.0,-1.54,1,1.17,-199992.0,0.4133,1.935,0.0035,3e-06,-0.16,478443.0,0.3957,-0.692,-1133908.0,0.4345,-3.112,-1444122.0,0.4436,-2.852,1181012.0,0.4702,-3.659,-1,18,trend,-0.05
up,1744335120000,2025-04-11T01:32:00.000000000,1.99,1.6,1,1.35,-545537.0,0.4818,1.72,0.0029,-0.000128,-0.055,-652912.0,0.5918,0.171,-855969.0,0.4752,0.0,-741173.0,0.4748,0.699,-1775359.0,0.4627,1.217,-1,162,trend,1.242
up,1744394520000,2025-04-11T18:02:00.000000000,2.05,1.741,1,3.62,838080.0,0.5462,1.85,0.0032,-2.9e-05,0.176,747244.0,0.4741,0.337,2368680.0,0.4268,0.523,3076634.0,0.4389,0.024,2975104.0,0.4539,0.924,-1,-1,partial,3.798
up,1744464420000,2025-04-12T13:27:00.000000000,2.1,1.52,1,4.08,-884131.0,0.5274,1.657,0.0029,3.4e-05,0.243,773529.0,0.5169,1.168,2292044.0,0.4786,2.628,3379399.0,0.4895,2.871,8945187.0,0.4747,4.254,-1,15,trend,2.971
up,1744537860000,2025-04-13T09:51:00.000000000,2.21,1.6,1,3.87,-118114.0,0.5499,1.637,0.0036,0.0001,0.679,-382486.0,0.5932,0.765,-1153855.0,0.5195,-0.371,-838791.0,0.4888,0.457,-541754.0,0.4848,1.706,117,9,trend,-3.946
down,1744540200000,2025-04-13T10:30:00.000000000,2.2,-1.843,3,5.86,-1652624.0,0.4672,1.798,0.0045,0.0001,0.623,-999286.0,0.414,0.364,-90250.0,0.4058,0.873,579361.0,0.4627,0.923,2164480.0,0.4743,-2.987,31,110,whipsaw,2.578
down,1744573260000,2025-04-13T19:41:00.000000000,2.1,-2.291,1,4.36,-2745853.0,0.4503,1.909,0.0037,6.8e-05,0.143,-3748512.0,0.4759,0.994,-5110303.0,0.4532,1.408,-5675578.0,0.4902,0.566,-4986457.0,0.4678,-1.065,9,200,whipsaw,-2.935
up,1744575300000,2025-04-13T20:15:00.000000000,2.14,1.572,1,4.06,-2376527.0,0.5051,1.657,0.007,6.8e-05,-0.201,733752.0,0.458,-0.313,951555.0,0.4249,-1.282,1668584.0,0.438,-1.688,942819.0,0.4596,0.187,23,-1,whipsaw,0.664
up,1744597860000,2025-04-14T02:31:00.000000000,2.17,1.95,1,1.64,-178106.0,0.603,1.881,0.0026,5.2e-05,-0.074,-797219.0,0.5245,-0.507,-941051.0,0.52,-0.908,-932638.0,0.5438,-1.193,-275254.0,0.5676,0.475,29,-1,whipsaw,-2.064
down,1744638360000,2025-04-14T13:46:00.000000000,2.13,-1.522,1,2.55,629371.0,0.4541,1.764,0.0036,-5e-06,0.432,-460104.0,0.5714,0.291,-1173100.0,0.5566,0.569,-1717671.0,0.5285,1.739,-2822333.0,0.5278,-1.053,38,145,whipsaw,-2.171
down,1744645740000,2025-04-14T15:49:00.000000000,2.11,-1.601,1,2.73,492125.0,0.4606,1.864,0.0041,-5e-06,0.208,149792.0,0.4988,0.331,312610.0,0.5357,0.492,781545.0,0.5212,1.235,-375201.0,0.5321,-0.397,53,-1,whipsaw,-0.903
up,1744708140000,2025-04-15T09:09:00.000000000,2.18,1.568,1,3.41,1592641.0,0.5418,1.509,0.0027,8.8e-05,-0.449,-328767.0,0.4878,-0.298,-380517.0,0.5134,-0.719,-259804.0,0.5037,-0.825,1192101.0,0.5258,0.06,27,-1,whipsaw,-4.837
down,1744726800000,2025-04-15T14:20:00.000000000,2.14,-1.747,1,4.06,-1454036.0,0.4862,1.931,0.0029,8.8e-05,-0.075,-675717.0,0.4574,-0.154,791184.0,0.5036,0.14,-956699.0,0.5097,0.369,108974.0,0.5,-1.792,-1,183,trend,2.726
up,1744792800000,2025-04-16T08:40:00.000000000,2.07,1.53,1,3.31,-2524745.0,0.5047,1.827,0.0033,-9.1e-05,0.082,-1744613.0,0.5135,0.014,-1609560.0,0.4907,0.425,-1816612.0,0.5048,0.3,-1670535.0,0.4676,1.164,-1,202,trend,1.43
down,1744825380000,2025-04-16T17:43:00.000000000,2.08,-1.709,1,3.63,-156864.0,0.4599,1.92,0.0038,-0.00012,-0.193,-2390211.0,0.4743,-1.084,-2221580.0,0.4761,0.698,-3612283.0,0.4852,-0.096,-4269844.0,0.4991,-1.411,27,8,trend,-0.713
up,1744827900000,2025-04-16T18:25:00.000000000,2.09,1.725,2,4.3,-1518702.0,0.5086,1.748,0.0062,-0.00012,-0.057,-277566.0,0.6052,-0.483,-529562.0,0.5364,-0.32,-770270.0,0.542,-1.032,49869.0,0.4985,1.209,17,91,whipsaw,0.282
down,1744917720000,2025-04-17T19:22:00.000000000,2.05,-1.633,1,3.63,20336.0,0.5215,1.713,0.0021,-2.4e-05,0.424,2934448.0,0.5669,0.258,4218562.0,0.5722,0.604,6346979.0,0.5751,0.988,6417383.0,0.5632,-0.092,42,-1,whipsaw,-1.324
up,1745195400000,2025-04-21T00:30:00.000000000,2.11,1.732,1,9.3,-3739200.0,0.4368,1.453,0.0022,2.9e-05,-0.113,376534.0,0.4817,0.033,682881.0,0.4779,-0.331,1532821.0,0.4591,-0.113,2061152.0,0.4418,0.482,-1,-1,partial,-1.556
down,1745255040000,2025-04-21T17:04:00.000000000,2.07,-1.654,1,4.14,-404964.0,0.442,1.739,0.0021,0.0001,0.13,-1236031.0,0.5335,0.565,-1943216.0,0.5766,0.575,-1366245.0,0.5419,0.082,-288680.0,0.4909,-0.469,151,-1,whipsaw,-3.808
up,1745334000000,2025-04-22T15:00:00.000000000,2.16,1.654,1,6.51,2111847.0,0.5352,1.53,0.0038,5.3e-05,0.538,-1652623.0,0.4925,1.205,-1855546.0,0.4812,0.436,-1186278.0,0.4536,0.083,-2527573.0,0.4584,1.669,-1,8,trend,3.83
down,1745336400000,2025-04-22T15:40:00.000000000,2.15,-1.622,1,8.76,1129057.0,0.4385,2.07,0.0034,5.3e-05,-0.251,-1110088.0,0.4519,-0.111,-1491302.0,0.4678,0.218,-2045639.0,0.4589,-0.139,-921004.0,0.4323,-0.702,-1,-1,partial,-3.192
up,1745358180000,2025-04-22T21:43:00.000000000,2.19,1.658,1,3.52,-1153754.0,0.4869,1.443,0.0028,0.0001,0.562,766744.0,0.5313,2.12,-8805685.0,0.4925,1.101,-9637089.0,0.4191,0.544,-8574941.0,0.4052,2.828,-1,6,trend,0.973
up,1745397900000,2025-04-23T08:45:00.000000000,2.3,1.524,1,2.63,1674717.0,0.5545,1.475,0.0043,0.0001,-0.161,1437155.0,0.5466,-0.261,1733858.0,0.5438,-0.544,2939507.0,0.5125,-0.857,2352229.0,0.4608,0.091,45,-1,whipsaw,-7.186
down,1745416680000,2025-04-23T13:58:00.000000000,2.25,-1.632,2,4.07,-2847627.0,0.48,1.542,0.0088,0.0001,0.374,-1897677.0,0.5032,0.28,-1024873.0,0.4706,0.089,-3446949.0,0.4714,-0.476,-2485579.0,0.4558,-2.554,-1,65,trend,3.039
up,1745423880000,2025-04-23T15:58:00.000000000,2.23,1.584,1,2.99,1425129.0,0.4636,1.773,0.0032,0.0001,-0.126,-526166.0,0.4758,-0.076,-1034845.0,0.4673,-0.243,-1854574.0,0.4904,0.166,-2474331.0,0.491,1.137,207,134,trend,-0.598
down,1745467020000,2025-04-24T03:57:00.000000000,2.17,-1.553,1,1.81,279559.0,0.3652,1.559,0.0024,0.0001,0.129,-755253.0,0.3726,-0.014,28082.0,0.3756,0.492,-3137018.0,0.384,0.653,-3277751.0,0.4516,-1.426,-1,221,trend,-0.294
up,1745501400000,2025-04-24T13:30:00.000000000,2.22,2.38,2,4.85,229595.0,0.5408,1.306,0.0031,0.0001,-0.847,5364371.0,0.4845,-1.807,1453385.0,0.4821,-1.694,978354.0,0.4902,-1.667,-617541.0,0.486,0.721,0,-1,whipsaw,-1.586
down,1745503200000,2025-04-24T14:00:00.000000000,2.18,-1.694,1,10.74,978354.0,0.4902,1.501,0.0065,0.0001,0.527,389473.0,0.5815,0.202,-387662.0,0.4941,0.028,-1595895.0,0.4818,0.202,-1412799.0,0.4331,-1.348,69,23,trend,-0.261
down,1745515320000,2025-04-24T17:22:00.000000000,2.19,-1.53,1,2.61,-4026639.0,0.4423,1.562,0.0034,-3.9e-05,0.242,-498739.0,0.4142,0.229,-646986.0,0.4665,0.046,-1235682.0,0.4587,0.896,-1636009.0,0.449,-0.224,47,-1,whipsaw,-0.85
up,1745649360000,2025-04-26T06:36:00.000000000,2.23,1.792,1,3.78,-160139.0,0.5614,1.315,0.0012,-1.5e-05,-0.905,-445193.0,0.4779,-0.381,-598980.0,0.4978,-0.416,88213.0,0.4828,0.582,2167014.0,0.5286,0.69,125,-1,whipsaw,-2.62
up,1745757660000,2025-04-27T12:41:00.000000000,2.21,1.553,1,13.1,-685231.0,0.4789,1.76,0.0041,-8e-06,1.701,705850.0,0.616,1.226,104051.0,0.5525,1.176,650182.0,0.5384,1.081,1498978.0,0.5128,2.782,-1,2,trend,5.008
up,1745784840000,2025-04-27T20:14:00.000000000,2.29,1.689,1,8.68,2463621.0,0.5652,1.556,0.0045,0.0001,-0.549,-35427.0,0.4465,-0.951,-336354.0,0.4822,-0.131,23864.0,0.543,-1.003,-637982.0,0.5188,0.061,12,-1,whipsaw,-0.371
up,1745826180000,2025-04-28T07:43:00.000000000,2.32,1.531,1,6.89,1436684.0,0.5004,2.361,0.0028,0.0001,0.642,790602.0,0.5734,0.496,-97218.0,0.5845,1.349,-1212624.0,0.5517,0.668,-992588.0,0.5345,1.823,-1,28,trend,-1.59
down,1745854260000,2025-04-28T15:31:00.000000000,2.26,-1.608,1,2.6,-3109287.0,0.4505,1.666,0.0033,0.0001,-0.035,65419.0,0.4922,0.204,-270052.0,0.5324,0.549,-370384.0,0.535,0.948,1500744.0,0.5027,-0.337,61,-1,whipsaw,-1.081
down,1746016560000,2025-04-30T12:36:00.000000000,2.2,-1.592,2,3.65,-997325.0,0.4537,1.598,0.0024,-2.5e-05,-0.577,-2571874.0,0.3823,-0.214,-26789.0,0.4754,-0.582,610582.0,0.4532,-1.236,-237144.0,0.4646,-3.482,-1,33,trend,-1.709
up,1746023220000,2025-04-30T14:27:00.000000000,2.17,1.678,1,10.34,-3703494.0,0.4624,1.724,0.0048,-2.5e-05,0.12,-843429.0,0.5552,-0.36,1106828.0,0.4685,-0.332,132686.0,0.5013,-0.562,244013.0,0.4897,2.088,-1,220,trend,2.798
up,1746541260000,2025-05-06T14:21:00.000000000,2.12,1.506,1,4.42,-1435688.0,0.4942,1.682,0.0026,3e-05,-0.109,-1182179.0,0.4966,-0.104,-866421.0,0.5024,-0.406,-968536.0,0.4471,-0.151,-872803.0,0.437,0.988,-1,-1,partial,1.182
up,1746569220000,2025-05-06T22:07:00.000000000,2.14,1.515,1,1.83,-1151476.0,0.4301,1.47,0.0023,3e-05,-0.345,282028.0,0.4465,-0.103,40061.0,0.5042,-0.177,-129687.0,0.5093,-0.061,-259707.0,0.5164,1.25,-1,135,trend,-0.462
up,1746677040000,2025-05-08T04:04:00.000000000,2.2,1.502,1,3.71,-355814.0,0.548,1.879,0.0018,6.3e-05,-0.073,303345.0,0.5014,-0.082,-727814.0,0.4705,-0.49,-1719462.0,0.4508,-0.599,-1705863.0,0.4697,0.186,82,-1,whipsaw,4.395
up,1746718080000,2025-05-08T15:28:00.000000000,2.27,1.838,1,4.1,1768143.0,0.5825,1.691,0.0037,0.0001,-0.543,-562826.0,0.559,0.256,1317381.0,0.5495,-0.922,4072284.0,0.5074,-1.011,7211781.0,0.51,0.388,25,-1,whipsaw,3.411
up,1746737400000,2025-05-08T20:50:00.000000000,2.3,1.529,1,3.22,-236251.0,0.5678,1.624,0.0025,0.0001,0.674,-1178711.0,0.693,-0.148,-4686085.0,0.5683,0.727,-4152562.0,0.556,0.0,-3134071.0,0.4981,1.519,-1,31,trend,2.411
down,1746763080000,2025-05-09T03:58:00.000000000,2.29,-1.533,1,1.67,-291596.0,0.3927,1.692,0.0024,0.0001,0.092,-827746.0,0.3846,0.554,-867611.0,0.4607,0.61,-1317149.0,0.5311,0.41,-337941.0,0.4898,-0.392,183,-1,whipsaw,-3.205
up,1746775680000,2025-05-09T07:28:00.000000000,2.35,1.545,2,2.71,1973601.0,0.5129,1.916,0.003,0.0001,-0.435,1373093.0,0.5271,-0.2,1289601.0,0.4978,-0.456,4315512.0,0.49,3.132,9268474.0,0.526,3.494,-1,53,trend,1.27
down,1746781020000,2025-05-09T08:57:00.000000000,2.36,-1.614,1,7.7,-4495361.0,0.4904,1.733,0.01,0.0001,0.541,-170887.0,0.4332,-0.605,272230.0,0.4454,-1.057,866689.0,0.4443,-0.406,176966.0,0.4248,-1.273,9,14,whipsaw,-0.499
up,1746787680000,2025-05-09T10:48:00.000000000,2.4,1.508,1,2.31,2713244.0,0.4853,2.014,0.0031,0.0001,0.183,319549.0,0.4198,-0.57,1270442.0,0.4261,0.87,1294781.0,0.462,-0.012,1988192.0,0.4601,1.078,40,35,trend,0.541
down,1746801360000,2025-05-09T14:36:00.000000000,2.35,-1.693,1,1.98,-813065.0,0.4757,1.653,0.0048,0.0001,-0.094,-717301.0,0.4644,0.32,-1587769.0,0.5226,0.413,-1391554.0,0.5212,-0.085,-1487927.0,0.4713,-1.014,-1,142,trend,-2.57
down,1746923160000,2025-05-11T00:26:00.000000000,2.44,-1.524,1,5.22,-909841.0,0.4858,1.813,0.0053,0.0001,-0.825,-635068.0,0.4554,-0.661,717630.0,0.5051,-0.538,1769127.0,0.4958,-0.595,1639446.0,0.4861,-2.212,-1,1,trend,2.376
down,1747013700000,2025-05-12T01:35:00.000000000,2.36,-1.631,1,4.26,393845.0,0.3926,1.754,0.0022,9.1e-05,0.297,-800578.0,0.5304,0.471,-808175.0,0.5157,1.026,-1681696.0,0.5191,1.543,289523.0,0.549,-0.288,27,-1,whipsaw,-5.033
up,1747034640000,2025-05-12T07:24:00.000000000,2.44,1.644,1,8.09,1641593.0,0.5406,1.811,0.0047,9.1e-05,0.337,592827.0,0.5556,-0.09,2185550.0,0.5113,-0.85,-633555.0,0.5003,-1.449,-1249430.0,0.4773,1.088,21,230,whipsaw,2.565
down,1747036920000,2025-05-12T08:02:00.000000000,2.41,-1.808,1,7.75,-3268036.0,0.4908,1.96,0.0061,0.0001,-0.025,-253887.0,0.4597,0.062,-635023.0,0.4309,0.212,-650409.0,0.4704,0.935,-219072.0,0.4741,-0.636,60,-1,whipsaw,-4.089
up,1747048440000,2025-05-12T11:14:00.000000000,2.46,1.513,3,4.17,1472895.0,0.4804,1.605,0.0029,0.0001,-0.447,2123702.0,0.4678,0.374,3997723.0,0.5413,0.301,5602303.0,0.5428,1.312,5506594.0,0.522,7.853,-1,55,trend,3.514
down,1747057320000,2025-05-12T13:42:00.000000000,2.57,-1.64,2,13.97,3301537.0,0.4831,1.656,0.0124,0.0001,0.546,-1072711.0,0.4619,1.126,-2025301.0,0.5066,1.648,-804994.0,0.5154,0.62,-4103161.0,0.5099,-1.765,9,46,whipsaw,0.912
up,1747063980000,2025-05-12T15:33:00.000000000,2.59,1.798,2,7.69,-193755.0,0.5363,1.793,0.0076,0.0001,-0.166,1433254.0,0.535,-0.251,-1721232.0,0.5,-0.232,-1069530.0,0.535,0.82,1472177.0,0.5191,1.063,9,69,whipsaw,-1.798
down,1747073100000,2025-05-12T18:05:00.000000000,2.56,-1.826,1,2.53,-3800194.0,0.4504,1.852,0.0063,0.0001,-0.652,-1745980.0,0.3827,-0.176,-1707876.0,0.4453,-1.621,-4038211.0,0.464,-2.738,-7108940.0,0.4754,-5.074,-1,21,trend,-0.02
up,1747077540000,2025-05-12T19:19:00.000000000,2.49,2.174,2,4.3,-2463704.0,0.5777,1.967,0.0067,0.0001,-0.173,729062.0,0.6415,0.076,-61397.0,0.5572,0.434,-444963.0,0.5053,1.036,-1169074.0,0.4781,2.634,-1,40,trend,3.365
down,1747096020000,2025-05-13T00:27:00.000000000,2.51,-1.515,2,1.0,319775.0,0.4815,1.855,0.005,0.0001,-0.08,87197.0,0.5256,0.064,578093.0,0.5119,-0.423,937401.0,0.4794,-1.028,106020.0,0.494,-3.476,-1,44,trend,-2.475
up,1747111380000,2025-05-13T04:43:00.000000000,2.48,1.61,2,1.17,-388751.0,0.5975,1.904,0.0027,0.0001,-0.177,1342363.0,0.5258,0.238,576298.0,0.545,0.069,-431317.0,0.5551,-0.46,-442902.0,0.5266,1.411,-1,87,trend,3.939
up,1747128480000,2025-05-13T09:28:00.000000000,2.54,1.789,1,0.86,1296457.0,0.5269,1.441,0.0035,0.0001,0.0,-413339.0,0.6197,-0.252,1162276.0,0.591,0.031,1420474.0,0.6082,0.315,2836948.0,0.5466,0.955,176,-1,whipsaw,1.769
down,1747188420000,2025-05-14T02:07:00.000000000,2.56,-1.525,1,2.06,-894727.0,0.4826,1.952,0.0042,0.0001,-0.086,-14956.0,0.5244,0.07,525238.0,0.586,0.055,145826.0,0.5726,-0.352,45106.0,0.5889,-0.618,176,-1,whipsaw,0.908
up,1747209360000,2025-05-14T07:56:00.000000000,2.62,1.832,2,2.12,1567940.0,0.4152,1.765,0.0035,0.0001,0.011,1921186.0,0.6228,-0.462,4576665.0,0.5576,-0.607,3561991.0,0.5126,-1.123,2460355.0,0.5123,1.256,39,110,whipsaw,-5.755
down,1747227660000,2025-05-14T13:01:00.000000000,2.58,-1.579,1,1.86,-1512877.0,0.4068,1.404,0.0031,0.0001,0.256,-593627.0,0.4698,0.213,-1344284.0,0.4655,0.205,-1017789.0,0.4775,-0.267,-579472.0,0.4737,-1.891,-1,48,trend,4.552
down,1747316760000,2025-05-15T13:46:00.000000000,2.43,-1.645,1,2.73,-3236485.0,0.4326,1.417,0.0044,9.4e-05,0.107,-903802.0,0.4651,0.637,954838.0,0.5211,-0.341,983610.0,0.4818,-0.97,257694.0,0.4753,-1.184,118,49,trend,-0.004
down,1747334340000,2025-05-15T18:39:00.000000000,2.44,-1.583,1,1.63,-1233995.0,0.4599,1.6,0.0027,3e-06,0.418,-980023.0,0.4534,0.004,-1003006.0,0.4817,0.098,-1815122.0,0.4321,-0.151,-3650269.0,0.4485,-1.953,-1,156,trend,1.343
down,1747344240000,2025-05-15T21:24:00.000000000,2.4,-1.563,2,2.13,495062.0,0.3827,1.595,0.0029,3e-06,0.571,-371177.0,0.5588,0.817,279093.0,0.5351,1.209,-170193.0,0.5701,1.463,1511349.0,0.5643,-2.163,20,98,whipsaw,-0.088
down,1747358040000,2025-05-16T01:14:00.000000000,2.36,-1.537,1,1.99,22727.0,0.5274,1.609,0.0048,8.6e-05,-0.386,365962.0,0.3599,0.484,531660.0,0.4274,0.916,1114427.0,0.492,1.624,1397664.0,0.5046,-0.45,25,-1,whipsaw,0.776
down,1747384680000,2025-05-16T08:38:00.000000000,2.37,-1.677,1,1.46,1214570.0,0.438,1.645,0.0032,2.1e-05,0.404,-745781.0,0.5449,0.665,247454.0,0.4961,1.322,422899.0,0.5567,1.284,-1524937.0,0.5126,-0.122,16,-1,whipsaw,0.076
down,1747591260000,2025-05-18T18:01:00.000000000,2.38,-1.587,2,5.66,-1256219.0,0.4081,1.694,0.003,-2e-06,-0.042,-4055679.0,0.4593,-0.613,-4312718.0,0.4523,0.256,-4537832.0,0.4947,0.932,-2360080.0,0.491,-2.099,83,119,whipsaw,0.495
down,1747615080000,2025-05-19T00:38:00.000000000,2.4,-1.533,1,7.05,302750.0,0.4737,1.969,0.0043,6.7e-05,-0.246,-240438.0,0.4947,-0.196,-467879.0,0.4654,-0.304,-297969.0,0.494,-0.537,-1334396.0,0.5079,-2.606,-1,39,trend,0.516
down,1747636620000,2025-05-19T06:37:00.000000000,2.31,-1.695,1,2.93,-1633635.0,0.5435,1.874,0.0021,6.7e-05,-0.143,-341390.0,0.4306,-0.455,450968.0,0.4901,-0.442,648926.0,0.5307,0.212,360401.0,0.5581,-1.122,-1,17,trend,-2.426
up,1747840020000,2025-05-21T15:07:00.000000000,2.4,1.521,1,5.07,-1326603.0,0.5431,1.991,0.0031,2.9e-05,-0.483,707160.0,0.4198,-0.2,280745.0,0.4548,-0.737,-560934.0,0.4431,-0.241,-1107607.0,0.4696,1.099,134,98,trend,0.991
down,1747847880000,2025-05-21T17:18:00.000000000,2.39,-1.603,1,3.98,-897315.0,0.4713,1.596,0.003,7.3e-05,-0.611,-1006106.0,0.3344,-1.08,-3869586.0,0.4026,-1.528,-3090424.0,0.4241,-1.168,-3448602.0,0.4545,-2.224,-1,6,trend,-1.633
up,1747902060000,2025-05-22T08:21:00.000000000,2.44,1.502,1,2.16,902225.0,0.5985,1.551,0.002,0.0001,-0.303,-2321150.0,0.3834,-0.271,632259.0,0.5232,-0.336,1524881.0,0.5156,0.426,5563831.0,0.5333,0.685,165,-1,whipsaw,-0.32
down,1748000820000,2025-05-23T11:47:00.000000000,2.4,-1.555,1,3.44,756621.0,0.4482,1.725,0.0024,0.0001,-1.083,-3817996.0,0.3876,-1.725,-3519733.0,0.4556,-3.046,-2837967.0,0.4657,-2.217,-3940711.0,0.4973,-4.155,-1,4,trend,1.909
down,1748134860000,2025-05-25T01:01:00.000000000,2.3,-1.525,1,7.59,-1950436.0,0.4289,1.403,0.0038,7.6e-05,0.074,28739.0,0.4518,0.043,60035.0,0.5072,0.57,880674.0,0.5243,0.474,1070607.0,0.538,-0.27,150,-1,whipsaw,-2.24
down,1748566380000,2025-05-30T00:53:00.000000000,2.2,-2.199,1,7.87,-671032.0,0.5274,1.399,0.0039,9e-05,-2.58,-3805929.0,0.3962,-0.7,-8007629.0,0.4859,-0.522,-8447447.0,0.4871,-0.522,-11332659.0,0.5093,-3.175,144,3,trend,2.875
up,1748568480000,2025-05-30T01:28:00.000000000,2.19,2.238,1,15.31,-4561881.0,0.5193,1.917,0.0027,9e-05,-0.351,-1285495.0,0.4852,0.082,-2804604.0,0.4839,-0.005,-2909974.0,0.4947,0.83,-299158.0,0.5201,1.751,-1,64,trend,-3.316
down,1748622720000,2025-05-30T16:32:00.000000000,2.14,-1.669,1,2.76,423774.0,0.3507,1.729,0.0023,1.9e-05,0.182,-1872751.0,0.4326,0.242,-533468.0,0.4804,0.872,-271856.0,0.4682,1.222,-1886295.0,0.4848,-0.452,33,-1,whipsaw,-2.108
down,1748650740000,2025-05-31T00:19:00.000000000,2.11,-1.535,1,3.87,-9086.0,0.5112,1.82,0.0037,1.6e-05,1.118,-1132282.0,0.5153,0.995,-1717424.0,0.4679,1.474,-2938402.0,0.5105,1.412,-2237531.0,0.508,-1.478,5,168,whipsaw,-2.615
up,1748652300000,2025-05-31T00:45:00.000000000,2.15,1.536,1,2.93,-2938402.0,0.4947,1.686,0.0041,1.6e-05,-0.368,-193573.0,0.566,-1.01,-80582.0,0.5138,-0.34,700871.0,0.5209,-1.21,49809.0,0.4954,0.005,13,-1,whipsaw,1.084
down,1748659620000,2025-05-31T02:47:00.000000000,2.1,-1.521,1,1.42,-186350.0,0.4505,1.701,0.0025,1.6e-05,-0.024,504351.0,0.5449,-0.233,663673.0,0.5728,-1.131,-1632220.0,0.5264,0.133,-2731132.0,0.5296,-1.211,105,21,trend,-2.646
down,1749151020000,2025-06-05T19:17:00.000000000,2.12,-1.889,2,7.54,-1344216.0,0.496,1.41,0.0023,6.7e-05,0.472,-4172644.0,0.4495,0.764,-2535154.0,0.5323,0.882,-1676564.0,0.5038,-0.59,-2028024.0,0.4581,-2.841,0,63,whipsaw,-2.317
up,1749159060000,2025-06-05T21:31:00.000000000,2.09,1.519,1,9.98,21572.0,0.5486,1.568,0.0069,6.7e-05,0.349,-537959.0,0.6002,0.134,-1572164.0,0.5584,0.158,-1199361.0,0.5326,0.053,-2048692.0,0.5768,0.578,-1,-1,partial,3.881
up,1749363960000,2025-06-08T06:26:00.000000000,2.22,1.534,1,18.38,2164574.0,0.5747,1.788,0.0028,7.7e-05,-0.198,762903.0,0.5359,-0.495,1452209.0,0.4674,-0.814,1203732.0,0.4193,-0.589,1955104.0,0.4926,0.054,181,-1,whipsaw,0.229
up,1749383340000,2025-06-08T11:49:00.000000000,2.25,1.532,2,8.65,160822.0,0.5593,1.5,0.0027,7.1e-05,-0.343,449848.0,0.5005,0.271,816261.0,0.5326,0.276,1401060.0,0.5132,0.556,3932336.0,0.525,2.083,-1,99,trend,0.881
up,1749488880000,2025-06-09T17:08:00.000000000,2.31,1.591,1,4.58,609774.0,0.5396,1.375,0.0032,-1.7e-05,-0.229,-1480068.0,0.4571,-0.575,-415104.0,0.4519,-0.735,-432951.0,0.451,-0.684,365466.0,0.4611,0.143,154,-1,whipsaw,-1.428
up,1749555480000,2025-06-10T11:38:00.000000000,2.31,1.554,1,2.7,1054119.0,0.5656,1.7,0.0018,0.0001,0.286,-413593.0,0.5255,-0.169,-2403746.0,0.4106,-0.382,-1973602.0,0.448,-0.069,-1398321.0,0.4683,0.598,128,-1,whipsaw,0.26
down,1749757920000,2025-06-12T19:52:00.000000000,2.21,-1.5,2,3.34,-1544078.0,0.4089,1.566,0.0022,-6e-06,0.077,-1126981.0,0.56,0.186,-1900621.0,0.4664,0.104,-1312183.0,0.4735,-1.224,-3390579.0,0.452,-1.6,-1,52,trend,3.609
down,1749773400000,2025-06-13T00:10:00.000000000,2.16,-1.599,2,4.03,-1918899.0,0.5226,1.712,0.003,-2.1e-05,-0.509,-2413624.0,0.4349,-1.092,-1310470.0,0.5087,-1.911,-1718911.0,0.4938,-2.782,1305935.0,0.4911,-3.605,-1,15,trend,0.778
up,1750074480000,2025-06-16T11:48:00.000000000,2.25,1.526,1,4.63,-435895.0,0.5119,1.518,0.0027,7.1e-05,-0.351,1818740.0,0.5381,0.792,4588755.0,0.5656,0.632,5924253.0,0.5197,0.071,2919999.0,0.4805,2.206,-1,22,trend,-2.5
up,1750084920000,2025-06-16T14:42:00.000000000,2.28,1.533,1,4.88,-478932.0,0.6005,1.801,0.0025,7.1e-05,0.083,1747400.0,0.5238,0.188,2170574.0,0.5317,-0.302,2431791.0,0.4885,0.276,2021959.0,0.5167,1.869,-1,85,trend,-3.611
down,1750113720000,2025-06-16T22:42:00.000000000,2.27,-1.622,2,2.87,-989415.0,0.3809,1.607,0.0023,9.1e-05,0.093,460598.0,0.4256,0.242,-1096900.0,0.3932,0.339,-988916.0,0.4201,-0.322,-2398892.0,0.4009,-2.975,-1,72,trend,5.183
down,1750191540000,2025-06-17T20:19:00.000000000,2.17,-1.516,1,1.75,-550017.0,0.4417,1.835,0.0021,6.5e-05,0.157,657057.0,0.5203,0.194,774183.0,0.4996,0.277,741055.0,0.5056,-0.41,1262965.0,0.4697,-1.171,-1,137,trend,1.083
up,1750442820000,2025-06-20T18:07:00.000000000,2.12,1.642,1,7.25,-117986.0,0.5565,2.099,0.0027,-1e-06,0.005,-444286.0,0.51,0.174,546946.0,0.4996,0.382,161655.0,0.4597,-0.155,-147307.0,0.4491,1.197,-1,129,trend,-0.862
down,1750541040000,2025-06-21T21:24:00.000000000,2.04,-2.252,1,7.26,-252840.0,0.5342,1.326,0.0029,2.2e-05,0.157,-346898.0,0.3991,-0.426,-5127352.0,0.4309,0.479,-4800404.0,0.4865,0.543,-4075645.0,0.5082,-2.153,0,1,whipsaw,3.434
up,1750543260000,2025-06-21T22:01:00.000000000,2.04,2.015,1,23.47,-270516.0,0.4936,1.498,0.0042,2.2e-05,-0.034,-26304.0,0.568,0.382,315911.0,0.5111,0.769,780458.0,0.5695,0.784,-16701.0,0.5417,2.362,107,27,trend,-3.436
up,1750550640000,2025-06-22T00:04:00.000000000,2.07,1.619,1,11.69,-3132826.0,0.5256,1.769,0.0046,-1.2e-05,-0.494,137705.0,0.4482,-0.102,-878649.0,0.5126,0.595,-517700.0,0.5527,0.847,-209055.0,0.5498,1.113,142,42,trend,-2.522
down,1750598700000,2025-06-22T13:25:00.000000000,1.98,-1.71,2,5.62,44386.0,0.4769,1.846,0.0031,0.0001,-1.371,77211.0,0.336,-1.16,-1692438.0,0.4305,-0.902,-1484347.0,0.4543,-2.375,-932734.0,0.4437,-2.965,-1,2,trend,-0.681
up,1750612380000,2025-06-22T17:13:00.000000000,1.98,1.55,1,2.77,-1660244.0,0.6035,1.755,0.0027,-4e-06,-0.611,-3552052.0,0.6248,-1.081,-3507647.0,0.5415,-0.591,-3525962.0,0.5033,-0.409,-3816830.0,0.5191,0.227,11,-1,whipsaw,0.515
down,1750623480000,2025-06-22T20:18:00.000000000,1.93,-1.564,1,3.32,-909530.0,0.4844,2.093,0.0033,-4e-06,0.166,238478.0,0.5095,0.0,-460674.0,0.4767,1.739,-869967.0,0.5089,2.341,-4083586.0,0.5229,-0.929,21,-1,whipsaw,-8.249
up,1750625280000,2025-06-22T20:48:00.000000000,1.96,1.739,2,4.52,-869967.0,0.5089,2.079,0.004,-4e-06,0.597,-690759.0,0.6078,0.531,-2700472.0,0.5251,0.592,-3213619.0,0.5311,0.5,-3840744.0,0.5129,3.633,-1,7,trend,6.322
up,1750687080000,2025-06-23T13:58:00.000000000,2.03,1.526,1,2.95,-885140.0,0.5317,2.058,0.0039,4.2e-05,-0.089,123020.0,0.5476,0.064,-628076.0,0.5458,-0.518,-966173.0,0.5199,-0.449,-846801.0,0.4934,1.168,102,216,whipsaw,7.069
down,1750696440000,2025-06-23T16:34:00.000000000,1.97,-1.66,1,2.96,-5690.0,0.3944,2.088,0.0023,-4.2e-05,0.483,737648.0,0.489,0.381,21413.0,0.4937,0.498,-276464.0,0.5087,3.61,-1181418.0,0.5352,-0.264,34,-1,whipsaw,-11.13
up,1750699260000,2025-06-23T17:21:00.000000000,2.0,1.574,1,2.56,-1492800.0,0.5639,1.705,0.0045,-4.2e-05,0.385,59528.0,0.526,1.704,-889417.0,0.5156,0.924,-2312256.0,0.4571,2.379,-3207170.0,0.5124,4.917,-1,8,trend,9.81
up,1750709880000,2025-06-23T20:18:00.000000000,2.09,1.593,2,3.81,-1657238.0,0.6031,1.48,0.0036,-4.2e-05,0.475,-34933.0,0.6388,-0.005,89692.0,0.5835,-0.072,-197172.0,0.5719,0.101,247446.0,0.5641,4.101,-1,107,trend,5.501
up,1750744020000,2025-06-24T05:47:00.000000000,2.19,1.575,1,2.73,-258758.0,0.5424,1.809,0.0017,-5.9e-05,-0.023,1143563.0,0.5997,0.488,1731832.0,0.6128,0.018,553242.0,0.5372,0.31,1302021.0,0.5068,0.826,141,-1,whipsaw,-0.538
up,1750859100000,2025-06-25T13:45:00.000000000,2.23,1.559,1,7.34,1598082.0,0.6309,1.977,0.0025,0.0001,-0.44,-310134.0,0.5605,-0.18,439114.0,0.5426,-1.109,909035.0,0.4977,-0.902,1448849.0,0.4883,0.081,30,-1,whipsaw,-3.64
up,1751059500000,2025-06-27T21:25:00.000000000,2.14,1.528,1,3.1,584386.0,0.5732,1.527,0.0023,1e-05,0.669,-1192430.0,0.6397,-0.379,-320005.0,0.5181,0.196,-415585.0,0.5211,0.449,1106135.0,0.4771,0.776,-1,-1,partial,1.851
up,1751075880000,2025-06-28T01:58:00.000000000,2.18,1.505,1,2.12,2935574.0,0.6238,1.578,0.0015,-2.6e-05,0.441,196719.0,0.638,0.285,1521169.0,0.5917,0.427,2321810.0,0.5279,-0.317,2729508.0,0.4447,0.675,-1,-1,partial,0.285
up,1751310120000,2025-06-30T19:02:00.000000000,2.26,1.736,1,5.71,1955441.0,0.5513,1.492,0.0026,3e-05,-0.377,952185.0,0.5608,0.386,565324.0,0.5417,1.64,4448051.0,0.5466,2.481,9918223.0,0.527,3.12,-1,21,trend,-4.006
up,1751474460000,2025-07-02T16:41:00.000000000,2.28,2.245,1,12.14,-2544172.0,0.4345,1.771,0.005,2.9e-05,0.145,6061170.0,0.5174,-1.045,4152196.0,0.4726,-0.654,3682896.0,0.487,-1.831,889034.0,0.4763,0.628,13,-1,whipsaw,-1.115
down,1751546880000,2025-07-03T12:48:00.000000000,2.27,-1.718,1,5.16,-616850.0,0.4173,1.511,0.0058,0.0001,0.508,-1283685.0,0.4624,0.719,-55974.0,0.4135,0.68,1762648.0,0.4338,1.223,2198651.0,0.436,-1.174,13,167,whipsaw,1.134
up,1751896620000,2025-07-07T13:57:00.000000000,2.33,1.707,1,14.8,4648089.0,0.4565,1.927,0.0027,0.0001,-0.077,262258.0,0.5581,-0.082,2360456.0,0.4907,0.073,3152816.0,0.5024,-0.661,4079237.0,0.476,1.022,43,133,whipsaw,-1.382
down,1751919660000,2025-07-07T20:21:00.000000000,2.27,-1.532,1,5.03,-6082709.0,0.4336,1.656,0.0028,0.0001,0.097,220529.0,0.4776,0.304,-313974.0,0.4879,0.22,-386141.0,0.4868,-0.41,-2247249.0,0.506,-0.449,-1,-1,partial,-1.683
down,1752092520000,2025-07-09T20:22:00.000000000,2.39,-1.508,1,5.2,-3807932.0,0.4265,1.566,0.005,0.0001,-0.08,-24888.0,0.3289,0.008,422931.0,0.434,0.318,-222425.0,0.5306,0.782,-1396155.0,0.5237,-0.259,85,-1,whipsaw,-4.841
up,1752182340000,2025-07-10T21:19:00.000000000,2.54,1.739,1,3.29,-205098.0,0.4649,1.521,0.0029,9.5e-05,-0.102,-2037768.0,0.5524,0.075,-3992121.0,0.4691,0.575,-3890411.0,0.4728,0.618,-4667041.0,0.4824,1.13,3,23,whipsaw,7.948
up,1752201480000,2025-07-11T02:38:00.000000000,2.59,1.519,1,2.81,1882583.0,0.5899,1.549,0.0038,0.0001,-0.274,66785.0,0.6062,-0.224,84821.0,0.5851,-0.235,477012.0,0.5659,-0.976,1199024.0,0.5294,0.239,64,-1,whipsaw,8.745
up,1752229380000,2025-07-11T10:23:00.000000000,2.65,1.573,1,2.58,1153612.0,0.4742,1.641,0.0035,0.0001,-0.427,90355.0,0.5078,-0.412,-203154.0,0.4677,-0.291,-114853.0,0.4606,-1.394,170370.0,0.4546,6.744,59,149,whipsaw,6.623
up,1752238620000,2025-07-11T12:57:00.000000000,2.69,2.147,5,2.92,3371322.0,0.4519,1.553,0.0047,0.0001,0.063,1779871.0,0.4662,0.071,-443010.0,0.4995,-0.141,-913130.0,0.5099,3.629,6395361.0,0.5021,10.492,-1,39,trend,3.324
down,1752249240000,2025-07-11T15:54:00.000000000,2.83,-1.777,2,15.51,-1576904.0,0.4978,2.012,0.0145,0.0001,-2.063,-420528.0,0.4351,-3.356,109046.0,0.4527,-2.201,3902863.0,0.5025,-1.141,1370336.0,0.4918,-4.907,-1,0,trend,5.567
down,1752265980000,2025-07-11T20:33:00.000000000,2.79,-2.127,2,1.79,406507.0,0.488,1.645,0.0053,0.0001,0.237,26404.0,0.5893,-0.635,-523704.0,0.5693,-0.739,-2811981.0,0.5207,-1.373,-3002391.0,0.4883,-4.629,-1,26,trend,2.503
up,1752275340000,2025-07-11T23:09:00.000000000,2.73,2.055,3,1.95,-1102447.0,0.5232,1.673,0.0086,0.0001,0.106,-2218723.0,0.6225,0.084,-2624341.0,0.5519,0.048,-1249683.0,0.5106,0.172,-1990495.0,0.484,4.254,86,119,whipsaw,-0.22
down,1752280560000,2025-07-12T00:36:00.000000000,2.7,-1.505,1,1.09,2658993.0,0.4248,1.639,0.0052,0.0001,-0.03,-628731.0,0.4284,-0.026,-587790.0,0.4445,1.828,-126227.0,0.5058,3.541,851277.0,0.5244,-0.533,26,-1,whipsaw,-1.018
up,1752312120000,2025-07-12T09:22:00.000000000,2.81,1.523,1,1.18,2733008.0,0.5456,1.763,0.0045,0.0001,-0.228,352047.0,0.4536,0.021,350791.0,0.51,0.188,589429.0,0.5252,0.352,446906.0,0.5335,1.252,166,81,trend,-1.106
down,1752333060000,2025-07-12T15:11:00.000000000,2.72,-1.618,1,1.62,-1560341.0,0.4821,1.654,0.005,0.0001,-0.837,-364522.0,0.4126,-1.468,668235.0,0.4566,-2.114,1982197.0,0.431,-0.771,7152077.0,0.43,-2.265,234,4,trend,-5.248
up,1752336780000,2025-07-12T16:13:00.000000000,2.71,1.676,1,2.12,5169880.0,0.4296,1.982,0.0044,0.0001,0.28,-1441587.0,0.4106,-0.236,-682310.0,0.3578,-0.011,-4005481.0,0.3,0.62,-2851253.0,0.279,1.553,-1,71,trend,4.548
up,1752355740000,2025-07-12T21:29:00.000000000,2.72,1.509,1,0.81,-2143270.0,0.4896,1.78,0.0036,0.0001,0.095,-236230.0,0.5242,0.411,13759.0,0.5644,0.081,141106.0,0.5216,0.0,-222306.0,0.475,1.141,-1,173,trend,4.331
up,1752416340000,2025-07-13T14:19:00.000000000,2.89,1.711,1,4.83,2604241.0,0.5328,2.266,0.0039,0.0001,-0.149,341548.0,0.4984,-1.125,469897.0,0.4924,-1.464,3084118.0,0.5127,-0.574,3080340.0,0.5014,0.183,11,-1,whipsaw,4.596
down,1752418200000,2025-07-13T14:50:00.000000000,2.84,-1.816,1,4.76,2823284.0,0.5065,2.198,0.0063,0.0001,0.067,-483335.0,0.4085,0.581,44426.0,0.4663,1.103,-154041.0,0.4999,-0.176,-3974652.0,0.4606,-1.074,19,49,whipsaw,-4.77
down,1752442680000,2025-07-13T21:38:00.000000000,2.77,-2.376,1,3.03,-1186241.0,0.5077,1.507,0.0041,0.0001,0.782,-4509375.0,0.4538,1.334,-4336351.0,0.436,1.363,-4617815.0,0.4599,1.623,-3621660.0,0.4722,-0.35,0,-1,whipsaw,-6.126
down,1752473220000,2025-07-14T06:07:00.000000000,2.92,-1.503,1,5.16,-3474090.0,0.517,2.039,0.0079,0.0001,-0.61,170518.0,0.4557,0.247,425210.0,0.5127,0.127,1054888.0,0.5236,0.651,1223625.0,0.5021,-0.857,62,-1,whipsaw,1.217
up,1752478320000,2025-07-14T07:32:00.000000000,2.97,1.517,2,2.04,-1081793.0,0.5317,1.859,0.0052,0.0001,0.027,1030936.0,0.5757,-0.899,1789892.0,0.4979,-0.646,1743360.0,0.475,-0.747,7653577.0,0.4808,1.706,15,81,whipsaw,-3.779
down,1752487740000,2025-07-14T10:09:00.000000000,2.95,-1.667,1,4.48,1935134.0,0.4901,1.864,0.0085,0.0001,0.763,4366215.0,0.4787,0.898,3623459.0,0.4953,1.217,3829356.0,0.4708,1.665,2222881.0,0.4921,-0.264,16,-1,whipsaw,1.797
up,1752500580000,2025-07-14T13:43:00.000000000,2.99,1.526,1,2.45,-720723.0,0.5262,2.095,0.0065,0.0001,0.778,1016756.0,0.516,0.344,257278.0,0.5126,0.621,1967607.0,0.4968,-0.548,2648443.0,0.4866,1.349,122,6,trend,-2.541
down,1752503820000,2025-07-14T14:37:00.000000000,2.97,-1.553,2,2.42,772288.0,0.4777,1.893,0.0085,0.0001,0.256,383517.0,0.4946,0.464,543874.0,0.4637,0.256,1290999.0,0.4761,0.38,3540327.0,0.4351,-2.149,18,71,whipsaw,3.088
up,1752510900000,2025-07-14T16:35:00.000000000,2.97,1.518,1,1.7,-51767.0,0.5479,1.964,0.0059,0.0001,0.495,628869.0,0.5213,0.919,2298916.0,0.5216,0.418,181070.0,0.472,-0.414,-1097090.0,0.4601,1.084,64,16,trend,-2.209
down,1752541020000,2025-07-15T00:57:00.000000000,2.91,-1.557,3,0.86,-2457812.0,0.4983,1.806,0.0034,0.0001,-0.471,-626086.0,0.4014,-0.997,-21730.0,0.3973,-0.842,-1024223.0,0.4471,-0.244,400645.0,0.5046,-3.626,-1,13,trend,-0.718
up,1752544320000,2025-07-15T01:52:00.000000000,2.92,1.851,2,1.13,296594.0,0.5592,1.59,0.0058,0.0001,-0.65,786318.0,0.4817,-1.078,-724137.0,0.4466,-1.92,-1437474.0,0.453,-1.513,-12948193.0,0.5031,0.007,6,-1,whipsaw,-0.055
up,1752585120000,2025-07-15T13:12:00.000000000,2.92,1.794,1,2.45,1894288.0,0.503,2.028,0.0047,0.0001,-0.277,1009490.0,0.4335,-0.356,1093737.0,0.4801,-0.301,2175335.0,0.4796,0.26,3643480.0,0.5054,0.424,79,-1,whipsaw,1.67
down,1752590460000,2025-07-15T14:41:00.000000000,2.88,-1.537,1,1.59,-3284983.0,0.4733,1.675,0.0047,0.0001,-0.121,-1159691.0,0.4997,-1.384,-987299.0,0.4948,-0.309,-688029.0,0.4887,-0.156,-1480574.0,0.5013,-1.481,119,11,trend,-2.833
down,1752604560000,2025-07-15T18:36:00.000000000,2.89,-1.673,2,1.55,-1883639.0,0.3498,1.699,0.0044,0.0001,0.26,-1326849.0,0.5384,0.645,-4101122.0,0.5658,1.223,-4300914.0,0.5845,0.204,-4181249.0,0.5006,-1.088,26,89,whipsaw,-6.006
down,1752680160000,2025-07-16T15:36:00.000000000,2.96,-1.53,1,3.7,-3356466.0,0.4257,1.911,0.004,0.0001,0.257,218521.0,0.4782,0.432,899184.0,0.4305,0.76,862564.0,0.4364,0.915,2593108.0,0.4222,-0.213,43,-1,whipsaw,-9.039
up,1752686640000,2025-07-16T17:24:00.000000000,3.03,1.612,2,3.59,2610531.0,0.4281,1.537,0.0042,0.0001,-0.185,3827854.0,0.4639,-0.257,5435560.0,0.4456,-0.076,5694332.0,0.4242,0.139,3443498.0,0.4343,2.229,-1,67,trend,8.159
down,1752716820000,2025-07-17T01:47:00.000000000,3.01,-1.518,2,1.66,-1026877.0,0.5612,1.675,0.0046,0.0001,-0.372,-5871606.0,0.4912,0.259,-7130749.0,0.5111,0.8,-6830515.0,0.5654,0.701,-6578497.0,0.5311,-0.784,33,-1,whipsaw,-20.064
up,1752718740000,2025-07-17T02:19:00.000000000,3.04,1.503,1,1.79,-6830515.0,0.5778,1.598,0.0046,0.0001,-0.003,48587.0,0.5265,-0.01,-88827.0,0.5124,-0.174,252018.0,0.5001,-0.349,-1536552.0,0.5512,4.41,70,156,whipsaw,18.316
up,1752730200000,2025-07-17T05:30:00.000000000,3.12,1.743,1,2.95,3333283.0,0.4964,1.697,0.0055,0.0001,0.099,912505.0,0.476,0.147,2583521.0,0.4789,0.544,7629595.0,0.4862,0.954,9737336.0,0.5041,4.994,-1,31,trend,16.089
up,1752741120000,2025-07-17T08:32:00.000000000,3.2,1.576,1,3.38,5269498.0,0.523,1.56,0.0066,0.0001,-0.091,-485652.0,0.6257,-0.106,-665167.0,0.5763,1.158,1189325.0,0.6106,1.852,2259165.0,0.5717,3.194,-1,27,trend,8.459
up,1752750840000,2025-07-17T11:14:00.000000000,3.29,1.555,1,2.09,3057942.0,0.46,1.836,0.0068,0.0001,0.122,1318585.0,0.4662,-0.471,1877188.0,0.438,-0.981,-327342.0,0.4504,-1.218,-2380740.0,0.4526,0.225,18,-1,whipsaw,5.059
down,1752758520000,2025-07-17T13:22:00.000000000,3.21,-1.786,2,1.89,-826391.0,0.486,1.698,0.005,0.0001,0.364,-1512362.0,0.4789,0.047,-2792728.0,0.4497,0.399,-7067340.0,0.4555,0.9,-5412861.0,0.4833,-1.367,32,24,trend,-8.33
up,1752761640000,2025-07-17T14:14:00.000000000,3.24,1.537,2,2.73,-902737.0,0.5131,1.869,0.0078,0.0001,-0.33,319947.0,0.4604,0.006,789722.0,0.4922,0.059,1306428.0,0.4763,-1.298,792812.0,0.44,2.818,53,176,whipsaw,7.705
up,1752775680000,2025-07-17T18:08:00.000000000,3.33,1.563,1,2.6,-3185920.0,0.5103,1.916,0.0051,0.0001,0.072,628884.0,0.4935,-0.25,-755768.0,0.4831,0.132,-1214902.0,0.4587,1.019,-1496731.0,0.4827,6.71,117,47,trend,3.268
down,1752782160000,2025-07-17T19:56:00.000000000,3.32,-1.675,1,3.45,-516276.0,0.4822,2.063,0.0073,0.0001,-0.115,983801.0,0.4831,0.413,-3593164.0,0.4887,1.116,-8568932.0,0.484,1.098,-5710945.0,0.4715,-0.953,30,-1,whipsaw,-4.014
up,1752784500000,2025-07-17T20:35:00.000000000,3.36,2.08,4,2.48,-5634019.0,0.4871,1.764,0.0107,0.0001,-0.012,145854.0,0.4216,0.366,414233.0,0.4298,0.905,1195198.0,0.4697,2.159,6077868.0,0.4776,7.038,-1,30,trend,0.503
down,1752790980000,2025-07-17T22:23:00.000000000,3.47,-1.609,3,3.66,3276280.0,0.5184,1.821,0.0144,0.0001,-0.15,-1209453.0,0.4828,0.305,-164067.0,0.5273,-0.794,571839.0,0.4872,1.71,-8746065.0,0.4928,-0.918,45,-1,whipsaw,1.963
down,1752811620000,2025-07-18T04:07:00.000000000,3.59,-1.519,4,1.67,71348.0,0.4405,1.62,0.0072,0.000337,-0.006,-78980.0,0.4895,-0.304,674093.0,0.4916,0.262,2197837.0,0.4997,0.301,3328175.0,0.4913,-4.253,62,123,whipsaw,4.085
up,1752835920000,2025-07-18T10:52:00.000000000,3.47,1.697,1,0.81,-101084.0,0.5798,1.499,0.0065,0.000307,0.133,-1459307.0,0.5895,-0.081,-3062820.0,0.5999,-1.037,-6609980.0,0.5227,0.193,1128330.0,0.4884,2.147,29,97,whipsaw,-1.334
down,1752844860000,2025-07-18T13:21:00.000000000,3.47,-1.645,3,1.48,-2361014.0,0.4927,1.678,0.0065,0.000307,0.311,-616429.0,0.4926,1.667,390776.0,0.5323,1.427,-3203052.0,0.5184,0.156,-4428351.0,0.4943,-3.581,10,64,whipsaw,1.511
up,1752856560000,2025-07-18T16:36:00.000000000,3.43,1.545,1,0.65,-1091955.0,0.5106,1.566,0.0085,0.0001,0.149,130134.0,0.5453,0.003,997729.0,0.5012,0.076,1024181.0,0.4558,0.962,1596786.0,0.4705,1.393,227,58,trend,0.032
down,1752870180000,2025-07-18T20:23:00.000000000,3.38,-1.645,1,0.77,-2546375.0,0.4688,1.538,0.01,0.0001,-0.405,-174599.0,0.433,-0.251,-1488822.0,0.4904,1.244,-1257451.0,0.5188,1.87,-1418253.0,0.5373,-0.804,26,-1,whipsaw,-1.27
up,1752872220000,2025-07-18T20:57:00.000000000,3.43,1.523,1,1.17,-1480199.0,0.5281,1.934,0.0102,0.0001,-0.149,-62272.0,0.52,-0.225,1088920.0,0.5673,0.365,2056309.0,0.5401,-0.56,5155601.0,0.4866,1.153,113,214,whipsaw,0.088
down,1752880080000,2025-07-18T23:08:00.000000000,3.37,-1.545,2,0.57,-3162845.0,0.4658,1.62,0.0056,0.0001,0.363,-1486956.0,0.5511,0.998,-1574809.0,0.5914,1.355,-1534412.0,0.5965,2.294,-724007.0,0.6255,-0.089,12,-1,whipsaw,-1.563
up,1752938700000,2025-07-19T15:25:00.000000000,3.42,1.682,1,1.37,-586190.0,0.5038,1.773,0.0043,0.0001,-0.079,499675.0,0.4824,-0.015,1684720.0,0.4518,-0.091,3066280.0,0.4712,0.521,3177851.0,0.4971,1.259,-1,83,trend,3.003
down,1752959820000,2025-07-19T21:17:00.000000000,3.39,-1.527,1,1.71,-1254451.0,0.4591,1.53,0.0045,0.0001,-0.059,-899751.0,0.4846,0.177,-2098829.0,0.5069,0.357,-2326997.0,0.5266,0.869,-2751956.0,0.5472,-0.151,84,-1,whipsaw,-3.285
up,1753002060000,2025-07-20T09:01:00.000000000,3.52,1.856,1,4.52,821361.0,0.4952,1.523,0.0038,0.0001,0.165,-868999.0,0.5707,0.003,-204346.0,0.4841,-0.68,-4694862.0,0.4547,-0.705,-4628876.0,0.4377,0.517,22,-1,whipsaw,1.268
down,1753041900000,2025-07-20T20:05:00.000000000,3.5,-1.749,1,1.81,-3106682.0,0.394,1.715,0.0041,0.0001,0.043,-2149364.0,0.5085,0.329,-2517856.0,0.5434,0.518,-2737342.0,0.5762,0.12,-2194330.0,0.5353,-2.609,-1,123,trend,-1.147
down,1753049760000,2025-07-20T22:16:00.000000000,3.42,-2.229,1,3.13,-2543883.0,0.5153,1.43,0.0083,0.0001,0.096,-562966.0,0.5404,0.351,3660667.0,0.515,0.845,4720722.0,0.5226,0.602,8193161.0,0.5043,-0.532,0,-1,whipsaw,-4.021
up,1753063680000,2025-07-21T02:08:00.000000000,3.48,1.649,1,1.51,1426011.0,0.5514,1.724,0.0044,0.0001,0.08,371110.0,0.4993,-0.178,-200907.0,0.458,-0.227,-1027871.0,0.4986,-0.009,-3318795.0,0.5307,1.086,-1,233,trend,1.68
up,1753079340000,2025-07-21T06:29:00.000000000,3.57,1.649,1,3.53,-191203.0,0.5335,1.935,0.0024,0.0001,-0.263,-870546.0,0.4843,-0.692,-221077.0,0.4557,-0.28,494453.0,0.4715,-0.042,-5388829.0,0.4783,0.325,176,-1,whipsaw,-2.762
up,1753106520000,2025-07-21T14:02:00.000000000,3.59,1.649,1,2.52,2830372.0,0.5528,1.905,0.0038,0.0001,0.045,1963929.0,0.5532,0.387,3065728.0,0.5323,0.62,3606280.0,0.4943,1.199,2525391.0,0.4667,1.522,137,45,trend,-3.758
down,1753114740000,2025-07-21T16:19:00.000000000,3.57,-1.554,1,2.59,-3048776.0,0.4268,1.636,0.0048,0.0001,-0.23,-3759764.0,0.5187,0.421,-7175505.0,0.5616,0.171,-8136241.0,0.527,1.161,-6247182.0,0.516,-1.088,44,194,whipsaw,1.259
down,1753123620000,2025-07-21T18:47:00.000000000,3.56,-1.557,1,1.59,-488700.0,0.384,1.618,0.0048,0.0001,0.07,-321668.0,0.388,0.129,-1553096.0,0.3762,0.261,-805263.0,0.4341,-0.601,-4547739.0,0.3893,-1.315,-1,130,trend,0.051
down,1753146900000,2025-07-22T01:15:00.000000000,3.48,-1.836,2,2.77,1149317.0,0.5525,1.775,0.0036,0.0001,0.465,-3411468.0,0.4813,1.049,-3048414.0,0.5401,1.621,-2748679.0,0.552,1.666,-5658488.0,0.5342,-1.684,12,213,whipsaw,-0.963
up,1753148700000,2025-07-22T01:45:00.000000000,3.54,1.621,1,3.69,-2748679.0,0.552,1.615,0.0069,0.0001,0.172,276002.0,0.5871,0.438,103429.0,0.5388,0.045,-2909809.0,0.5164,0.034,-2876538.0,0.5371,1.063,77,37,trend,-0.348
down,1753160340000,2025-07-22T04:59:00.000000000,3.42,-1.533,1,3.56,-4484778.0,0.5685,1.928,0.0055,0.0001,0.891,-438630.0,0.4755,1.323,173642.0,0.6071,1.3,2286501.0,0.586,1.087,1308232.0,0.566,-0.032,5,-1,whipsaw,-2.55
down,1753172220000,2025-07-22T08:17:00.000000000,3.43,-1.514,1,1.49,-3527986.0,0.4906,1.588,0.0059,0.0001,0.21,121340.0,0.5999,0.349,1469551.0,0.559,0.641,2688016.0,0.5499,-0.044,-153868.0,0.5019,-0.218,36,-1,whipsaw,-1.113
down,1753192980000,2025-07-22T14:03:00.000000000,3.45,-1.622,1,2.77,-2831489.0,0.4117,2.044,0.0056,0.0001,0.742,133023.0,0.4767,0.635,457277.0,0.5105,1.406,144273.0,0.4814,2.13,417046.0,0.5085,-0.29,8,-1,whipsaw,4.594
up,1753194840000,2025-07-22T14:34:00.000000000,3.5,1.5,1,1.77,144273.0,0.4853,1.839,0.0049,0.0001,0.312,-307203.0,0.499,0.066,884039.0,0.5201,0.629,272773.0,0.5259,0.7,2519763.0,0.4596,2.124,-1,151,trend,-5.598
up,1753206660000,2025-07-22T17:51:00.000000000,3.57,1.52,1,2.54,561141.0,0.4971,1.573,0.0067,0.0001,-0.135,-277885.0,0.5636,-0.308,27008.0,0.547,-0.143,294485.0,0.5238,-0.219,810047.0,0.4854,0.311,123,-1,whipsaw,-9.37
down,1753275240000,2025-07-23T12:54:00.000000000,3.38,-1.821,2,4.33,-483896.0,0.4606,1.474,0.0053,0.0001,-0.865,-1912038.0,0.46,-0.341,7014531.0,0.4855,-0.916,6628122.0,0.4627,-2.729,1888585.0,0.4614,-4.584,-1,2,trend,6.755
up,1753280340000,2025-07-23T14:19:00.000000000,3.29,1.814,1,10.18,-256986.0,0.5174,1.666,0.0135,0.0001,0.328,353030.0,0.5289,0.228,-153650.0,0.4945,-0.158,808194.0,0.4677,-0.376,-1959437.0,0.4813,1.533,135,3,trend,-4.632
down,1753287960000,2025-07-23T16:26:00.000000000,3.27,-1.603,2,3.18,-2052848.0,0.4455,1.979,0.0058,0.0001,0.021,1088781.0,0.4556,-0.654,677284.0,0.4563,-0.957,1789744.0,0.5076,-1.889,5168443.0,0.4948,-3.444,-1,20,trend,2.43
up,1753292940000,2025-07-23T17:49:00.000000000,3.24,2.091,1,6.99,2135674.0,0.5468,1.965,0.008,0.0001,-0.034,-691273.0,0.5795,0.408,-2530925.0,0.5675,0.074,-4016167.0,0.5338,0.287,-3480065.0,0.5353,0.822,129,-1,whipsaw,-0.117
down,1753301880000,2025-07-23T20:18:00.000000000,3.17,-1.732,2,2.94,1367314.0,0.4986,1.577,0.0086,0.0001,0.186,349549.0,0.5464,-2.415,884362.0,0.4637,-1.469,7622637.0,0.4693,-1.555,-1413024.0,0.5078,-4.768,183,8,trend,-1.741
up,1753304520000,2025-07-23T21:02:00.000000000,3.16,1.764,2,10.39,-400338.0,0.5173,1.715,0.0163,0.0001,-0.051,-3465537.0,0.5721,-0.705,-1897048.0,0.5205,-1.139,106411.0,0.4973,-1.623,1742671.0,0.4852,2.183,16,108,whipsaw,2.176
up,1753317180000,2025-07-24T00:33:00.000000000,3.22,1.622,2,3.15,-4263201.0,0.5598,1.671,0.0076,0.0001,0.14,-258732.0,0.5704,-0.183,-1672776.0,0.5252,-0.121,-2168195.0,0.5331,-0.646,-3366573.0,0.5011,0.553,63,-1,whipsaw,-3.457
down,1753330200000,2025-07-24T04:10:00.000000000,3.17,-1.71,3,0.93,-1978020.0,0.5323,1.688,0.0045,0.0001,0.432,-960779.0,0.5773,-0.117,-888647.0,0.5528,-0.785,487731.0,0.5308,-2.042,5878793.0,0.4899,-6.843,-1,32,trend,3.265
up,1753338360000,2025-07-24T06:26:00.000000000,3.1,1.681,3,2.39,2688780.0,0.4892,1.744,0.0096,0.0001,-0.452,197647.0,0.3847,-1.982,402728.0,0.4344,-2.76,-7055007.0,0.4107,-1.634,-8202360.0,0.4668,1.085,11,218,whipsaw,-1.014
down,1753353240000,2025-07-24T10:34:00.000000000,3.07,-1.767,1,1.17,-307565.0,0.4672,1.82,0.006,0.0001,0.114,2220786.0,0.4765,0.677,2726745.0,0.5183,0.804,1130246.0,0.5272,3.048,-2808904.0,0.5277,-0.286,16,-1,whipsaw,-1.623
up,1753355580000,2025-07-24T11:13:00.000000000,3.13,1.502,1,1.01,443648.0,0.5475,1.525,0.0086,0.0001,0.435,-554240.0,0.5847,0.87,-3574695.0,0.5272,1.419,-7714427.0,0.497,0.988,-8469381.0,0.5155,4.207,-1,15,trend,0.281
down,1753366620000,2025-07-24T14:17:00.000000000,3.12,-1.591,1,1.21,3465801.0,0.4356,1.65,0.0082,0.0001,0.551,-735154.0,0.4155,1.358,-2434430.0,0.4971,2.856,-78506.0,0.5193,4.137,-3249213.0,0.5128,0.0,8,-1,whipsaw,2.11
up,1753367820000,2025-07-24T14:37:00.000000000,3.21,1.917,1,1.3,676920.0,0.492,1.486,0.0087,0.0001,-0.025,1185712.0,0.4942,0.206,1998368.0,0.5267,1.289,-2743636.0,0.5194,0.196,-1576469.0,0.4912,1.685,118,21,trend,-5.758
down,1753398840000,2025-07-24T23:14:00.000000000,3.15,-1.5,1,0.84,-1127820.0,0.3915,1.55,0.0056,0.0001,0.245,-79812.0,0.6183,-0.099,474049.0,0.5107,-0.277,1205663.0,0.4764,-0.754,-1399767.0,0.4467,-2.687,-1,61,trend,0.254
up,1753408680000,2025-07-25T01:58:00.000000000,3.16,1.585,1,0.61,-2137546.0,0.5746,1.589,0.0052,0.0001,-0.652,861020.0,0.6037,-0.471,689000.0,0.6235,-0.842,605299.0,0.6087,-2.49,698208.0,0.5541,0.041,22,-1,whipsaw,-1.528
down,1753410960000,2025-07-25T02:36:00.000000000,3.1,-1.557,1,0.72,-47790.0,0.5821,1.509,0.0053,0.0001,-0.617,-699110.0,0.4045,-0.4,184129.0,0.4865,-0.429,771353.0,0.4819,-1.204,131856.0,0.5205,-1.708,-1,30,trend,-1.592
up,1753418700000,2025-07-25T04:45:00.000000000,3.1,1.554,1,1.04,-2214616.0,0.6172,1.798,0.0069,0.0001,0.161,-393490.0,0.602,0.403,-1427250.0,0.6504,0.11,-840965.0,0.5851,-0.578,-2851781.0,0.5736,0.655,75,-1,whipsaw,1.846
down,1753430040000,2025-07-25T07:54:00.000000000,3.04,-1.756,1,1.47,-980890.0,0.3697,1.831,0.0048,0.0001,1.185,275037.0,0.4442,1.26,524005.0,0.4599,1.932,-169100.0,0.4881,1.474,-1731648.0,0.4641,-0.105,4,-1,whipsaw,-3.92
up,1753431780000,2025-07-25T08:23:00.000000000,3.1,1.771,2,1.65,-169100.0,0.4752,1.555,0.008,0.0001,-0.048,385360.0,0.4068,-0.706,-322803.0,0.3706,-0.947,-1562548.0,0.4366,-0.016,-2624543.0,0.4748,1.611,18,71,whipsaw,2.03
down,1753452960000,2025-07-25T14:16:00.000000000,3.06,-1.56,1,1.63,218353.0,0.4604,1.763,0.0068,0.0001,-0.14,-62252.0,0.5741,-0.154,550925.0,0.5362,-1.009,1704150.0,0.5183,-0.751,-733572.0,0.5082,-2.064,-1,16,trend,-4.132
up,1753662900000,2025-07-28T00:35:00.000000000,3.28,1.53,1,4.35,-1226784.0,0.5134,1.948,0.0056,0.0001,-0.448,130350.0,0.4457,-0.628,105835.0,0.4785,-0.625,-601548.0,0.4764,-1.577,460866.0,0.4776,0.455,50,-1,whipsaw,-4.97
up,1753670160000,2025-07-28T02:36:00.000000000,3.29,1.556,1,2.8,-1766021.0,0.5886,1.867,0.0032,0.0001,-0.435,-922160.0,0.4796,-0.538,-457052.0,0.5267,-0.596,-450873.0,0.5549,-0.708,485065.0,0.5677,1.231,34,195,whipsaw,-5.531
down,1753749720000,2025-07-29T00:42:00.000000000,3.08,-1.793,1,1.83,-530901.0,0.4596,1.668,0.0044,-1.5e-05,1.08,-1176251.0,0.4823,1.317,-2694275.0,0.3972,1.67,-1926272.0,0.4375,1.644,-2056020.0,0.491,-0.149,4,-1,whipsaw,-0.833
up,1753751520000,2025-07-29T01:12:00.000000000,3.13,1.67,1,1.53,-1926272.0,0.4375,1.578,0.0051,-1.5e-05,0.022,-276432.0,0.6132,0.121,-299292.0,0.5825,-0.026,-129748.0,0.5474,-0.188,313629.0,0.4937,0.383,66,-1,whipsaw,-0.478
down,1753797960000,2025-07-29T14:06:00.000000000,3.11,-1.671,1,2.17,-951260.0,0.4486,1.714,0.0051,2e-05,-0.067,917311.0,0.443,0.08,1308079.0,0.4712,0.524,2140180.0,0.4881,-0.37,1370829.0,0.4618,-1.889,195,86,trend,0.925
up,1753808580000,2025-07-29T17:03:00.000000000,3.11,1.661,1,3.19,-1081674.0,0.513,1.702,0.004,5.1e-05,0.289,-1316847.0,0.4319,0.491,-4152011.0,0.4489,0.854,-4486495.0,0.4885,1.069,-4124146.0,0.4555,1.528,-1,22,trend,0.815
up,1753840080000,2025-07-30T01:48:00.000000000,3.14,1.593,1,1.16,-493825.0,0.5041,1.41,0.0048,2e-06,-0.143,608402.0,0.5215,-0.604,502355.0,0.5123,-0.169,444746.0,0.4908,-0.045,114477.0,0.4599,0.216,201,-1,whipsaw,-0.566
up,1753887300000,2025-07-30T14:55:00.000000000,3.14,1.502,1,2.53,-578902.0,0.5552,1.812,0.0034,1.9e-05,-0.057,937943.0,0.5108,-0.232,1636446.0,0.5012,-0.181,1521784.0,0.5229,0.143,2685567.0,0.5331,0.633,188,-1,whipsaw,-1.47
down,1753901340000,2025-07-30T18:49:00.000000000,3.07,-1.847,1,3.65,106931.0,0.4593,1.731,0.0068,4e-05,-0.231,899662.0,0.5462,-1.627,898975.0,0.4738,-0.775,-2425325.0,0.4802,1.162,-4264096.0,0.4557,-2.321,59,12,trend,-0.719
up,1753904040000,2025-07-30T19:34:00.000000000,3.07,1.615,1,12.2,-4719215.0,0.4394,1.776,0.0071,4e-05,0.094,-172207.0,0.4446,1.202,-443856.0,0.4618,1.146,-1610707.0,0.4697,0.86,-2509621.0,0.4695,1.514,-1,14,trend,-0.15
down,1754009280000,2025-08-01T00:48:00.000000000,2.97,-1.725,1,5.1,578805.0,0.4369,1.671,0.0068,-9.6e-05,-0.492,-616242.0,0.4232,0.761,-3686409.0,0.5057,-0.876,-2823753.0,0.4727,0.189,-2173726.0,0.482,-1.331,14,3,trend,0.057
up,1754049960000,2025-08-01T12:06:00.000000000,2.99,1.538,1,1.3,-998937.0,0.5579,1.494,0.0026,-3e-05,-0.204,-339743.0,0.5079,-0.381,-1007815.0,0.503,0.351,-1073741.0,0.5053,0.324,-863302.0,0.5108,2.256,100,137,whipsaw,-1.792
down,1754055960000,2025-08-01T13:46:00.000000000,2.96,-1.552,1,2.66,1208856.0,0.4577,1.797,0.0053,-3e-05,-0.439,-1303631.0,0.4709,-0.415,248925.0,0.4754,1.279,393386.0,0.5027,2.501,-222146.0,0.4871,-1.117,24,8,trend,0.891
up,1754057880000,2025-08-01T14:18:00.000000000,3.01,1.688,1,3.61,393386.0,0.4957,1.819,0.0077,-3e-05,0.529,-589047.0,0.4464,1.125,-982823.0,0.4782,0.769,-615532.0,0.4706,0.193,1481391.0,0.4673,1.79,239,15,trend,-3.025
up,1754073960000,2025-08-01T18:46:00.000000000,3.02,1.511,1,1.56,-1801467.0,0.462,1.613,0.0066,0.0001,-0.526,263840.0,0.5366,-0.539,52510.0,0.4851,-0.456,-27932.0,0.4929,-0.271,-156583.0,0.5173,0.284,80,-1,whipsaw,-8.818
down,1754079300000,2025-08-01T20:15:00.000000000,2.97,-1.565,2,1.59,1625521.0,0.4758,1.636,0.0067,0.0001,0.707,-403447.0,0.4228,0.475,-435114.0,0.4651,0.165,-394105.0,0.4722,1.617,392906.0,0.5024,-2.452,41,129,whipsaw,5.945
up,1754082480000,2025-08-01T21:08:00.000000000,3.03,1.563,1,1.16,654512.0,0.5134,1.824,0.0049,0.0001,-0.228,-57384.0,0.5508,-0.522,185992.0,0.5787,-0.799,-261074.0,0.5686,-2.177,-366475.0,0.5405,0.023,40,-1,whipsaw,-7.455
up,1754090160000,2025-08-01T23:16:00.000000000,2.95,1.571,1,1.38,-669272.0,0.5484,1.772,0.0059,0.0001,0.339,18323.0,0.5644,0.261,128578.0,0.5102,0.465,164638.0,0.5126,0.336,208538.0,0.513,1.296,-1,94,trend,-5.852
down,1754116320000,2025-08-02T06:32:00.000000000,2.96,-1.509,1,1.06,-1311257.0,0.4198,1.774,0.0033,0.0001,-0.327,-39598.0,0.4619,0.121,-142288.0,0.4894,0.172,293206.0,0.4971,0.574,312894.0,0.5166,-0.658,86,-1,whipsaw,4.11
down,1754145420000,2025-08-02T14:37:00.000000000,2.89,-1.51,2,3.38,1145498.0,0.5263,1.821,0.0034,0.0001,-0.19,291514.0,0.4915,-0.498,-595607.0,0.4688,-0.166,-2041979.0,0.5309,-1.166,-1576623.0,0.5174,-4.945,-1,54,trend,0.644
down,1754157120000,2025-08-02T17:52:00.000000000,2.81,-1.548,2,2.35,-776402.0,0.4838,1.418,0.0049,8.2e-05,0.416,-181390.0,0.4773,0.295,119330.0,0.5387,-0.057,912493.0,0.5071,-1.925,1663208.0,0.4889,-2.465,-1,35,trend,-3.461
up,1754162580000,2025-08-02T19:23:00.000000000,2.79,1.597,1,3.47,-375719.0,0.5401,1.784,0.0056,8.2e-05,0.233,720893.0,0.6525,0.24,-808023.0,0.5554,-0.243,10002.0,0.4931,-0.405,-212648.0,0.4863,0.909,230,-1,whipsaw,4.58
down,1754176680000,2025-08-02T23:18:00.000000000,2.77,-1.513,2,1.99,1087962.0,0.5205,1.882,0.0043,8.2e-05,-0.296,-679324.0,0.4161,-0.531,863053.0,0.4605,0.445,961643.0,0.4828,0.886,2179750.0,0.5011,-1.399,97,11,trend,-6.773
up,1754182860000,2025-08-03T01:01:00.000000000,2.79,1.627,1,3.8,177032.0,0.4754,1.807,0.0064,2.2e-05,-0.319,223154.0,0.499,-0.15,558417.0,0.5036,0.222,-1151978.0,0.5485,0.544,-1421463.0,0.5414,1.773,-1,71,trend,8.01
up,1754267880000,2025-08-04T00:38:00.000000000,2.98,1.581,1,1.85,57697.0,0.5162,1.611,0.0048,-7e-06,0.272,-746011.0,0.4649,0.664,-1076844.0,0.5253,1.248,-302119.0,0.5155,1.013,-944668.0,0.4818,1.691,-1,17,trend,3.452
up,1754315220000,2025-08-04T13:47:00.000000000,3.05,1.726,1,2.98,-1599596.0,0.4573,1.443,0.0059,0.0001,-0.891,-89139.0,0.5011,0.419,604516.0,0.4961,0.518,-1645134.0,0.4638,-0.413,131613.0,0.4275,1.205,117,200,whipsaw,-0.531
down,1754403480000,2025-08-05T14:18:00.000000000,2.99,-1.568,1,3.41,1823933.0,0.4664,1.856,0.0046,0.0001,-0.447,124007.0,0.4068,-0.651,-2036138.0,0.4564,-0.811,-3085807.0,0.4676,-0.104,-3004207.0,0.5039,-1.266,-1,24,trend,1.249
up,1754457360000,2025-08-06T05:16:00.000000000,2.95,1.537,1,1.37,-1188725.0,0.558,1.366,0.0034,4.3e-05,-0.23,-1575124.0,0.4022,-0.559,-2491460.0,0.435,0.508,-1831464.0,0.5239,-0.728,-3625536.0,0.539,0.542,208,-1,whipsaw,0.684
up,1754561640000,2025-08-07T10:14:00.000000000,3.05,1.685,1,4.02,635784.0,0.4934,1.592,0.0029,0.0001,-0.157,4917.0,0.5305,0.193,-1207277.0,0.5219,0.747,-4449787.0,0.517,0.976,-5072387.0,0.4943,1.163,-1,60,trend,8.743
down,1754585220000,2025-08-07T16:47:00.000000000,3.01,-1.563,1,2.38,-439081.0,0.3561,1.318,0.0031,0.0001,0.851,-1434041.0,0.486,0.944,-1878579.0,0.4963,1.06,-1382073.0,0.488,1.322,-1589235.0,0.4818,-0.027,10,-1,whipsaw,-7.706
up,1754596800000,2025-08-07T20:00:00.000000000,3.11,1.582,2,4.99,-1276770.0,0.5398,1.478,0.0027,0.0001,0.154,1060535.0,0.4708,-0.058,2601822.0,0.4526,0.28,1653315.0,0.4516,0.045,1295734.0,0.415,7.248,-1,82,trend,6.958
down,1754663640000,2025-08-08T14:34:00.000000000,3.3,-1.971,1,4.07,-1964452.0,0.5274,1.934,0.0063,0.0001,-0.525,-766244.0,0.4965,-0.282,-435959.0,0.5463,-1.089,-763174.0,0.5103,-2.102,-1159798.0,0.5169,-2.784,-1,29,trend,0.343
up,1754683140000,2025-08-08T19:59:00.000000000,3.34,1.505,1,1.45,-677390.0,0.4749,1.649,0.0032,0.0001,-0.86,-90510.0,0.6996,-0.964,-321107.0,0.592,-0.91,-624705.0,0.6191,-0.806,-891302.0,0.5786,0.045,15,-1,whipsaw,-2.213
down,1754811540000,2025-08-10T07:39:00.000000000,3.18,-2.074,1,3.7,813017.0,0.5106,1.514,0.0052,5.9e-05,-0.478,-4476174.0,0.4472,0.019,-8502667.0,0.5064,-0.741,-8301526.0,0.4998,0.217,-11316855.0,0.5369,-0.968,0,-1,whipsaw,-2.199
up,1754900520000,2025-08-11T08:22:00.000000000,3.3,1.524,1,4.74,-4518496.0,0.5658,1.613,0.0041,0.0001,0.452,-423700.0,0.5818,0.968,1735374.0,0.5798,0.124,1803825.0,0.5181,-0.021,4605032.0,0.5176,1.138,101,13,trend,-4.635
down,1754924880000,2025-08-11T15:08:00.000000000,3.18,-1.599,1,2.49,-964775.0,0.5316,1.582,0.0046,0.0001,-0.025,-358925.0,0.5359,0.189,100237.0,0.5435,0.446,699793.0,0.5816,1.235,-132222.0,0.5781,-0.588,53,-1,whipsaw,-0.698
down,1754942400000,2025-08-11T20:00:00.000000000,3.14,-1.56,1,2.82,-2089367.0,0.528,1.968,0.0029,3.5e-05,0.076,-310535.0,0.5992,-0.067,1768598.0,0.5645,0.484,1181978.0,0.6288,0.55,2122185.0,0.618,-0.811,-1,-1,partial,-4.429
up,1755001860000,2025-08-12T12:31:00.000000000,3.2,1.573,1,2.54,373892.0,0.4818,1.369,0.0043,7.3e-05,-0.494,196853.0,0.5078,-0.26,-158699.0,0.521,-0.463,-763872.0,0.5287,-0.55,482121.0,0.5465,0.863,34,-1,whipsaw,2.79
up,1755091620000,2025-08-13T13:27:00.000000000,3.32,1.525,1,3.49,2386643.0,0.5298,1.786,0.0024,0.0001,0.06,5840978.0,0.566,-1.842,3191706.0,0.5116,-1.068,-1341576.0,0.5026,-1.779,-2005996.0,0.4848,0.373,13,-1,whipsaw,-6.727
down,1755174660000,2025-08-14T12:31:00.000000000,3.17,-1.583,1,3.71,1911944.0,0.5694,1.535,0.0054,0.0001,-2.321,-18123482.0,0.4412,-1.384,-26754458.0,0.5024,-2.677,-32750689.0,0.4936,-2.296,-34255915.0,0.5023,-5.667,-1,2,trend,1.498
up,1755178440000,2025-08-14T13:34:00.000000000,3.11,1.706,1,7.42,-1505226.0,0.5138,1.841,0.0081,0.0001,-0.187,58978.0,0.4166,0.216,999857.0,0.469,-0.029,3603278.0,0.4566,0.93,6720340.0,0.4836,1.133,151,58,trend,-0.103
down,1755188760000,2025-08-14T16:26:00.000000000,3.05,-1.744,1,2.42,-2701023.0,0.5194,1.903,0.004,0.0001,0.0,-793657.0,0.453,0.491,-159344.0,0.4512,0.524,857531.0,0.4893,0.972,1169043.0,0.5124,-0.373,60,-1,whipsaw,0.953
down,1755272880000,2025-08-15T15:48:00.000000000,3.02,-1.512,1,5.02,-2102931.0,0.4331,1.949,0.0042,3.2e-05,0.547,-440980.0,0.4318,0.116,-476213.0,0.4259,-0.189,-1193672.0,0.4462,0.716,164161.0,0.4745,-0.467,98,-1,whipsaw,-2.937
up,1755538080000,2025-08-18T17:28:00.000000000,3.05,1.558,1,1.97,-156205.0,0.4861,1.539,0.0034,-8.5e-05,0.488,-441482.0,0.5106,1.072,-3824394.0,0.4708,0.603,-6991352.0,0.4349,0.092,-8781553.0,0.4663,1.518,-1,12,trend,-4.029
down,1755613620000,2025-08-19T14:27:00.000000000,2.96,-1.538,1,2.07,-577628.0,0.4196,1.692,0.0032,0.0001,0.054,-364215.0,0.4864,-0.713,407959.0,0.4736,-0.45,518897.0,0.5139,0.301,818783.0,0.5695,-2.086,-1,92,trend,3.495
down,1755698760000,2025-08-20T14:06:00.000000000,2.83,-1.857,1,6.06,-2731584.0,0.4618,1.594,0.0064,-3.1e-05,-0.124,-730263.0,0.5081,0.69,-1360996.0,0.519,1.864,-2136119.0,0.5348,3.314,-530878.0,0.5224,-0.311,21,-1,whipsaw,-2.844
up,1755700440000,2025-08-20T14:34:00.000000000,2.88,1.525,1,3.59,-835394.0,0.5445,1.777,0.0058,-3.1e-05,0.076,-861155.0,0.5196,0.513,-504887.0,0.4662,0.656,694564.0,0.5003,1.502,114877.0,0.5072,2.553,-1,32,trend,0.947
down,1755713700000,2025-08-20T18:15:00.000000000,2.91,-1.587,1,2.28,-3414453.0,0.5173,1.526,0.0035,7.3e-05,0.141,771325.0,0.3564,0.048,675949.0,0.5086,0.416,82030.0,0.5584,1.124,422235.0,0.5929,-0.1,56,-1,whipsaw,0.117
up,1755870300000,2025-08-22T13:45:00.000000000,2.86,1.802,2,5.86,-3336511.0,0.4667,1.75,0.0045,6e-05,-0.178,780304.0,0.5118,1.63,-401220.0,0.5363,5.741,-5907047.0,0.56,5.643,-7573558.0,0.5267,8.316,-1,15,trend,5.58
up,1755883680000,2025-08-22T17:28:00.000000000,3.09,1.557,1,5.7,36563.0,0.5727,1.85,0.0037,3.8e-05,-0.362,320111.0,0.4413,-0.711,8086.0,0.4969,-0.828,-3223589.0,0.4432,-1.213,-6322606.0,0.4293,0.437,41,-1,whipsaw,-2.413
down,1755916560000,2025-08-23T02:36:00.000000000,2.98,-1.532,1,2.49,-2201116.0,0.3445,1.778,0.0035,0.0001,0.161,-1545188.0,0.4837,0.628,-1833425.0,0.5094,0.659,-3219011.0,0.4849,0.474,-1138493.0,0.4834,-0.222,35,-1,whipsaw,-3.004
up,1756060380000,2025-08-24T18:33:00.000000000,3.1,1.776,1,8.06,-3255027.0,0.5663,1.803,0.0028,0.0001,0.164,926400.0,0.5947,0.413,3928714.0,0.5406,0.313,3658669.0,0.516,-0.829,3292358.0,0.5039,0.887,61,-1,whipsaw,-4.432
down,1756064040000,2025-08-24T19:34:00.000000000,3.07,-1.572,1,13.56,-366311.0,0.4908,1.883,0.0037,0.0001,-0.58,-3535137.0,0.4639,-1.004,-8116392.0,0.486,-1.627,-7694618.0,0.4807,-1.304,-10794337.0,0.4663,-2.637,-1,2,trend,4.576
down,1756082520000,2025-08-25T00:42:00.000000000,2.98,-1.678,1,3.6,-426854.0,0.4417,1.681,0.0029,0.0001,0.4,-233257.0,0.55,0.534,-242326.0,0.5488,0.964,333223.0,0.5345,1.179,155472.0,0.5036,-0.094,31,-1,whipsaw,3.81
down,1756151700000,2025-08-25T19:55:00.000000000,2.89,-1.659,2,3.73,-2553992.0,0.5274,1.733,0.0037,3.9e-05,-0.229,-774933.0,0.4832,-0.762,-897077.0,0.537,-0.485,-1395006.0,0.5232,-1.551,-2968806.0,0.507,-2.261,-1,16,trend,-6.195
up,1756211940000,2025-08-26T12:39:00.000000000,2.94,1.577,1,2.02,-459130.0,0.4847,1.712,0.0031,-1.8e-05,-0.378,179274.0,0.4717,-1.321,389422.0,0.4463,-0.844,-1061088.0,0.4819,-0.752,-1418868.0,0.4807,0.504,15,-1,whipsaw,2.063
up,1756237080000,2025-08-26T19:38:00.000000000,3.02,1.614,1,1.73,-1425839.0,0.567,1.298,0.0025,9.6e-05,0.02,470908.0,0.4322,1.452,-242966.0,0.47,1.094,-597028.0,0.4697,0.166,-1903217.0,0.4792,2.178,-1,11,trend,-0.003
down,1756240020000,2025-08-26T20:27:00.000000000,3.03,-1.584,1,6.28,-1572737.0,0.4849,1.679,0.0046,9.6e-05,-0.063,-219075.0,0.4812,-0.28,139023.0,0.4873,0.106,139404.0,0.4923,-0.32,-440163.0,0.488,-1.105,-1,228,trend,0.897
down,1756476360000,2025-08-29T14:06:00.000000000,2.82,-1.639,1,6.4,-1370574.0,0.4465,1.695,0.0072,7.8e-05,0.234,-128687.0,0.4905,1.088,1261305.0,0.494,0.507,2060591.0,0.485,0.432,4554598.0,0.471,-0.326,14,-1,whipsaw,1.035
up,1756712820000,2025-09-01T07:47:00.000000000,2.77,1.552,1,5.19,698450.0,0.6053,1.665,0.0029,2e-05,0.285,-1514785.0,0.6423,1.258,-3094418.0,0.6333,0.814,-5466520.0,0.5647,1.319,-5056288.0,0.5649,2.314,-1,13,trend,0.681
up,1756820880000,2025-09-02T13:48:00.000000000,2.82,1.666,1,6.09,-2118917.0,0.5239,1.592,0.0062,0.0001,-0.007,-811713.0,0.5914,0.021,-312564.0,0.5327,0.138,1043626.0,0.4944,0.283,3557890.0,0.5057,0.733,123,-1,whipsaw,1.575
down,1757082180000,2025-09-05T14:23:00.000000000,2.84,-1.579,1,6.95,575209.0,0.4017,1.817,0.0048,8.9e-05,-0.462,-858837.0,0.4648,-0.631,-2248396.0,0.5022,-0.892,-5564721.0,0.5249,-0.462,-6478778.0,0.5264,-1.301,-1,13,trend,0.783
up,1757254200000,2025-09-07T14:10:00.000000000,2.9,2.037,1,29.65,840095.0,0.5609,1.499,0.0016,0.0001,0.41,1131873.0,0.5497,-0.544,4734679.0,0.5103,0.217,5832217.0,0.5156,-0.771,4182901.0,0.4605,0.816,63,-1,whipsaw,3.095
down,1757593800000,2025-09-11T12:30:00.000000000,2.96,-1.75,1,9.06,631846.0,0.5903,1.337,0.005,0.0001,1.396,-3910112.0,0.5504,1.152,-3665577.0,0.5138,1.196,-1678887.0,0.5031,1.166,-754156.0,0.4803,-0.284,0,-1,whipsaw,-2.599
down,1757923320000,2025-09-15T08:02:00.000000000,2.97,-1.884,1,7.69,149486.0,0.3935,1.437,0.0047,4.1e-05,0.868,-5188169.0,0.4538,0.69,-4042294.0,0.4383,0.434,-3800168.0,0.4931,-0.084,-5351320.0,0.4588,-0.666,0,-1,whipsaw,-1.113
up,1757943300000,2025-09-15T13:35:00.000000000,3.04,1.704,1,2.73,-5573406.0,0.5238,1.497,0.0026,4.1e-05,-0.481,-1430831.0,0.4076,-0.405,-1809951.0,0.4393,-0.974,-4144676.0,0.4541,-0.655,-4197821.0,0.4681,0.174,30,-1,whipsaw,0.026
down,1758135240000,2025-09-17T18:54:00.000000000,2.98,-1.557,1,10.87,847637.0,0.4902,1.743,0.0066,1e-05,0.429,-970749.0,0.5517,1.327,-1387305.0,0.5454,1.196,-137481.0,0.503,1.812,34933.0,0.4978,-0.047,11,-1,whipsaw,-4.379
down,1758501120000,2025-09-22T00:32:00.000000000,2.9,-2.206,1,16.59,1233530.0,0.4933,1.328,0.004,2.2e-05,0.606,-7286261.0,0.5305,0.461,-7003840.0,0.534,0.541,-8652498.0,0.5056,0.871,-10741683.0,0.4741,-0.943,0,-1,whipsaw,1.412
down,1758520800000,2025-09-22T06:00:00.000000000,2.83,-1.887,1,14.08,-128712.3,0.4917,1.453,0.0029,2.2e-05,-2.432,-13979002.7,0.4716,-1.269,-12230257.1,0.5305,-0.82,-13167115.0,0.5914,-0.435,-13211581.9,0.6323,-4.638,-1,1,trend,-1.315
up,1758522720000,2025-09-22T06:32:00.000000000,2.81,3.844,1,51.87,-13167115.0,0.6035,1.409,0.0085,2.2e-05,0.185,-349306.3,0.7374,0.295,-986097.7,0.6899,0.427,-44466.9,0.6637,0.463,6778032.6,0.5924,0.701,-1,-1,partial,2.328
up,1758598200000,2025-09-23T03:30:00.000000000,2.86,1.741,1,1.5,-1424251.6,0.5904,1.594,0.0028,4.1e-05,0.102,627699.4,0.6188,0.053,1224409.3,0.5478,0.147,1250137.8,0.531,-0.466,3243102.0,0.5089,0.952,-1,-1,partial,-1.47
up,1758688620000,2025-09-24T04:37:00.000000000,2.85,1.502,1,4.68,-1240654.0,0.5743,1.683,0.0047,8.9e-05,-0.028,201037.1,0.691,-0.102,302251.4,0.5828,-0.056,861798.0,0.5983,0.242,1931743.4,0.5984,1.107,-1,186,trend,0.19
down,1758820440000,2025-09-25T17:14:00.000000000,2.76,-1.705,1,3.35,-883394.3,0.4681,1.599,0.0043,5.5e-05,0.424,-836179.6,0.5019,0.311,-2415040.2,0.5364,-0.377,-2378078.0,0.5627,-0.036,-1106410.0,0.5853,-1.358,88,43,trend,-0.406
up,1758824760000,2025-09-25T18:26:00.000000000,2.78,1.526,1,4.4,-2972331.5,0.6133,1.959,0.0047,5.5e-05,0.122,-59358.0,0.5951,0.061,198363.5,0.58,0.493,-2618293.0,0.5826,0.999,-3098536.4,0.5586,1.168,91,56,trend,0.935
down,1758829800000,2025-09-25T19:50:00.000000000,2.76,-1.56,1,1.69,2483495.1,0.4527,1.484,0.0033,5.5e-05,-0.123,2125734.7,0.4776,0.141,1201191.6,0.5394,0.112,1306666.7,0.518,-0.452,171772.8,0.5613,-1.165,-1,108,trend,-0.789
up,1758890160000,2025-09-26T12:36:00.000000000,2.77,1.74,1,3.59,-283936.1,0.5187,1.677,0.0037,5.1e-05,-0.585,4491697.6,0.4705,-0.613,3220401.1,0.5113,-0.924,1505773.5,0.4626,-0.96,-2584211.4,0.4603,0.195,18,-1,whipsaw,0.325
down,1758896760000,2025-09-26T14:26:00.000000000,2.72,-1.606,1,1.68,-1351345.7,0.4494,1.671,0.0034,5.1e-05,-0.081,-180368.5,0.4609,-0.382,2573618.6,0.502,-0.559,4006884.4,0.5403,0.732,5892654.5,0.5279,-0.724,69,-1,whipsaw,-2.312
up,1759154640000,2025-09-29T14:04:00.000000000,2.89,1.516,1,5.6,755322.6,0.4833,1.64,0.004,0.0001,0.038,555654.2,0.3637,0.27,985657.3,0.4248,0.453,-1867709.7,0.4287,0.574,-1514286.5,0.4558,1.227,-1,12,trend,-1.811
up,1759308420000,2025-10-01T08:47:00.000000000,2.9,1.532,1,5.04,-1087024.7,0.5982,1.622,0.0033,9.7e-05,0.269,-551231.4,0.5458,0.379,-1725935.2,0.5027,0.748,-1704560.9,0.4896,1.667,636570.0,0.5339,1.702,-1,51,trend,2.97
up,1759421400000,2025-10-02T16:10:00.000000000,3.02,1.775,1,4.75,821582.5,0.5159,1.446,0.0041,5.8e-05,0.07,2884256.1,0.4385,0.04,2984185.7,0.4579,0.109,4242138.4,0.4619,0.88,5465116.5,0.4911,2.595,-1,41,trend,1.963
down,1759510800000,2025-10-03T17:00:00.000000000,3.02,-2.162,1,4.94,-5008659.5,0.4227,1.538,0.0051,4.1e-05,0.384,-535900.3,0.4538,0.997,236670.3,0.4626,0.666,-178758.6,0.4448,0.255,263896.8,0.4627,-0.176,0,-1,whipsaw,2.353
up,1759764420000,2025-10-06T15:27:00.000000000,3.03,1.577,1,7.77,-683320.6,0.5751,1.757,0.0029,7.6e-05,-0.188,-431115.7,0.565,-0.152,-458235.5,0.4085,0.109,312606.4,0.4351,-0.267,-1533054.7,0.4233,0.547,-1,-1,partial,-4.417
down,1759846080000,2025-10-07T14:08:00.000000000,2.92,-1.531,1,7.7,-4836901.8,0.4901,1.998,0.0049,7.6e-05,0.106,-6602790.0,0.5348,0.151,-6653297.2,0.5469,-0.178,-17556866.6,0.5357,-0.825,-17044275.7,0.5189,-2.421,-1,59,trend,1.157
down,1760109600000,2025-10-10T15:20:00.000000000,2.77,-1.666,2,8.86,-3327015.7,0.4148,2.134,0.0048,7.1e-05,-0.739,-527217.7,0.4259,-1.68,-2258649.7,0.4747,-0.8,-1345700.0,0.4912,-1.464,471961.8,0.5137,-3.166,-1,4,trend,10.658
down,1760124540000,2025-10-10T19:29:00.000000000,2.64,-2.614,6,13.9,-2025677.8,0.4753,1.617,0.0059,1.2e-05,1.012,-2613267.5,0.5939,1.786,-5139251.4,0.651,1.498,-6044880.9,0.636,2.249,-9600274.3,0.6057,-52.44,0,87,whipsaw,8.103
up,1760132700000,2025-10-10T21:45:00.000000000,2.32,5.299,8,85.99,-41585581.6,0.426,2.45,0.0908,1.2e-05,-0.203,-457952.5,0.4585,-0.379,2596476.1,0.4793,-0.539,3355478.9,0.4686,-0.897,20362357.0,0.4699,5.636,0,1,whipsaw,2.096
down,1760160540000,2025-10-11T05:29:00.000000000,2.4,-1.964,1,2.21,-1031154.1,0.4708,1.788,0.0032,0.000436,0.426,-2476128.0,0.5427,0.038,-4703549.0,0.5532,0.338,-6117264.4,0.574,1.979,-9224161.5,0.5794,-0.234,19,-1,whipsaw,0.931
down,1760187060000,2025-10-11T12:51:00.000000000,2.44,-1.703,1,0.69,-53053.0,0.5249,1.503,0.0043,-0.000111,0.513,-158145.7,0.7131,0.152,-325960.2,0.4648,0.324,-339481.3,0.4647,0.825,-696121.3,0.4459,-0.817,57,-1,whipsaw,1.027
up,1760194800000,2025-10-11T15:00:00.000000000,2.47,1.529,1,0.71,-450930.7,0.3859,1.836,0.0037,-0.000111,-0.028,-738456.0,0.387,0.17,-2218134.1,0.4133,0.364,-2345869.3,0.3786,0.368,-2610432.0,0.3812,0.944,-1,-1,partial,-0.931
down,1760209920000,2025-10-11T19:12:00.000000000,2.44,-1.654,2,0.38,-818887.2,0.4133,1.598,0.0032,-1e-05,-0.386,-361671.8,0.465,-0.661,-572729.4,0.4852,-1.223,-446440.2,0.5065,-2.101,937642.9,0.5062,-4.702,-1,9,trend,-3.914
up,1760217960000,2025-10-11T21:26:00.000000000,2.38,1.767,1,2.12,977215.2,0.5042,2.027,0.0041,-1e-05,-0.769,-11197.8,0.4467,-0.563,3056150.6,0.4646,0.214,2928369.7,0.479,0.467,2970923.0,0.4795,1.211,6,71,whipsaw,6.761
down,1760231040000,2025-10-12T01:04:00.000000000,2.34,-1.74,1,0.63,-2538504.4,0.4583,1.683,0.0029,-5.1e-05,0.171,-179867.9,0.4746,-0.422,-1533237.9,0.4976,-0.674,-4823142.6,0.5125,-0.905,-8194763.6,0.5206,-1.331,153,56,trend,-7.387
up,1760239320000,2025-10-12T03:22:00.000000000,2.36,1.876,2,1.13,-1639117.3,0.5275,1.696,0.0051,-5.1e-05,0.034,-935391.7,0.5666,0.458,-1793129.4,0.5834,-0.815,-1622988.2,0.5708,0.641,257287.2,0.5696,1.858,-1,166,trend,9.016
up,1760280420000,2025-10-12T14:47:00.000000000,2.42,1.759,2,2.71,-2205698.4,0.5288,1.505,0.0034,-9.4e-05,1.493,-2526529.8,0.5714,1.423,-2835711.2,0.5254,3.069,-3183269.1,0.5248,2.33,-2958373.0,0.5082,4.979,0,4,whipsaw,6.063
up,1760337120000,2025-10-13T06:32:00.000000000,2.59,2.21,1,1.2,-912793.9,0.4558,1.647,0.0046,-5.3e-05,-0.162,13334.1,0.5192,0.0,318648.5,0.4964,0.344,830913.4,0.4702,1.355,212924.3,0.4708,2.015,-1,36,trend,-3.945
down,1760354880000,2025-10-13T11:28:00.000000000,2.56,-1.73,1,2.27,-321785.4,0.4377,1.818,0.0054,-7.6e-05,0.368,-947821.8,0.5365,0.657,-827558.1,0.5377,0.614,-1091663.8,0.5597,0.512,-142819.4,0.5635,-0.822,42,-1,whipsaw,3.904
up,1760362380000,2025-10-13T13:33:00.000000000,2.61,1.665,1,2.89,-715902.1,0.5096,2.026,0.004,-7.6e-05,-0.679,-1519298.0,0.4931,-0.986,-1944158.1,0.4813,-0.341,-2669880.3,0.5252,-1.358,-1399275.3,0.5261,0.418,2,-1,whipsaw,-7.072
down,1760365620000,2025-10-13T14:27:00.000000000,2.56,-1.522,1,1.9,981275.2,0.5423,2.171,0.0054,-7.6e-05,0.074,262716.0,0.4985,0.582,-292686.4,0.5204,-0.207,-88720.4,0.4832,0.722,-285685.1,0.5079,-0.343,8,-1,whipsaw,4.411
down,1760423640000,2025-10-14T06:34:00.000000000,2.47,-1.891,1,1.98,-638412.4,0.4865,1.707,0.0035,0.0001,0.421,-592187.5,0.4793,-0.308,268735.1,0.4831,-0.194,259752.8,0.4846,-0.348,5360837.6,0.5211,-2.272,-1,12,trend,-0.688
up,1760426160000,2025-10-14T07:16:00.000000000,2.48,1.546,1,4.8,4975271.2,0.5184,1.699,0.0071,0.0001,-0.303,-61356.3,0.5475,-0.59,116831.3,0.5512,-1.151,-437239.0,0.5265,-0.828,277849.1,0.5256,0.198,21,-1,whipsaw,1.014
down,1760437920000,2025-10-14T10:32:00.000000000,2.41,-1.598,1,2.01,-2708002.1,0.443,1.844,0.0035,5.6e-05,0.447,-243167.1,0.4676,0.203,-381682.9,0.5007,1.185,-1366215.0,0.5278,1.876,-1941111.8,0.51,-1.052,7,185,whipsaw,-3.438
up,1760440500000,2025-10-14T11:15:00.000000000,2.46,1.503,1,1.49,-1693979.6,0.5427,1.922,0.0029,5.6e-05,-0.281,108194.5,0.5524,-0.146,134550.7,0.5031,-0.138,726743.3,0.5346,-0.842,-171133.8,0.4889,0.252,61,-1,whipsaw,1.538
up,1760456640000,2025-10-14T15:44:00.000000000,2.48,1.523,2,1.79,-353536.3,0.5232,1.955,0.0037,5.6e-05,0.016,-455804.9,0.3739,0.73,-815889.8,0.4133,0.686,-2759143.8,0.4662,1.129,-1161702.0,0.4715,2.295,-1,32,trend,-1.682
down,1760471700000,2025-10-14T19:55:00.000000000,2.47,-1.638,1,3.14,-785438.9,0.5067,1.839,0.0064,-3.8e-05,0.744,876000.8,0.6073,0.331,1145590.2,0.4864,0.461,671769.2,0.5307,0.772,599749.3,0.5533,-0.279,125,-1,whipsaw,2.853
up,1760537880000,2025-10-15T14:18:00.000000000,2.5,1.635,1,5.01,-1906714.4,0.5498,2.071,0.0027,6.2e-05,0.184,-349882.9,0.4971,-0.276,-384103.6,0.4538,-1.169,-372225.7,0.4807,-1.753,-1653855.2,0.4992,0.316,28,-1,whipsaw,-3.498
down,1760539980000,2025-10-15T14:53:00.000000000,2.46,-1.686,1,1.63,-197225.9,0.5068,1.748,0.0035,6.2e-05,0.171,-16018.7,0.6268,0.512,-68965.4,0.5337,-0.293,-862657.3,0.5146,-1.113,-134253.5,0.5312,-1.967,-1,48,trend,1.898
down,1760607360000,2025-10-16T09:36:00.000000000,2.36,-1.817,1,4.09,-857952.8,0.5857,1.45,0.0051,-0.0,0.433,-1133373.2,0.4863,2.75,-4118909.4,0.5144,3.132,-4315803.9,0.5465,3.429,-5836931.6,0.5443,-0.123,8,-1,whipsaw,4.363
up,1760608920000,2025-10-16T10:02:00.000000000,2.43,1.519,1,8.46,-4956960.1,0.5169,1.656,0.0094,-0.0,0.194,64187.8,0.5378,0.746,-561488.8,0.6042,0.536,-2323903.6,0.5497,1.088,-536320.6,0.5322,1.669,-1,15,trend,-8.017
down,1760624160000,2025-10-16T14:16:00.000000000,2.41,-1.543,2,2.9,-205342.7,0.418,2.297,0.0036,-0.0,-0.642,9658385.0,0.4517,-0.568,18044035.0,0.4946,0.651,8520979.7,0.5437,-0.116,10369231.6,0.5153,-3.216,26,12,trend,5.711
up,1760626140000,2025-10-16T14:49:00.000000000,2.43,1.52,1,6.52,8520979.7,0.5498,1.907,0.004,-0.0,-0.642,-303784.9,0.4366,-1.176,2597100.8,0.4569,-0.794,1848251.9,0.4874,-2.855,2950374.4,0.4823,0.033,9,-1,whipsaw,-6.318
up,1760633940000,2025-10-16T16:59:00.000000000,2.4,1.502,1,3.75,-1757851.0,0.4978,1.618,0.0057,2.9e-05,-0.775,-1481421.8,0.4232,-0.951,-1985009.5,0.4538,-0.692,-2190394.5,0.4844,-1.317,-1713685.8,0.4995,0.013,15,-1,whipsaw,-4.436
down,1760647260000,2025-10-16T20:41:00.000000000,2.29,-1.606,1,4.33,1981991.6,0.4819,1.787,0.0043,2.9e-05,0.652,783560.2,0.582,0.289,904064.1,0.4877,0.709,241210.2,0.4689,1.112,-676917.1,0.4834,-0.074,33,-1,whipsaw,-1.212
up,1760663160000,2025-10-17T01:06:00.000000000,2.4,2.471,1,3.23,5544469.0,0.5645,1.394,0.0044,3.4e-05,-1.072,4012158.4,0.5771,-1.493,342531.6,0.4881,-1.877,-839947.4,0.448,-1.919,-2220990.5,0.4383,0.108,0,-1,whipsaw,-3.491
down,1760664960000,2025-10-17T01:36:00.000000000,2.35,-1.877,1,4.68,-839947.4,0.448,1.515,0.0044,3.4e-05,-0.213,-681476.9,0.437,-0.094,-2000239.2,0.486,-0.043,-1381043.1,0.4302,-0.289,663601.6,0.4458,-0.65,-1,-1,partial,1.152
down,1760682960000,2025-10-17T06:36:00.000000000,2.3,-1.782,2,2.13,769003.1,0.4715,1.678,0.0034,3.4e-05,0.052,-2464453.5,0.4565,-0.566,-2874066.2,0.4797,-0.622,-2712701.4,0.5047,-2.389,-4293058.3,0.5033,-4.691,-1,13,trend,-1.945
down,1760696520000,2025-10-17T10:22:00.000000000,2.2,-1.764,1,1.52,1271349.2,0.4834,1.788,0.0038,6e-05,0.109,620296.6,0.5017,0.464,-602686.0,0.5978,0.909,-856272.6,0.5815,3.723,-3035028.6,0.5769,-0.441,28,-1,whipsaw,-6.728
up,1760698920000,2025-10-17T11:02:00.000000000,2.24,1.902,1,1.77,-1310551.4,0.5925,2.082,0.0043,6e-05,-0.246,-25869.6,0.5828,1.911,-701289.4,0.5944,1.974,-5067756.9,0.541,2.313,-6438846.8,0.5326,2.934,-1,11,trend,5.274
down,1760711460000,2025-10-17T14:31:00.000000000,2.25,-1.519,1,1.38,915429.9,0.4157,1.622,0.0052,6e-05,-0.258,32771.9,0.438,0.978,-94293.4,0.4634,0.409,-103042.8,0.4513,1.334,-192215.1,0.5127,-0.4,14,-1,whipsaw,-5.028
up,1760716980000,2025-10-17T16:03:00.000000000,2.32,2.198,1,1.87,1276147.6,0.4971,1.74,0.0049,5e-05,-0.516,-2831142.2,0.5502,-0.761,-1105335.3,0.5316,-1.192,-1491465.9,0.4881,-1.424,-1490341.6,0.4771,0.133,23,-1,whipsaw,1.291
up,1760771340000,2025-10-18T07:09:00.000000000,2.38,1.53,1,1.46,1712450.0,0.5233,1.893,0.0018,-1.3e-05,-0.442,70417.7,0.4522,-0.762,513030.7,0.4664,-0.501,192302.8,0.5487,-0.766,-2147111.2,0.5722,0.0,49,-1,whipsaw,-0.943
up,1760867280000,2025-10-19T09:48:00.000000000,2.37,1.594,1,5.44,977328.9,0.4457,1.525,0.0041,-7.4e-05,0.237,688382.5,0.4876,0.038,5009459.1,0.5057,-0.178,8284939.4,0.4618,0.571,2378829.2,0.4918,1.408,-1,39,trend,4.182
up,1760932380000,2025-10-20T03:53:00.000000000,2.43,1.645,1,3.12,-341248.9,0.5604,1.545,0.0034,-7.3e-05,0.016,-503652.4,0.5221,0.119,-534517.0,0.4896,0.016,98372.4,0.4957,0.419,906947.4,0.5483,1.771,-1,129,trend,0.752
up,1760989200000,2025-10-20T19:40:00.000000000,2.52,1.568,1,2.92,-1169864.1,0.4391,1.609,0.0026,9.1e-05,0.306,-1406483.5,0.539,0.484,-1752129.9,0.4976,-0.492,-4474555.5,0.4546,-0.389,-5276467.0,0.4802,1.314,121,9,trend,-1.032
up,1761056280000,2025-10-21T14:18:00.000000000,2.45,1.734,2,3.33,-354494.4,0.5903,1.655,0.0033,3.8e-05,0.041,83612.3,0.5034,-0.285,-1707289.7,0.4679,0.082,-1186817.8,0.5158,1.929,-1543932.6,0.5198,3.262,-1,37,trend,-2.622
down,1761067140000,2025-10-21T17:19:00.000000000,2.48,-1.564,1,4.05,-6869102.1,0.4485,2.091,0.005,-4.8e-05,0.153,-1161971.6,0.4839,0.786,-2154593.5,0.5498,0.907,-670606.5,0.5839,0.012,-1359137.9,0.511,-0.605,23,-1,whipsaw,3.616
down,1761085860000,2025-10-21T22:31:00.000000000,2.44,-1.599,1,1.58,-135722.2,0.4021,1.621,0.0033,-4.8e-05,-0.086,-21106.4,0.4191,0.341,-840389.8,0.5079,0.127,-683373.9,0.4989,-0.238,-43579.1,0.5163,-1.366,-1,120,trend,4.119
down,1761110760000,2025-10-22T05:26:00.000000000,2.4,-1.646,1,3.41,-463095.9,0.5249,1.535,0.0019,9.9e-05,0.192,605202.6,0.4433,0.05,2213961.1,0.4493,0.313,3621405.4,0.4643,0.522,4258944.9,0.5374,-0.476,-1,-1,partial,0.284
up,1761145260000,2025-10-22T15:01:00.000000000,2.41,1.865,1,2.98,-1565939.4,0.5248,1.626,0.0048,-4.1e-05,-0.265,1015861.1,0.4428,-0.812,937074.0,0.3919,-1.267,290981.4,0.4028,-0.58,670660.2,0.4807,0.104,21,-1,whipsaw,-0.501
down,1761167460000,2025-10-22T21:11:00.000000000,2.33,-1.829,1,4.25,-3822040.7,0.4451,1.586,0.0043,-3.6e-05,0.794,-635700.9,0.4848,0.665,-259385.0,0.455,0.592,-574095.3,0.4386,0.936,-102741.1,0.4766,-0.167,10,-1,whipsaw,-2.267
up,1761418920000,2025-10-25T19:02:00.000000000,2.65,1.61,1,3.71,20390.6,0.5775,1.574,0.0031,6.5e-05,-0.091,-139147.7,0.546,-0.83,-125271.5,0.4079,-1.189,-1081647.6,0.3886,-1.457,-2189766.3,0.4035,0.162,21,-1,whipsaw,-1.325
up,1761516180000,2025-10-26T22:03:00.000000000,2.66,1.625,1,3.87,439151.6,0.4782,1.411,0.004,1e-05,-0.399,-1561712.3,0.5234,-0.895,-336829.6,0.5408,-0.538,-1282797.3,0.4925,0.023,691453.4,0.5103,0.44,16,-1,whipsaw,-0.632
up,1761578040000,2025-10-27T15:14:00.000000000,2.66,1.557,1,3.55,1669085.1,0.5205,1.761,0.004,5.5e-05,-0.165,266025.4,0.4702,0.038,38600.9,0.5299,-0.124,221054.1,0.4922,0.568,3085162.5,0.5203,1.383,-1,55,trend,-0.898
up,1761634920000,2025-10-28T07:02:00.000000000,2.65,1.538,1,2.45,-2516571.0,0.5326,1.64,0.0029,6.1e-05,-0.049,-514936.6,0.4538,-0.241,-1612895.3,0.5111,-0.358,-1447699.4,0.4702,-0.663,-1732868.0,0.4552,0.562,-1,-1,partial,-0.871
down,1761662700000,2025-10-28T14:45:00.000000000,2.61,-1.649,1,5.92,2864172.4,0.5573,1.678,0.0046,8e-05,0.643,729407.6,0.6529,0.796,-674549.7,0.6188,0.781,-635282.6,0.5727,0.835,-1646367.4,0.4943,-0.329,25,-1,whipsaw,-1.11
down,1761679800000,2025-10-28T19:30:00.000000000,2.63,-1.652,2,3.38,-1874015.6,0.4232,1.986,0.0025,-7e-06,0.365,-385577.2,0.6082,-0.243,-358432.5,0.5329,-0.061,243099.1,0.5065,-1.17,-556694.5,0.4908,-2.443,-1,49,trend,0.802
down,1761763080000,2025-10-29T18:38:00.000000000,2.61,-1.609,2,7.33,-411025.1,0.3702,1.732,0.0062,6.2e-05,-0.96,-4253375.1,0.4291,0.733,-6304984.8,0.5363,0.468,-4837787.8,0.5012,-0.299,-6606753.0,0.4815,-2.226,34,1,trend,6.948
up,1761764940000,2025-10-29T19:09:00.000000000,2.62,2.336,1,16.82,-4837787.8,0.5027,1.655,0.0112,6.2e-05,0.191,-61348.1,0.4769,-0.122,-490913.1,0.456,-1.198,-1768965.2,0.4562,-1.935,-1582620.8,0.4544,0.469,27,-1,whipsaw,-7.592
down,1761781260000,2025-10-29T23:41:00.000000000,2.54,-1.501,1,4.41,2027984.2,0.4815,1.622,0.0031,6.2e-05,0.473,-736414.7,0.5592,0.417,-255154.5,0.4483,0.165,-1375457.2,0.4523,0.528,951111.3,0.5019,-0.437,88,-1,whipsaw,4.209
down,1761797880000,2025-10-30T04:18:00.000000000,2.54,-1.564,1,2.35,-2731790.9,0.436,1.887,0.003,3.1e-05,-0.418,-441549.7,0.4524,-1.593,-9389707.0,0.4303,-0.757,-7802529.5,0.4932,-0.615,-5217457.1,0.5268,-1.948,88,9,trend,2.326
up,1761803100000,2025-10-30T05:45:00.000000000,2.56,1.567,1,2.42,2083796.9,0.547,1.56,0.004,3.1e-05,-0.004,-499439.7,0.4381,-0.008,-535864.6,0.3925,0.047,-630993.5,0.4068,0.496,-1229977.5,0.4294,1.332,-1,93,trend,-2.816
down,1761828060000,2025-10-30T12:41:00.000000000,2.5,-1.501,2,3.67,724049.1,0.4243,2.04,0.0031,4.5e-05,0.0,1048815.3,0.5016,-0.06,2855850.4,0.4998,0.18,4129009.3,0.5513,-1.5,7519235.1,0.5321,-2.231,-1,38,trend,-0.632
up,1761923760000,2025-10-31T15:16:00.000000000,2.54,1.573,1,2.84,920924.3,0.4836,2.13,0.0022,1.6e-05,-0.004,-983173.5,0.3849,0.11,-876444.2,0.4081,0.138,-662491.3,0.4238,-0.248,108815.1,0.4286,0.512,89,-1,whipsaw,-1.423
up,1761939960000,2025-10-31T19:46:00.000000000,2.54,1.533,1,1.43,832106.2,0.5108,1.525,0.0028,5.4e-05,0.0,390261.5,0.4814,-0.165,354237.5,0.5056,-0.448,-1431911.7,0.4912,-0.939,-2943261.5,0.4832,0.413,53,-1,whipsaw,-1.631
up,1762083780000,2025-11-02T11:43:00.000000000,2.55,1.627,1,6.66,147342.2,0.5177,1.431,0.0024,9.9e-05,-0.403,929894.1,0.4328,-0.474,-195833.6,0.4251,-0.56,663359.2,0.4728,-0.305,1151706.0,0.4965,0.016,98,-1,whipsaw,-5.774
down,1762183560000,2025-11-03T15:26:00.000000000,2.38,-1.763,1,4.01,-393751.3,0.396,1.427,0.0039,-3.8e-05,-2.198,-3397164.1,0.4472,-0.693,-7477457.4,0.498,-2.004,-9491642.7,0.4932,-0.567,-10301726.0,0.5184,-3.672,-1,3,trend,2.387
up,1762187400000,2025-11-03T16:30:00.000000000,2.36,1.517,1,7.19,-450576.6,0.5277,1.862,0.0049,-3.6e-05,-0.089,254344.2,0.3651,0.605,795281.9,0.4424,0.356,742843.4,0.4479,0.517,219426.9,0.4588,1.401,153,51,trend,-3.776
down,1762202760000,2025-11-03T20:46:00.000000000,2.29,-1.579,2,3.52,-1231667.9,0.5277,1.738,0.0044,-3.6e-05,-0.629,-692990.9,0.479,0.559,-2136205.0,0.5443,-0.433,-2217172.1,0.5227,0.975,-1137975.1,0.551,-1.093,59,7,trend,4.773
up,1762206420000,2025-11-03T21:47:00.000000000,2.31,1.679,1,2.53,1079197.0,0.5844,1.657,0.004,-3.6e-05,0.139,57680.1,0.6528,-0.199,51392.4,0.6523,-0.286,-233292.3,0.5983,-0.221,-1661515.1,0.5239,1.825,41,169,whipsaw,-8.178
up,1762217940000,2025-11-04T00:59:00.000000000,2.34,1.622,1,2.87,-1624747.5,0.5893,1.569,0.004,1.8e-05,-0.372,-524419.1,0.6814,-0.231,-553600.6,0.6462,-0.158,102163.2,0.6061,0.231,2228901.7,0.6602,1.215,-1,158,trend,-6.953
down,1762234080000,2025-11-04T05:28:00.000000000,2.3,-1.608,2,2.37,-2116344.8,0.5211,1.955,0.0029,1.8e-05,-0.626,-520831.6,0.4631,-0.76,-536461.0,0.4853,-2.138,-2301512.6,0.4836,-0.556,-1879613.6,0.5149,-3.111,-1,16,trend,2.281
up,1762237080000,2025-11-04T06:18:00.000000000,2.3,1.595,1,5.69,-526988.7,0.5327,1.718,0.0057,1.8e-05,-0.487,285342.5,0.543,-0.639,13524.2,0.4635,-1.03,41500.4,0.5109,-1.765,-187349.5,0.5308,0.213,19,-1,whipsaw,-2.543
up,1762245300000,2025-11-04T08:35:00.000000000,2.27,1.629,1,3.45,-2037088.3,0.4725,1.845,0.0042,9.4e-05,-0.07,192020.7,0.4271,-0.471,54123.1,0.4507,-0.427,-193264.5,0.4628,-0.828,122434.1,0.4564,0.845,61,-1,whipsaw,-2.017
up,1762267560000,2025-11-04T14:46:00.000000000,2.29,1.708,1,2.92,692390.3,0.4949,1.912,0.0058,9.4e-05,0.659,-269912.6,0.5342,0.977,300362.1,0.5171,0.659,-457104.8,0.4778,0.196,73303.1,0.4842,1.514,94,15,trend,-1.579
down,1762271580000,2025-11-04T15:53:00.000000000,2.28,-1.703,5,1.97,-293010.1,0.4468,1.925,0.0031,9.4e-05,0.206,-374147.1,0.4206,0.434,-732178.7,0.4302,-0.79,-962499.8,0.459,-1.781,-766412.5,0.4646,-5.479,-1,28,trend,0.386
up,1762277820000,2025-11-04T17:37:00.000000000,2.26,1.907,4,4.65,-958172.4,0.4791,1.65,0.0085,-1.8e-05,-0.581,-193782.7,0.4748,-0.949,-879402.5,0.4285,-1.942,-1437397.3,0.4312,-3.658,-2132237.3,0.4701,0.146,11,-1,whipsaw,1.051
down,1762303740000,2025-11-05T00:49:00.000000000,2.17,-1.595,1,1.42,725964.6,0.3157,1.602,0.0032,-2.7e-05,0.345,439735.9,0.3768,-0.447,1582345.5,0.4009,-1.929,710147.7,0.3772,-1.413,904310.6,0.4277,-3.255,73,18,trend,-7.84
up,1762307580000,2025-11-05T01:53:00.000000000,2.15,1.627,2,2.31,1360701.0,0.4945,1.54,0.0094,-2.7e-05,1.091,-193624.5,0.537,2.288,-1092657.8,0.5325,2.126,-481431.7,0.4965,2.632,651613.9,0.5143,4.925,-1,5,trend,8.763
down,1762330920000,2025-11-05T08:22:00.000000000,2.21,-1.729,1,0.77,-1072829.1,0.5389,1.97,0.0026,8.4e-05,0.149,-1796716.0,0.3603,0.715,-1075352.8,0.4746,0.285,-1098481.6,0.4757,0.805,-892067.7,0.5121,-0.262,45,-1,whipsaw,-5.266
up,1762351440000,2025-11-05T14:04:00.000000000,2.28,1.63,1,2.6,1035769.4,0.5278,1.939,0.0035,8.4e-05,-0.443,-766657.1,0.5158,-0.451,-401548.3,0.4982,-1.692,-841175.1,0.4952,-1.236,-2671706.4,0.5026,0.364,27,-1,whipsaw,0.947
down,1762353240000,2025-11-05T14:34:00.000000000,2.24,-1.692,1,1.64,-841175.1,0.4952,1.925,0.0038,8.4e-05,0.406,-733366.2,0.3743,0.967,-2257504.5,0.4761,0.464,-1830531.3,0.5055,0.901,-1092147.1,0.5169,-0.076,7,-1,whipsaw,-1.547
up,1762373880000,2025-11-05T20:18:00.000000000,2.35,1.659,1,1.97,-1461035.7,0.5386,1.878,0.0034,-8.5e-05,0.631,71653.5,0.5588,0.153,-1705393.4,0.4916,0.511,-2444550.1,0.4685,0.166,-3365459.7,0.4326,1.257,-1,32,trend,-5.598
down,1762392360000,2025-11-06T01:26:00.000000000,2.31,-1.547,1,1.19,-1545730.7,0.3966,1.816,0.0021,-1.7e-05,0.524,-271324.1,0.4398,1.212,1564693.4,0.4954,1.372,1864056.9,0.4731,0.831,978501.3,0.4538,-0.03,10,-1,whipsaw,3.866
up,1762396920000,2025-11-06T02:42:00.000000000,2.38,2.014,1,1.72,-522563.2,0.4547,1.716,0.0026,-1.7e-05,0.779,1557712.7,0.5494,0.206,-533516.3,0.5449,-0.472,998227.6,0.5442,-0.653,2085382.4,0.5666,1.713,86,4,trend,-6.728
down,1762444200000,2025-11-06T15:50:00.000000000,2.23,-1.513,1,3.16,-372675.6,0.4433,1.902,0.004,-1e-05,0.184,-297633.3,0.5245,0.591,28319.1,0.5696,0.193,-1043869.0,0.5268,-0.663,-1537407.8,0.4684,-1.352,-1,53,trend,0.833
down,1762462260000,2025-11-06T20:51:00.000000000,2.18,-1.672,1,2.43,1218727.0,0.4721,1.813,0.0033,-4e-06,0.655,1544158.3,0.5454,0.353,361556.9,0.5357,1.155,-166397.9,0.5413,1.613,-841.2,0.5588,-0.105,26,-1,whipsaw,-8.438
up,1762521600000,2025-11-07T13:20:00.000000000,2.19,1.555,4,2.14,-76562.7,0.5253,1.465,0.0047,-6.2e-05,-0.323,-22983.6,0.4749,-0.374,372847.9,0.4785,-0.219,943515.0,0.4618,-0.606,390317.1,0.4591,4.164,75,150,whipsaw,3.886
up,1762698540000,2025-11-09T14:29:00.000000000,2.32,1.712,1,5.35,-950727.7,0.4787,1.576,0.0032,9e-06,-0.168,1251605.7,0.5684,-0.635,-646337.8,0.5256,-1.096,-1688140.1,0.5107,-0.285,-1815883.1,0.5006,0.734,20,-1,whipsaw,10.109
up,1762729260000,2025-11-09T23:01:00.000000000,2.39,2.298,2,3.86,3566466.3,0.4629,1.341,0.0034,-8.2e-05,-0.817,-1206284.0,0.4744,-0.541,-1168176.0,0.6008,-1.123,-1772742.3,0.5514,-1.375,-679341.8,0.5121,1.764,0,105,whipsaw,6.253
up,1762744500000,2025-11-10T03:15:00.000000000,2.44,1.517,1,4.09,548603.6,0.4978,1.72,0.0034,-3e-06,-0.209,272724.2,0.4242,0.09,311390.8,0.4323,1.134,2280589.5,0.4513,0.688,3170690.2,0.4279,1.802,-1,25,trend,4.123
up,1762767900000,2025-11-10T09:45:00.000000000,2.53,1.69,1,3.26,2103212.1,0.5688,1.863,0.0033,8.6e-05,0.114,-291895.2,0.5611,0.3,-527184.9,0.4664,-0.15,-797077.7,0.4875,0.3,2704668.8,0.4901,1.555,-1,84,trend,-3.031
down,1762786080000,2025-11-10T14:48:00.000000000,2.52,-1.528,1,2.62,2104170.4,0.3949,1.91,0.004,8.6e-05,-0.817,-396448.1,0.4095,-0.738,-3020838.0,0.4294,-0.19,-1819909.0,0.4269,0.202,-1037365.0,0.4867,-0.877,78,-1,whipsaw,2.92
down,1762808880000,2025-11-10T21:08:00.000000000,2.53,-1.579,1,3.31,-1885099.1,0.3866,1.7,0.0056,0.0001,0.324,-1133390.7,0.3972,0.225,-988345.5,0.4157,-0.036,-2447473.7,0.4383,-0.174,-2991167.7,0.4364,-0.743,-1,-1,partial,4.837
up,1762823940000,2025-11-11T01:19:00.000000000,2.56,1.54,2,1.2,-761737.6,0.5931,1.607,0.0031,8.9e-05,-0.281,-2570753.9,0.5941,-0.612,-394010.9,0.5718,-0.827,-1216100.4,0.5315,-1.572,-1972109.9,0.5598,0.23,18,-1,whipsaw,-6.014
down,1762958880000,2025-11-12T14:48:00.000000000,2.4,-1.757,2,2.65,-1313228.2,0.4428,1.738,0.0026,-2.2e-05,0.487,-4080428.9,0.534,0.275,-4912976.9,0.5128,-0.125,-4801402.8,0.4954,-1.048,-5509261.1,0.4767,-3.224,-1,58,trend,-2.966
up,1763005140000,2025-11-13T03:39:00.000000000,2.46,2.034,1,3.6,702670.6,0.5126,1.474,0.0065,-7.2e-05,0.617,662123.3,0.6505,1.466,1477188.3,0.5738,0.0,-3030427.9,0.5296,0.333,-2422985.2,0.4886,2.318,-1,4,trend,-6.11
up,1763045460000,2025-11-13T14:51:00.000000000,2.5,1.847,1,4.06,864484.8,0.4744,1.788,0.0052,5.8e-05,0.04,1333649.7,0.5382,-0.623,909197.6,0.485,-1.166,577816.1,0.5089,-3.107,-1701812.4,0.4763,0.575,13,-1,whipsaw,-8.035
down,1763047380000,2025-11-13T15:23:00.000000000,2.47,-1.567,1,3.0,577816.1,0.5019,1.964,0.0063,5.8e-05,-0.913,-670353.9,0.488,-1.204,-922325.6,0.4546,-1.717,-2279628.5,0.4512,-2.542,-3814703.6,0.466,-6.36,-1,10,trend,7.386
down,1763055660000,2025-11-13T17:41:00.000000000,2.36,-1.562,3,2.89,-1160070.7,0.5083,1.742,0.0047,8.9e-05,0.279,-825604.3,0.5089,-0.275,-19128.1,0.4706,-0.089,11822.5,0.4747,-0.614,1681581.9,0.4551,-3.682,-1,52,trend,1.761
down,1763079360000,2025-11-14T00:16:00.000000000,2.31,-1.71,1,1.22,-3021088.6,0.4886,1.558,0.0039,-0.000151,0.173,-1237720.4,0.4421,0.412,-1149138.5,0.519,0.226,-515202.5,0.5308,-0.468,-1352459.9,0.5369,-0.69,17,-1,whipsaw,1.926
down,1763095080000,2025-11-14T04:38:00.000000000,2.26,-1.712,1,1.7,-1626693.5,0.461,1.754,0.0032,-0.000151,0.579,-5536444.6,0.5147,1.3,-5389130.3,0.4905,1.353,-6241980.5,0.4887,1.821,-5272384.7,0.4893,-0.729,7,-1,whipsaw,-1.052
up,1763096940000,2025-11-14T05:09:00.000000000,2.29,1.611,1,3.04,-6241980.5,0.4883,1.911,0.0074,-0.000151,-0.109,199205.2,0.558,0.699,78611.1,0.5205,0.402,969595.8,0.4882,0.537,893909.3,0.4989,1.673,-1,32,trend,-0.315
up,1763104620000,2025-11-14T07:17:00.000000000,2.31,1.631,1,1.77,335013.9,0.547,1.729,0.0072,-0.000151,0.121,-79297.7,0.5604,-0.065,421912.6,0.5665,0.307,-391850.1,0.5226,-0.498,179323.4,0.5428,0.515,69,-1,whipsaw,-1.172
down,1763124000000,2025-11-14T12:40:00.000000000,2.23,-1.544,1,3.4,-2400219.2,0.4438,1.837,0.0049,3.6e-05,0.054,-408063.1,0.5313,2.223,290266.1,0.5137,1.864,1486564.6,0.4993,1.268,1487362.3,0.5056,-0.242,8,-1,whipsaw,-1.237
up,1763124540000,2025-11-14T12:49:00.000000000,2.28,1.638,4,5.66,-2832826.3,0.4803,1.934,0.0068,3.6e-05,-0.298,-402490.3,0.4999,0.136,1104956.2,0.476,-0.6,1569241.8,0.4889,-0.924,2000879.6,0.4938,2.54,34,114,whipsaw,-1.178
down,1763146800000,2025-11-14T19:00:00.000000000,2.29,-1.668,2,0.97,383845.4,0.5491,1.674,0.0032,3.5e-05,-0.372,-1620118.6,0.5264,0.734,-819412.3,0.5324,0.914,-800315.2,0.4912,1.045,68936.8,0.478,-1.565,20,100,whipsaw,1.281
down,1763161500000,2025-11-14T23:05:00.000000000,2.23,-1.786,1,1.01,-385339.8,0.5654,1.523,0.0033,3.5e-05,0.47,637187.3,0.4433,1.218,2781040.8,0.4563,0.636,2527576.9,0.4594,0.927,656702.3,0.5014,-0.309,11,-1,whipsaw,-0.242
down,1763242920000,2025-11-15T21:42:00.000000000,2.21,-1.6,1,4.08,233475.7,0.3616,1.806,0.0016,-0.000101,0.325,-1058945.7,0.637,0.556,-511267.1,0.5705,0.65,-916961.1,0.5391,1.197,-1885628.5,0.5443,-0.786,35,-1,whipsaw,0.75
down,1763292720000,2025-11-16T11:32:00.000000000,2.24,-1.531,1,2.4,-1844544.2,0.4732,1.853,0.0025,3.7e-05,-0.089,419993.5,0.5644,-0.027,551179.1,0.5748,0.045,1276654.4,0.5976,-0.018,2234617.5,0.5492,-1.457,-1,128,trend,-1.721
up,1763316600000,2025-11-16T18:10:00.000000000,2.2,1.577,2,4.67,-1364017.3,0.4801,1.835,0.0033,-0.000116,0.635,-1751449.0,0.5302,0.045,-2787844.5,0.5374,-0.685,-2642680.8,0.5025,0.331,-3614982.8,0.5133,1.316,36,2,trend,-1.48
down,1763318520000,2025-11-16T18:42:00.000000000,2.19,-1.832,1,5.0,-2642680.8,0.5001,2.172,0.0028,-0.000116,-0.288,-337631.2,0.4282,0.05,-1025122.0,0.4566,1.216,-972302.0,0.5231,1.294,-1714171.1,0.4962,-0.681,28,-1,whipsaw,1.477
up,1763335920000,2025-11-16T23:32:00.000000000,2.22,1.818,1,4.45,-105528.9,0.4881,2.04,0.0042,-0.000116,0.293,32665.7,0.5419,0.081,681114.2,0.5406,-0.113,815973.8,0.4712,0.654,872822.0,0.4662,2.088,-1,58,trend,-2.94
down,1763386620000,2025-11-17T13:37:00.000000000,2.23,-1.585,5,2.57,952843.9,0.3394,1.739,0.0022,7.5e-05,-0.202,-100398.9,0.335,-0.641,1106827.8,0.4107,-1.328,-509561.5,0.4326,2.83,1342293.2,0.4949,-2.669,59,15,trend,3.229
up,1763390160000,2025-11-17T14:36:00.000000000,2.28,3.532,1,6.24,1851854.7,0.5565,1.647,0.0062,7.5e-05,0.316,1663129.6,0.4532,-0.009,4139811.2,0.4727,-0.443,1591434.6,0.4625,-2.301,2567618.0,0.4538,1.317,0,1,whipsaw,-3.701
up,1763413320000,2025-11-17T21:02:00.000000000,2.16,1.635,1,2.32,263343.3,0.5049,1.841,0.0045,1.4e-05,-0.269,-166821.0,0.4915,-0.677,-84165.9,0.482,-0.315,2560490.0,0.4985,-0.459,2277307.6,0.5131,0.742,18,-1,whipsaw,3.24
down,1763426580000,2025-11-18T00:43:00.000000000,2.13,-1.636,1,0.99,64379.3,0.4688,1.522,0.0034,-0.000121,0.897,-909663.2,0.6388,1.193,-1430448.8,0.5471,1.203,-1235379.4,0.547,1.071,-836973.3,0.5548,-1.024,5,139,whipsaw,-3.877
down,1763434860000,2025-11-18T03:01:00.000000000,2.12,-2.228,1,2.17,1122809.6,0.4627,1.776,0.0042,-0.000121,0.194,1346480.7,0.3856,0.558,2213137.3,0.4179,0.723,2713769.8,0.4266,2.184,3029513.4,0.4309,-0.425,36,-1,whipsaw,-4.411
up,1763437080000,2025-11-18T03:38:00.000000000,2.15,1.64,1,3.37,1287912.7,0.4496,1.657,0.0061,-0.000121,0.586,-835276.3,0.4518,0.688,108857.5,0.433,0.372,152269.0,0.406,0.195,702764.9,0.3991,1.293,203,10,trend,1.595
up,1763479500000,2025-11-18T15:25:00.000000000,2.22,1.861,1,3.38,2895059.7,0.4261,1.916,0.0055,6.3e-05,0.045,23612.6,0.41,-0.149,-1275544.0,0.4326,-0.009,-300977.6,0.4297,0.623,-963556.8,0.4354,1.06,-1,67,trend,-4.706
up,1763564880000,2025-11-19T15:08:00.000000000,2.15,1.711,1,3.11,-527222.5,0.4575,1.904,0.0031,-4.7e-05,-0.298,-274027.4,0.5792,-1.263,-153289.3,0.5004,-1.822,-691075.7,0.4616,-2.4,1608232.8,0.443,0.182,14,-1,whipsaw,-1.72
down,1763566380000,2025-11-19T15:33:00.000000000,2.11,-1.52,1,3.93,-1603797.5,0.4732,1.836,0.0045,-4.7e-05,0.043,387908.6,0.3552,-0.522,1661104.1,0.4027,-0.565,493258.8,0.4158,-0.893,5569329.8,0.4104,-3.391,-1,21,trend,0.233
up,1763587200000,2025-11-19T21:20:00.000000000,2.08,1.95,1,6.67,469895.5,0.4467,1.926,0.0041,-1.8e-05,0.428,-498799.9,0.4196,-0.183,1522600.3,0.3634,0.202,1480975.7,0.3473,-0.356,1249982.9,0.3859,2.451,-1,106,trend,-2.864
down,1763647740000,2025-11-20T14:09:00.000000000,2.1,-1.507,3,2.1,135271.7,0.3811,1.887,0.0034,0.0001,-0.133,-576521.7,0.3774,1.115,-1187283.2,0.3882,1.215,-1226239.9,0.3815,0.429,-716636.1,0.3778,-5.6,9,114,whipsaw,7.721
down,1763693880000,2025-11-21T02:58:00.000000000,1.97,-1.831,1,2.14,-427855.6,0.4391,1.794,0.0046,-9.1e-05,0.203,-1834212.1,0.4163,1.098,-3240867.7,0.4297,1.2,-4398928.5,0.4119,1.017,-3835237.6,0.4281,-0.702,7,-1,whipsaw,0.879
down,1763710380000,2025-11-21T07:33:00.000000000,1.91,-2.907,1,2.64,-135817.5,0.45,1.835,0.003,-9.1e-05,0.219,-10443523.7,0.5006,0.162,-5813230.3,0.4896,0.256,-3097134.6,0.4649,1.97,-3250629.9,0.4542,-3.521,0,1,whipsaw,-1.923
up,1763712360000,2025-11-21T08:06:00.000000000,1.93,1.705,1,3.87,7764043.9,0.4673,1.928,0.0061,0.0001,0.672,-429101.8,0.487,0.683,314507.2,0.4735,0.186,-896389.5,0.4273,0.543,-1651004.1,0.4182,1.873,92,6,trend,0.59
down,1763717940000,2025-11-21T09:39:00.000000000,1.91,-1.536,1,2.98,-3595738.2,0.4202,2.401,0.0035,0.0001,-0.058,217627.8,0.4608,-0.403,417277.9,0.454,-0.518,-2397501.7,0.4295,-0.152,-843522.8,0.4765,-4.695,217,24,trend,-0.769
down,1763727360000,2025-11-21T12:16:00.000000000,1.85,-1.779,1,2.29,-821805.6,0.466,1.888,0.0037,0.0001,-0.237,1003567.7,0.4443,-0.221,5411330.8,0.4651,3.084,4709355.9,0.5002,4.066,8586999.4,0.5257,-1.817,20,7,trend,-2.788
up,1763728680000,2025-11-21T12:38:00.000000000,1.9,1.63,1,5.18,6041588.1,0.4978,1.802,0.0061,0.0001,0.422,-775765.8,0.512,1.103,-658622.4,0.5216,1.176,2466969.6,0.5245,1.915,693429.3,0.5412,3.704,-1,6,trend,0.538
up,1763736720000,2025-11-21T14:52:00.000000000,1.96,1.801,3,2.33,-11029.6,0.5033,1.866,0.0054,0.0001,0.036,430243.8,0.6009,-0.608,512322.3,0.5444,-1.293,671322.5,0.5088,-2.413,2361858.5,0.4423,2.157,19,143,whipsaw,-1.58
down,1763738640000,2025-11-21T15:24:00.000000000,1.93,-1.534,1,1.62,671322.5,0.5045,1.943,0.0038,0.0001,-0.31,-390586.6,0.3937,-1.087,-310136.2,0.377,-1.107,1690536.0,0.3774,-1.661,3185605.0,0.4615,-2.421,92,13,trend,0.14
down,1763748240000,2025-11-21T18:04:00.000000000,1.96,-1.631,1,0.74,-1448700.1,0.4249,1.672,0.0041,0.0001,-0.138,1289356.8,0.3862,-1.347,2191702.9,0.4545,-0.036,2458431.3,0.479,0.592,2926960.6,0.4899,-1.964,44,10,trend,1.617
up,1763761260000,2025-11-21T21:41:00.000000000,1.96,1.598,2,1.15,1176022.3,0.4668,1.675,0.0043,0.0001,-0.138,345383.4,0.5198,-0.169,139143.9,0.4126,-0.158,6283.9,0.3985,-1.42,-207544.7,0.449,0.404,43,-1,whipsaw,-1.507
down,1763764380000,2025-11-21T22:33:00.000000000,1.93,-1.539,1,0.6,-472098.4,0.4575,1.602,0.0032,0.0001,-0.129,-212563.6,0.5191,-0.476,241765.9,0.5545,-1.17,1228462.6,0.5133,0.688,-511566.4,0.5204,-1.646,58,20,trend,-0.518
down,1763800020000,2025-11-22T08:27:00.000000000,1.92,-1.67,1,0.73,-962639.9,0.4883,1.798,0.0023,5.4e-05,-0.245,-209888.7,0.4952,-0.406,487894.8,0.5188,-0.323,346309.9,0.4768,-0.526,201844.9,0.52,-1.287,-1,118,trend,-5.95
up,1763821500000,2025-11-22T14:25:00.000000000,1.92,1.537,1,1.55,-1393411.4,0.4719,1.709,0.0031,5.4e-05,-0.302,-101882.1,0.4456,-0.088,125709.1,0.4475,0.182,233075.6,0.3873,0.707,1854495.8,0.4821,1.492,-1,103,trend,6.869
up,1763862060000,2025-11-23T01:41:00.000000000,2.0,1.511,3,3.59,-186632.4,0.566,1.631,0.0024,5.4e-05,-0.205,-1188374.4,0.5285,0.376,-2117765.9,0.5608,0.516,-1010001.3,0.5759,2.747,-102447.8,0.5708,4.05,-1,44,trend,2.065
down,1763918280000,2025-11-23T17:18:00.000000000,2.04,-1.57,1,2.16,-2019246.3,0.399,1.874,0.0032,-8e-05,-0.01,-1027414.0,0.5063,0.328,152441.0,0.5099,0.005,619654.5,0.4831,0.744,989342.7,0.4824,-0.157,62,-1,whipsaw,-5.231
up,1763944800000,2025-11-24T00:40:00.000000000,2.07,1.594,2,2.2,-508396.5,0.5315,1.53,0.0039,-9.3e-05,-0.77,677299.7,0.5668,-0.789,623308.6,0.5716,-0.876,-66199.4,0.5413,-1.157,-307618.4,0.5248,2.038,6,86,whipsaw,8.811
down,1763958060000,2025-11-24T04:21:00.000000000,2.05,-1.519,1,1.65,281982.1,0.4129,1.576,0.0025,-9.3e-05,-0.185,363319.5,0.5152,0.122,793743.9,0.5172,0.239,894726.6,0.5516,2.347,704240.8,0.5146,-0.19,45,-1,whipsaw,-9.495
up,1763960940000,2025-11-24T05:09:00.000000000,2.09,1.567,1,0.99,502757.6,0.5747,1.782,0.0015,-9.3e-05,0.288,138098.4,0.3063,0.455,-592260.7,0.3431,0.158,-1633489.1,0.3122,-0.748,-1326899.7,0.3682,0.791,78,-1,whipsaw,7.433
down,1763976300000,2025-11-24T09:25:00.000000000,2.04,-1.592,1,1.93,-1653579.1,0.4574,1.548,0.0028,-3.2e-05,0.319,-105027.4,0.3838,0.574,1470029.9,0.5195,0.235,2915015.9,0.4639,0.809,2826819.1,0.5199,-0.059,77,-1,whipsaw,-7.172
up,1763989620000,2025-11-24T13:07:00.000000000,2.1,1.882,1,2.48,1463253.9,0.4769,1.452,0.0029,-3.2e-05,-0.424,-2151445.8,0.516,-0.376,-177952.1,0.4922,-0.686,-1069155.5,0.4733,-0.871,-792772.8,0.4589,1.8,0,220,whipsaw,5.548
up,1764004680000,2025-11-24T17:18:00.000000000,2.15,1.621,1,4.15,982163.0,0.4376,1.994,0.003,4.4e-05,-0.037,-1097311.5,0.4893,1.139,-58664.7,0.5235,2.204,-3317078.8,0.4744,2.748,-6105501.6,0.4594,6.338,-1,15,trend,1.767
up,1764015480000,2025-11-24T20:18:00.000000000,2.27,1.767,1,4.1,2792539.7,0.4474,1.929,0.0045,4.4e-05,-0.04,-8345.5,0.5506,-0.198,231980.6,0.4939,0.119,410044.5,0.4865,-1.3,-2824669.7,0.4731,0.784,41,-1,whipsaw,-4.081
down,1764018000000,2025-11-24T21:00:00.000000000,2.24,-2.136,1,4.73,-1774742.3,0.4617,1.741,0.005,4.4e-05,0.322,-1198298.0,0.544,0.398,-1281908.0,0.4701,0.595,644761.5,0.4825,0.34,866424.1,0.4747,-0.653,70,-1,whipsaw,1.704
down,1764082440000,2025-11-25T14:54:00.000000000,2.18,-1.61,1,3.06,-3252148.4,0.4858,2.355,0.0026,2.6e-05,0.147,-240043.1,0.5095,0.037,-1841082.5,0.4945,-0.441,-1062586.3,0.5233,0.768,-47258.4,0.5404,-0.763,87,-1,whipsaw,0.823
down,1764098340000,2025-11-25T19:19:00.000000000,2.16,-1.638,1,1.34,-610778.4,0.3793,1.697,0.0026,-4.7e-05,-0.07,-927969.8,0.4562,-0.07,-2916995.2,0.4869,0.413,-2869709.2,0.5172,1.057,-3198538.9,0.4996,-0.366,60,-1,whipsaw,-3.557
up,1764178980000,2025-11-26T17:43:00.000000000,2.23,1.513,1,4.35,651781.8,0.4721,1.784,0.0025,-8.3e-05,0.503,1124661.0,0.4806,0.453,1338108.8,0.4309,0.691,862819.7,0.4658,0.09,-2718551.3,0.463,1.189,-1,33,trend,-1.077
up,1764343020000,2025-11-28T15:17:00.000000000,2.24,1.534,1,3.91,-148730.4,0.4903,1.682,0.0026,5.8e-05,0.004,-1343358.9,0.4327,0.749,-1855224.9,0.4587,0.829,-4102613.8,0.4359,-0.579,-5929644.7,0.4288,1.395,64,9,trend,-1.177
down,1764346740000,2025-11-28T16:19:00.000000000,2.23,-1.542,1,3.81,-1827030.9,0.4148,1.909,0.0027,-2.5e-05,-0.803,640766.3,0.4151,-0.727,-316706.4,0.4824,-0.965,1975002.5,0.4403,-1.84,2360363.5,0.4773,-3.222,-1,8,trend,0.503
down,1764547560000,2025-12-01T00:06:00.000000000,2.13,-1.575,1,11.97,-2030636.6,0.5555,1.709,0.0028,-0.000111,-0.263,-4279846.4,0.4254,-0.859,-8182220.3,0.4859,-2.159,-11839112.8,0.5235,-2.487,-9718230.9,0.5159,-4.195,-1,15,trend,4.936
up,1764599820000,2025-12-01T14:37:00.000000000,2.05,1.513,1,2.49,696153.5,0.4762,1.607,0.0035,-2.7e-05,-0.562,181139.6,0.4106,-0.713,574280.0,0.3689,-1.031,390139.9,0.3959,-2.546,-3484705.3,0.389,0.122,27,-1,whipsaw,1.124
down,1764603240000,2025-12-01T15:34:00.000000000,1.99,-1.689,1,2.97,14038.6,0.3741,1.924,0.0031,-2.7e-05,0.296,-3799801.8,0.4264,0.372,-4214839.1,0.4566,0.568,-4072241.4,0.4788,0.316,-4038718.2,0.4622,-0.367,16,-1,whipsaw,-7.032
up,1764686940000,2025-12-02T14:49:00.000000000,2.09,1.508,2,5.35,-1865378.3,0.5516,1.764,0.0033,1.7e-05,-0.264,1460176.1,0.4989,0.906,1462926.5,0.5447,2.67,1353774.1,0.5052,3.504,2003437.8,0.4988,4.505,-1,15,trend,4.52
up,1764738360000,2025-12-03T05:06:00.000000000,2.22,1.668,1,2.94,2776880.1,0.5079,1.646,0.0021,0.0001,-0.356,533407.6,0.4326,-0.46,414218.4,0.3927,-0.532,-9432.6,0.4293,-0.302,154972.0,0.462,0.009,99,-1,whipsaw,-1.541
down,1764770640000,2025-12-03T14:04:00.000000000,2.14,-1.556,2,2.77,276495.5,0.4877,1.582,0.0016,6.5e-05,0.522,-5320997.9,0.4968,0.686,-6070393.9,0.4859,0.457,-6316768.8,0.4958,1.754,-5235117.7,0.4996,-0.075,22,-1,whipsaw,0.751
up,1764772920000,2025-12-03T14:42:00.000000000,2.2,1.639,1,2.34,-1169293.6,0.4968,1.586,0.0041,6.5e-05,-0.528,2849169.6,0.5386,-0.897,2522527.8,0.4725,-1.203,2136491.2,0.5243,-1.175,1171674.2,0.5117,0.182,10,-1,whipsaw,-2.801
down,1764876060000,2025-12-04T19:21:00.000000000,2.07,-1.572,1,4.24,-2693171.7,0.4146,1.562,0.0034,1.1e-05,0.352,519080.4,0.5558,1.066,876931.8,0.5874,1.047,930191.2,0.5836,0.946,3718649.4,0.5349,-0.174,12,-1,whipsaw,2.07
up,1764947160000,2025-12-05T15:06:00.000000000,2.1,1.509,1,3.96,867241.6,0.4698,1.729,0.0041,1.2e-05,-0.5,416435.6,0.5599,-0.591,1268540.2,0.5966,-0.353,1118663.8,0.6217,-1.434,-2193111.5,0.5401,0.043,45,-1,whipsaw,-3.144
down,1764950820000,2025-12-05T16:07:00.000000000,2.06,-1.747,1,3.5,-3311775.3,0.4511,1.689,0.003,-2.4e-05,-0.01,-1564222.5,0.4078,0.034,-2262443.8,0.4547,-1.006,-1262667.9,0.4295,-1.103,-3787773.7,0.4752,-2.211,-1,29,trend,1.166
down,1765117500000,2025-12-07T14:25:00.000000000,2.0,-1.579,1,18.13,-2963495.3,0.4612,1.792,0.0035,-0.000112,0.15,-1567901.0,0.5276,0.36,-2802467.0,0.5386,-0.14,-2571350.4,0.5288,0.92,-1439009.3,0.5104,-0.56,42,-1,whipsaw,-4.614
up,1765122900000,2025-12-07T15:55:00.000000000,2.05,1.501,2,4.07,761288.1,0.5309,1.562,0.0022,-0.000112,0.034,658676.6,0.522,-0.385,327356.7,0.409,-0.254,-268808.2,0.4518,-0.268,-1162901.1,0.4887,3.006,-1,81,trend,1.483
down,1765144560000,2025-12-07T21:56:00.000000000,2.04,-1.528,1,4.41,-353737.4,0.3873,1.628,0.0024,-8.3e-05,0.255,-196807.6,0.5154,-0.064,-1551873.7,0.5053,-0.187,1157668.2,0.4815,-0.334,2130550.6,0.4876,-1.193,204,11,trend,-2.588
up,1765157400000,2025-12-08T01:30:00.000000000,2.08,1.545,1,2.47,1889028.0,0.4819,1.409,0.0027,-5.7e-05,0.404,1118191.2,0.5399,0.13,306582.5,0.4932,-0.539,-222003.5,0.4147,-0.693,125261.8,0.4395,0.698,-1,-1,partial,-0.636
up,1765184760000,2025-12-08T09:06:00.000000000,2.12,1.735,1,4.15,1574640.6,0.6088,1.526,0.0018,8.6e-05,-0.462,858777.9,0.5117,-0.452,-26245.3,0.4407,-0.716,-36731.6,0.4422,-0.961,-1408313.0,0.4541,0.071,39,-1,whipsaw,-2.973
up,1765292520000,2025-12-09T15:02:00.000000000,2.09,1.884,2,6.61,1235798.5,0.5728,1.723,0.003,4.8e-05,-0.527,-1371058.5,0.4585,-0.695,-1295469.7,0.4632,-0.374,-1972992.6,0.4705,2.127,-2937861.2,0.4836,4.32,0,43,whipsaw,-1.082
down,1765301760000,2025-12-09T17:36:00.000000000,2.14,-1.543,1,13.29,-2796374.3,0.3685,1.694,0.0042,3.1e-05,0.331,1951426.0,0.4629,0.355,2600969.0,0.4337,0.434,2857586.0,0.4348,0.42,3495334.0,0.392,-2.174,-1,162,trend,3.503
up,1765397580000,2025-12-10T20:13:00.000000000,2.09,1.685,1,3.54,596542.4,0.4197,1.748,0.0029,2e-06,0.272,1001715.9,0.537,-0.22,-1060067.7,0.4658,-0.239,-854446.5,0.3981,-1.772,-3813367.1,0.4077,0.802,9,-1,whipsaw,-3.453
down,1765399620000,2025-12-10T20:47:00.000000000,2.08,-1.503,1,5.27,-3142929.3,0.3726,1.445,0.0069,2e-06,-0.525,-621563.9,0.3335,-0.424,-1069708.8,0.407,-0.919,-1233800.8,0.4407,-1.271,-1350679.8,0.4791,-2.594,-1,18,trend,2.662
down,1765553280000,2025-12-12T15:28:00.000000000,2.01,-1.564,1,5.19,-1904890.5,0.4084,1.673,0.0028,8.1e-05,0.045,-1969301.3,0.5323,-0.374,-1736084.2,0.5717,-1.779,368180.2,0.5194,-0.757,4930800.0,0.5346,-1.893,-1,30,trend,-1.29
down,1765810560000,2025-12-15T14:56:00.000000000,1.94,-1.664,1,10.56,12157.6,0.497,1.939,0.0029,-4.8e-05,-0.15,-1856556.4,0.5113,-0.16,889437.0,0.4739,-1.125,-820341.4,0.4448,-0.851,-15815.4,0.498,-3.545,-1,22,trend,1.037
up,1765881960000,2025-12-16T10:46:00.000000000,1.91,1.503,1,1.39,-1646479.3,0.5661,1.38,0.002,-0.0001,-0.392,-710183.9,0.5327,-0.178,-1092315.0,0.493,0.031,-665355.3,0.4846,0.565,-309985.1,0.4898,1.994,-1,91,trend,-0.147
down,1765893540000,2025-12-16T13:59:00.000000000,1.91,-1.502,1,4.15,-3435589.1,0.4587,1.695,0.005,-0.0001,-0.168,-776725.1,0.4339,0.613,-2663401.0,0.4647,0.498,-1622395.0,0.4795,0.796,3879871.5,0.4847,-0.503,31,-1,whipsaw,-0.644
up,1765983300000,2025-12-17T14:55:00.000000000,1.96,1.859,1,8.92,-1052542.2,0.4865,1.758,0.0041,7.4e-05,0.0,-1814774.7,0.5587,0.928,-3486517.0,0.5313,0.117,-2211708.7,0.5107,-2.365,-2497633.1,0.4798,1.295,47,11,trend,-2.931
down,1765986120000,2025-12-17T15:42:00.000000000,1.94,-1.761,2,6.93,1479833.4,0.4388,1.786,0.0038,7.4e-05,-0.654,-491139.0,0.4875,-1.448,-490949.5,0.5078,-1.324,-5317.3,0.546,-2.885,-328188.2,0.5319,-4.832,-1,8,trend,0.515
up,1766065680000,2025-12-18T13:48:00.000000000,1.92,1.51,2,6.89,-2077170.0,0.3815,1.975,0.0031,-0.000166,-0.203,-316421.2,0.5244,-0.109,-765320.5,0.4878,-0.723,-2779955.7,0.4791,-1.456,-1298890.6,0.4523,0.598,23,-1,whipsaw,-2.673
down,1766077680000,2025-12-18T17:08:00.000000000,1.88,-1.604,2,2.7,-663369.3,0.4151,1.615,0.002,-8e-06,-0.659,-1592276.9,0.3841,-2.108,-1695919.4,0.43,-1.168,-2305136.1,0.4922,-0.701,-3106771.4,0.4711,-4.408,-1,7,trend,-0.94
down,1766104860000,2025-12-19T00:41:00.000000000,1.78,-1.562,1,3.49,-722399.5,0.4461,1.537,0.0023,-9e-05,0.067,-323175.4,0.415,0.51,89649.1,0.5015,0.163,-38953.2,0.4681,-0.589,577109.5,0.4453,-0.679,141,-1,whipsaw,-6.802
up,1766113440000,2025-12-19T03:04:00.000000000,1.82,1.931,1,3.38,-905040.3,0.6156,1.659,0.0018,-9e-05,-0.413,-1377090.1,0.5424,-0.165,-1271844.9,0.5817,1.498,5281957.1,0.6074,1.437,1507484.4,0.5381,2.434,-1,21,trend,4.472
up,1766128200000,2025-12-19T07:10:00.000000000,1.87,1.616,1,1.97,595278.0,0.6656,1.727,0.0021,-9e-05,-0.235,231791.1,0.5745,-0.544,-709232.1,0.5812,-0.561,-354447.6,0.5758,-0.192,849228.8,0.6115,0.171,-1,-1,partial,1.991
down,1766166360000,2025-12-19T17:46:00.000000000,1.88,-1.527,1,2.31,-2392113.8,0.4262,1.587,0.0033,9.4e-05,0.661,-305271.3,0.6619,0.059,-142234.9,0.5827,0.416,-511924.9,0.5612,0.501,-1408351.5,0.4818,-0.192,66,-1,whipsaw,-2.482
up,1766715360000,2025-12-26T02:16:00.000000000,1.87,1.551,1,4.0,-51943.1,0.451,1.488,0.0018,-9.8e-05,0.236,-3379364.0,0.4221,0.632,-4885689.1,0.4312,0.332,-5309463.8,0.4128,0.059,-4743091.3,0.4298,0.766,-1,-1,partial,-0.997
down,1766760600000,2025-12-26T14:50:00.000000000,1.85,-1.598,1,3.87,-2944428.1,0.306,1.939,0.002,6.9e-05,-0.206,-404206.7,0.4609,-0.557,688426.3,0.4751,-0.677,2863323.3,0.5241,-0.725,7127795.4,0.474,-1.131,-1,12,trend,-0.07
down,1767001500000,2025-12-29T09:45:00.000000000,1.87,-1.628,1,8.42,-643214.4,0.4441,1.528,0.002,0.0001,0.112,-174797.9,0.4463,0.514,55205.4,0.5373,0.653,-177756.3,0.592,0.621,586183.7,0.4903,-0.611,-1,-1,partial,-0.032
up,1767365400000,2026-01-02T14:50:00.000000000,1.92,1.517,2,10.63,193304.3,0.4637,1.68,0.0029,0.0001,-0.302,-60134.7,0.4493,-0.411,-1126431.2,0.4606,-0.844,-1454780.7,0.4591,0.172,-1216214.9,0.4629,4.046,31,92,whipsaw,4.687
up,1767390780000,2026-01-02T21:53:00.000000000,2.02,1.584,1,5.4,-711861.0,0.5097,1.588,0.0025,0.0001,-0.218,-1994694.8,0.4342,0.03,-2911639.8,0.4457,-0.361,-3146162.7,0.4525,0.01,-3214135.7,0.4154,0.96,-1,-1,partial,-0.455
up,1767400140000,2026-01-03T00:29:00.000000000,2.04,1.575,1,1.96,-655320.2,0.6001,1.379,0.0017,0.0001,-0.132,-635147.5,0.6219,-0.613,-1378096.3,0.5155,-1.163,-1218780.1,0.4797,-0.618,-1363058.2,0.4989,0.858,27,-1,whipsaw,-0.476
up,1767577800000,2026-01-05T01:50:00.000000000,2.17,1.695,1,4.55,-859257.7,0.5326,1.603,0.0029,7.7e-05,-0.282,-301659.7,0.532,-0.282,-702858.8,0.448,-0.956,117046.6,0.4365,-0.947,1028607.5,0.4542,0.037,31,-1,whipsaw,9.24
up,1767624360000,2026-01-05T14:46:00.000000000,2.15,1.567,1,3.14,619475.9,0.5338,2.064,0.0026,3e-06,-0.516,157213.1,0.4912,-0.13,-1722663.3,0.4539,0.088,-2043367.7,0.4483,0.716,-1940485.9,0.4469,4.355,-1,75,trend,10.932
up,1767636240000,2026-01-05T18:04:00.000000000,2.21,1.584,3,4.02,2175636.7,0.5611,1.875,0.0025,1.9e-05,-0.068,139529.0,0.4551,0.0,626807.7,0.4017,1.107,643480.0,0.4051,2.242,1332478.9,0.4469,6.196,-1,29,trend,0.972
down,1767658500000,2026-01-06T00:15:00.000000000,2.32,-1.518,1,2.97,491715.9,0.4766,1.485,0.0039,0.0001,0.314,1780989.1,0.4657,1.201,2259829.5,0.4996,1.408,2318283.3,0.4781,2.548,2316293.8,0.4996,-0.284,11,-1,whipsaw,0.512
up,1767661260000,2026-01-06T01:01:00.000000000,2.39,1.684,2,3.43,-333430.7,0.4929,1.885,0.0033,0.0001,0.046,445948.1,0.5756,-0.075,389895.0,0.507,0.591,728024.8,0.5119,-0.184,-5287788.3,0.4957,1.32,55,84,whipsaw,-3.928
down,1767685140000,2026-01-06T07:39:00.000000000,2.34,-1.725,1,2.05,1540801.5,0.3699,1.414,0.004,0.0001,0.201,-15784.2,0.449,-0.154,1945263.1,0.4095,0.278,4170967.6,0.4676,0.026,3870816.7,0.4988,-0.604,137,-1,whipsaw,2.188
down,1767714120000,2026-01-06T15:42:00.000000000,2.34,-1.655,3,1.87,-6455120.5,0.5125,1.632,0.0047,0.0001,0.338,-523658.9,0.5059,0.111,-1841794.7,0.4273,-0.175,-2924577.8,0.4585,-1.987,-4957209.0,0.4671,-5.81,-1,41,trend,6.075
up,1767724080000,2026-01-06T18:28:00.000000000,2.25,1.674,3,2.53,-2493346.6,0.6483,1.716,0.0043,5.3e-05,-0.288,-784224.0,0.4034,-0.391,-1398624.6,0.4554,-0.351,-1804861.8,0.5149,-0.559,-1941344.6,0.5231,1.7,74,169,whipsaw,-2.565
down,1767748500000,2026-01-07T01:15:00.000000000,2.27,-1.518,1,1.37,-2267521.7,0.3804,1.561,0.0029,-1.2e-05,-0.441,-1493564.3,0.3061,-0.062,-1921065.1,0.4017,-0.357,-2526418.6,0.3697,0.066,59194.6,0.4371,-0.789,-1,-1,partial,4.057
down,1767778440000,2026-01-07T09:34:00.000000000,2.24,-1.737,1,1.46,-3078300.4,0.5081,1.802,0.0031,0.0001,0.103,-1130068.6,0.4533,0.009,-1897395.7,0.513,-0.112,-1480048.0,0.5434,0.183,-1933084.6,0.5575,-0.361,-1,-1,partial,5.953
down,1767795480000,2026-01-07T14:18:00.000000000,2.22,-1.682,2,2.51,-2902200.3,0.4005,1.544,0.0037,0.0001,0.054,357164.8,0.3868,-0.005,611463.3,0.4817,0.632,1682555.1,0.5216,-1.218,1103588.4,0.5104,-1.467,-1,60,trend,5.858
down,1767826980000,2026-01-07T23:03:00.000000000,2.15,-1.553,1,2.48,-749798.8,0.5099,1.498,0.0023,9.9e-05,0.469,-866802.8,0.5156,1.012,-671827.4,0.5844,0.849,-1187221.2,0.5463,0.45,-1130407.3,0.5043,-0.343,13,-1,whipsaw,0.933
up,1767885240000,2026-01-08T15:14:00.000000000,2.1,1.576,2,10.69,1257729.0,0.3481,2.166,0.0031,6.9e-05,0.186,-2609206.7,0.5172,0.547,-3646162.3,0.5329,0.443,-3385252.9,0.5217,1.257,-4868343.3,0.5485,3.232,-1,44,trend,-0.257
down,1767948420000,2026-01-09T08:47:00.000000000,2.08,-1.684,1,2.75,-359841.7,0.5193,1.574,0.0028,-1.8e-05,-0.346,182223.1,0.5047,0.398,-129571.4,0.6066,0.394,-524892.4,0.4578,0.83,-578310.3,0.4258,-0.533,42,-1,whipsaw,-0.418
up,1767972240000,2026-01-09T15:24:00.000000000,2.12,1.513,1,2.95,81779.5,0.5702,1.6,0.0039,-1.8e-05,1.165,115670.2,0.5784,0.783,-201007.3,0.5574,-0.58,-225958.2,0.5501,0.679,268287.0,0.5735,1.967,125,4,trend,-1.217
down,1767979740000,2026-01-09T17:29:00.000000000,2.1,-1.553,1,2.28,-899032.6,0.4678,1.774,0.0023,2.4e-05,-0.019,218770.8,0.578,0.043,-127590.8,0.536,0.415,-564283.8,0.5292,-0.734,-528392.7,0.5205,-1.086,-1,62,trend,0.086
down,1768162560000,2026-01-11T20:16:00.000000000,2.05,-1.672,1,17.47,-2266363.3,0.4773,1.467,0.0037,-4.5e-05,0.141,-1275101.8,0.5029,0.21,-1590376.4,0.5353,0.541,-2254611.2,0.5693,0.517,-1190797.1,0.5167,-0.331,92,-1,whipsaw,-0.838
up,1768180860000,2026-01-12T01:21:00.000000000,2.07,1.516,1,10.11,-1156660.6,0.4708,1.767,0.0037,-0.000112,0.097,-456820.8,0.4256,-0.377,-82275.7,0.4387,-0.058,-56062.5,0.4133,0.517,-753731.8,0.4445,1.842,-1,77,trend,-0.406
down,1768239120000,2026-01-12T17:32:00.000000000,2.07,-1.515,1,2.01,-1185842.2,0.3988,1.827,0.0018,-2.8e-05,0.029,-60125.1,0.4678,0.01,494302.3,0.4824,0.155,1330190.6,0.518,0.256,1702934.7,0.5414,-0.735,-1,-1,partial,-1.277
up,1768342200000,2026-01-13T22:10:00.000000000,2.17,2.167,1,4.48,197162.3,0.4297,1.345,0.0019,-3.9e-05,-0.397,190648.6,0.536,-0.161,50501.2,0.4405,-0.051,716135.3,0.4783,0.36,2642395.8,0.4604,0.742,-1,-1,partial,-1.056
down,1768488240000,2026-01-15T14:44:00.000000000,2.1,-1.518,1,1.72,-3366654.2,0.491,1.91,0.0027,4.9e-05,0.291,-297697.6,0.5131,0.043,-1826760.0,0.5143,0.196,-1611767.7,0.5477,-0.577,-2540103.7,0.5282,-1.47,-1,63,trend,1.789
down,1768778520000,2026-01-18T23:22:00.000000000,2.03,-1.52,2,12.23,813128.2,0.4458,1.459,0.0024,-7.9e-05,0.177,-1697157.7,0.5082,-0.493,-4834299.9,0.5216,-1.731,-6364391.2,0.4944,-4.955,-19623292.6,0.5055,-8.939,-1,18,trend,1.967
up,1768782660000,2026-01-19T00:31:00.000000000,1.93,2.068,1,125.37,-10999382.6,0.5112,1.886,0.0104,-9e-06,0.451,-58400.7,0.6237,1.233,768869.6,0.5235,0.523,977766.2,0.4529,1.228,1485669.4,0.4859,2.3,-1,12,trend,2.829
up,1768841100000,2026-01-19T16:45:00.000000000,2.02,1.749,1,2.41,-2510473.4,0.5147,1.412,0.0022,-3.8e-05,-0.094,-770085.9,0.5812,0.243,-1633785.4,0.5635,-0.079,-1123531.4,0.5425,-0.406,-1145845.0,0.5123,0.58,-1,-1,partial,-5.743
down,1768898340000,2026-01-20T08:39:00.000000000,1.92,-1.506,1,7.01,2065705.8,0.4161,1.911,0.0027,6.6e-05,0.005,645465.8,0.5707,0.229,1295727.7,0.5621,0.276,1590336.4,0.4999,0.276,1722048.7,0.4728,-0.192,-1,-1,partial,1.149
up,1769004780000,2026-01-21T14:13:00.000000000,1.93,1.54,1,7.58,613754.7,0.3925,1.773,0.0032,-8.9e-05,0.763,-760181.5,0.5538,0.021,-1169040.7,0.445,0.364,-731306.7,0.4145,0.976,75819.0,0.4198,1.833,147,46,trend,0.317
down,1769013360000,2026-01-21T16:36:00.000000000,1.92,-1.765,1,2.28,-26183.6,0.3846,1.408,0.0032,7.9e-05,-0.719,-33470.7,0.4203,-0.776,-491624.0,0.4616,-1.244,1141691.7,0.5034,-2.177,3518536.3,0.522,-2.567,173,7,trend,0.297
up,1769023740000,2026-01-21T19:29:00.000000000,1.94,1.732,1,2.36,-134532.4,0.4968,1.583,0.0024,7.9e-05,0.98,217760.1,0.454,2.022,1118736.6,0.4765,1.8,-5207.8,0.5111,0.954,1668668.0,0.4668,2.693,-1,5,trend,-0.727
up,1769183340000,2026-01-23T15:49:00.000000000,1.92,1.521,2,3.8,155911.9,0.4632,1.619,0.0017,6.5e-05,-0.224,368348.2,0.4263,0.567,411707.6,0.4603,0.401,2648082.8,0.4645,1.462,1976767.9,0.4484,2.274,-1,48,trend,-0.333
down,1769357160000,2026-01-25T16:06:00.000000000,1.86,-1.517,1,17.8,149764.9,0.4633,1.57,0.0022,-2.9e-05,-0.37,-704563.8,0.5678,-0.842,4027164.1,0.5558,-0.51,4920838.6,0.5547,-0.714,6606865.8,0.5126,-2.822,-1,64,trend,-3.434
up,1769389620000,2026-01-26T01:07:00.000000000,1.88,1.69,1,3.39,-805602.6,0.3844,1.472,0.0018,-0.000148,0.266,-846858.6,0.5852,0.266,-1295753.4,0.5156,0.139,-1533472.0,0.4752,0.011,-1303061.0,0.4599,0.954,-1,-1,partial,1.199
up,1769530380000,2026-01-27T16:13:00.000000000,1.91,1.525,1,3.75,-507389.8,0.5223,1.8,0.0022,4.1e-05,-0.157,-74255.0,0.428,-0.361,-432331.0,0.4197,0.115,-684224.8,0.4915,-0.712,-664184.4,0.4869,0.319,62,-1,whipsaw,-0.225
down,1769697540000,2026-01-29T14:39:00.000000000,1.85,-1.603,1,9.95,4731742.0,0.4533,1.497,0.0027,-6.3e-05,-0.666,2001404.1,0.646,-0.417,6286112.7,0.6039,-1.776,6813026.9,0.5691,-2.209,6608158.6,0.5829,-3.286,-1,18,trend,4.228
up,1769707140000,2026-01-29T17:19:00.000000000,1.84,1.539,1,6.86,2287354.5,0.4849,1.624,0.0023,-8.5e-05,-0.223,-1782358.7,0.4521,-0.614,-3969654.6,0.4826,-1.108,-4726907.0,0.5082,-2.146,-5721399.0,0.465,0.141,21,-1,whipsaw,-4.455
down,1769737260000,2026-01-30T01:41:00.000000000,1.76,-2.05,1,6.7,-1218500.4,0.4537,1.597,0.0042,-0.000127,-1.123,-3988557.8,0.4839,-0.284,-1465465.3,0.4746,-0.681,-1180806.7,0.4879,-0.539,-1385968.8,0.4701,-2.972,0,1,whipsaw,1.265
down,1769797080000,2026-01-30T18:18:00.000000000,1.73,-1.845,1,2.01,1342298.3,0.4967,1.657,0.0027,-6.3e-05,-0.844,31277.9,0.463,-0.307,-177973.6,0.4928,1.81,-898230.3,0.535,2.77,-4558398.8,0.5558,-1.029,26,5,trend,9.687
up,1769798820000,2026-01-30T18:47:00.000000000,1.77,1.805,1,5.21,-898230.3,0.5396,1.75,0.0053,-6.3e-05,-0.198,-2048579.6,0.5527,0.419,-2868753.8,0.6005,0.663,-3660168.5,0.5858,0.368,-3783489.3,0.5557,1.105,109,17,trend,-10.254
down,1769804520000,2026-01-30T20:22:00.000000000,1.75,-1.57,1,1.42,1039780.8,0.4749,1.454,0.0034,-6.3e-05,0.252,-645148.5,0.5808,-0.76,-674760.0,0.5731,-0.412,2321386.8,0.5455,-0.069,3250011.8,0.5684,-1.789,-1,74,trend,8.678
down,1769848500000,2026-01-31T08:35:00.000000000,1.69,-1.64,1,4.3,-1147229.3,0.4306,1.832,0.0024,-0.000161,-0.502,-1502661.8,0.3186,-0.307,-1238124.3,0.4298,0.39,-335144.9,0.49,0.851,936885.0,0.4773,-0.68,117,-1,whipsaw,1.253
down,1769869380000,2026-01-31T14:23:00.000000000,1.65,-1.569,5,4.44,365774.6,0.5304,1.81,0.0032,-0.000161,-0.721,749149.5,0.4887,-1.77,-626707.8,0.4521,-1.17,1181181.6,0.4714,-0.527,-2106568.7,0.4566,-8.02,-1,3,trend,1.819
up,1769871960000,2026-01-31T15:06:00.000000000,1.66,1.938,1,7.06,-290799.6,0.4974,1.911,0.0045,-0.000161,-0.32,-1005840.6,0.4643,-0.748,-1189061.3,0.3765,-0.766,-439653.3,0.4156,-1.473,-1802715.0,0.4502,0.187,18,-1,whipsaw,-2.873
up,1769885100000,2026-01-31T18:45:00.000000000,1.6,1.712,1,17.86,-4485659.8,0.438,1.433,0.0124,-5e-06,-1.076,-3079532.9,0.4595,-0.451,-3755967.4,0.4692,0.388,-4144969.3,0.4621,-1.114,-3155617.9,0.4345,1.815,0,170,whipsaw,1.126
up,1769893200000,2026-01-31T21:00:00.000000000,1.6,1.659,1,1.69,1496154.9,0.4799,1.905,0.0029,-5e-06,-0.456,-1071025.3,0.5063,-0.169,-1698848.1,0.5326,0.5,-2969770.4,0.5142,1.238,-3948787.9,0.4845,4.802,-1,37,trend,-0.013
up,1769901660000,2026-01-31T23:21:00.000000000,1.63,1.566,3,1.37,-194040.8,0.5616,1.688,0.0023,-5e-06,0.771,1643231.4,0.541,0.961,1211439.1,0.4607,0.722,1615733.1,0.4957,1.965,1311761.1,0.4976,2.846,-1,3,trend,-3.758
down,1769943240000,2026-02-01T10:54:00.000000000,1.64,-1.534,1,1.4,-536593.1,0.4397,1.947,0.0014,-4.8e-05,-0.25,-136656.3,0.378,-0.073,240814.2,0.4551,-0.269,157206.7,0.4282,0.654,313542.1,0.4675,-2.358,42,202,whipsaw,1.637
down,1769956500000,2026-02-01T14:35:00.000000000,1.6,-1.511,2,1.75,513221.7,0.4236,1.754,0.0032,-4.8e-05,0.1,420927.0,0.3337,1.391,-384811.3,0.4649,0.437,-111551.8,0.4861,-1.528,1004899.6,0.4377,-1.703,15,45,whipsaw,-2.426
up,1769969280000,2026-02-01T18:08:00.000000000,1.62,1.506,1,1.53,-1522231.3,0.5582,1.958,0.0022,6.1e-05,0.111,-1386242.9,0.4527,0.105,-1567224.3,0.5036,0.087,-2102485.5,0.5078,-0.593,-2747825.3,0.4809,0.556,92,-1,whipsaw,1.552
down,1769980140000,2026-02-01T21:09:00.000000000,1.58,-1.517,2,1.25,-1082611.1,0.3873,2.328,0.0017,6.1e-05,0.436,1298774.3,0.3607,0.322,1606536.3,0.4183,0.852,1786087.4,0.4525,0.764,2295907.9,0.4596,-2.001,62,117,whipsaw,-2.323
up,1769988900000,2026-02-01T23:35:00.000000000,1.6,1.84,1,9.36,-155551.9,0.4413,1.875,0.0065,6.1e-05,-0.187,-532670.0,0.3534,-0.854,-510776.1,0.4315,-0.984,23930.0,0.4638,0.417,-997093.7,0.4822,0.866,17,-1,whipsaw,1.078
down,1769994720000,2026-02-02T01:12:00.000000000,1.58,-1.779,1,1.77,-257551.0,0.5078,1.597,0.0035,-3.8e-05,0.94,253878.4,0.5438,1.773,-1001116.9,0.5057,1.483,-541038.1,0.4951,0.669,334608.6,0.4595,-3.426,6,122,whipsaw,-1.697
down,1770002040000,2026-02-02T03:14:00.000000000,1.56,-1.776,2,1.9,2079.2,0.409,2.115,0.002,-3.8e-05,-0.518,-199263.6,0.4338,-1.757,668927.1,0.4394,-1.578,266201.9,0.4634,-0.313,-2865460.1,0.4493,-2.192,41,7,trend,-2.064
up,1770004260000,2026-02-02T03:51:00.000000000,1.57,1.68,1,8.64,-295747.5,0.4794,1.949,0.0066,-3.8e-05,0.842,-1217262.4,0.5126,-0.115,-2424101.3,0.4075,0.485,-2268434.5,0.4316,0.823,-2361238.4,0.4334,2.067,86,5,trend,2.634
up,1770014520000,2026-02-02T06:42:00.000000000,1.59,2.407,1,4.67,-217585.1,0.4398,1.55,0.0054,-3.8e-05,-0.844,-1065407.9,0.4565,-0.347,-1096178.9,0.4781,-0.422,-1833718.0,0.4648,0.032,-1655095.4,0.4486,1.752,0,171,whipsaw,1.462
up,1770035100000,2026-02-02T12:25:00.000000000,1.65,1.697,1,2.03,-1035493.3,0.4644,1.735,0.0021,5e-05,-0.593,-1199234.9,0.4682,-0.665,-1024635.9,0.4727,-0.58,-797271.2,0.4592,-0.52,-824657.5,0.4417,0.097,19,-1,whipsaw,-2.981
down,1770130500000,2026-02-03T14:55:00.000000000,1.59,-1.666,2,2.97,1703833.4,0.4368,1.652,0.0039,-5.5e-05,-0.22,552748.0,0.5281,0.139,-487455.5,0.5488,-0.107,-474397.4,0.5228,1.738,-2541837.7,0.4742,-3.641,31,139,whipsaw,2.009
up,1770132360000,2026-02-03T15:26:00.000000000,1.61,1.645,1,4.86,-474397.4,0.5241,1.66,0.0043,-5.5e-05,-0.831,-1693500.4,0.4332,-0.893,-1918399.6,0.4228,0.056,-2067440.3,0.4223,-1.147,-1205805.7,0.432,0.577,0,-1,whipsaw,-3.703
down,1770143760000,2026-02-03T18:36:00.000000000,1.54,-1.586,1,8.02,1282867.9,0.4795,2.129,0.0026,-3.6e-05,0.214,219186.7,0.4299,-0.481,-2092695.9,0.3912,0.078,-3349781.7,0.4469,2.873,-9308559.5,0.477,-0.721,34,-1,whipsaw,0.403
up,1770145920000,2026-02-03T19:12:00.000000000,1.57,1.879,2,7.3,-5006401.9,0.4767,1.621,0.004,-3.6e-05,0.479,-1400012.7,0.5011,0.306,-3245220.4,0.4721,0.977,-4639602.5,0.4847,0.217,-3912518.6,0.5051,4.289,-1,8,trend,-2.094
down,1770159900000,2026-02-03T23:05:00.000000000,1.57,-1.551,1,1.18,-351031.7,0.4152,1.47,0.0035,-3.6e-05,0.387,-130507.9,0.443,0.273,-416717.7,0.4689,0.298,-329194.0,0.4618,-0.108,-958083.3,0.4524,-0.533,118,-1,whipsaw,4.23
up,1770174720000,2026-02-04T03:12:00.000000000,1.6,1.514,1,1.18,214592.6,0.4743,1.75,0.0014,6.1e-05,-0.268,330373.8,0.3681,-0.524,-11755.8,0.4533,0.044,538246.6,0.4692,-0.087,440100.5,0.5105,0.193,160,-1,whipsaw,-8.976
down,1770217560000,2026-02-04T15:06:00.000000000,1.55,-1.58,1,5.08,-53394.5,0.4768,1.823,0.0042,4.7e-05,0.777,205520.2,0.4413,0.57,116580.1,0.4095,-0.628,901689.1,0.4439,-0.006,730055.4,0.4466,-2.634,6,75,whipsaw,13.132
up,1770230280000,2026-02-04T18:38:00.000000000,1.54,1.983,2,4.44,750689.2,0.533,1.808,0.0044,-2.6e-05,0.648,1542193.1,0.4505,0.039,964540.7,0.4813,-0.246,1875348.8,0.535,-0.784,2368306.9,0.5364,0.927,44,-1,whipsaw,-21.099
down,1770242760000,2026-02-04T22:06:00.000000000,1.5,-1.915,1,3.32,-292366.1,0.4297,1.709,0.0029,-2.6e-05,0.314,139141.2,0.5457,2.24,164795.9,0.5187,2.394,-1769879.9,0.5003,1.023,-331269.1,0.495,-2.36,9,191,whipsaw,21.784
up,1770243780000,2026-02-04T22:23:00.000000000,1.53,1.617,1,4.73,-371083.6,0.4716,1.704,0.0041,-2.6e-05,0.483,-1638076.3,0.5151,-0.567,-1934675.8,0.484,-1.063,-1430489.2,0.5026,-1.213,1277582.9,0.4963,0.724,21,-1,whipsaw,-24.589
down,1770253140000,2026-02-05T00:59:00.000000000,1.49,-1.513,3,2.18,785495.8,0.4682,1.7,0.0021,-8.4e-05,0.0,188571.4,0.5091,0.241,-386130.2,0.5049,-0.255,1694988.9,0.4624,-1.08,371255.5,0.4783,-3.676,-1,21,trend,18.345
down,1770271860000,2026-02-05T06:11:00.000000000,1.43,-1.596,1,2.52,963316.7,0.4765,1.854,0.003,-8.4e-05,0.147,-1038.7,0.5913,-0.65,936204.3,0.4907,0.049,482615.2,0.4528,0.28,1470600.4,0.4552,-2.251,51,213,whipsaw,7.864
up,1770276420000,2026-02-05T07:27:00.000000000,1.45,1.62,1,2.18,810817.3,0.5478,1.827,0.0031,-8.4e-05,-0.186,1532614.1,0.5864,-0.594,1326285.5,0.556,-1.132,1126281.0,0.5616,-1.105,398044.9,0.5413,0.083,29,-1,whipsaw,-10.748
down,1770284280000,2026-02-05T09:38:00.000000000,1.42,-1.533,2,1.81,-288668.4,0.579,1.802,0.0026,8e-05,-0.063,-85459.9,0.5422,-0.19,1129789.3,0.6156,-1.275,2040287.9,0.5937,-1.888,2725937.3,0.5658,-5.446,-1,27,trend,6.834
up,1770292800000,2026-02-05T12:00:00.000000000,1.37,1.505,1,3.39,1265203.2,0.4972,1.868,0.0039,8e-05,0.402,-77465.0,0.5587,-0.394,-1757016.4,0.5473,0.08,4877152.9,0.5264,-0.351,5368230.3,0.53,1.3,24,158,whipsaw,-0.373
down,1770297960000,2026-02-05T13:26:00.000000000,1.34,-1.755,8,2.03,-170467.4,0.5701,2.118,0.0023,8e-05,0.774,763405.1,0.5442,0.7,1523875.9,0.5073,0.997,954922.0,0.5415,1.421,147909.7,0.5673,-9.414,6,105,whipsaw,-4.123
up,1770302400000,2026-02-05T14:40:00.000000000,1.38,1.703,9,1.91,-3602988.1,0.5738,2.001,0.0034,8e-05,-0.058,-155095.7,0.5122,-1.037,1514716.4,0.4968,-3.538,4454731.6,0.5088,-5.989,10544413.5,0.4983,0.544,15,-1,whipsaw,4.894
down,1770334500000,2026-02-05T23:35:00.000000000,1.23,-2.049,1,3.31,-3894807.1,0.549,1.671,0.0059,-3.7e-05,0.187,-710633.1,0.4412,-0.366,-434663.7,0.4783,-3.688,1291775.4,0.469,-3.427,-3090162.4,0.4756,-9.052,94,17,trend,-20.295
down,1770344340000,2026-02-06T02:19:00.000000000,1.26,-1.829,1,2.33,-5064179.3,0.4715,1.739,0.0062,-0.000148,-0.637,-961507.6,0.4103,0.509,-1034060.7,0.4721,0.454,-1171979.2,0.4844,0.509,-2113752.8,0.4627,-1.051,20,5,trend,-16.518
up,1770351660000,2026-02-06T04:21:00.000000000,1.28,1.737,2,0.49,-761610.0,0.4514,1.801,0.0032,-0.000148,0.452,-783752.5,0.4798,-0.748,-270330.9,0.4558,-0.14,423525.5,0.4481,1.146,-311855.9,0.4541,4.084,18,44,whipsaw,15.308
down,1770359580000,2026-02-06T06:33:00.000000000,1.31,-1.672,1,1.26,-5082003.6,0.4307,1.541,0.0051,-0.000148,-0.404,155536.4,0.4151,-0.442,1425735.9,0.4119,-1.22,1317806.9,0.4338,-0.534,2399368.1,0.4342,-1.998,180,28,trend,-11.614
up,1770363660000,2026-02-06T07:41:00.000000000,1.31,1.814,3,0.56,389233.4,0.4772,1.956,0.0029,-0.000148,-0.678,-995936.9,0.3883,-1.424,-2597829.0,0.3857,-0.937,-2918614.6,0.4195,-1.637,-3016027.4,0.4126,5.712,8,112,whipsaw,8.575
down,1770375720000,2026-02-06T11:02:00.000000000,1.36,-1.547,1,1.79,-1773795.3,0.4734,1.733,0.0056,-0.000335,0.015,222715.9,0.3949,0.516,404677.4,0.4809,0.656,-620656.9,0.4772,0.738,-1131731.5,0.4709,-0.332,54,-1,whipsaw,-2.958
up,1770383460000,2026-02-06T13:11:00.000000000,1.4,1.78,4,0.99,-666707.4,0.3841,1.84,0.0033,-0.000335,-0.178,-2214718.1,0.3932,-0.143,-3289679.9,0.401,2.655,-3812497.2,0.4259,0.949,-5538129.5,0.4384,10.213,-1,24,trend,0.964
down,1770387060000,2026-02-06T14:11:00.000000000,1.41,-1.662,1,1.75,-1725632.3,0.4505,2.414,0.0031,-0.000335,0.714,-458442.2,0.4078,-0.41,670629.5,0.4283,1.951,-108777.0,0.4699,5.048,4885432.6,0.4695,-0.799,6,-1,whipsaw,0.29
down,1770394620000,2026-02-06T16:17:00.000000000,1.51,-1.585,3,2.03,-552670.0,0.5117,1.956,0.0059,-0.000442,0.601,-735210.2,0.5373,0.145,3875249.3,0.4433,-0.984,5090773.3,0.4192,-0.376,1846262.3,0.4723,-5.084,6,25,whipsaw,6.239
up,1770413160000,2026-02-06T21:26:00.000000000,1.46,1.519,2,0.51,783958.6,0.5005,1.889,0.0028,-0.000442,-0.239,-89315.7,0.4416,-0.635,862700.7,0.3837,-0.301,225553.5,0.3811,0.717,-1354990.8,0.4429,2.385,8,64,whipsaw,-1.906
down,1770420540000,2026-02-06T23:29:00.000000000,1.47,-1.517,2,0.83,-1562415.8,0.5368,1.75,0.004,-0.000442,0.477,-167654.7,0.4561,0.211,-252027.7,0.5533,0.191,-454535.3,0.5469,-0.6,-254818.4,0.5135,-2.318,44,35,trend,3.122
up,1770428820000,2026-02-07T01:47:00.000000000,1.47,1.943,2,0.66,216289.6,0.4695,1.805,0.0029,-0.000141,0.034,88552.0,0.5329,-0.252,215108.4,0.519,-0.429,184450.0,0.5096,-0.776,384087.8,0.5029,1.11,175,102,trend,-2.573
down,1770439440000,2026-02-07T04:44:00.000000000,1.45,-1.504,1,0.72,-362028.3,0.5793,1.588,0.0033,-0.000141,0.406,108576.6,0.5731,0.509,1194923.1,0.5741,0.64,1288654.6,0.5204,0.275,2872572.2,0.517,-3.514,35,133,whipsaw,2.393
down,1770447420000,2026-02-07T06:57:00.000000000,1.44,-1.991,1,0.64,803107.1,0.394,1.598,0.0025,-0.000141,0.237,-845818.1,0.4453,-0.939,433831.7,0.4194,-1.043,375614.0,0.4012,-1.718,593488.6,0.4095,-3.561,-1,12,trend,1.503
down,1770460680000,2026-02-07T10:38:00.000000000,1.39,-1.69,1,0.97,1081141.6,0.3531,1.653,0.003,-5.3e-05,0.223,979917.4,0.3552,0.468,2814682.2,0.379,0.691,2557826.5,0.4124,-0.007,4194227.9,0.4131,-0.309,88,-1,whipsaw,-3.273
up,1770466080000,2026-02-07T12:08:00.000000000,1.41,1.518,1,1.41,-404993.5,0.4242,1.955,0.0021,-5.3e-05,0.439,-3353262.9,0.567,0.843,-9546164.7,0.4843,0.886,-11987226.0,0.5245,0.291,-10982379.8,0.4794,2.105,91,9,trend,2.7
down,1770471540000,2026-02-07T13:39:00.000000000,1.4,-1.502,1,0.94,-438645.2,0.4491,1.771,0.0026,-5.3e-05,0.2,954857.8,0.4536,0.387,1568215.0,0.5059,0.702,1738641.6,0.4873,-0.15,622117.3,0.494,-0.444,96,-1,whipsaw,-4.503
up,1770539520000,2026-02-08T08:32:00.000000000,1.45,1.809,1,2.5,-3524327.7,0.5362,1.503,0.0026,-8.7e-05,0.318,-926952.1,0.5472,0.041,-1215380.9,0.5581,0.297,-1442090.1,0.5644,0.726,-263281.5,0.5395,1.162,110,2,trend,-2.959
down,1770564420000,2026-02-08T15:27:00.000000000,1.44,-1.731,2,2.47,319081.5,0.4415,1.675,0.0022,-8.7e-05,0.334,-1147157.0,0.4692,0.237,-858561.1,0.4571,0.132,-2447490.7,0.4682,0.446,-2004154.5,0.4387,-1.817,189,78,trend,0.989
up,1770591900000,2026-02-08T23:05:00.000000000,1.46,1.951,1,1.96,209823.6,0.5136,1.616,0.0022,-0.000233,-0.61,417434.6,0.4768,-0.953,38446.5,0.473,-2.147,755837.1,0.4604,-1.578,1126070.1,0.4665,0.35,7,-1,whipsaw,-0.645
down,1770593700000,2026-02-08T23:35:00.000000000,1.43,-2.147,1,5.52,755837.1,0.4604,1.831,0.0041,-0.000233,0.035,-243185.3,0.4446,0.757,-232471.7,0.4929,0.582,370233.0,0.4729,0.308,-63734.0,0.495,-0.533,50,-1,whipsaw,-1.016
down,1770618360000,2026-02-09T06:26:00.000000000,1.43,-1.571,1,1.71,-2372526.2,0.4978,1.748,0.0016,-0.000114,0.091,323024.5,0.5417,0.126,610972.4,0.6431,0.469,200321.0,0.5926,0.287,392244.2,0.5473,-2.841,-1,121,trend,-0.308
down,1770625980000,2026-02-09T08:33:00.000000000,1.4,-1.814,1,3.58,1243777.6,0.5344,1.702,0.0023,-9.5e-05,0.492,-812769.2,0.5096,0.492,-372835.1,0.4538,0.564,-1233973.4,0.4063,-0.136,-1399862.2,0.379,-2.062,-1,116,trend,-1.662
down,1770633360000,2026-02-09T10:36:00.000000000,1.37,-1.8,1,4.33,-1943169.9,0.4577,1.859,0.0022,-9.5e-05,0.116,317290.9,0.5325,0.364,684821.3,0.4489,1.2,2060466.4,0.4796,1.353,1112187.2,0.4313,-0.145,25,-1,whipsaw,-3.186
up,1770647940000,2026-02-09T14:39:00.000000000,1.43,1.829,2,2.1,-935333.8,0.4918,2.168,0.003,-9.5e-05,0.084,-827262.8,0.4332,0.526,-1692329.6,0.4398,0.695,-1399309.5,0.451,1.095,-378496.6,0.4225,2.736,-1,22,trend,-1.459
down,1770657360000,2026-02-09T17:16:00.000000000,1.44,-1.627,1,2.91,-2028505.2,0.3822,1.74,0.0026,-1.2e-05,-0.042,-9289.6,0.2947,0.035,-19183.7,0.3237,0.66,11599.1,0.3584,0.236,457697.3,0.3898,-0.368,19,-1,whipsaw,1.578
down,1770706140000,2026-02-10T06:49:00.000000000,1.42,-1.54,1,2.23,316741.8,0.3695,1.977,0.0015,-9.5e-05,-0.233,-112270.6,0.4332,0.486,-3136197.7,0.4858,0.099,-3782949.9,0.4632,0.183,-3279701.3,0.4195,-0.345,133,-1,whipsaw,4.052
down,1770734820000,2026-02-10T14:47:00.000000000,1.4,-1.878,1,5.0,-786219.7,0.488,1.699,0.0034,-2.4e-05,0.566,217224.0,0.5904,0.258,2156790.7,0.5835,0.387,592334.6,0.5813,0.867,-111394.9,0.5669,-0.093,20,-1,whipsaw,1.849
down,1770748140000,2026-02-10T18:29:00.000000000,1.4,-1.523,1,1.49,-15484.2,0.4824,1.574,0.0024,-0.000257,-0.207,-389496.0,0.5814,-0.036,238958.3,0.6181,-0.057,252690.9,0.6172,-0.007,-1111706.9,0.6265,-0.813,-1,-1,partial,1.554
down,1770784740000,2026-02-11T04:39:00.000000000,1.39,-1.506,1,3.72,828488.8,0.4528,1.995,0.0015,-0.000161,-0.065,-844381.0,0.6029,-0.281,-537955.8,0.4429,0.339,-154931.1,0.4748,-0.317,332044.4,0.4859,-2.041,-1,89,trend,0.57
up,1770819000000,2026-02-11T14:10:00.000000000,1.4,2.277,1,6.07,-889051.0,0.5523,1.749,0.0024,-6e-05,0.128,-664013.6,0.5605,-0.713,-192067.8,0.5053,-2.005,-1524536.5,0.4993,-3.525,-1082294.3,0.4977,0.578,0,-1,whipsaw,-0.35
down,1770820800000,2026-02-11T14:40:00.000000000,1.37,-2.005,1,8.03,-1524536.5,0.4993,1.844,0.0037,-6e-05,0.189,481660.5,0.5016,-0.459,117474.3,0.5081,-1.551,442242.2,0.5001,-1.194,310974.4,0.5344,-2.286,-1,17,trend,-1.383
up,1770830580000,2026-02-11T17:23:00.000000000,1.37,1.581,1,2.43,-362218.9,0.5278,1.752,0.0028,-3.5e-05,0.497,-1021564.4,0.3773,0.636,-808136.4,0.414,0.446,-1364526.7,0.3672,0.621,-1715389.0,0.407,1.337,-1,55,trend,-0.402
down,1770912060000,2026-02-12T16:01:00.000000000,1.37,-1.533,1,1.73,-842307.6,0.5114,1.844,0.0017,-7.9e-05,-0.386,-213977.6,0.3993,-1.07,-594476.5,0.4901,-1.63,-54644.5,0.5068,-1.666,-879078.3,0.5292,-2.059,-1,10,trend,-2.292
up,1770917700000,2026-02-12T17:35:00.000000000,1.37,1.841,1,2.76,-3872859.0,0.4645,1.608,0.0026,-7.9e-05,0.233,-128866.7,0.261,-0.182,-318871.1,0.2735,-0.554,-137765.5,0.3664,-0.926,-298497.6,0.4657,0.583,43,-1,whipsaw,3.383
up,1770993900000,2026-02-13T14:45:00.000000000,1.39,1.526,2,5.09,-865903.6,0.3822,1.454,0.0032,-9e-06,-0.058,-157606.0,0.4164,-0.18,142495.7,0.4393,0.662,-841200.8,0.4809,1.237,-1564003.2,0.4844,2.748,-1,41,trend,5.172
up,1771068120000,2026-02-14T11:22:00.000000000,1.47,1.691,1,2.71,889062.9,0.6353,1.611,0.0016,-3.2e-05,-0.116,1885419.2,0.4905,-0.164,2081476.2,0.4495,-0.041,2337999.0,0.4486,0.559,3394981.3,0.4849,0.641,127,-1,whipsaw,8.204
down,1771119360000,2026-02-15T01:36:00.000000000,1.52,-1.57,1,4.85,1064426.5,0.4768,1.953,0.0028,-0.000156,0.415,-428157.9,0.4323,0.395,-584444.1,0.4616,1.153,-454012.9,0.4832,0.31,-1116462.5,0.461,-0.817,29,-1,whipsaw,2.986
down,1771126800000,2026-02-15T03:40:00.000000000,1.51,-1.513,1,2.75,-2493796.1,0.395,2.084,0.0016,-0.000156,0.616,73946.1,0.5688,1.106,-637776.5,0.5325,1.754,-897655.2,0.5318,2.377,-1362844.6,0.5076,-0.126,7,-1,whipsaw,3.509
up,1771128420000,2026-02-15T04:07:00.000000000,1.53,1.731,2,3.65,-3338973.3,0.5339,1.994,0.0022,-0.000156,0.156,236011.4,0.5242,0.241,-68058.2,0.4721,1.023,-152554.5,0.4884,1.31,514944.9,0.5288,8.33,-1,10,trend,-4.334
up,1771140900000,2026-02-15T07:35:00.000000000,1.61,1.597,1,2.66,2093929.9,0.5242,1.886,0.0016,-0.000156,0.516,-10296.7,0.5381,1.212,853677.3,0.4816,2.511,4813357.2,0.5038,0.528,3101867.1,0.5322,3.865,138,8,trend,-8.868
down,1771144500000,2026-02-15T08:35:00.000000000,1.62,-1.934,4,9.63,-1711490.1,0.563,1.871,0.0046,-0.000172,0.414,-1502909.6,0.4994,0.179,-2328080.9,0.5066,-0.464,-3587693.7,0.4401,0.278,-4941334.0,0.4786,-4.414,-1,76,trend,9.396
down,1771177620000,2026-02-15T17:47:00.000000000,1.49,-1.59,2,2.49,2782513.3,0.4221,1.857,0.0016,3.2e-05,0.316,8749.5,0.5154,0.215,3635513.6,0.4849,0.121,5657500.8,0.447,-0.895,7291660.8,0.4386,-2.713,-1,60,trend,0.061
down,1771196820000,2026-02-15T23:07:00.000000000,1.46,-1.501,1,1.55,-719118.6,0.5318,1.636,0.002,3.2e-05,0.184,-115586.0,0.4995,-0.28,-1074709.1,0.5036,0.629,-987389.9,0.5901,1.319,-1622424.4,0.5673,-0.649,23,-1,whipsaw,-1.688
down,1771219500000,2026-02-16T05:25:00.000000000,1.45,-1.505,1,1.22,-215318.6,0.5482,1.735,0.0011,-0.000104,0.179,366643.4,0.5537,-0.103,653821.3,0.5241,0.337,1092329.3,0.5876,0.248,2338896.7,0.6224,-0.282,67,-1,whipsaw,-1.694
up,1771234020000,2026-02-16T09:27:00.000000000,1.49,1.526,1,1.47,4794767.3,0.5262,1.492,0.0024,-0.000133,0.342,-958283.7,0.4372,1.067,-211980.4,0.5216,0.758,-917097.3,0.5338,-0.396,-2826308.9,0.469,1.785,104,8,trend,-2.167
up,1771246260000,2026-02-16T12:51:00.000000000,1.51,1.695,1,2.34,1581675.4,0.5399,1.647,0.0025,-0.000133,-0.073,374721.8,0.4993,0.392,4430029.1,0.522,-0.458,2355379.2,0.464,-1.501,-3088582.7,0.4589,0.73,37,-1,whipsaw,-3.333
down,1771249080000,2026-02-16T13:38:00.000000000,1.48,-1.533,2,2.95,-6449684.9,0.4266,1.637,0.0039,-0.000133,0.485,-465985.2,0.4749,0.054,-1068926.9,0.4509,1.26,-1360051.9,0.4399,1.348,-3014011.4,0.4762,-1.509,29,114,whipsaw,1.934
up,1771257900000,2026-02-16T16:05:00.000000000,1.49,1.8,1,2.56,-574021.8,0.5688,2.141,0.0026,-0.000175,-0.248,-537301.4,0.6124,-0.389,-356854.1,0.5544,-0.911,-2060748.3,0.5566,-0.094,-3132054.0,0.5371,0.134,154,-1,whipsaw,-0.536
down,1771339380000,2026-02-17T14:43:00.000000000,1.43,-1.655,1,5.76,-3230587.3,0.5364,1.676,0.0028,-0.00017,0.202,-2598558.6,0.4769,0.293,-3622561.6,0.4826,0.866,-4343583.6,0.4961,1.298,-6901581.3,0.4749,-0.398,25,-1,whipsaw,-2.003
up,1771344060000,2026-02-17T16:01:00.000000000,1.47,1.683,1,3.47,-32067.7,0.4934,1.684,0.0026,1.9e-05,0.522,-596986.3,0.5442,0.543,-1051000.1,0.5436,-0.244,-1143958.6,0.5051,0.17,-2046977.7,0.504,1.432,102,35,trend,0.041
down,1771348320000,2026-02-17T17:12:00.000000000,1.46,-1.547,1,3.14,-766716.3,0.4534,1.794,0.0029,1.9e-05,0.328,-660171.5,0.6155,0.635,-472439.1,0.5289,-0.219,-634012.7,0.4893,0.287,-1907854.6,0.5005,-0.471,70,-1,whipsaw,0.096
down,1771430880000,2026-02-18T16:08:00.000000000,1.46,-1.505,1,4.25,-817531.5,0.4629,1.573,0.0028,-6.6e-05,0.069,459594.1,0.4108,0.185,2135031.4,0.5656,-0.014,2181806.3,0.5484,0.665,2292670.9,0.5416,-2.734,-1,154,trend,4.988
down,1771443480000,2026-02-18T19:38:00.000000000,1.42,-1.559,1,6.67,-1589251.8,0.5127,2.303,0.0016,-6.6e-05,0.183,290624.4,0.558,0.274,826536.1,0.5635,0.443,1879820.7,0.6111,0.619,1865573.7,0.5946,-0.746,-1,-1,partial,1.042
up,1771521480000,2026-02-19T17:18:00.000000000,1.41,1.502,1,2.15,82300.2,0.5142,1.558,0.0019,5.2e-05,-0.099,-1118912.8,0.4401,-0.673,-1156615.1,0.475,-0.8,-837401.0,0.471,-0.765,-1559095.8,0.4882,0.46,31,-1,whipsaw,-0.057
down,1771594800000,2026-02-20T13:40:00.000000000,1.38,-1.634,1,5.0,-845008.8,0.3182,1.702,0.0015,-7e-05,0.254,721728.6,0.5303,0.486,2832578.5,0.4782,0.863,4194996.3,0.5109,1.632,1309977.1,0.5324,-0.08,38,-1,whipsaw,-4.33
up,1771599660000,2026-02-20T15:01:00.000000000,1.43,1.827,2,3.84,-1908626.8,0.4834,1.483,0.0034,-7e-05,-0.932,-2006593.8,0.4756,-1.57,-1888782.7,0.4357,-0.491,-1507992.1,0.4735,0.315,-1848898.4,0.4967,0.855,0,-1,whipsaw,1.857
down,1771808400000,2026-02-23T01:00:00.000000000,1.36,-1.64,1,9.29,-4037863.1,0.4512,1.515,0.0017,-0.000209,0.044,281348.7,0.5331,-1.374,406949.6,0.4758,-1.807,-198939.5,0.4625,-1.859,250530.5,0.5023,-2.285,-1,3,trend,0.426
up,1771839120000,2026-02-23T09:32:00.000000000,1.39,1.872,1,3.06,-666304.0,0.5292,1.328,0.0022,-0.000213,-0.057,-1242059.8,0.515,0.108,-1096382.9,0.4909,0.043,-183375.1,0.5162,-0.036,131797.8,0.3845,2.268,-1,184,trend,-4.816
down,1771857660000,2026-02-23T14:41:00.000000000,1.37,-1.79,1,4.61,775151.0,0.4369,1.669,0.0025,-0.000213,0.627,296285.3,0.4959,0.882,-182333.3,0.4646,1.108,-253554.7,0.4858,0.255,-1110697.8,0.461,-1.699,10,158,whipsaw,2.654
down,1771895820000,2026-02-24T01:17:00.000000000,1.33,-2.122,1,2.69,-2124976.4,0.5531,1.507,0.0014,-3.3e-05,1.446,1293490.4,0.4903,2.281,161281.6,0.5191,1.634,377282.2,0.4758,1.265,750266.4,0.4944,-0.474,2,-1,whipsaw,-4.088
up,1771897620000,2026-02-24T01:47:00.000000000,1.35,1.634,1,2.63,377282.2,0.4758,1.647,0.0037,-3.3e-05,0.259,577136.6,0.5472,-0.133,-91569.9,0.5095,-0.363,372984.2,0.5033,-0.17,1273218.8,0.5156,0.6,76,-1,whipsaw,2.556
up,1771944720000,2026-02-24T14:52:00.000000000,1.34,1.518,1,5.61,-1587624.7,0.4987,1.955,0.0032,-0.000136,-0.573,-167836.5,0.4359,-0.647,-112416.5,0.4756,0.112,-17861.5,0.4893,0.253,20466.2,0.4632,1.748,-1,70,trend,6.406
up,1771981860000,2026-02-25T01:11:00.000000000,1.37,1.829,1,2.81,384431.6,0.6105,1.552,0.0016,8.3e-05,0.935,-2322596.4,0.5889,1.68,-3039546.1,0.5578,1.234,-3389948.1,0.5171,1.38,-2640189.8,0.501,2.22,-1,2,trend,4.937
up,1772026920000,2026-02-25T13:42:00.000000000,1.42,1.501,1,2.9,-1516941.4,0.4381,1.737,0.0018,-3.4e-05,0.07,397367.4,0.434,-0.5,386022.9,0.3735,-0.063,688042.0,0.4572,-0.162,-857914.9,0.4461,3.809,-1,70,trend,1.591
up,1772040120000,2026-02-25T17:22:00.000000000,1.47,1.585,1,5.67,-2263001.9,0.4494,1.721,0.0023,2e-05,0.034,497302.8,0.5047,0.095,446537.9,0.5988,-0.075,1488427.7,0.5535,-0.014,1284400.1,0.5199,0.599,-1,-1,partial,-5.163
up,1772055360000,2026-02-25T21:36:00.000000000,1.49,1.512,1,3.93,1050404.2,0.446,1.701,0.0018,2e-05,-0.771,-698222.2,0.4703,-0.61,-2018420.3,0.4551,-0.631,-2034641.9,0.4946,-1.509,-3362988.9,0.4634,0.188,11,-1,whipsaw,-6.413
down,1772059200000,2026-02-25T22:40:00.000000000,1.46,-1.84,2,2.6,-1147146.7,0.4157,1.687,0.0021,2e-05,0.206,16100.7,0.4382,-0.46,1182806.5,0.432,-0.103,2634453.4,0.5114,-2.087,3023017.1,0.4828,-2.629,-1,43,trend,3.776
up,1772080320000,2026-02-26T04:32:00.000000000,1.46,1.54,1,0.82,39816.1,0.46,1.636,0.0017,0.0001,-0.226,-213450.4,0.4723,-0.082,-357494.0,0.4768,-0.506,-807998.1,0.4796,-1.005,-830970.6,0.4834,0.396,35,-1,whipsaw,-3.328
down,1772082600000,2026-02-26T05:10:00.000000000,1.44,-1.615,1,1.07,-1127980.5,0.4709,1.628,0.0022,0.0001,-0.048,62212.8,0.4797,0.284,410821.2,0.5088,0.305,427454.3,0.5026,0.623,643975.3,0.4598,-0.901,-1,-1,partial,2.251
down,1772120040000,2026-02-26T15:34:00.000000000,1.41,-1.627,2,3.21,2222641.0,0.5136,1.751,0.0036,-1.3e-05,1.136,-226308.4,0.475,1.036,-281672.9,0.4698,0.724,74802.0,0.4717,0.163,-191258.3,0.4915,-1.86,5,76,whipsaw,3.819
down,1772187060000,2026-02-27T10:11:00.000000000,1.4,-1.504,1,1.79,-1003622.1,0.4296,1.765,0.0017,-2.7e-05,0.172,-602322.2,0.4547,0.172,225511.7,0.5102,0.165,313792.5,0.4645,0.022,-298737.7,0.4662,-2.294,-1,87,trend,8.817
down,1772260260000,2026-02-28T06:31:00.000000000,1.32,-1.867,2,5.93,2277676.6,0.4244,1.784,0.0019,-0.00022,-0.928,-287236.1,0.4116,-0.981,975718.0,0.4118,-1.932,4127690.5,0.4181,-1.721,741788.2,0.477,-4.144,-1,5,trend,-5.616
up,1772274780000,2026-02-28T10:33:00.000000000,1.29,1.612,1,2.96,2221464.2,0.5437,1.968,0.0019,-0.000204,0.031,-1166704.0,0.5062,-0.116,-2282703.8,0.4693,0.093,-2830017.6,0.4657,0.967,-5924028.1,0.4525,4.472,-1,57,trend,6.444
up,1772286480000,2026-02-28T13:48:00.000000000,1.32,1.84,1,2.12,495322.9,0.5187,1.478,0.0016,-0.000204,1.02,-5080170.1,0.534,0.461,-7405622.9,0.5128,0.325,-6160187.8,0.5297,0.045,-5416336.6,0.4764,2.071,-1,1,trend,3.182
down,1772291640000,2026-02-28T15:14:00.000000000,1.31,-1.775,1,2.9,515174.9,0.3653,1.63,0.003,-0.000204,0.473,487627.1,0.4405,1.235,38868.5,0.4399,1.06,-75948.4,0.45,1.174,1744300.9,0.452,-0.053,9,-1,whipsaw,-5.725
up,1772304780000,2026-02-28T18:53:00.000000000,1.34,1.564,2,2.07,-1735348.3,0.5445,1.813,0.0017,-0.000217,-0.134,-439650.8,0.4826,-0.402,-1217865.1,0.4793,-0.461,-1026289.9,0.4867,0.826,-3102614.0,0.5251,3.661,-1,45,trend,1.964
up,1772329500000,2026-03-01T01:45:00.000000000,1.39,1.66,1,1.86,706516.3,0.4924,1.606,0.0021,-0.000131,1.309,-505994.9,0.5118,1.345,-1088723.2,0.5113,2.122,-1640041.4,0.5299,2.619,-588476.6,0.4811,3.115,-1,5,trend,-1.489
up,1772373120000,2026-03-01T13:52:00.000000000,1.39,1.614,1,2.24,180070.1,0.4708,1.733,0.0017,5.5e-05,0.397,-2709593.9,0.5075,1.054,-3018654.5,0.5165,-0.108,-4562571.7,0.4913,-0.614,-3252303.6,0.4816,1.336,176,13,trend,-3.314
down,1772383800000,2026-03-01T16:50:00.000000000,1.36,-1.519,1,1.64,22106.2,0.4463,1.891,0.0014,-3.7e-05,0.705,-745255.7,0.4885,0.573,-865249.5,0.5086,-0.051,-249719.5,0.5103,0.61,348130.7,0.5108,-1.8,74,200,whipsaw,-3.614
up,1772462520000,2026-03-02T14:42:00.000000000,1.36,1.566,2,5.19,-812146.0,0.4737,1.601,0.003,-1.6e-05,0.565,117817.7,0.485,0.595,-618674.9,0.4424,2.687,-1545825.8,0.485,3.487,3016631.7,0.4646,4.463,-1,8,trend,-1.402
up,1772552940000,2026-03-03T15:49:00.000000000,1.36,1.513,1,3.79,-1217979.4,0.5184,2.029,0.0024,-3e-05,-0.162,-45989.3,0.3851,0.47,-735678.1,0.4835,0.962,-1750813.2,0.4807,0.573,-1525921.9,0.4822,1.879,-1,20,trend,6.395
up,1772614320000,2026-03-04T08:52:00.000000000,1.39,1.613,1,4.11,323273.0,0.5208,1.752,0.0014,-1.9e-05,0.934,448889.9,0.5915,0.718,1769092.0,0.4783,1.702,7077458.7,0.4837,1.479,9740953.5,0.4655,2.384,-1,8,trend,1.803
up,1772637600000,2026-03-04T15:20:00.000000000,1.43,1.647,1,5.2,1598165.9,0.4607,1.587,0.0029,-1.9e-05,-0.189,-386532.4,0.4014,0.747,245999.1,0.4291,1.564,1562970.8,0.4568,1.243,90563.3,0.4772,2.877,-1,9,trend,-0.824
up,1772706840000,2026-03-05T10:34:00.000000000,1.45,1.536,1,1.71,679066.7,0.6374,1.439,0.0022,-2e-05,-0.325,169175.8,0.6084,0.18,-659087.1,0.563,-0.035,190253.0,0.556,-0.242,-513340.9,0.5094,0.345,89,-1,whipsaw,-2.902
down,1772724480000,2026-03-05T15:28:00.000000000,1.41,-1.801,1,2.88,-942124.8,0.424,1.983,0.0022,-2e-05,0.241,-128242.8,0.4411,0.248,89785.9,0.4506,0.198,71341.4,0.4141,-0.368,489943.1,0.4654,-1.119,-1,42,trend,3.513
down,1772805840000,2026-03-06T14:04:00.000000000,1.37,-1.564,1,7.34,-1168282.6,0.4813,1.832,0.0021,-3.4e-05,-0.721,-356881.6,0.5005,-0.35,15426.7,0.575,-0.634,411070.9,0.532,-1.02,-117678.0,0.5058,-1.916,-1,31,trend,0.947
down,1773007440000,2026-03-08T22:04:00.000000000,1.33,-1.618,1,7.84,-25492.0,0.4913,1.428,0.0015,-0.000186,0.611,-1378370.6,0.4934,0.362,-701143.1,0.5071,1.252,-3014614.2,0.5301,1.795,-3926268.1,0.5228,-0.287,24,-1,whipsaw,-3.342
up,1773153480000,2026-03-10T14:38:00.000000000,1.41,1.549,1,2.96,-473333.6,0.4049,1.741,0.0022,2.1e-05,0.66,-1229646.1,0.4286,1.355,-93543.2,0.375,1.88,2699528.1,0.3967,1.248,4363987.9,0.4151,2.341,221,9,trend,-0.596
up,1773236160000,2026-03-11T13:36:00.000000000,1.41,1.524,1,4.86,-709488.7,0.4926,1.922,0.0014,-8.4e-05,0.164,10059.9,0.4312,-1.288,-132164.7,0.3685,-0.804,422288.3,0.41,-0.654,464929.5,0.4375,0.384,11,-1,whipsaw,-1.01
up,1773360960000,2026-03-13T00:16:00.000000000,1.41,1.502,1,4.21,312725.4,0.4228,1.388,0.0011,-1.6e-05,0.007,-2094520.3,0.4485,0.776,284325.0,0.4161,0.185,550461.6,0.3946,0.598,2834412.9,0.4057,1.338,-1,18,trend,-0.619
down,1773413580000,2026-03-13T14:53:00.000000000,1.42,-1.643,1,4.37,-3290456.0,0.4081,1.676,0.0019,0.0001,-0.225,-4966763.4,0.4288,-0.077,-4657507.5,0.4975,-0.14,-3870344.1,0.525,-0.891,-6173404.4,0.5094,-2.429,-1,49,trend,2.485
up,1773614460000,2026-03-15T22:41:00.000000000,1.45,1.971,1,10.95,3742448.9,0.5118,1.631,0.0019,8.8e-05,0.254,-37243.8,0.4667,0.227,-255045.2,0.4545,-0.062,460044.8,0.4865,-0.461,2623150.3,0.4765,0.75,42,-1,whipsaw,6.039
down,1773616920000,2026-03-15T23:22:00.000000000,1.44,-1.551,1,13.48,-1783426.6,0.4693,1.75,0.0018,8.8e-05,0.139,-587087.5,0.4291,0.187,1735263.0,0.4539,0.382,6214790.4,0.5071,0.639,6050646.3,0.4938,-0.347,43,-1,whipsaw,-7.08
up,1773631920000,2026-03-16T03:32:00.000000000,1.46,1.568,1,6.78,491423.0,0.5412,1.572,0.0018,9.4e-05,0.888,-276528.0,0.5661,0.219,372636.5,0.5201,0.382,1128485.7,0.523,0.341,-696107.7,0.4974,1.673,-1,6,trend,6.461
up,1773673140000,2026-03-16T14:59:00.000000000,1.51,1.98,1,5.27,-1606710.4,0.5119,1.481,0.0035,0.0001,-0.523,2255227.6,0.4139,-0.046,4562727.2,0.4715,0.106,4448228.2,0.4554,-1.067,3849525.2,0.4484,2.319,54,189,whipsaw,0.212
up,1773685500000,2026-03-16T18:25:00.000000000,1.54,1.503,1,3.93,618624.9,0.4878,1.743,0.002,1e-06,0.065,489779.9,0.374,0.0,-254002.0,0.4022,-0.266,-44099.8,0.3997,-0.422,-1008821.7,0.4417,0.325,87,-1,whipsaw,-0.806
up,1773709680000,2026-03-17T01:08:00.000000000,1.57,1.609,2,2.1,-675557.2,0.4425,1.652,0.0016,3.1e-05,-0.172,-718094.7,0.5517,-0.281,-915432.3,0.5601,0.083,-2272049.4,0.568,-0.249,-4375791.3,0.568,2.598,147,87,trend,-3.026
down,1773717360000,2026-03-17T03:16:00.000000000,1.58,-1.788,2,3.18,-466632.5,0.4585,1.943,0.0028,3.1e-05,-0.393,-804714.8,0.3117,-1.148,-1487363.2,0.4269,-2.049,-2334504.5,0.4408,-1.725,1734915.1,0.4659,-4.599,-1,14,trend,3.146
up,1773732060000,2026-03-17T07:21:00.000000000,1.54,1.53,1,1.33,1000474.1,0.5936,1.66,0.0017,3.1e-05,-0.136,113611.0,0.5662,-0.175,175089.1,0.5983,-0.442,-239170.3,0.5639,-0.578,-1663939.4,0.5275,0.286,92,-1,whipsaw,-1.293
down,1773833940000,2026-03-18T11:39:00.000000000,1.49,-1.531,2,5.67,-1219806.5,0.4732,1.783,0.0014,-1.5e-05,0.471,-572924.5,0.5529,0.128,4036.1,0.4934,0.04,571763.1,0.4445,-1.394,98256.4,0.4311,-3.09,-1,52,trend,1.825
up,1773948000000,2026-03-19T19:20:00.000000000,1.45,1.502,1,2.56,-1942935.4,0.5303,1.52,0.0023,0.0001,-0.275,-30101.2,0.6173,-0.647,-239318.4,0.548,-0.571,206758.3,0.5193,-0.213,277465.8,0.5189,0.268,-1,-1,partial,-1.384
down,1774137240000,2026-03-21T23:54:00.000000000,1.41,-1.67,1,27.65,-249487.2,0.4257,1.788,0.0011,-4.8e-05,-0.297,-1924187.0,0.4392,-0.276,-1087058.5,0.5169,-0.149,-1445325.8,0.5178,-0.219,-1403081.4,0.5048,-1.345,-1,7,trend,2.003
up,1774263900000,2026-03-23T11:05:00.000000000,1.41,2.615,1,6.29,227257.0,0.5096,1.242,0.0024,5.7e-05,1.342,-6079837.8,0.519,1.249,-4467370.8,0.5074,1.462,-3918956.7,0.4765,0.007,-2817916.7,0.4718,3.776,0,1,whipsaw,0.539
down,1774266420000,2026-03-23T11:47:00.000000000,1.41,-1.502,1,11.09,2242753.0,0.4464,1.929,0.0027,5.7e-05,0.305,1264648.8,0.4849,-0.511,1465860.6,0.4745,0.418,565230.3,0.4913,1.135,3047004.1,0.4836,-0.574,54,-1,whipsaw,-0.908
up,1774274460000,2026-03-23T14:01:00.000000000,1.45,1.55,1,5.77,2545102.1,0.5633,1.723,0.0026,5.7e-05,-0.124,-257746.5,0.4906,0.256,-686047.3,0.4381,-0.097,-848554.6,0.4381,0.794,-426030.2,0.445,1.285,117,61,trend,-3.054
down,1774281180000,2026-03-23T15:53:00.000000000,1.44,-1.714,1,5.48,493927.3,0.3844,1.578,0.0024,5.7e-05,-0.59,-596850.0,0.4062,0.097,-669318.2,0.4537,-0.201,-622849.7,0.4726,-0.313,-2914254.5,0.489,-0.882,-1,-1,partial,2.452
up,1774826100000,2026-03-29T23:15:00.000000000,1.32,1.721,1,24.05,-1474509.0,0.5207,2.065,0.0021,-8e-05,0.264,-136353.4,0.5925,0.219,-294564.0,0.455,0.4,-1426801.6,0.4739,0.113,-1609252.6,0.4723,2.318,-1,64,trend,-0.211
up,1774920840000,2026-03-31T01:34:00.000000000,1.35,1.6,1,3.08,-296824.7,0.5759,1.848,0.001,-7.9e-05,-0.275,637478.3,0.5621,-0.624,650260.6,0.5167,-0.683,926647.6,0.5245,-0.72,1120178.9,0.503,0.126,103,-1,whipsaw,-0.765
down,1774968660000,2026-03-31T14:51:00.000000000,1.31,-1.58,1,3.54,-117319.2,0.4011,1.504,0.0016,-0.000115,-0.107,238565.9,0.5259,0.586,124310.2,0.51,0.784,-982716.9,0.4911,0.495,-1633720.7,0.5034,-0.236,21,-1,whipsaw,-3.188
up,1774975260000,2026-03-31T16:41:00.000000000,1.34,1.535,1,2.29,-231477.5,0.4632,1.348,0.001,-6e-06,-0.494,-333648.8,0.4907,-0.539,146316.3,0.441,0.142,-244198.4,0.5194,-0.277,651661.5,0.443,1.078,-1,206,trend,1.819
down,1775092980000,2026-04-02T01:23:00.000000000,1.33,-1.579,1,6.9,-800944.8,0.4807,1.691,0.0024,5.7e-05,-0.075,-1458283.4,0.421,-0.51,-925906.5,0.4735,-0.592,-661835.4,0.5029,-1.095,-433114.3,0.4714,-2.167,-1,57,trend,1.05
up,1775431020000,2026-04-05T23:17:00.000000000,1.33,1.784,1,9.19,-2706319.1,0.5623,1.722,0.0011,-0.000156,-0.263,-1110870.5,0.4945,-0.105,-1179298.9,0.4462,-0.331,-2497535.7,0.4818,0.519,-3266756.4,0.4348,1.497,-1,174,trend,-0.91
up,1775601540000,2026-04-07T22:39:00.000000000,1.36,1.682,1,10.35,-580964.7,0.5401,1.875,0.0017,-8.3e-05,-0.404,1322041.9,0.4129,0.345,1009967.7,0.5349,0.963,-498353.8,0.5129,1.897,150796.8,0.4766,2.632,-1,21,trend,-0.801
up,1775748960000,2026-04-09T15:36:00.000000000,1.35,1.524,1,4.48,-386244.4,0.5157,1.564,0.0016,-7e-05,-0.281,-135510.0,0.4662,-0.096,165425.9,0.5166,0.229,48784.5,0.4906,-0.081,-1930745.5,0.4279,0.651,-1,-1,partial,0.133
down,1775958180000,2026-04-12T01:43:00.000000000,1.33,-1.579,1,12.15,-4513465.8,0.4176,1.533,0.0011,7.4e-05,-0.412,-1713571.1,0.3773,-0.285,-4649111.2,0.4778,-0.007,-4357948.9,0.5172,0.187,-4622757.3,0.4746,-0.615,-1,-1,partial,0.262
up,1776118800000,2026-04-13T22:20:00.000000000,1.37,1.568,1,6.46,98468.0,0.4817,1.592,0.0014,7e-05,0.007,791725.3,0.4645,0.036,3413382.3,0.4133,-0.015,4473614.7,0.416,0.386,6658489.4,0.4348,0.801,-1,-1,partial,-0.852
down,1776347640000,2026-04-16T13:54:00.000000000,1.4,-1.518,1,4.65,1237215.2,0.3979,1.543,0.0025,0.0,0.421,-2493980.4,0.5098,0.521,-2968066.3,0.5158,-0.457,-3087810.2,0.5058,0.549,-5706876.5,0.5108,-0.607,73,-1,whipsaw,-6.209
up,1776352200000,2026-04-16T15:10:00.000000000,1.42,1.513,1,3.01,-739876.7,0.5712,1.645,0.0019,0.0,0.0,-299285.2,0.5514,0.127,-1465.2,0.5066,0.056,733487.1,0.4837,0.928,382150.8,0.461,1.877,-1,61,trend,5.223
up,1776431400000,2026-04-17T13:10:00.000000000,1.47,1.576,1,5.44,2579078.4,0.5549,1.704,0.0021,2.3e-05,0.367,821779.7,0.4457,0.524,-56553.3,0.4418,0.599,1402103.7,0.4366,1.32,536125.2,0.4497,2.763,-1,32,trend,-2.259
down,1776501660000,2026-04-18T08:41:00.000000000,1.45,-1.532,1,4.28,-1108427.2,0.435,1.793,0.0015,3.2e-05,0.249,-55916.1,0.5521,0.546,-1101085.2,0.5733,0.207,-357129.3,0.5108,0.477,-468440.2,0.4882,-1.487,-1,147,trend,1.59
down,1777303260000,2026-04-27T15:21:00.000000000,1.39,-1.555,1,8.83,-2946018.8,0.4989,1.711,0.0018,-0.0,0.036,-637139.7,0.4475,0.303,132943.5,0.4527,0.087,386847.7,0.4252,0.166,326827.4,0.4742,-0.231,-1,-1,partial,1.096
down,1777889340000,2026-05-04T10:09:00.000000000,1.4,-1.503,1,9.0,-3517942.8,0.4872,1.408,0.0011,9.7e-05,-0.107,-3279512.5,0.5704,-0.652,-2243821.3,0.4731,0.043,-5985774.9,0.4809,0.057,-6299630.9,0.4661,-0.738,-1,-1,partial,-0.638
up,1778430420000,2026-05-10T16:27:00.000000000,1.47,1.759,2,27.17,948424.6,0.568,1.543,0.0021,6.7e-05,0.34,-2521687.9,0.4977,0.252,-5308055.0,0.5106,0.211,-5412400.3,0.4982,1.653,-3461788.2,0.4938,2.62,-1,47,trend,0.816
down,1778439780000,2026-05-10T19:03:00.000000000,1.48,-1.508,2,15.49,-1282976.1,0.5026,1.663,0.0013,6.7e-05,0.169,-1163156.0,0.5419,0.434,-870901.1,0.5405,0.725,-311097.1,0.551,0.698,-435538.4,0.5263,-2.642,33,102,whipsaw,0.488
up,1778769420000,2026-05-14T14:37:00.000000000,1.46,1.744,1,4.75,1663683.0,0.5306,1.531,0.0018,8e-05,0.014,1356987.4,0.4607,0.464,1815521.3,0.4521,-0.048,2171166.8,0.4414,0.171,3517415.5,0.4576,4.821,-1,142,trend,-1.81
up,1778782860000,2026-05-14T18:21:00.000000000,1.52,1.532,1,8.9,1968901.7,0.4607,1.643,0.0025,0.0001,0.441,-120690.7,0.497,0.488,683854.7,0.4772,1.509,4031549.9,0.4907,1.641,4162097.3,0.4754,2.109,119,8,trend,-4.856
down,1778787480000,2026-05-14T19:38:00.000000000,1.52,-1.664,1,10.43,525824.8,0.4537,1.64,0.003,0.0001,-0.119,866759.0,0.435,-0.257,1037966.5,0.4486,-0.625,705936.6,0.4419,-1.192,28189.6,0.4471,-1.837,-1,42,trend,5.57
down,1778853060000,2026-05-15T13:51:00.000000000,1.43,-1.762,1,5.99,-5243551.5,0.4401,1.983,0.0019,-3e-05,0.077,-1696810.3,0.5363,-0.105,-2385817.8,0.5384,0.272,-235633.9,0.5764,0.168,1479462.1,0.5383,-0.37,159,-1,whipsaw,1.501
down,1779061260000,2026-05-17T23:41:00.000000000,1.38,-2.282,1,15.84,-591906.2,0.4863,1.352,0.0023,-3.3e-05,0.892,-8508777.6,0.5519,1.661,-3000267.2,0.5834,0.928,-2156148.4,0.5424,1.052,-2953101.6,0.5575,-0.529,0,-1,whipsaw,-1.015
down,1779522600000,2026-05-23T07:50:00.000000000,1.3,-2.112,1,14.14,-75898.4,0.4262,1.373,0.0017,-3.8e-05,0.66,-5981978.2,0.5372,0.814,-5882165.1,0.5424,0.998,-3091826.9,0.5308,0.645,-4000381.9,0.5326,-0.061,0,-1,whipsaw,-0.645
